date,1,2,3,4,5,6,7,8,9,10,11,12,13,14,15,16,17,18,19,20,21,22,23,24,25,26,27,28,29,30,31,32,33,34,35,36,37,38,39,40,41,42,43,44,45,46,47,48,49,50,51,52,53,54
2013-01-01,0.0,0.0,0.0,0.0,0.0,0.0,0.0,0.0,0.0,0.0,0.0,0.0,0.0,0.0,0.0,0.0,0.0,0.0,0.0,0.0,0.0,0.0,0.0,0.0,770.0,0.0,0.0,0.0,0.0,0.0,0.0,0.0,0.0,0.0,0.0,0.0,0.0,0.0,0.0,0.0,0.0,0.0,0.0,0.0,0.0,0.0,0.0,0.0,0.0,0.0,0.0,0.0,0.0,0.0
2013-01-02,2111.0,2358.0,3487.0,1922.0,1903.0,2143.0,1874.0,3250.0,2940.0,1293.0,3547.0,1362.0,1102.0,2002.0,1622.0,1167.0,1580.0,1635.0,1369.0,0.0,0.0,0.0,1381.0,2605.0,1038.0,1008.0,1386.0,950.0,0.0,708.0,1401.0,776.0,1163.0,2724.0,786.0,0.0,1691.0,1987.0,1587.0,1178.0,915.0,0.0,1385.0,4821.0,4208.0,4886.0,4161.0,3397.0,2346.0,3077.0,1985.0,0.0,0.0,998.0
2013-01-03,1833.0,2033.0,3026.0,1551.0,1740.0,1795.0,1568.0,2904.0,2396.0,1157.0,2675.0,1248.0,916.0,1823.0,1512.0,1101.0,1339.0,1484.0,1098.0,0.0,0.0,0.0,1181.0,2462.0,887.0,813.0,928.0,749.0,0.0,689.0,1126.0,727.0,1168.0,2348.0,725.0,0.0,1526.0,1746.0,1426.0,1171.0,809.0,0.0,1334.0,3618.0,3314.0,3438.0,3660.0,2887.0,1702.0,2307.0,1644.0,0.0,0.0,920.0
2013-01-04,1863.0,2066.0,3188.0,1596.0,1642.0,1679.0,1513.0,2962.0,1975.0,970.0,2515.0,1064.0,879.0,1641.0,1318.0,977.0,1139.0,1238.0,1003.0,0.0,0.0,0.0,1257.0,2607.0,1054.0,813.0,1034.0,651.0,0.0,689.0,1246.0,680.0,948.0,2369.0,630.0,0.0,1701.0,1723.0,1285.0,1044.0,835.0,0.0,1358.0,4169.0,3630.0,3434.0,3915.0,2900.0,2016.0,2698.0,1786.0,0.0,0.0,794.0
2013-01-05,1509.0,2062.0,3623.0,1825.0,1643.0,2154.0,1599.0,3060.0,2604.0,1269.0,3052.0,1293.0,1336.0,2052.0,1543.0,1109.0,1433.0,1323.0,1713.0,0.0,0.0,0.0,1250.0,2578.0,1355.0,1081.0,1327.0,1033.0,0.0,749.0,1317.0,890.0,1217.0,2599.0,723.0,0.0,1770.0,2214.0,1851.0,1118.0,1021.0,0.0,1205.0,4921.0,4331.0,4935.0,4764.0,4084.0,2562.0,3459.0,2068.0,0.0,0.0,949.0
2013-01-06,520.0,1992.0,3590.0,1891.0,1754.0,2313.0,1431.0,2748.0,2635.0,1173.0,3188.0,1271.0,1008.0,1313.0,1149.0,1323.0,1383.0,1405.0,1157.0,0.0,0.0,0.0,1100.0,2061.0,716.0,1075.0,1614.0,1207.0,0.0,667.0,1468.0,772.0,1302.0,2377.0,651.0,0.0,1282.0,2522.0,1571.0,1023.0,1142.0,0.0,1194.0,4925.0,4418.0,5401.0,4935.0,4591.0,2795.0,3297.0,1934.0,0.0,0.0,1180.0
2013-01-07,1807.0,1911.0,2996.0,1514.0,1577.0,1713.0,1705.0,2768.0,2162.0,1148.0,2361.0,1113.0,921.0,1671.0,1413.0,1066.0,1292.0,1369.0,1137.0,0.0,0.0,0.0,1185.0,2320.0,703.0,792.0,1093.0,775.0,0.0,663.0,1170.0,699.0,1078.0,2224.0,568.0,0.0,1450.0,1549.0,1356.0,1148.0,744.0,0.0,1137.0,3871.0,3339.0,3205.0,3570.0,2697.0,1719.0,2371.0,1637.0,0.0,0.0,890.0
2013-01-08,1869.0,1856.0,2826.0,1397.0,1504.0,1555.0,1524.0,2639.0,2206.0,1100.0,2388.0,1130.0,879.0,1673.0,1330.0,1009.0,1197.0,1388.0,1013.0,0.0,0.0,0.0,1143.0,2349.0,626.0,729.0,999.0,877.0,0.0,701.0,1200.0,641.0,1164.0,2272.0,555.0,0.0,1366.0,1331.0,1417.0,1090.0,764.0,0.0,1155.0,3593.0,3102.0,3061.0,3185.0,2320.0,1609.0,2251.0,1613.0,0.0,0.0,729.0
2013-01-09,1910.0,1975.0,2932.0,1533.0,1513.0,1702.0,1525.0,2802.0,1976.0,930.0,2230.0,1108.0,831.0,1591.0,1276.0,923.0,1110.0,1206.0,960.0,0.0,0.0,0.0,1127.0,2354.0,755.0,738.0,1033.0,645.0,0.0,627.0,1007.0,591.0,976.0,2101.0,539.0,0.0,1544.0,1525.0,1219.0,939.0,749.0,0.0,1000.0,4006.0,3268.0,2989.0,3370.0,2316.0,1776.0,2228.0,1786.0,0.0,0.0,730.0
2013-01-10,1679.0,1761.0,2649.0,1326.0,1449.0,1422.0,1487.0,2545.0,1942.0,925.0,2274.0,1121.0,877.0,1423.0,1317.0,889.0,1141.0,1219.0,960.0,0.0,0.0,0.0,1024.0,2226.0,632.0,710.0,900.0,700.0,0.0,693.0,1001.0,603.0,868.0,2079.0,553.0,0.0,1323.0,1323.0,1209.0,944.0,649.0,0.0,967.0,3323.0,2697.0,2627.0,2982.0,2212.0,1481.0,2052.0,1515.0,0.0,0.0,684.0
2013-01-11,1813.0,1786.0,2954.0,1398.0,1446.0,1563.0,1497.0,2858.0,1750.0,877.0,2053.0,1072.0,825.0,1412.0,1168.0,912.0,986.0,1221.0,999.0,0.0,0.0,0.0,1046.0,2350.0,979.0,725.0,856.0,618.0,0.0,623.0,1011.0,641.0,893.0,2407.0,538.0,0.0,1447.0,1557.0,1163.0,970.0,686.0,0.0,1264.0,3873.0,3083.0,2892.0,3312.0,2396.0,1768.0,2226.0,1658.0,0.0,0.0,766.0
2013-01-12,1473.0,1998.0,3407.0,1543.0,1553.0,2020.0,1416.0,2936.0,2271.0,1120.0,2603.0,1241.0,1179.0,1939.0,1396.0,1045.0,1385.0,1217.0,1521.0,0.0,0.0,0.0,1208.0,2346.0,1368.0,907.0,1330.0,890.0,0.0,702.0,1262.0,822.0,1108.0,2591.0,750.0,0.0,1622.0,2142.0,1518.0,1039.0,861.0,0.0,1142.0,4423.0,3927.0,4263.0,4278.0,3355.0,2309.0,3258.0,1873.0,0.0,0.0,954.0
2013-01-13,542.0,1988.0,3217.0,1873.0,1510.0,2219.0,1328.0,2765.0,2457.0,1013.0,2875.0,1166.0,858.0,1317.0,1122.0,1260.0,1441.0,1376.0,1269.0,0.0,0.0,0.0,1187.0,2001.0,748.0,963.0,1575.0,1197.0,0.0,686.0,1467.0,753.0,1207.0,2381.0,657.0,0.0,1210.0,2256.0,1630.0,1048.0,1120.0,0.0,1145.0,4676.0,4345.0,4713.0,4796.0,3993.0,2662.0,3261.0,1808.0,0.0,0.0,1225.0
2013-01-14,1780.0,1713.0,2785.0,1321.0,1457.0,1545.0,1629.0,2622.0,2009.0,1000.0,2056.0,1147.0,869.0,1700.0,1368.0,977.0,1209.0,1314.0,1115.0,0.0,0.0,0.0,1138.0,2341.0,664.0,758.0,1005.0,754.0,0.0,690.0,1181.0,644.0,1008.0,2246.0,579.0,0.0,1305.0,1502.0,1248.0,1109.0,739.0,0.0,1091.0,3450.0,2937.0,2780.0,3145.0,2223.0,1525.0,2150.0,1491.0,0.0,0.0,759.0
2013-01-15,1680.0,1806.0,2757.0,1385.0,1450.0,1619.0,1603.0,2558.0,2163.0,1070.0,2152.0,1180.0,871.0,1554.0,1319.0,1001.0,1216.0,1350.0,1042.0,0.0,0.0,0.0,1075.0,2338.0,644.0,787.0,953.0,846.0,0.0,754.0,1184.0,683.0,1062.0,2285.0,619.0,0.0,1406.0,1395.0,1318.0,1153.0,693.0,0.0,1123.0,3527.0,3016.0,2973.0,3305.0,2275.0,1571.0,2001.0,1604.0,0.0,0.0,768.0
2013-01-16,1933.0,1988.0,3108.0,1557.0,1461.0,1677.0,1619.0,2820.0,1981.0,973.0,2060.0,1068.0,767.0,1406.0,1222.0,782.0,1127.0,1313.0,986.0,0.0,0.0,0.0,1124.0,2555.0,775.0,786.0,1070.0,678.0,0.0,678.0,1096.0,648.0,1010.0,2218.0,597.0,0.0,1495.0,1483.0,1047.0,978.0,736.0,0.0,1037.0,4026.0,3183.0,3034.0,3406.0,2343.0,1780.0,2302.0,1852.0,0.0,0.0,686.0
2013-01-17,1786.0,1672.0,2653.0,1296.0,1458.0,1547.0,1565.0,2591.0,1932.0,960.0,2167.0,1186.0,794.0,1420.0,1274.0,973.0,1128.0,1249.0,977.0,0.0,0.0,0.0,1089.0,2557.0,640.0,818.0,1037.0,820.0,0.0,790.0,1161.0,726.0,961.0,2315.0,555.0,0.0,1258.0,1342.0,1194.0,942.0,728.0,0.0,1011.0,3412.0,2773.0,2807.0,3217.0,2234.0,1568.0,2012.0,1551.0,0.0,0.0,727.0
2013-01-18,1745.0,1901.0,2936.0,1493.0,1378.0,1548.0,1749.0,2766.0,1639.0,852.0,2133.0,1039.0,803.0,1305.0,1157.0,906.0,1035.0,1209.0,923.0,0.0,0.0,0.0,1071.0,2559.0,971.0,822.0,1034.0,709.0,0.0,696.0,1044.0,619.0,860.0,2510.0,519.0,0.0,1458.0,1591.0,1162.0,944.0,727.0,0.0,1323.0,3801.0,3263.0,2907.0,3302.0,2341.0,1804.0,2242.0,1796.0,0.0,0.0,779.0
2013-01-19,1389.0,2043.0,3453.0,1705.0,1517.0,2132.0,1581.0,2944.0,2336.0,1372.0,2569.0,1319.0,1140.0,2031.0,1390.0,1022.0,1440.0,1362.0,1735.0,0.0,0.0,0.0,1231.0,2487.0,1494.0,961.0,1382.0,996.0,0.0,715.0,1386.0,770.0,1201.0,2695.0,816.0,0.0,1630.0,2154.0,1633.0,1034.0,952.0,0.0,1127.0,4656.0,3984.0,4372.0,4377.0,3392.0,2469.0,3426.0,1830.0,0.0,0.0,908.0
2013-01-20,507.0,2006.0,3466.0,1742.0,1596.0,2202.0,1368.0,2755.0,2427.0,1162.0,2597.0,1211.0,947.0,1333.0,1110.0,1184.0,1419.0,1347.0,1142.0,0.0,0.0,0.0,1099.0,1908.0,816.0,986.0,1515.0,1179.0,0.0,616.0,1389.0,801.0,1133.0,2324.0,697.0,0.0,1233.0,2294.0,1582.0,924.0,1020.0,0.0,1061.0,4732.0,4169.0,4696.0,4877.0,4044.0,2536.0,3195.0,1756.0,0.0,0.0,1178.0
2013-01-21,1770.0,1864.0,2930.0,1458.0,1506.0,1602.0,1649.0,2688.0,2149.0,1200.0,2200.0,1156.0,864.0,1934.0,1439.0,1000.0,1310.0,1306.0,1158.0,0.0,0.0,0.0,1161.0,2391.0,754.0,730.0,1018.0,708.0,0.0,692.0,1184.0,667.0,1046.0,2379.0,509.0,0.0,1370.0,1414.0,1325.0,1169.0,715.0,0.0,1124.0,3508.0,3134.0,3186.0,3335.0,2428.0,1557.0,2227.0,1548.0,0.0,0.0,788.0
2013-01-22,1762.0,1794.0,2721.0,1285.0,1459.0,1584.0,1583.0,2491.0,1949.0,1109.0,2128.0,1145.0,903.0,1558.0,1270.0,933.0,1310.0,1362.0,1017.0,0.0,0.0,0.0,1085.0,2293.0,692.0,690.0,969.0,819.0,0.0,752.0,1185.0,668.0,1096.0,2221.0,627.0,0.0,1299.0,1317.0,1258.0,1017.0,646.0,0.0,1055.0,3349.0,2759.0,2786.0,2973.0,2130.0,1500.0,2182.0,1489.0,0.0,0.0,768.0
2013-01-23,1873.0,1951.0,2911.0,1465.0,1461.0,1740.0,1657.0,2625.0,1741.0,1023.0,2063.0,1142.0,797.0,1490.0,1245.0,908.0,1082.0,1231.0,1078.0,0.0,0.0,0.0,1178.0,2501.0,795.0,681.0,1034.0,674.0,0.0,655.0,952.0,565.0,1011.0,2071.0,538.0,0.0,1437.0,1495.0,1094.0,886.0,722.0,0.0,1019.0,3704.0,2872.0,2901.0,3207.0,2179.0,1606.0,2186.0,1683.0,0.0,0.0,690.0
2013-01-24,1616.0,1691.0,2503.0,1245.0,1319.0,1432.0,1523.0,2482.0,1730.0,883.0,2004.0,1057.0,746.0,1456.0,1178.0,857.0,990.0,1222.0,861.0,0.0,0.0,0.0,1056.0,2275.0,691.0,660.0,976.0,701.0,0.0,682.0,1067.0,680.0,862.0,2043.0,511.0,0.0,1245.0,1224.0,1072.0,923.0,693.0,0.0,970.0,3121.0,2592.0,2623.0,2738.0,1972.0,1468.0,2011.0,1437.0,0.0,0.0,617.0
2013-01-25,1770.0,1949.0,2943.0,1498.0,1447.0,1620.0,1758.0,2748.0,1710.0,938.0,2029.0,1043.0,780.0,1405.0,1189.0,890.0,1043.0,1190.0,944.0,0.0,0.0,0.0,1144.0,2586.0,1041.0,694.0,1003.0,676.0,0.0,711.0,1067.0,679.0,815.0,2472.0,584.0,0.0,1500.0,1473.0,1090.0,892.0,750.0,0.0,1286.0,3751.0,3172.0,3109.0,3213.0,2262.0,1805.0,2264.0,1709.0,0.0,0.0,631.0
2013-01-26,1295.0,1993.0,3394.0,1750.0,1540.0,2026.0,1606.0,2854.0,2304.0,1393.0,2361.0,1274.0,1196.0,1969.0,1390.0,1105.0,1557.0,1296.0,1646.0,0.0,0.0,0.0,1203.0,2358.0,1635.0,862.0,1341.0,963.0,0.0,751.0,1313.0,867.0,949.0,2715.0,752.0,0.0,1477.0,2280.0,1637.0,1055.0,978.0,0.0,1147.0,4812.0,4168.0,4364.0,4363.0,3628.0,2503.0,3221.0,1814.0,0.0,0.0,917.0
2013-01-27,542.0,1937.0,3355.0,1799.0,1412.0,2101.0,1299.0,2715.0,2226.0,1155.0,2539.0,1190.0,901.0,1266.0,1078.0,1180.0,1372.0,1387.0,1266.0,0.0,0.0,0.0,1107.0,1813.0,845.0,890.0,1534.0,1131.0,0.0,622.0,1204.0,702.0,1165.0,2381.0,650.0,0.0,1204.0,2331.0,1603.0,954.0,1126.0,0.0,982.0,4648.0,4131.0,4494.0,4641.0,3977.0,2413.0,3117.0,1707.0,0.0,0.0,1212.0
2013-01-28,1738.0,1782.0,2681.0,1423.0,1451.0,1608.0,1588.0,2622.0,1859.0,1217.0,2003.0,1180.0,923.0,1597.0,1356.0,1004.0,1231.0,1298.0,1120.0,0.0,0.0,0.0,1135.0,2379.0,714.0,702.0,1052.0,755.0,0.0,680.0,1123.0,706.0,1141.0,2345.0,627.0,0.0,1368.0,1350.0,1228.0,1048.0,740.0,0.0,1136.0,3392.0,2872.0,2797.0,3150.0,2308.0,1507.0,2110.0,1522.0,0.0,0.0,821.0
2013-01-29,1772.0,1794.0,2630.0,1327.0,1340.0,1447.0,1611.0,2545.0,1855.0,1170.0,2095.0,1177.0,884.0,1555.0,1343.0,995.0,1266.0,1380.0,1028.0,0.0,0.0,0.0,1139.0,2261.0,664.0,704.0,931.0,815.0,0.0,763.0,1120.0,656.0,1049.0,2306.0,542.0,0.0,1273.0,1337.0,1196.0,1040.0,680.0,0.0,1084.0,3317.0,2867.0,2723.0,2939.0,2134.0,1516.0,1998.0,1438.0,0.0,0.0,729.0
2013-01-30,1877.0,2051.0,3035.0,1536.0,1422.0,1636.0,1698.0,2799.0,1804.0,1049.0,2031.0,1150.0,762.0,1320.0,1232.0,885.0,1108.0,1269.0,1095.0,0.0,0.0,0.0,1197.0,2480.0,868.0,748.0,1057.0,710.0,0.0,684.0,1058.0,575.0,957.0,2042.0,507.0,0.0,1467.0,1424.0,1166.0,952.0,693.0,0.0,1055.0,3852.0,3022.0,3005.0,3258.0,2207.0,1619.0,2130.0,1704.0,0.0,0.0,692.0
2013-01-31,1707.0,1867.0,2790.0,1286.0,1447.0,1558.0,1724.0,2605.0,2009.0,1068.0,2177.0,1086.0,845.0,1435.0,1234.0,886.0,1093.0,1322.0,962.0,0.0,0.0,0.0,1139.0,2316.0,714.0,776.0,957.0,823.0,0.0,698.0,1159.0,720.0,1009.0,2258.0,596.0,0.0,1413.0,1442.0,1218.0,911.0,728.0,0.0,1047.0,3509.0,3002.0,3042.0,3294.0,2432.0,1573.0,2153.0,1524.0,0.0,0.0,714.0
2013-02-01,1806.0,1977.0,3230.0,1520.0,1564.0,1689.0,1935.0,2887.0,2031.0,1085.0,2476.0,1152.0,897.0,1414.0,1196.0,909.0,1143.0,1234.0,1084.0,0.0,0.0,0.0,1125.0,2562.0,1151.0,894.0,1051.0,829.0,0.0,714.0,1098.0,749.0,933.0,2747.0,757.0,0.0,1611.0,1607.0,1359.0,998.0,751.0,0.0,1499.0,4064.0,3488.0,3521.0,3720.0,2911.0,1872.0,2465.0,1880.0,0.0,0.0,717.0
2013-02-02,1377.0,2154.0,3648.0,1851.0,1782.0,2256.0,1681.0,3061.0,2718.0,1453.0,3180.0,1263.0,1269.0,2077.0,1484.0,1268.0,1627.0,1377.0,1801.0,0.0,0.0,0.0,1186.0,2758.0,1882.0,1322.0,1453.0,1079.0,0.0,859.0,1625.0,960.0,1345.0,2877.0,1019.0,0.0,1654.0,2414.0,1805.0,1182.0,1058.0,0.0,1306.0,5166.0,4328.0,4902.0,5021.0,4118.0,2493.0,3216.0,1942.0,0.0,0.0,1050.0
2013-02-03,531.0,1884.0,3391.0,1777.0,1477.0,2152.0,1304.0,2624.0,2516.0,1166.0,2882.0,1182.0,933.0,1212.0,1010.0,1274.0,1369.0,1326.0,1106.0,0.0,0.0,0.0,1104.0,2019.0,1058.0,1171.0,1604.0,1241.0,0.0,653.0,1470.0,812.0,1270.0,2593.0,856.0,0.0,1180.0,2281.0,1591.0,1035.0,1204.0,0.0,1112.0,4736.0,4198.0,4794.0,4935.0,4193.0,2590.0,3216.0,1798.0,0.0,0.0,1196.0
2013-02-04,1714.0,1704.0,2779.0,1267.0,1615.0,1590.0,1504.0,2587.0,2304.0,1127.0,2439.0,1182.0,951.0,1693.0,1379.0,1079.0,1158.0,1224.0,1249.0,0.0,0.0,0.0,1157.0,2308.0,930.0,707.0,1074.0,744.0,0.0,663.0,1319.0,765.0,1177.0,2507.0,749.0,0.0,1318.0,1507.0,1309.0,1179.0,826.0,0.0,1206.0,3459.0,3305.0,3382.0,3749.0,2840.0,1710.0,2521.0,1545.0,0.0,0.0,829.0
2013-02-05,1775.0,1796.0,2804.0,1417.0,1524.0,1538.0,1635.0,2624.0,2276.0,1362.0,2790.0,1183.0,940.0,1642.0,1330.0,945.0,1374.0,1422.0,1277.0,0.0,0.0,0.0,1146.0,2425.0,874.0,791.0,978.0,887.0,0.0,722.0,1175.0,703.0,1182.0,2458.0,636.0,0.0,1412.0,1472.0,1414.0,1151.0,763.0,0.0,1065.0,3568.0,3253.0,3481.0,3509.0,2734.0,1727.0,2628.0,1551.0,0.0,0.0,847.0
2013-02-06,1853.0,1905.0,2984.0,1419.0,1592.0,1659.0,1723.0,2814.0,2036.0,1186.0,2465.0,1171.0,855.0,1546.0,1225.0,877.0,1122.0,1257.0,1252.0,0.0,0.0,0.0,1204.0,2532.0,1047.0,773.0,1084.0,699.0,0.0,711.0,1050.0,616.0,1058.0,2375.0,609.0,0.0,1529.0,1634.0,1284.0,955.0,760.0,0.0,1141.0,3941.0,3214.0,3213.0,3583.0,2719.0,1668.0,2480.0,1733.0,0.0,0.0,738.0
2013-02-07,1727.0,1827.0,2763.0,1294.0,1409.0,1460.0,1589.0,2595.0,2198.0,1122.0,2454.0,1143.0,920.0,1556.0,1261.0,911.0,1156.0,1318.0,1114.0,0.0,0.0,0.0,1159.0,2292.0,1121.0,697.0,955.0,776.0,0.0,661.0,1178.0,689.0,1028.0,2579.0,693.0,0.0,1485.0,1404.0,1472.0,955.0,736.0,0.0,1151.0,3678.0,2905.0,3189.0,3246.0,2578.0,1707.0,2383.0,1498.0,0.0,0.0,757.0
2013-02-08,1878.0,1994.0,2919.0,1496.0,1593.0,1609.0,1719.0,2811.0,1931.0,1098.0,2448.0,1184.0,890.0,1461.0,1261.0,938.0,1117.0,1157.0,1364.0,0.0,0.0,0.0,1357.0,2721.0,1835.0,805.0,1031.0,759.0,0.0,736.0,1128.0,701.0,1004.0,2878.0,891.0,0.0,1669.0,1863.0,1561.0,995.0,825.0,0.0,1618.0,4006.0,3528.0,3456.0,3600.0,2828.0,1913.0,2449.0,1836.0,0.0,0.0,865.0
2013-02-09,1104.0,1904.0,3176.0,1485.0,1670.0,1774.0,1523.0,2588.0,2344.0,1363.0,2770.0,1427.0,1278.0,2040.0,1387.0,1290.0,1387.0,1004.0,1766.0,0.0,0.0,0.0,1377.0,2460.0,3091.0,1057.0,1382.0,1132.0,0.0,717.0,1492.0,904.0,1238.0,3181.0,1347.0,0.0,1593.0,2379.0,1988.0,1153.0,1094.0,0.0,1465.0,4133.0,3942.0,4239.0,4327.0,3455.0,1810.0,3170.0,1853.0,0.0,0.0,1083.0
2013-02-10,374.0,1366.0,2369.0,1151.0,1219.0,1505.0,1092.0,1968.0,1731.0,919.0,2682.0,994.0,740.0,1050.0,956.0,1069.0,1061.0,813.0,1059.0,0.0,0.0,0.0,1033.0,1519.0,3331.0,795.0,1396.0,985.0,0.0,621.0,1084.0,709.0,949.0,2418.0,1676.0,0.0,733.0,1540.0,1116.0,720.0,855.0,0.0,1122.0,3135.0,3131.0,3460.0,3397.0,3048.0,2120.0,2453.0,1297.0,0.0,0.0,1202.0
2013-02-11,396.0,1486.0,2532.0,1263.0,1029.0,1529.0,1261.0,2044.0,1923.0,823.0,2199.0,1223.0,854.0,928.0,868.0,940.0,1181.0,878.0,1137.0,0.0,0.0,0.0,1066.0,1456.0,2763.0,620.0,1451.0,866.0,0.0,602.0,809.0,653.0,724.0,1690.0,1352.0,0.0,675.0,1320.0,1016.0,556.0,738.0,0.0,1042.0,3243.0,3411.0,3579.0,3495.0,2939.0,2210.0,2523.0,1178.0,0.0,0.0,751.0
2013-02-12,487.0,1726.0,3014.0,1451.0,968.0,1670.0,1300.0,2347.0,2014.0,1040.0,2098.0,1130.0,892.0,1153.0,721.0,898.0,1295.0,1080.0,1082.0,0.0,0.0,0.0,1029.0,1677.0,1420.0,653.0,1681.0,1026.0,0.0,671.0,1015.0,716.0,715.0,1693.0,848.0,0.0,898.0,1720.0,1370.0,633.0,759.0,0.0,1027.0,3904.0,3655.0,3845.0,3899.0,3483.0,2264.0,2639.0,1533.0,0.0,0.0,669.0
2013-02-13,1921.0,1961.0,2911.0,1474.0,1680.0,1636.0,1763.0,2922.0,1932.0,1056.0,2441.0,1182.0,911.0,1743.0,1493.0,997.0,1156.0,1139.0,1337.0,0.0,0.0,0.0,1257.0,2787.0,1239.0,889.0,1305.0,905.0,0.0,756.0,1259.0,695.0,1167.0,2677.0,777.0,0.0,1716.0,1662.0,1363.0,1225.0,888.0,0.0,1290.0,3860.0,3368.0,3305.0,3738.0,2819.0,1850.0,2897.0,1799.0,0.0,0.0,950.0
2013-02-14,2119.0,2129.0,3206.0,1667.0,2075.0,1988.0,1927.0,3210.0,2334.0,1318.0,2577.0,1242.0,978.0,1821.0,1586.0,1239.0,1309.0,1345.0,1159.0,0.0,0.0,0.0,1378.0,2932.0,1237.0,1318.0,1240.0,1004.0,0.0,857.0,1452.0,844.0,1319.0,3158.0,744.0,0.0,1654.0,2014.0,1436.0,1293.0,1028.0,0.0,1352.0,4043.0,3832.0,3984.0,4006.0,3263.0,1912.0,3229.0,1912.0,0.0,0.0,1011.0
2013-02-15,1787.0,1750.0,2887.0,1433.0,1522.0,1559.0,1772.0,2765.0,1874.0,901.0,2278.0,1110.0,909.0,1519.0,1329.0,909.0,1071.0,1169.0,1185.0,0.0,0.0,0.0,1229.0,2603.0,1064.0,875.0,1149.0,863.0,0.0,690.0,1194.0,705.0,1021.0,2961.0,681.0,0.0,1446.0,1753.0,1363.0,1028.0,768.0,0.0,1583.0,3605.0,3327.0,3323.0,3402.0,2761.0,1609.0,2515.0,1667.0,0.0,0.0,875.0
2013-02-16,1263.0,2017.0,3682.0,1697.0,1780.0,2067.0,1636.0,3027.0,2573.0,1248.0,2772.0,1307.0,1182.0,1998.0,1439.0,1167.0,1441.0,1163.0,1836.0,0.0,0.0,0.0,1248.0,2598.0,975.0,1075.0,1472.0,1185.0,0.0,758.0,1500.0,980.0,1219.0,3121.0,783.0,0.0,1638.0,2408.0,1859.0,1164.0,1050.0,0.0,1430.0,4770.0,4167.0,4753.0,4725.0,3832.0,2422.0,3430.0,1918.0,0.0,0.0,1041.0
2013-02-17,399.0,1839.0,3093.0,1559.0,1310.0,2009.0,1368.0,2383.0,2110.0,1044.0,2801.0,1302.0,848.0,1172.0,1129.0,1421.0,1489.0,1129.0,1263.0,0.0,0.0,0.0,1189.0,1658.0,499.0,763.0,1393.0,1176.0,0.0,511.0,1506.0,678.0,1023.0,2409.0,853.0,0.0,1208.0,2180.0,1525.0,952.0,1033.0,0.0,1018.0,3936.0,3557.0,3957.0,3968.0,3400.0,1966.0,2853.0,1626.0,0.0,0.0,944.0
2013-02-18,1742.0,1865.0,2824.0,1351.0,1706.0,1707.0,1792.0,2666.0,2220.0,1105.0,2218.0,1223.0,944.0,1801.0,1407.0,1072.0,1326.0,1285.0,1213.0,0.0,0.0,0.0,1122.0,2494.0,743.0,825.0,1176.0,878.0,0.0,681.0,1260.0,776.0,1216.0,2575.0,609.0,0.0,1428.0,1504.0,1442.0,1173.0,777.0,0.0,1346.0,3586.0,3117.0,3231.0,3619.0,2784.0,1760.0,2317.0,1571.0,0.0,0.0,960.0
2013-02-19,1806.0,1795.0,2632.0,1357.0,1410.0,1485.0,1725.0,2571.0,2006.0,1065.0,2248.0,1124.0,948.0,1544.0,1381.0,958.0,1247.0,1309.0,1158.0,0.0,0.0,0.0,1152.0,2343.0,732.0,764.0,1022.0,884.0,0.0,732.0,1246.0,763.0,1126.0,2515.0,652.0,0.0,1364.0,1406.0,1330.0,1140.0,724.0,0.0,1171.0,3228.0,2862.0,2723.0,2955.0,2095.0,1515.0,2101.0,1453.0,0.0,0.0,878.0
2013-02-20,1835.0,1822.0,3041.0,1518.0,1461.0,1729.0,1716.0,2873.0,1919.0,984.0,2246.0,1178.0,883.0,1586.0,1333.0,925.0,1235.0,1144.0,1156.0,0.0,0.0,0.0,1170.0,2677.0,895.0,813.0,1138.0,839.0,0.0,733.0,1082.0,639.0,1053.0,2384.0,553.0,0.0,1519.0,1617.0,1240.0,1081.0,795.0,0.0,1107.0,3800.0,3228.0,3049.0,3270.0,2367.0,1664.0,2089.0,1688.0,0.0,0.0,738.0
2013-02-21,1756.0,1692.0,2610.0,1318.0,1377.0,1429.0,1588.0,2605.0,1930.0,994.0,2111.0,1137.0,817.0,1560.0,1315.0,874.0,1166.0,1224.0,1056.0,0.0,0.0,0.0,1069.0,2362.0,853.0,638.0,1027.0,742.0,0.0,693.0,1200.0,661.0,932.0,2336.0,645.0,0.0,1380.0,1443.0,1262.0,1006.0,726.0,0.0,1082.0,3282.0,2684.0,2820.0,3079.0,2040.0,1486.0,2048.0,1376.0,0.0,0.0,815.0
2013-02-22,1805.0,1783.0,2857.0,1424.0,1510.0,1532.0,1788.0,2752.0,1740.0,874.0,1937.0,1129.0,828.0,1388.0,1209.0,890.0,1001.0,1126.0,1031.0,0.0,0.0,0.0,1158.0,2302.0,1259.0,694.0,957.0,701.0,0.0,670.0,1128.0,630.0,929.0,2462.0,606.0,0.0,1410.0,1528.0,1179.0,1002.0,765.0,0.0,1457.0,3638.0,3142.0,2959.0,3193.0,2238.0,1664.0,2299.0,1596.0,0.0,0.0,744.0
2013-02-23,1448.0,2016.0,3319.0,1669.0,1624.0,2025.0,1707.0,2846.0,2307.0,1176.0,2407.0,1291.0,1223.0,2017.0,1378.0,1142.0,1459.0,1284.0,1788.0,0.0,0.0,0.0,1216.0,2731.0,1848.0,933.0,1497.0,1118.0,0.0,844.0,1315.0,908.0,1141.0,2737.0,872.0,0.0,1566.0,2171.0,1642.0,1070.0,880.0,0.0,1242.0,4461.0,3946.0,4132.0,4176.0,3354.0,2332.0,3234.0,1853.0,0.0,0.0,1045.0
2013-02-24,512.0,1873.0,3369.0,1818.0,1454.0,2152.0,1466.0,2642.0,2289.0,966.0,2503.0,1201.0,933.0,1313.0,1110.0,1172.0,1418.0,1329.0,1218.0,0.0,0.0,0.0,1153.0,1901.0,999.0,793.0,1523.0,1326.0,0.0,713.0,1329.0,726.0,1107.0,2356.0,729.0,0.0,1186.0,2399.0,1596.0,934.0,1032.0,0.0,988.0,4517.0,4404.0,4501.0,4754.0,3939.0,2425.0,3229.0,1692.0,0.0,0.0,1136.0
2013-02-25,1760.0,1816.0,2807.0,1394.0,1485.0,1720.0,1761.0,2615.0,1959.0,1070.0,2105.0,1165.0,905.0,1651.0,1342.0,983.0,1305.0,1260.0,1197.0,0.0,0.0,0.0,1141.0,2345.0,956.0,804.0,1120.0,788.0,0.0,736.0,1131.0,689.0,1099.0,2422.0,678.0,0.0,1327.0,1442.0,1333.0,1140.0,780.0,0.0,1194.0,3515.0,2839.0,2860.0,3178.0,2291.0,1537.0,2223.0,1519.0,0.0,0.0,780.0
2013-02-26,1804.0,1668.0,2644.0,1328.0,1425.0,1479.0,1657.0,2458.0,1813.0,1035.0,2052.0,1215.0,891.0,1505.0,1317.0,975.0,1267.0,1301.0,1153.0,0.0,0.0,0.0,1097.0,2281.0,793.0,723.0,1042.0,897.0,0.0,746.0,1156.0,655.0,1069.0,2352.0,629.0,0.0,1255.0,1385.0,1291.0,1058.0,679.0,0.0,1109.0,3310.0,2756.0,2652.0,2915.0,2042.0,1376.0,2101.0,1502.0,0.0,0.0,848.0
2013-02-27,1845.0,1810.0,2918.0,1494.0,1487.0,1659.0,1702.0,2751.0,1743.0,938.0,1890.0,1201.0,803.0,1487.0,1260.0,875.0,1119.0,1171.0,1149.0,0.0,0.0,0.0,1151.0,2549.0,934.0,699.0,1053.0,692.0,0.0,703.0,1065.0,669.0,1064.0,2213.0,527.0,0.0,1372.0,1537.0,1092.0,959.0,727.0,0.0,1104.0,3595.0,2986.0,2866.0,3141.0,2175.0,1644.0,2025.0,1683.0,0.0,0.0,643.0
2013-02-28,1763.0,1710.0,2726.0,1289.0,1416.0,1501.0,1577.0,2524.0,2075.0,904.0,2205.0,1177.0,850.0,1479.0,1243.0,859.0,1171.0,1275.0,1078.0,0.0,0.0,0.0,1012.0,2426.0,859.0,727.0,1080.0,931.0,0.0,724.0,1135.0,737.0,1027.0,2463.0,692.0,0.0,1326.0,1403.0,1219.0,1000.0,731.0,0.0,1088.0,3426.0,2980.0,2908.0,3106.0,2268.0,1508.0,2055.0,1418.0,0.0,0.0,747.0
2013-03-01,1916.0,1917.0,3164.0,1521.0,1558.0,1612.0,1841.0,2880.0,1996.0,956.0,2442.0,1184.0,924.0,1511.0,1288.0,912.0,1101.0,1191.0,1149.0,0.0,0.0,0.0,1184.0,2786.0,1422.0,1036.0,1147.0,950.0,0.0,791.0,1325.0,765.0,1152.0,2743.0,743.0,0.0,1474.0,1717.0,1308.0,1036.0,766.0,0.0,1573.0,4075.0,3511.0,3405.0,3549.0,2801.0,1928.0,2529.0,1848.0,0.0,0.0,897.0
2013-03-02,1332.0,2051.0,3787.0,1803.0,1715.0,2373.0,1916.0,3185.0,2845.0,1424.0,3180.0,1426.0,1363.0,2204.0,1532.0,1140.0,1691.0,1436.0,1965.0,0.0,0.0,0.0,1269.0,2538.0,2014.0,1107.0,1376.0,1013.0,0.0,663.0,1632.0,899.0,1330.0,3026.0,1093.0,0.0,1721.0,2555.0,1889.0,1206.0,1085.0,0.0,1307.0,4891.0,4669.0,4908.0,4958.0,4108.0,2670.0,3670.0,1709.0,0.0,0.0,942.0
2013-03-03,547.0,2084.0,3555.0,1910.0,1513.0,2343.0,1498.0,2891.0,2792.0,1212.0,3270.0,1326.0,1029.0,1346.0,1282.0,1180.0,1495.0,1328.0,1264.0,0.0,0.0,0.0,1235.0,1984.0,1067.0,1038.0,1688.0,1421.0,0.0,710.0,1437.0,834.0,1256.0,2542.0,872.0,0.0,1370.0,2568.0,1791.0,1001.0,1222.0,0.0,1185.0,5065.0,4594.0,5095.0,5020.0,4489.0,2696.0,3496.0,1963.0,0.0,0.0,1212.0
2013-03-04,1841.0,1827.0,2966.0,1383.0,1724.0,1825.0,1877.0,2769.0,2318.0,1232.0,2579.0,1255.0,946.0,1800.0,1484.0,997.0,1424.0,1387.0,1288.0,0.0,0.0,0.0,1197.0,2392.0,910.0,873.0,1186.0,869.0,0.0,681.0,1336.0,707.0,1188.0,2628.0,766.0,0.0,1462.0,1575.0,1397.0,1297.0,786.0,0.0,1338.0,3823.0,3286.0,3300.0,3669.0,2816.0,1792.0,2395.0,1647.0,0.0,0.0,840.0
2013-03-05,1750.0,1734.0,2800.0,1372.0,1459.0,1595.0,1771.0,2601.0,2291.0,1222.0,2734.0,1230.0,1025.0,1700.0,1434.0,929.0,1277.0,1376.0,1155.0,0.0,0.0,0.0,1261.0,2488.0,830.0,727.0,1086.0,1027.0,0.0,734.0,1247.0,674.0,1187.0,2532.0,768.0,0.0,1358.0,1444.0,1403.0,1160.0,737.0,0.0,1233.0,3582.0,3132.0,2954.0,3414.0,2394.0,1699.0,2244.0,1514.0,0.0,0.0,850.0
2013-03-06,1929.0,1937.0,3026.0,1499.0,1546.0,1773.0,1897.0,2821.0,2100.0,1063.0,2500.0,1238.0,909.0,1651.0,1338.0,906.0,1251.0,1250.0,1192.0,0.0,0.0,0.0,1192.0,2587.0,975.0,842.0,1187.0,827.0,0.0,707.0,1099.0,649.0,955.0,2417.0,602.0,0.0,1562.0,1605.0,1235.0,1036.0,820.0,0.0,1151.0,4105.0,3401.0,3082.0,3554.0,2505.0,1777.0,2358.0,1742.0,0.0,0.0,721.0
2013-03-07,1751.0,1789.0,2847.0,1443.0,1418.0,1586.0,1750.0,2706.0,2223.0,1027.0,2577.0,1246.0,957.0,1614.0,1453.0,848.0,1276.0,1381.0,1108.0,0.0,0.0,0.0,1187.0,2445.0,869.0,841.0,1084.0,824.0,0.0,774.0,1223.0,696.0,1029.0,2455.0,662.0,0.0,1410.0,1527.0,1357.0,1078.0,775.0,0.0,1129.0,3551.0,3041.0,3052.0,3211.0,2442.0,1716.0,2197.0,1528.0,0.0,0.0,807.0
2013-03-08,1960.0,1883.0,3035.0,1512.0,1545.0,1731.0,1992.0,2895.0,1885.0,1011.0,2391.0,1216.0,862.0,1425.0,1305.0,907.0,1100.0,1207.0,1077.0,0.0,0.0,0.0,1207.0,2721.0,1342.0,964.0,1164.0,803.0,0.0,682.0,1223.0,747.0,1005.0,2818.0,666.0,0.0,1522.0,1745.0,1286.0,1034.0,827.0,0.0,1461.0,3998.0,3484.0,3451.0,3516.0,2680.0,1946.0,2449.0,1698.0,0.0,0.0,853.0
2013-03-09,1337.0,1965.0,3600.0,1683.0,1575.0,2076.0,1789.0,2925.0,2580.0,1272.0,2735.0,1326.0,1285.0,2085.0,1438.0,1050.0,1502.0,1289.0,1893.0,0.0,0.0,0.0,1208.0,2530.0,1875.0,930.0,1561.0,1143.0,0.0,793.0,1449.0,883.0,1281.0,2771.0,929.0,0.0,1533.0,2359.0,1729.0,1093.0,1007.0,0.0,1336.0,4846.0,4291.0,4414.0,4644.0,3633.0,2535.0,3450.0,1783.0,0.0,0.0,1051.0
2013-03-10,538.0,1889.0,3458.0,1800.0,1341.0,2199.0,1452.0,2734.0,2582.0,1051.0,2956.0,1232.0,952.0,1268.0,1150.0,1029.0,1379.0,1379.0,1189.0,0.0,0.0,0.0,1144.0,1950.0,997.0,921.0,1659.0,1237.0,0.0,614.0,1316.0,785.0,1125.0,2382.0,802.0,0.0,1248.0,2367.0,1670.0,964.0,1052.0,0.0,1138.0,4756.0,4374.0,4667.0,4883.0,4115.0,2533.0,3265.0,1627.0,0.0,0.0,1153.0
2013-03-11,1874.0,1805.0,2890.0,1410.0,1515.0,1681.0,1735.0,2765.0,2153.0,1176.0,2194.0,1264.0,942.0,1767.0,1423.0,908.0,1262.0,1504.0,1230.0,0.0,0.0,0.0,1152.0,2477.0,896.0,781.0,1156.0,866.0,0.0,693.0,1225.0,675.0,1209.0,2532.0,691.0,0.0,1369.0,1582.0,1304.0,1197.0,776.0,0.0,1240.0,3626.0,3115.0,3068.0,3259.0,2429.0,1686.0,2264.0,1551.0,0.0,0.0,844.0
2013-03-12,1734.0,1715.0,2702.0,1354.0,1373.0,1484.0,1625.0,2545.0,2024.0,1086.0,2221.0,1137.0,914.0,1555.0,1363.0,901.0,1233.0,1433.0,1088.0,0.0,0.0,0.0,1091.0,2167.0,904.0,557.0,897.0,787.0,0.0,534.0,1243.0,586.0,1152.0,2498.0,704.0,0.0,1321.0,1446.0,1362.0,1152.0,705.0,0.0,1101.0,3376.0,2727.0,2727.0,3000.0,2111.0,1512.0,2215.0,1172.0,0.0,0.0,812.0
2013-03-13,1841.0,1818.0,2962.0,1460.0,1495.0,1726.0,1766.0,2685.0,1865.0,990.0,2095.0,1164.0,875.0,1421.0,1197.0,813.0,1145.0,1317.0,1085.0,0.0,0.0,0.0,1196.0,2711.0,992.0,770.0,1208.0,815.0,0.0,717.0,1061.0,615.0,1016.0,2344.0,529.0,0.0,1388.0,1554.0,1131.0,1042.0,835.0,0.0,1098.0,3799.0,3016.0,2773.0,3158.0,2271.0,1648.0,2174.0,1749.0,0.0,0.0,680.0
2013-03-14,1751.0,1679.0,2630.0,1310.0,1335.0,1443.0,1597.0,2489.0,1913.0,917.0,2076.0,1207.0,865.0,1456.0,1254.0,760.0,1172.0,1346.0,1230.0,0.0,0.0,0.0,1097.0,2286.0,911.0,642.0,961.0,722.0,0.0,633.0,1132.0,522.0,972.0,2365.0,631.0,0.0,1364.0,1484.0,1195.0,1024.0,702.0,0.0,1038.0,3276.0,2712.0,2560.0,2944.0,2214.0,1524.0,2073.0,1323.0,0.0,0.0,656.0
2013-03-15,1812.0,1813.0,3084.0,1428.0,1502.0,1618.0,1697.0,2758.0,1801.0,906.0,2150.0,1128.0,817.0,1343.0,1153.0,821.0,1028.0,1172.0,1146.0,0.0,0.0,0.0,1203.0,2728.0,1306.0,932.0,1197.0,923.0,0.0,829.0,1240.0,774.0,1022.0,2785.0,720.0,0.0,1492.0,1624.0,1284.0,996.0,810.0,0.0,1476.0,3732.0,3390.0,3114.0,3405.0,2477.0,1904.0,2350.0,1839.0,0.0,0.0,804.0
2013-03-16,1238.0,1872.0,3396.0,1631.0,1612.0,1976.0,1575.0,3056.0,2571.0,1226.0,2585.0,1256.0,1202.0,2125.0,1339.0,1004.0,1515.0,1322.0,1863.0,0.0,0.0,0.0,1185.0,2593.0,1701.0,1056.0,1495.0,1292.0,0.0,756.0,1359.0,873.0,1346.0,2861.0,1022.0,0.0,1533.0,2296.0,1725.0,1121.0,949.0,0.0,1249.0,4786.0,4308.0,4505.0,4635.0,3887.0,2518.0,3505.0,1932.0,0.0,0.0,1048.0
2013-03-17,561.0,1995.0,3413.0,1900.0,1282.0,2293.0,1615.0,2835.0,2628.0,1085.0,2787.0,1299.0,947.0,1272.0,1095.0,1023.0,1513.0,1502.0,1257.0,0.0,0.0,0.0,1124.0,2038.0,926.0,1120.0,1694.0,1451.0,0.0,635.0,1439.0,864.0,1081.0,2469.0,884.0,0.0,1306.0,2290.0,1746.0,1015.0,1159.0,0.0,1028.0,5037.0,4510.0,5090.0,4943.0,4601.0,2507.0,3259.0,1652.0,0.0,0.0,1176.0
2013-03-18,1696.0,1659.0,2683.0,1277.0,1709.0,1472.0,1675.0,2540.0,2110.0,1116.0,2090.0,1227.0,902.0,1709.0,1340.0,990.0,1326.0,1334.0,1202.0,0.0,0.0,0.0,1109.0,2507.0,896.0,889.0,1164.0,990.0,0.0,687.0,1307.0,720.0,1189.0,2682.0,769.0,0.0,1380.0,1486.0,1351.0,1282.0,766.0,0.0,1239.0,3556.0,3178.0,3129.0,3178.0,2489.0,1628.0,2328.0,1525.0,0.0,0.0,937.0
2013-03-19,1728.0,1697.0,2716.0,1331.0,1423.0,1618.0,1661.0,2547.0,2070.0,1128.0,2222.0,1213.0,950.0,1610.0,1253.0,941.0,1256.0,1496.0,1130.0,0.0,0.0,0.0,1066.0,2351.0,824.0,758.0,1054.0,975.0,0.0,719.0,1328.0,772.0,1126.0,2397.0,768.0,0.0,1324.0,1392.0,1367.0,1076.0,817.0,0.0,1197.0,3431.0,2885.0,2678.0,3114.0,2292.0,1542.0,2281.0,1444.0,0.0,0.0,873.0
2013-03-20,1879.0,1773.0,3031.0,1534.0,1530.0,1678.0,1774.0,2853.0,1867.0,956.0,2037.0,1240.0,878.0,1485.0,1294.0,856.0,1152.0,1233.0,1154.0,0.0,0.0,0.0,1207.0,2769.0,982.0,933.0,1280.0,861.0,0.0,659.0,1160.0,701.0,1036.0,2430.0,650.0,0.0,1460.0,1599.0,1202.0,1076.0,824.0,0.0,1114.0,3806.0,3180.0,3017.0,3283.0,2361.0,1608.0,2284.0,1734.0,0.0,0.0,725.0
2013-03-21,1727.0,1651.0,2652.0,1272.0,1380.0,1486.0,1618.0,2601.0,1949.0,916.0,2177.0,1218.0,868.0,1497.0,1221.0,825.0,1135.0,1396.0,1026.0,0.0,0.0,0.0,1064.0,2435.0,866.0,789.0,1102.0,869.0,0.0,745.0,1272.0,664.0,942.0,2326.0,642.0,0.0,1375.0,1428.0,1215.0,1042.0,657.0,0.0,1097.0,3375.0,2857.0,2631.0,3098.0,2183.0,1647.0,2053.0,1438.0,0.0,0.0,730.0
2013-03-22,1689.0,1841.0,2866.0,1376.0,1427.0,1523.0,1819.0,2729.0,1612.0,782.0,1984.0,1114.0,823.0,1437.0,1209.0,838.0,983.0,1206.0,1124.0,0.0,0.0,0.0,1155.0,2587.0,1322.0,889.0,1142.0,778.0,0.0,687.0,1162.0,647.0,986.0,2611.0,644.0,0.0,1397.0,1541.0,1102.0,966.0,758.0,0.0,1435.0,3826.0,3116.0,2844.0,3188.0,2256.0,1878.0,2217.0,1676.0,0.0,0.0,798.0
2013-03-23,1358.0,2128.0,3609.0,1800.0,1400.0,2191.0,1784.0,2953.0,2482.0,1200.0,2595.0,1339.0,1257.0,2087.0,1434.0,934.0,1606.0,1355.0,1914.0,0.0,0.0,0.0,1249.0,2488.0,1846.0,1036.0,1558.0,1101.0,0.0,624.0,1390.0,829.0,1228.0,2767.0,879.0,0.0,1665.0,2334.0,1736.0,998.0,974.0,0.0,1260.0,4972.0,4288.0,4420.0,4571.0,3699.0,2469.0,3349.0,1767.0,0.0,0.0,1000.0
2013-03-24,531.0,1822.0,3348.0,1757.0,1334.0,2188.0,1369.0,2690.0,2318.0,980.0,2531.0,1291.0,958.0,1252.0,1125.0,1110.0,1404.0,1362.0,1224.0,0.0,0.0,0.0,1125.0,2068.0,939.0,1019.0,1680.0,1192.0,0.0,634.0,1289.0,709.0,995.0,2321.0,694.0,0.0,1119.0,2314.0,1701.0,918.0,985.0,0.0,1068.0,4485.0,4245.0,4402.0,4373.0,3952.0,2412.0,3268.0,1731.0,0.0,0.0,1207.0
2013-03-25,1770.0,1723.0,2756.0,1288.0,1603.0,1661.0,1723.0,2677.0,1895.0,1061.0,2180.0,1243.0,933.0,1697.0,1252.0,998.0,1238.0,1328.0,1215.0,0.0,0.0,0.0,1119.0,2505.0,975.0,776.0,1158.0,832.0,0.0,755.0,1201.0,671.0,1139.0,2583.0,724.0,0.0,1320.0,1502.0,1243.0,1141.0,816.0,0.0,1209.0,3533.0,3051.0,2812.0,3178.0,2308.0,1586.0,2234.0,1511.0,0.0,0.0,869.0
2013-03-26,1700.0,1711.0,2717.0,1346.0,1453.0,1610.0,1683.0,2556.0,1841.0,936.0,2081.0,1188.0,894.0,1460.0,1315.0,903.0,1286.0,1383.0,1040.0,0.0,0.0,0.0,1119.0,2311.0,849.0,650.0,1093.0,860.0,0.0,739.0,1189.0,732.0,1152.0,2261.0,727.0,0.0,1367.0,1296.0,1302.0,1113.0,735.0,0.0,1085.0,2756.0,2753.0,2390.0,2913.0,2110.0,1558.0,1971.0,1509.0,0.0,0.0,826.0
2013-03-27,1840.0,1923.0,3135.0,1649.0,1563.0,1803.0,1903.0,2857.0,1846.0,831.0,2074.0,1167.0,874.0,1425.0,1309.0,852.0,1169.0,1285.0,1174.0,0.0,0.0,0.0,1185.0,2543.0,1138.0,665.0,1128.0,720.0,0.0,654.0,1022.0,627.0,1009.0,2391.0,504.0,0.0,1466.0,1667.0,1236.0,964.0,742.0,0.0,1214.0,4160.0,3139.0,2951.0,3419.0,2322.0,1764.0,2244.0,1680.0,0.0,0.0,816.0
2013-03-28,1729.0,1949.0,3318.0,1700.0,1708.0,1854.0,1886.0,2829.0,2235.0,1067.0,2281.0,1376.0,1042.0,1443.0,1290.0,1072.0,1353.0,1350.0,1313.0,0.0,0.0,0.0,1300.0,2645.0,1597.0,865.0,1180.0,928.0,0.0,731.0,1399.0,775.0,1287.0,2942.0,522.0,0.0,1567.0,1779.0,1467.0,1122.0,924.0,0.0,1337.0,4090.0,3624.0,3416.0,3798.0,2729.0,1966.0,2565.0,1709.0,0.0,0.0,1045.0
2013-03-29,474.0,1645.0,3038.0,1595.0,1337.0,2033.0,1346.0,2333.0,2299.0,858.0,2466.0,1251.0,1044.0,1184.0,975.0,1131.0,1381.0,1032.0,1224.0,0.0,0.0,0.0,1121.0,1803.0,2442.0,851.0,1479.0,1111.0,0.0,605.0,1198.0,812.0,884.0,2402.0,817.0,0.0,1045.0,1930.0,1296.0,748.0,881.0,0.0,1330.0,3905.0,3747.0,3961.0,3931.0,3319.0,2238.0,2815.0,1567.0,0.0,0.0,897.0
2013-03-30,1002.0,1791.0,3450.0,1598.0,1567.0,2070.0,1637.0,2589.0,2635.0,1205.0,2862.0,1400.0,1492.0,1882.0,1426.0,1097.0,1479.0,1161.0,2040.0,0.0,0.0,0.0,1190.0,2112.0,2345.0,952.0,1521.0,1087.0,0.0,638.0,1432.0,869.0,1233.0,2312.0,868.0,0.0,1517.0,2413.0,1766.0,1127.0,1019.0,0.0,1248.0,4178.0,4442.0,4762.0,4551.0,3986.0,2559.0,3545.0,1568.0,0.0,0.0,988.0
2013-03-31,464.0,1763.0,3248.0,1770.0,1416.0,2085.0,1316.0,2528.0,2453.0,1048.0,2785.0,1049.0,951.0,1184.0,1097.0,1010.0,1475.0,1308.0,1160.0,0.0,0.0,0.0,1171.0,1724.0,976.0,964.0,1527.0,1246.0,0.0,603.0,1256.0,760.0,1020.0,2227.0,586.0,0.0,1110.0,2307.0,1665.0,934.0,1009.0,0.0,1100.0,4259.0,4291.0,4701.0,4516.0,4017.0,2418.0,3362.0,1595.0,0.0,0.0,1109.0
2013-04-01,1894.0,1844.0,3074.0,1525.0,1725.0,1780.0,1836.0,2845.0,2337.0,1186.0,2725.0,1313.0,1125.0,1742.0,1540.0,1023.0,1364.0,1483.0,1389.0,0.0,0.0,0.0,1232.0,2575.0,909.0,979.0,1250.0,964.0,0.0,707.0,1433.0,774.0,1282.0,2557.0,637.0,0.0,1504.0,1690.0,1466.0,1373.0,904.0,0.0,1339.0,3812.0,3624.0,3432.0,3556.0,2885.0,1912.0,2551.0,1663.0,0.0,0.0,918.0
2013-04-02,1705.0,1724.0,2951.0,1482.0,1598.0,1672.0,1756.0,2542.0,2340.0,1233.0,2697.0,1348.0,1075.0,1707.0,1501.0,998.0,1374.0,1493.0,1154.0,0.0,0.0,0.0,1170.0,2444.0,780.0,855.0,1143.0,1080.0,0.0,739.0,1357.0,748.0,1310.0,2555.0,609.0,0.0,1475.0,1471.0,1488.0,1210.0,865.0,0.0,1206.0,3610.0,3278.0,3034.0,3334.0,2477.0,1762.0,2353.0,1574.0,0.0,0.0,888.0
2013-04-03,1912.0,2043.0,3211.0,1572.0,1673.0,1796.0,1915.0,2896.0,2307.0,1068.0,2567.0,1287.0,983.0,1509.0,1285.0,889.0,1254.0,1361.0,1195.0,0.0,0.0,0.0,1224.0,2719.0,961.0,850.0,1179.0,910.0,0.0,716.0,1145.0,670.0,1125.0,2464.0,505.0,0.0,1550.0,1705.0,1238.0,1096.0,874.0,0.0,1253.0,4212.0,3379.0,3197.0,3563.0,2506.0,1837.0,2395.0,1817.0,0.0,0.0,721.0
2013-04-04,1723.0,1697.0,2661.0,1356.0,1427.0,1525.0,1663.0,2587.0,2155.0,1078.0,2548.0,1239.0,911.0,1452.0,1352.0,921.0,1213.0,1403.0,1111.0,0.0,0.0,0.0,1085.0,2320.0,844.0,784.0,1100.0,967.0,0.0,772.0,1236.0,737.0,1062.0,2485.0,510.0,0.0,1367.0,1485.0,1311.0,1061.0,793.0,0.0,1179.0,3457.0,2922.0,2888.0,3166.0,2414.0,1714.0,2177.0,1515.0,0.0,0.0,844.0
2013-04-05,1899.0,1791.0,2980.0,1413.0,1550.0,1671.0,1803.0,2754.0,1925.0,979.0,2330.0,1127.0,925.0,1317.0,1218.0,881.0,1018.0,1302.0,1075.0,0.0,0.0,0.0,1173.0,2553.0,1225.0,728.0,1121.0,840.0,0.0,674.0,1138.0,640.0,993.0,2567.0,521.0,0.0,1375.0,1624.0,1287.0,1041.0,776.0,0.0,1496.0,3816.0,3374.0,3155.0,3467.0,2475.0,1903.0,2491.0,1647.0,0.0,0.0,870.0
2013-04-06,1349.0,2144.0,3665.0,1844.0,1611.0,2218.0,1806.0,3075.0,2570.0,1386.0,2925.0,1363.0,1320.0,1947.0,1415.0,1013.0,1594.0,1424.0,1901.0,0.0,0.0,0.0,1320.0,2504.0,1721.0,987.0,1468.0,1119.0,0.0,702.0,1434.0,794.0,1177.0,2763.0,605.0,0.0,1611.0,2407.0,1991.0,1077.0,1006.0,0.0,1343.0,5047.0,4463.0,4869.0,4805.0,3921.0,2645.0,3606.0,1852.0,0.0,0.0,1037.0
2013-04-07,521.0,1987.0,3446.0,1895.0,1431.0,2266.0,1586.0,2756.0,2687.0,1148.0,2977.0,1277.0,1060.0,1260.0,1190.0,1170.0,1500.0,1471.0,1241.0,0.0,0.0,0.0,1286.0,1936.0,904.0,956.0,1593.0,1298.0,0.0,652.0,1399.0,772.0,1181.0,2412.0,634.0,0.0,1336.0,2483.0,1768.0,1000.0,1113.0,0.0,1120.0,4857.0,4460.0,5062.0,4795.0,4267.0,2592.0,3472.0,1776.0,0.0,0.0,1190.0
2013-04-08,1824.0,1767.0,2859.0,1378.0,1491.0,1705.0,1764.0,2658.0,2232.0,1169.0,2361.0,1235.0,947.0,1639.0,1409.0,982.0,1329.0,1417.0,1396.0,0.0,0.0,0.0,1174.0,2475.0,783.0,786.0,1204.0,970.0,0.0,686.0,1225.0,720.0,1011.0,2481.0,572.0,0.0,1381.0,1552.0,1360.0,1239.0,765.0,0.0,1223.0,3595.0,3162.0,2969.0,3478.0,2437.0,1678.0,2243.0,1570.0,0.0,0.0,860.0
2013-04-09,1744.0,1681.0,2702.0,1344.0,1388.0,1510.0,1722.0,2424.0,2077.0,1158.0,2416.0,1221.0,1031.0,1538.0,1379.0,909.0,1259.0,1459.0,1104.0,0.0,0.0,0.0,1114.0,2312.0,749.0,728.0,1058.0,985.0,0.0,701.0,1216.0,664.0,1127.0,2521.0,547.0,0.0,1319.0,1412.0,1376.0,1157.0,792.0,0.0,1123.0,3417.0,2805.0,2756.0,3003.0,2187.0,1707.0,2279.0,1494.0,0.0,0.0,801.0
2013-04-10,1916.0,1883.0,2955.0,1523.0,1569.0,1713.0,1875.0,2784.0,1913.0,1023.0,2351.0,1284.0,935.0,1517.0,1286.0,898.0,1118.0,1352.0,1178.0,0.0,0.0,0.0,1222.0,2498.0,832.0,766.0,1179.0,819.0,0.0,587.0,1136.0,591.0,973.0,2251.0,469.0,0.0,1429.0,1662.0,1225.0,1050.0,775.0,0.0,1175.0,4008.0,3167.0,2856.0,3345.0,2403.0,1717.0,2380.0,1639.0,0.0,0.0,762.0
2013-04-11,1638.0,1726.0,2603.0,1262.0,1402.0,1584.0,1670.0,2635.0,2199.0,1056.0,2270.0,1393.0,953.0,1585.0,1332.0,900.0,1196.0,1407.0,1200.0,0.0,0.0,0.0,1169.0,2365.0,782.0,657.0,1026.0,954.0,0.0,740.0,1241.0,684.0,1083.0,2355.0,494.0,0.0,1360.0,1440.0,1279.0,1060.0,765.0,0.0,1115.0,3489.0,2943.0,2880.0,3197.0,2393.0,1743.0,2332.0,1539.0,0.0,0.0,811.0
2013-04-12,1860.0,1869.0,2983.0,1410.0,1521.0,1648.0,1885.0,2841.0,1925.0,1008.0,2185.0,1232.0,963.0,1315.0,1301.0,875.0,1180.0,1296.0,1071.0,0.0,0.0,0.0,1236.0,2523.0,1099.0,833.0,1137.0,872.0,0.0,724.0,1118.0,656.0,983.0,2542.0,505.0,0.0,1250.0,1624.0,1247.0,1071.0,741.0,0.0,1479.0,3928.0,3449.0,3176.0,3415.0,2477.0,1995.0,2510.0,1638.0,0.0,0.0,807.0
2013-04-13,1338.0,1941.0,3556.0,1746.0,1572.0,2084.0,1817.0,2978.0,2565.0,1356.0,2559.0,1317.0,1254.0,1899.0,1427.0,1041.0,1554.0,1345.0,1911.0,0.0,0.0,0.0,1274.0,2467.0,1574.0,1057.0,1469.0,1279.0,0.0,789.0,1494.0,855.0,1214.0,2789.0,737.0,0.0,1401.0,2332.0,1658.0,1157.0,982.0,0.0,1197.0,4843.0,4316.0,4671.0,4810.0,3735.0,2456.0,3419.0,1913.0,0.0,0.0,1018.0
2013-04-14,525.0,1924.0,3529.0,1798.0,1352.0,2186.0,1452.0,2764.0,2505.0,1034.0,2673.0,1304.0,945.0,1308.0,1123.0,1138.0,1453.0,1414.0,1221.0,0.0,0.0,0.0,1130.0,1932.0,797.0,1025.0,1553.0,1360.0,0.0,629.0,1438.0,760.0,1170.0,2513.0,643.0,0.0,1064.0,2392.0,1650.0,1017.0,1118.0,0.0,1172.0,4745.0,4384.0,4813.0,4822.0,4362.0,2505.0,3270.0,1748.0,0.0,0.0,1143.0
2013-04-15,1804.0,1766.0,2928.0,1374.0,1589.0,1712.0,1783.0,2629.0,2262.0,1117.0,2353.0,1296.0,945.0,1665.0,1476.0,1007.0,1333.0,1523.0,1199.0,0.0,0.0,0.0,1125.0,2478.0,774.0,884.0,1124.0,951.0,0.0,673.0,1169.0,684.0,1164.0,2549.0,598.0,0.0,1329.0,1525.0,1423.0,1376.0,809.0,0.0,1225.0,3499.0,3399.0,3085.0,3514.0,2557.0,1825.0,2300.0,1629.0,0.0,0.0,822.0
2013-04-16,1757.0,1742.0,2813.0,1400.0,1565.0,1631.0,1758.0,2574.0,2290.0,1190.0,2385.0,1168.0,919.0,1497.0,1472.0,932.0,1301.0,1553.0,1117.0,0.0,0.0,0.0,1126.0,2367.0,690.0,864.0,1012.0,1033.0,0.0,658.0,1314.0,714.0,1238.0,2553.0,692.0,0.0,1364.0,1427.0,1511.0,1162.0,782.0,0.0,1177.0,3496.0,3130.0,2938.0,3046.0,2452.0,1759.0,2329.0,1535.0,0.0,0.0,754.0
2013-04-17,1807.0,1833.0,3027.0,1511.0,1459.0,1742.0,1724.0,2749.0,2088.0,1101.0,2166.0,1204.0,849.0,1397.0,1204.0,873.0,1202.0,1344.0,1085.0,0.0,0.0,0.0,1180.0,2650.0,831.0,931.0,1235.0,956.0,0.0,699.0,1039.0,704.0,1092.0,2397.0,537.0,0.0,1487.0,1582.0,1245.0,1098.0,816.0,0.0,1117.0,3954.0,3314.0,3076.0,3184.0,2397.0,1839.0,2355.0,1733.0,0.0,0.0,716.0
2013-04-18,1607.0,1568.0,2527.0,1239.0,1460.0,1437.0,1644.0,2532.0,1998.0,966.0,2157.0,1161.0,819.0,1396.0,1242.0,888.0,1197.0,1350.0,956.0,0.0,0.0,0.0,1035.0,2226.0,735.0,703.0,1021.0,841.0,0.0,672.0,1175.0,660.0,984.0,2482.0,521.0,0.0,1254.0,1400.0,1265.0,1025.0,737.0,0.0,1138.0,3316.0,2865.0,2901.0,2857.0,2237.0,1743.0,2095.0,1520.0,0.0,0.0,791.0
2013-04-19,1737.0,1804.0,2960.0,1460.0,1542.0,1558.0,1681.0,2676.0,1856.0,895.0,2136.0,1163.0,822.0,1351.0,1279.0,930.0,1101.0,1264.0,1077.0,0.0,0.0,0.0,1224.0,2544.0,1044.0,787.0,1103.0,844.0,0.0,641.0,1137.0,706.0,997.0,2693.0,500.0,0.0,1394.0,1550.0,1195.0,1058.0,713.0,0.0,1375.0,3558.0,3280.0,3083.0,3167.0,2510.0,1857.0,2339.0,1705.0,0.0,0.0,823.0
2013-04-20,1335.0,2055.0,3577.0,1709.0,1604.0,2109.0,1767.0,3017.0,2626.0,1229.0,2728.0,1354.0,1291.0,1677.0,1511.0,1170.0,1483.0,1337.0,1941.0,0.0,0.0,0.0,1233.0,2621.0,1420.0,1013.0,1443.0,1215.0,0.0,795.0,1357.0,784.0,1194.0,2996.0,656.0,0.0,1596.0,2343.0,1770.0,1112.0,982.0,0.0,1243.0,5052.0,4314.0,4584.0,4413.0,3646.0,2546.0,3264.0,1900.0,0.0,0.0,1002.0
2013-04-21,505.0,1769.0,3389.0,1726.0,1400.0,2268.0,1549.0,2736.0,2626.0,1193.0,2702.0,1264.0,877.0,1111.0,1230.0,1105.0,1506.0,1464.0,1258.0,0.0,0.0,0.0,1183.0,1891.0,790.0,954.0,1637.0,1341.0,0.0,649.0,1482.0,769.0,1086.0,2558.0,624.0,0.0,1254.0,2316.0,1702.0,1009.0,1093.0,0.0,1207.0,4905.0,4593.0,4582.0,4858.0,4444.0,2600.0,3240.0,1829.0,0.0,0.0,1127.0
2013-04-22,1838.0,1834.0,2925.0,1434.0,1525.0,1699.0,1785.0,2755.0,2203.0,1173.0,2152.0,1168.0,935.0,1747.0,1475.0,1022.0,1347.0,1458.0,1170.0,0.0,0.0,0.0,1133.0,2334.0,696.0,774.0,1118.0,933.0,0.0,697.0,1175.0,688.0,1167.0,2596.0,572.0,0.0,1407.0,1472.0,1376.0,1247.0,762.0,0.0,1179.0,3531.0,3220.0,3234.0,3161.0,2548.0,1820.0,2255.0,1524.0,0.0,0.0,893.0
2013-04-23,1697.0,1788.0,2795.0,1373.0,1320.0,1565.0,1540.0,2593.0,1972.0,1161.0,2350.0,1144.0,1041.0,1619.0,1451.0,952.0,1247.0,1486.0,1144.0,0.0,0.0,0.0,1148.0,2317.0,679.0,702.0,1067.0,949.0,0.0,646.0,1281.0,688.0,1092.0,2439.0,504.0,0.0,1337.0,1385.0,1381.0,1034.0,835.0,0.0,1151.0,3432.0,2859.0,2992.0,2959.0,2394.0,1602.0,2241.0,1498.0,0.0,0.0,807.0
2013-04-24,1921.0,1975.0,3087.0,1534.0,1440.0,1704.0,1843.0,2744.0,2044.0,1011.0,2147.0,1219.0,832.0,1454.0,1332.0,884.0,1179.0,1324.0,1124.0,0.0,0.0,0.0,1122.0,2446.0,811.0,720.0,1127.0,815.0,0.0,661.0,1063.0,619.0,1032.0,2109.0,476.0,0.0,1525.0,1550.0,1271.0,1020.0,757.0,0.0,1121.0,3950.0,3107.0,3004.0,3145.0,2459.0,1779.0,2172.0,1619.0,0.0,0.0,725.0
2013-04-25,1660.0,1656.0,2743.0,1382.0,1257.0,1545.0,1647.0,2558.0,2071.0,985.0,2107.0,1246.0,879.0,1364.0,1310.0,821.0,1136.0,1327.0,1027.0,0.0,0.0,0.0,1136.0,2286.0,703.0,723.0,1039.0,904.0,0.0,670.0,1206.0,656.0,994.0,2297.0,511.0,0.0,1354.0,1418.0,1327.0,1021.0,686.0,0.0,1122.0,3429.0,2766.0,2789.0,2969.0,2237.0,1694.0,2136.0,1482.0,0.0,0.0,641.0
2013-04-26,1843.0,1748.0,2999.0,1454.0,1473.0,1609.0,1822.0,2774.0,1876.0,841.0,2048.0,1087.0,825.0,1345.0,1277.0,898.0,1048.0,1256.0,1067.0,0.0,0.0,0.0,1123.0,2530.0,969.0,729.0,1092.0,814.0,0.0,658.0,1050.0,613.0,957.0,2597.0,508.0,0.0,1404.0,1597.0,1205.0,961.0,786.0,0.0,1501.0,3872.0,3220.0,3067.0,3069.0,2398.0,1950.0,2412.0,1637.0,0.0,0.0,804.0
2013-04-27,1314.0,2159.0,3390.0,1584.0,1600.0,2020.0,1578.0,2927.0,2524.0,1080.0,2463.0,1390.0,1258.0,1994.0,1497.0,1044.0,1428.0,1434.0,1945.0,0.0,0.0,0.0,1187.0,2310.0,1304.0,922.0,1549.0,1186.0,0.0,713.0,1529.0,801.0,1228.0,2695.0,611.0,0.0,1595.0,2264.0,1717.0,1114.0,988.0,0.0,1344.0,4763.0,4126.0,4442.0,4355.0,3670.0,2561.0,3384.0,1909.0,0.0,0.0,929.0
2013-04-28,517.0,2014.0,3604.0,1724.0,1430.0,2171.0,1447.0,2584.0,2425.0,1075.0,2592.0,1273.0,1024.0,1216.0,1239.0,1173.0,1221.0,1359.0,1164.0,0.0,0.0,0.0,1285.0,1820.0,788.0,896.0,1620.0,1250.0,0.0,607.0,1404.0,754.0,1199.0,2368.0,585.0,0.0,1340.0,2366.0,1651.0,1036.0,1125.0,0.0,1178.0,4799.0,4289.0,4791.0,4888.0,4410.0,2596.0,3492.0,1861.0,0.0,0.0,1123.0
2013-04-29,1653.0,1659.0,2769.0,1259.0,1566.0,1570.0,1653.0,2514.0,2015.0,1074.0,2149.0,1244.0,980.0,1550.0,1560.0,963.0,1300.0,1355.0,1287.0,0.0,0.0,0.0,1080.0,2359.0,644.0,762.0,1112.0,902.0,0.0,643.0,1187.0,646.0,1138.0,2541.0,490.0,0.0,1398.0,1500.0,1330.0,1207.0,744.0,0.0,1245.0,3415.0,3094.0,2879.0,3049.0,2473.0,1585.0,2192.0,1491.0,0.0,0.0,783.0
2013-04-30,1897.0,1797.0,2849.0,1286.0,1464.0,1646.0,1856.0,2683.0,2111.0,1126.0,2218.0,1226.0,978.0,1491.0,1490.0,974.0,1249.0,1436.0,1135.0,0.0,0.0,0.0,1119.0,2296.0,698.0,731.0,1075.0,939.0,0.0,735.0,1251.0,644.0,1124.0,2398.0,555.0,0.0,1371.0,1421.0,1363.0,1137.0,794.0,0.0,1212.0,3632.0,3217.0,2875.0,3181.0,2371.0,1795.0,2295.0,1543.0,0.0,0.0,829.0
2013-05-01,613.0,2050.0,3425.0,1775.0,1534.0,2092.0,1672.0,2765.0,2685.0,1036.0,2571.0,1306.0,1090.0,1382.0,1326.0,1036.0,1394.0,1350.0,1235.0,0.0,0.0,0.0,1191.0,2378.0,867.0,1133.0,1770.0,1398.0,0.0,685.0,1380.0,738.0,1090.0,2452.0,593.0,0.0,1544.0,2456.0,1503.0,1035.0,1136.0,0.0,1209.0,5053.0,4394.0,5031.0,5150.0,4636.0,2777.0,3692.0,2156.0,0.0,0.0,764.0
2013-05-02,1763.0,1655.0,2806.0,1199.0,1660.0,1573.0,1792.0,2558.0,2282.0,1057.0,2580.0,1277.0,892.0,1477.0,1437.0,1009.0,1182.0,1282.0,1105.0,0.0,0.0,0.0,1184.0,2379.0,732.0,800.0,1105.0,970.0,0.0,714.0,1192.0,722.0,1068.0,2384.0,616.0,0.0,1466.0,1457.0,1341.0,1131.0,765.0,0.0,1214.0,3504.0,3039.0,3033.0,3196.0,2538.0,1772.0,2318.0,1645.0,0.0,0.0,768.0
2013-05-03,1847.0,1898.0,3044.0,1463.0,1493.0,1699.0,1902.0,2850.0,2027.0,1023.0,2466.0,1151.0,891.0,1347.0,1370.0,952.0,1171.0,1260.0,1032.0,0.0,0.0,0.0,1172.0,2527.0,897.0,813.0,1096.0,852.0,0.0,661.0,1169.0,676.0,1066.0,2500.0,557.0,0.0,1364.0,1698.0,1274.0,1059.0,779.0,0.0,1584.0,3766.0,3469.0,3398.0,3599.0,2703.0,1986.0,2458.0,1822.0,0.0,0.0,854.0
2013-05-04,1347.0,2127.0,3726.0,1724.0,1709.0,2119.0,1802.0,3112.0,2740.0,1414.0,3115.0,1397.0,1354.0,1944.0,1557.0,1128.0,1617.0,1372.0,1943.0,0.0,0.0,0.0,1278.0,2570.0,1223.0,1051.0,1448.0,1234.0,0.0,772.0,1586.0,905.0,1351.0,2841.0,700.0,0.0,1623.0,2401.0,1848.0,1258.0,995.0,0.0,1404.0,4962.0,4599.0,4921.0,4725.0,4247.0,2668.0,3733.0,2103.0,0.0,0.0,996.0
2013-05-05,538.0,1975.0,3570.0,1833.0,1905.0,2355.0,1479.0,2764.0,2790.0,1241.0,3365.0,1324.0,1031.0,1268.0,1413.0,1376.0,1529.0,1462.0,1312.0,0.0,0.0,0.0,1221.0,2062.0,689.0,1204.0,1722.0,1690.0,0.0,735.0,1792.0,875.0,1559.0,2764.0,649.0,0.0,1342.0,2378.0,1835.0,1384.0,1369.0,0.0,1488.0,5021.0,4539.0,4897.0,5092.0,4547.0,2765.0,3547.0,2157.0,0.0,0.0,1359.0
2013-05-06,1834.0,1788.0,2853.0,1404.0,1541.0,1722.0,1759.0,2644.0,2242.0,1166.0,2470.0,1232.0,979.0,1672.0,1575.0,1105.0,1248.0,1406.0,1242.0,0.0,0.0,0.0,1118.0,2353.0,616.0,814.0,1151.0,985.0,0.0,671.0,1264.0,724.0,1157.0,2398.0,519.0,0.0,1348.0,1542.0,1340.0,1350.0,817.0,0.0,1247.0,3643.0,3292.0,3258.0,3514.0,2665.0,1804.0,2325.0,1690.0,0.0,0.0,896.0
2013-05-07,1792.0,1639.0,2747.0,1314.0,1436.0,1498.0,1679.0,2577.0,2186.0,1163.0,2413.0,1206.0,958.0,1495.0,1433.0,1050.0,1259.0,1399.0,1105.0,0.0,0.0,0.0,1114.0,2355.0,614.0,686.0,1071.0,1048.0,0.0,696.0,1210.0,715.0,1132.0,2238.0,556.0,0.0,1407.0,1336.0,1403.0,1280.0,764.0,0.0,1203.0,3347.0,3102.0,2962.0,3148.0,2474.0,1663.0,2253.0,1509.0,0.0,0.0,928.0
2013-05-08,1904.0,1887.0,2881.0,1523.0,1447.0,1753.0,1904.0,2876.0,1983.0,1086.0,2218.0,1274.0,895.0,1426.0,1407.0,895.0,1210.0,1410.0,1055.0,0.0,0.0,0.0,1176.0,2562.0,743.0,687.0,1114.0,779.0,0.0,655.0,995.0,606.0,1006.0,2125.0,478.0,0.0,1515.0,1582.0,1218.0,1126.0,812.0,0.0,1111.0,4172.0,3292.0,3136.0,3420.0,2516.0,2006.0,2397.0,1799.0,0.0,0.0,740.0
2013-05-09,1813.0,1732.0,2875.0,1379.0,1318.0,1577.0,1720.0,2720.0,2182.0,1072.0,2462.0,1270.0,914.0,1606.0,1424.0,879.0,1235.0,1372.0,1027.0,0.0,0.0,0.0,1108.0,2322.0,658.0,696.0,1124.0,826.0,0.0,717.0,1214.0,680.0,996.0,2249.0,427.0,2586.0,1377.0,1408.0,1273.0,1060.0,795.0,0.0,1062.0,3791.0,2976.0,2873.0,3245.0,2474.0,1812.0,2342.0,1599.0,0.0,0.0,758.0
2013-05-10,1959.0,1831.0,3343.0,1528.0,1538.0,1682.0,1925.0,3025.0,1916.0,933.0,2303.0,1199.0,934.0,1472.0,1360.0,935.0,1031.0,1354.0,1035.0,0.0,0.0,0.0,1212.0,2757.0,761.0,767.0,1067.0,826.0,0.0,682.0,1224.0,682.0,946.0,2549.0,471.0,1744.0,1665.0,1688.0,1268.0,1031.0,853.0,0.0,1453.0,4316.0,3652.0,3471.0,3574.0,2617.0,2229.0,2699.0,1955.0,0.0,0.0,820.0
2013-05-11,1488.0,2308.0,4326.0,2086.0,2158.0,2547.0,2105.0,3504.0,2814.0,1595.0,3025.0,1425.0,1424.0,2127.0,1658.0,1167.0,1562.0,1452.0,2095.0,0.0,0.0,0.0,1498.0,3075.0,992.0,1275.0,1730.0,1338.0,0.0,906.0,1845.0,918.0,1452.0,3388.0,609.0,2015.0,1947.0,2570.0,2016.0,1366.0,1386.0,0.0,1426.0,6328.0,5103.0,5697.0,5585.0,4686.0,3404.0,4139.0,2750.0,0.0,0.0,1174.0
2013-05-12,549.0,1933.0,3149.0,1778.0,1809.0,2310.0,1563.0,2376.0,2337.0,1088.0,3015.0,1340.0,1108.0,1162.0,1301.0,1289.0,1428.0,1161.0,1212.0,0.0,0.0,0.0,1306.0,1886.0,664.0,1174.0,1719.0,1431.0,0.0,734.0,1814.0,890.0,1402.0,2376.0,596.0,2388.0,1298.0,2576.0,1604.0,1163.0,1324.0,0.0,1292.0,4159.0,4044.0,4491.0,4282.0,4185.0,2441.0,3316.0,1977.0,0.0,0.0,1350.0
2013-05-13,1784.0,1724.0,2820.0,1411.0,1469.0,1738.0,1770.0,2593.0,2107.0,1153.0,2308.0,1271.0,933.0,1597.0,1501.0,1067.0,1426.0,1473.0,1113.0,0.0,0.0,0.0,1133.0,2334.0,520.0,709.0,1139.0,924.0,0.0,663.0,1297.0,667.0,1165.0,2402.0,510.0,1365.0,1363.0,1558.0,1390.0,1323.0,778.0,0.0,1278.0,3600.0,3164.0,3031.0,3233.0,2350.0,1711.0,2281.0,1579.0,0.0,0.0,900.0
2013-05-14,1747.0,1721.0,2746.0,1331.0,1406.0,1526.0,1689.0,2521.0,2083.0,1137.0,2225.0,1196.0,931.0,1452.0,1450.0,969.0,1263.0,1453.0,994.0,0.0,0.0,0.0,1127.0,2327.0,491.0,660.0,1043.0,981.0,0.0,668.0,1178.0,633.0,1171.0,2226.0,501.0,1254.0,1298.0,1323.0,1364.0,1148.0,777.0,0.0,1122.0,3421.0,2894.0,2715.0,2986.0,2099.0,1549.0,2303.0,1611.0,0.0,0.0,879.0
2013-05-15,1887.0,1820.0,2896.0,1571.0,1447.0,1708.0,1871.0,2807.0,2000.0,986.0,2139.0,1162.0,887.0,1379.0,1323.0,899.0,1244.0,1377.0,1044.0,0.0,0.0,0.0,1156.0,2608.0,706.0,775.0,1187.0,878.0,0.0,630.0,1012.0,649.0,1023.0,2096.0,480.0,1073.0,1498.0,1569.0,1288.0,1104.0,738.0,0.0,1099.0,4105.0,3165.0,2974.0,3269.0,2417.0,1806.0,2175.0,1735.0,0.0,0.0,739.0
2013-05-16,1781.0,1736.0,2744.0,1306.0,1321.0,1576.0,1737.0,2564.0,2117.0,1040.0,2352.0,1211.0,856.0,1375.0,1402.0,828.0,1195.0,1424.0,1043.0,0.0,0.0,0.0,1107.0,2246.0,569.0,746.0,1020.0,925.0,0.0,721.0,1102.0,723.0,1004.0,2165.0,520.0,1137.0,1447.0,1359.0,1255.0,1040.0,695.0,0.0,1112.0,3648.0,2903.0,2702.0,3103.0,2329.0,1714.0,2112.0,1562.0,0.0,0.0,713.0
2013-05-17,1883.0,1704.0,2974.0,1423.0,1442.0,1600.0,1862.0,2812.0,1850.0,949.0,2234.0,1117.0,908.0,1345.0,1466.0,821.0,1128.0,1231.0,1046.0,0.0,0.0,0.0,1133.0,2540.0,779.0,833.0,1195.0,837.0,0.0,708.0,1060.0,692.0,948.0,2435.0,492.0,1051.0,1555.0,1519.0,1242.0,1001.0,772.0,0.0,1341.0,3832.0,3272.0,3125.0,3277.0,2501.0,1964.0,2317.0,1742.0,0.0,0.0,747.0
2013-05-18,1299.0,2005.0,3605.0,1708.0,1591.0,2169.0,1799.0,2948.0,2509.0,1258.0,2619.0,1353.0,1327.0,1948.0,1489.0,1148.0,1642.0,1421.0,1817.0,0.0,0.0,0.0,1153.0,2713.0,1010.0,967.0,1527.0,1176.0,0.0,706.0,1333.0,790.0,1196.0,2777.0,573.0,1477.0,1516.0,2179.0,1737.0,1160.0,1013.0,0.0,1260.0,5106.0,4152.0,4303.0,4402.0,3537.0,2311.0,3263.0,2001.0,0.0,0.0,980.0
2013-05-19,497.0,1947.0,3436.0,1785.0,1537.0,2155.0,1572.0,2666.0,2525.0,1036.0,2696.0,1276.0,896.0,1190.0,1219.0,1272.0,1447.0,1409.0,1116.0,0.0,0.0,0.0,1143.0,1966.0,587.0,1058.0,1703.0,1620.0,0.0,703.0,1704.0,850.0,1289.0,2427.0,634.0,1651.0,1214.0,2358.0,1663.0,1198.0,1142.0,0.0,1253.0,4684.0,4251.0,4381.0,4570.0,4138.0,2503.0,3324.0,2023.0,0.0,0.0,1317.0
2013-05-20,1732.0,1768.0,2806.0,1459.0,1485.0,1668.0,1762.0,2562.0,2055.0,1199.0,2244.0,1240.0,877.0,1542.0,1588.0,956.0,1289.0,1396.0,1170.0,0.0,0.0,0.0,1098.0,2414.0,584.0,680.0,1038.0,928.0,0.0,680.0,1199.0,714.0,1161.0,2254.0,526.0,1046.0,1356.0,1504.0,1251.0,1299.0,756.0,0.0,1232.0,3695.0,3211.0,3131.0,3261.0,2457.0,1685.0,2310.0,1506.0,0.0,0.0,839.0
2013-05-21,1692.0,1753.0,2640.0,1275.0,1298.0,1438.0,1711.0,2552.0,2039.0,992.0,2055.0,1186.0,900.0,1425.0,1427.0,955.0,1206.0,1419.0,1078.0,0.0,0.0,0.0,1048.0,2332.0,560.0,652.0,995.0,1028.0,0.0,730.0,1186.0,669.0,1133.0,2082.0,504.0,1081.0,1424.0,1482.0,1280.0,1227.0,758.0,0.0,1158.0,3507.0,2922.0,2655.0,2950.0,2167.0,1588.0,2153.0,1547.0,0.0,0.0,742.0
2013-05-22,1865.0,1856.0,2844.0,1358.0,1374.0,1618.0,1815.0,2660.0,1763.0,946.0,2115.0,1220.0,879.0,1435.0,1431.0,794.0,1139.0,1309.0,1155.0,0.0,0.0,0.0,1167.0,2546.0,652.0,700.0,1133.0,828.0,0.0,630.0,998.0,581.0,946.0,1963.0,409.0,861.0,1546.0,1547.0,1176.0,998.0,754.0,0.0,1045.0,3969.0,3142.0,2917.0,3183.0,2241.0,1744.0,2228.0,1667.0,0.0,0.0,616.0
2013-05-23,1753.0,1691.0,2666.0,1380.0,1352.0,1600.0,1792.0,2593.0,1981.0,960.0,2162.0,1337.0,820.0,1428.0,1365.0,817.0,1098.0,1361.0,1002.0,0.0,0.0,0.0,1141.0,2201.0,806.0,638.0,861.0,797.0,0.0,671.0,1088.0,570.0,931.0,2297.0,508.0,1005.0,1459.0,1415.0,1304.0,977.0,678.0,0.0,1089.0,3675.0,3032.0,2825.0,3013.0,2307.0,1768.0,2370.0,1540.0,0.0,0.0,719.0
2013-05-24,496.0,1824.0,2937.0,1449.0,1343.0,1907.0,1506.0,2336.0,2069.0,836.0,2410.0,1121.0,946.0,1219.0,1193.0,985.0,1233.0,1088.0,1105.0,0.0,0.0,0.0,1110.0,2145.0,1767.0,973.0,1630.0,1133.0,0.0,607.0,1169.0,697.0,885.0,2415.0,656.0,1300.0,1390.0,2011.0,1312.0,849.0,940.0,0.0,1332.0,4013.0,4000.0,4025.0,3893.0,2741.0,2231.0,3026.0,1906.0,0.0,0.0,786.0
2013-05-25,1107.0,1840.0,3142.0,1530.0,1505.0,1915.0,1617.0,2632.0,2272.0,1243.0,2478.0,1252.0,1229.0,1851.0,1464.0,1029.0,1505.0,1092.0,1853.0,0.0,0.0,0.0,1097.0,2130.0,1525.0,931.0,1453.0,1225.0,0.0,677.0,1382.0,741.0,1261.0,2278.0,677.0,1312.0,1387.0,2059.0,1488.0,1131.0,1024.0,0.0,1215.0,4116.0,3903.0,4101.0,4120.0,3382.0,2279.0,3040.0,1764.0,0.0,0.0,976.0
2013-05-26,411.0,1656.0,3012.0,1553.0,1489.0,1897.0,1247.0,2421.0,2155.0,968.0,2472.0,1216.0,987.0,1128.0,1144.0,1201.0,1398.0,1183.0,1134.0,0.0,0.0,0.0,1114.0,1913.0,710.0,1043.0,1600.0,1500.0,0.0,622.0,1359.0,761.0,1290.0,2364.0,637.0,1512.0,1113.0,2163.0,1551.0,1105.0,1155.0,0.0,1229.0,4039.0,3930.0,4266.0,4106.0,3882.0,2227.0,2965.0,1683.0,0.0,0.0,1358.0
2013-05-27,1748.0,1695.0,2750.0,1331.0,1531.0,1500.0,1783.0,2628.0,1911.0,1072.0,2117.0,1260.0,883.0,1583.0,1555.0,935.0,1295.0,1372.0,1188.0,0.0,0.0,0.0,1087.0,2351.0,583.0,653.0,1096.0,905.0,0.0,631.0,1114.0,679.0,1138.0,2141.0,529.0,960.0,1365.0,1526.0,1263.0,1267.0,722.0,0.0,1233.0,3455.0,2961.0,2769.0,2982.0,2284.0,1686.0,2271.0,1545.0,0.0,0.0,811.0
2013-05-28,1787.0,1758.0,2736.0,1299.0,1349.0,1587.0,1695.0,2672.0,1886.0,1166.0,2171.0,1169.0,926.0,1513.0,1392.0,1016.0,1280.0,1401.0,1107.0,0.0,0.0,0.0,1135.0,2293.0,555.0,659.0,1123.0,1064.0,0.0,770.0,1315.0,720.0,1176.0,2250.0,486.0,1070.0,1404.0,1403.0,1348.0,1218.0,775.0,0.0,1182.0,3407.0,2712.0,2687.0,2928.0,2155.0,1557.0,2166.0,1479.0,0.0,0.0,854.0
2013-05-29,1815.0,1790.0,2879.0,1462.0,1447.0,1712.0,1773.0,2782.0,1818.0,925.0,2081.0,1209.0,941.0,1501.0,1351.0,940.0,1182.0,1302.0,1175.0,0.0,0.0,0.0,1172.0,2642.0,695.0,776.0,1211.0,1125.0,0.0,752.0,1221.0,730.0,1196.0,2240.0,480.0,1062.0,1517.0,1443.0,1212.0,1099.0,805.0,0.0,1092.0,3702.0,2978.0,2819.0,3141.0,2199.0,1724.0,2303.0,1794.0,0.0,0.0,755.0
2013-05-30,1737.0,1779.0,2818.0,1391.0,1462.0,1669.0,1817.0,2633.0,2161.0,1023.0,2356.0,1295.0,930.0,1568.0,1390.0,1075.0,1328.0,1483.0,1199.0,0.0,0.0,0.0,1168.0,2506.0,603.0,875.0,1293.0,1372.0,0.0,973.0,1347.0,1111.0,1180.0,2534.0,527.0,1216.0,1370.0,1504.0,1301.0,1223.0,817.0,0.0,1260.0,3572.0,2894.0,2968.0,3216.0,2379.0,1730.0,2401.0,1657.0,0.0,0.0,941.0
2013-05-31,1818.0,1848.0,3015.0,1461.0,1420.0,1702.0,1897.0,2864.0,2072.0,1014.0,2278.0,1261.0,942.0,1395.0,1390.0,868.0,1139.0,1319.0,1056.0,0.0,0.0,0.0,1197.0,2565.0,711.0,777.0,1056.0,1033.0,0.0,746.0,1143.0,781.0,1010.0,2489.0,515.0,1049.0,1383.0,1579.0,1304.0,1089.0,799.0,0.0,1375.0,3886.0,3446.0,3212.0,3369.0,2617.0,1961.0,2546.0,1736.0,0.0,0.0,788.0
2013-06-01,1357.0,2052.0,3589.0,1822.0,1831.0,2143.0,1765.0,3097.0,3058.0,1436.0,3224.0,1360.0,1382.0,2085.0,1666.0,1288.0,1604.0,1503.0,2009.0,0.0,0.0,0.0,1287.0,2837.0,947.0,1369.0,1511.0,1660.0,0.0,940.0,1715.0,1022.0,1657.0,3077.0,782.0,1457.0,1702.0,2494.0,1993.0,1399.0,1077.0,0.0,1412.0,5168.0,4384.0,4878.0,4575.0,4323.0,2707.0,3721.0,2147.0,0.0,0.0,1228.0
2013-06-02,430.0,2067.0,3632.0,1898.0,1852.0,2247.0,1607.0,2742.0,2876.0,1269.0,3051.0,1427.0,1081.0,1239.0,1322.0,1503.0,1484.0,1585.0,1246.0,0.0,0.0,0.0,1251.0,2210.0,619.0,1200.0,1807.0,2030.0,0.0,924.0,1985.0,1081.0,1648.0,2903.0,743.0,1741.0,1427.0,2558.0,1884.0,1460.0,1367.0,0.0,1414.0,4566.0,4480.0,5049.0,5168.0,4263.0,2699.0,3512.0,2044.0,0.0,0.0,1427.0
2013-06-03,1882.0,1801.0,3151.0,1467.0,1630.0,1791.0,1910.0,2891.0,2355.0,1206.0,2635.0,1361.0,1035.0,1728.0,1599.0,1014.0,1459.0,1455.0,1241.0,0.0,0.0,0.0,1148.0,2503.0,567.0,838.0,1193.0,1091.0,0.0,676.0,1261.0,816.0,1248.0,2400.0,541.0,934.0,1448.0,1642.0,1392.0,1301.0,853.0,0.0,1277.0,4034.0,3300.0,3435.0,3507.0,2828.0,1861.0,2464.0,1648.0,0.0,0.0,831.0
2013-06-04,1785.0,1781.0,2802.0,1403.0,1488.0,1664.0,1744.0,2602.0,2258.0,1284.0,2616.0,1291.0,1043.0,1675.0,1537.0,1056.0,1360.0,1506.0,1081.0,0.0,0.0,0.0,1132.0,2384.0,585.0,770.0,1108.0,1045.0,0.0,727.0,1253.0,724.0,1207.0,2204.0,562.0,1014.0,1446.0,1371.0,1389.0,1192.0,734.0,0.0,1122.0,3563.0,3144.0,3228.0,3347.0,2520.0,1714.0,2374.0,1569.0,0.0,0.0,809.0
2013-06-05,1845.0,1901.0,3170.0,1628.0,1523.0,1707.0,1866.0,2911.0,2169.0,1114.0,2513.0,1207.0,931.0,1558.0,1448.0,912.0,1251.0,1370.0,1161.0,0.0,0.0,0.0,1203.0,2530.0,692.0,766.0,1144.0,897.0,0.0,661.0,1041.0,659.0,1116.0,2091.0,473.0,911.0,1514.0,1663.0,1315.0,1139.0,820.0,0.0,1144.0,4107.0,3351.0,3271.0,3496.0,2616.0,1921.0,2291.0,1778.0,0.0,0.0,810.0
2013-06-06,1815.0,1702.0,2767.0,1359.0,1339.0,1606.0,1782.0,2613.0,2123.0,1100.0,2567.0,1288.0,920.0,1491.0,1424.0,913.0,1190.0,1451.0,1069.0,0.0,0.0,0.0,1072.0,2243.0,577.0,702.0,1133.0,916.0,0.0,739.0,1186.0,634.0,1036.0,2236.0,471.0,867.0,1371.0,1443.0,1297.0,1074.0,760.0,0.0,1157.0,3482.0,2991.0,2852.0,3206.0,2321.0,1771.0,2075.0,1501.0,0.0,0.0,650.0
2013-06-07,1885.0,1949.0,3385.0,1691.0,1493.0,1991.0,2065.0,2939.0,2039.0,1021.0,2339.0,1147.0,950.0,1492.0,1322.0,921.0,1223.0,1356.0,1153.0,0.0,0.0,0.0,1273.0,2652.0,758.0,767.0,1239.0,867.0,0.0,702.0,1142.0,605.0,956.0,2318.0,467.0,846.0,1610.0,1641.0,1439.0,967.0,753.0,0.0,1324.0,3965.0,3581.0,3221.0,3638.0,2640.0,2058.0,2599.0,1855.0,0.0,0.0,770.0
2013-06-08,1279.0,2029.0,3436.0,1701.0,1545.0,2064.0,1719.0,2977.0,2502.0,1277.0,2757.0,1279.0,1229.0,2007.0,1517.0,1128.0,1417.0,1309.0,1926.0,0.0,0.0,0.0,1211.0,2343.0,911.0,939.0,1430.0,1181.0,0.0,728.0,1462.0,733.0,1276.0,2650.0,551.0,1050.0,1502.0,2111.0,1636.0,1258.0,1029.0,0.0,1309.0,4617.0,4057.0,4251.0,4265.0,3604.0,2403.0,3305.0,1870.0,0.0,0.0,1003.0
2013-06-09,510.0,1956.0,3571.0,1824.0,1598.0,2210.0,1543.0,2758.0,2406.0,1146.0,2699.0,1223.0,959.0,1220.0,1312.0,1217.0,1452.0,1421.0,1130.0,0.0,0.0,0.0,1145.0,2049.0,583.0,1039.0,1768.0,1649.0,0.0,731.0,1656.0,821.0,1219.0,2543.0,633.0,1358.0,1187.0,2342.0,1746.0,1239.0,1228.0,0.0,1280.0,4668.0,4241.0,4432.0,4705.0,4280.0,2517.0,3226.0,1978.0,0.0,0.0,1333.0
2013-06-10,1826.0,1754.0,2877.0,1425.0,1565.0,1697.0,1813.0,2698.0,2064.0,1139.0,2369.0,1297.0,921.0,1612.0,1578.0,1036.0,1387.0,1502.0,1203.0,0.0,0.0,0.0,1139.0,2367.0,568.0,740.0,1078.0,951.0,0.0,736.0,1209.0,650.0,1176.0,2176.0,497.0,923.0,1351.0,1368.0,1288.0,1233.0,714.0,0.0,1202.0,3559.0,2985.0,2904.0,3196.0,2340.0,1675.0,2324.0,1552.0,0.0,0.0,882.0
2013-06-11,1855.0,1659.0,2760.0,1376.0,1334.0,1562.0,1743.0,2459.0,1905.0,1119.0,2155.0,1259.0,937.0,1476.0,1473.0,904.0,1294.0,1347.0,1041.0,0.0,0.0,0.0,1122.0,2185.0,527.0,608.0,1020.0,963.0,0.0,773.0,1192.0,642.0,1114.0,2077.0,540.0,926.0,1361.0,1323.0,1289.0,1071.0,712.0,0.0,1066.0,2438.0,2694.0,2457.0,2916.0,1997.0,1557.0,2175.0,1474.0,0.0,0.0,759.0
2013-06-12,1863.0,1722.0,3099.0,1537.0,1383.0,1684.0,1821.0,2924.0,1847.0,983.0,2182.0,1229.0,877.0,1416.0,1393.0,880.0,1278.0,1353.0,1069.0,0.0,0.0,0.0,1137.0,2556.0,689.0,712.0,1144.0,805.0,0.0,696.0,1022.0,566.0,1010.0,1917.0,431.0,723.0,1539.0,1641.0,1211.0,1043.0,738.0,0.0,1081.0,4027.0,3122.0,2973.0,3216.0,2234.0,1962.0,2253.0,1685.0,0.0,0.0,713.0
2013-06-13,1711.0,1686.0,2749.0,1275.0,1260.0,1515.0,1714.0,2696.0,2021.0,961.0,2270.0,1218.0,831.0,1486.0,1346.0,805.0,1104.0,1318.0,1028.0,0.0,0.0,0.0,1055.0,2333.0,624.0,576.0,1002.0,861.0,0.0,679.0,1138.0,558.0,999.0,2078.0,440.0,907.0,1412.0,1399.0,1285.0,932.0,710.0,0.0,1114.0,3543.0,2913.0,2762.0,3032.0,2122.0,1846.0,2209.0,1515.0,0.0,0.0,665.0
2013-06-14,1856.0,1821.0,3198.0,1560.0,1326.0,1783.0,1555.0,2977.0,1832.0,951.0,2066.0,1152.0,858.0,1319.0,1347.0,803.0,1169.0,1275.0,1090.0,0.0,0.0,0.0,1205.0,2658.0,707.0,732.0,1006.0,829.0,0.0,711.0,1109.0,608.0,912.0,2439.0,480.0,813.0,1650.0,1551.0,1283.0,969.0,752.0,0.0,1381.0,4177.0,3700.0,3130.0,3673.0,2541.0,2341.0,2664.0,1832.0,0.0,0.0,643.0
2013-06-15,1356.0,2265.0,4205.0,1928.0,1761.0,2435.0,2097.0,3077.0,2603.0,1355.0,2577.0,1423.0,1396.0,1961.0,1528.0,1263.0,1679.0,1475.0,1954.0,0.0,0.0,0.0,1445.0,2972.0,902.0,1186.0,1701.0,1335.0,0.0,813.0,1660.0,890.0,1389.0,3254.0,677.0,1147.0,1755.0,2305.0,1858.0,1256.0,1187.0,0.0,1247.0,5511.0,4975.0,4876.0,5102.0,4209.0,3179.0,3727.0,2560.0,0.0,0.0,1085.0
2013-06-16,541.0,1989.0,3427.0,1868.0,1553.0,2318.0,1706.0,2386.0,2476.0,1148.0,2830.0,1282.0,973.0,1227.0,1298.0,1247.0,1454.0,1200.0,1227.0,0.0,0.0,0.0,1277.0,1892.0,596.0,1043.0,1682.0,1623.0,0.0,708.0,1542.0,836.0,1269.0,2413.0,635.0,1306.0,1247.0,2382.0,1641.0,1054.0,1157.0,0.0,1241.0,4233.0,4163.0,4370.0,4460.0,4026.0,2392.0,3264.0,1919.0,0.0,0.0,1318.0
2013-06-17,1786.0,1690.0,3014.0,1402.0,1503.0,1751.0,1761.0,2724.0,2217.0,1173.0,2297.0,1248.0,914.0,1571.0,1565.0,1014.0,1358.0,1475.0,1182.0,0.0,0.0,0.0,1165.0,2528.0,559.0,844.0,1085.0,1050.0,0.0,677.0,1217.0,739.0,1142.0,2386.0,578.0,893.0,1381.0,1374.0,1318.0,1261.0,773.0,0.0,1236.0,3793.0,3083.0,3115.0,3387.0,2371.0,1822.0,2355.0,1594.0,0.0,0.0,865.0
2013-06-18,1775.0,1746.0,2846.0,1399.0,1389.0,1581.0,1685.0,2645.0,2140.0,1117.0,2285.0,1208.0,954.0,1488.0,1422.0,1006.0,1289.0,1503.0,1092.0,0.0,0.0,0.0,1143.0,2401.0,605.0,671.0,1062.0,1056.0,0.0,725.0,1268.0,732.0,1161.0,2232.0,529.0,920.0,1446.0,1446.0,1345.0,1117.0,784.0,0.0,1105.0,3347.0,3044.0,2788.0,3220.0,2257.0,1721.0,2146.0,1520.0,0.0,0.0,818.0
2013-06-19,1783.0,1719.0,2957.0,1401.0,1313.0,1661.0,1821.0,2588.0,1911.0,0.0,2142.0,1156.0,812.0,1388.0,1373.0,900.0,1168.0,1291.0,1125.0,0.0,0.0,0.0,1125.0,2610.0,639.0,731.0,1200.0,839.0,0.0,664.0,1029.0,598.0,933.0,2080.0,0.0,793.0,1420.0,1510.0,1228.0,1059.0,745.0,0.0,0.0,3909.0,3029.0,2917.0,3140.0,2261.0,1808.0,2136.0,1701.0,0.0,0.0,0.0
2013-06-20,1629.0,1703.0,2722.0,1400.0,1261.0,1588.0,1682.0,2557.0,2071.0,1026.0,2279.0,1189.0,865.0,1440.0,1466.0,876.0,1139.0,1389.0,1018.0,0.0,0.0,0.0,1087.0,2393.0,576.0,656.0,1054.0,943.0,0.0,739.0,1099.0,661.0,971.0,2041.0,536.0,868.0,1347.0,1405.0,1278.0,1003.0,756.0,0.0,1012.0,3371.0,2814.0,2779.0,3047.0,2266.0,1657.0,2157.0,1517.0,0.0,0.0,651.0
2013-06-21,1700.0,1884.0,2998.0,1382.0,1282.0,1707.0,1909.0,2840.0,1920.0,912.0,2117.0,1163.0,922.0,1330.0,1391.0,849.0,1164.0,1236.0,1034.0,0.0,0.0,0.0,1165.0,2570.0,804.0,733.0,1051.0,817.0,0.0,711.0,1149.0,618.0,975.0,2284.0,415.0,723.0,1491.0,1482.0,1318.0,956.0,692.0,0.0,1277.0,3866.0,3322.0,3082.0,3388.0,2456.0,1932.0,2375.0,1643.0,0.0,0.0,682.0
2013-06-22,1295.0,1943.0,3491.0,1678.0,1561.0,1997.0,1739.0,2732.0,2390.0,1242.0,2371.0,1302.0,1237.0,1916.0,1505.0,1037.0,1522.0,1287.0,1822.0,0.0,0.0,0.0,1263.0,2424.0,965.0,1018.0,1620.0,1223.0,0.0,813.0,1406.0,811.0,1280.0,2651.0,545.0,999.0,1630.0,2234.0,1643.0,1137.0,941.0,0.0,1244.0,4603.0,3890.0,4101.0,4286.0,3385.0,2468.0,3163.0,1949.0,0.0,0.0,922.0
2013-06-23,493.0,2013.0,3441.0,1811.0,1472.0,2128.0,1510.0,2637.0,2316.0,1067.0,2530.0,1184.0,919.0,1132.0,1247.0,1184.0,1440.0,1324.0,1195.0,0.0,0.0,0.0,1128.0,1969.0,630.0,1039.0,1724.0,1490.0,0.0,683.0,1451.0,769.0,1267.0,2389.0,573.0,1205.0,1232.0,2190.0,1564.0,1032.0,1146.0,0.0,1200.0,4622.0,4147.0,4440.0,4506.0,3996.0,2475.0,3223.0,1864.0,0.0,0.0,1155.0
2013-06-24,1820.0,1762.0,2958.0,1456.0,1448.0,1585.0,1805.0,2594.0,2032.0,1104.0,2182.0,1219.0,879.0,1511.0,1447.0,1073.0,1343.0,1337.0,1251.0,0.0,0.0,0.0,1082.0,2386.0,586.0,693.0,1147.0,925.0,0.0,683.0,1231.0,655.0,1185.0,2224.0,511.0,811.0,1459.0,1401.0,1376.0,1208.0,738.0,0.0,1127.0,3584.0,3039.0,2827.0,2977.0,2478.0,1713.0,2208.0,1531.0,0.0,0.0,812.0
2013-06-25,1718.0,1761.0,2791.0,1314.0,1424.0,1601.0,1746.0,2530.0,1984.0,1075.0,2309.0,1214.0,904.0,1463.0,1469.0,907.0,1283.0,1388.0,1031.0,0.0,0.0,0.0,1195.0,2276.0,515.0,595.0,1052.0,972.0,0.0,714.0,1267.0,636.0,1106.0,2081.0,517.0,917.0,1368.0,1359.0,1335.0,1003.0,804.0,0.0,1093.0,3470.0,2867.0,2530.0,2908.0,2128.0,1658.0,2103.0,1504.0,0.0,0.0,664.0
2013-06-26,1856.0,1818.0,3001.0,1527.0,1363.0,1710.0,1826.0,2680.0,1830.0,920.0,2021.0,1166.0,840.0,1370.0,1339.0,915.0,1204.0,1279.0,1137.0,0.0,0.0,0.0,1184.0,2480.0,583.0,617.0,1177.0,773.0,0.0,682.0,1045.0,600.0,922.0,1896.0,393.0,764.0,1482.0,1389.0,1214.0,1070.0,792.0,0.0,1064.0,3838.0,3050.0,2781.0,2994.0,2100.0,1785.0,2176.0,1680.0,0.0,0.0,676.0
2013-06-27,1671.0,1677.0,2737.0,1273.0,1204.0,1549.0,1739.0,2425.0,1965.0,929.0,2047.0,1205.0,875.0,1378.0,1336.0,841.0,1072.0,1385.0,1015.0,0.0,0.0,0.0,1105.0,2108.0,536.0,553.0,1036.0,865.0,0.0,691.0,1140.0,613.0,934.0,1990.0,437.0,784.0,1314.0,1359.0,1289.0,948.0,689.0,0.0,1048.0,3410.0,2761.0,2512.0,2819.0,2037.0,1740.0,2156.0,1491.0,0.0,0.0,652.0
2013-06-28,1808.0,1900.0,3006.0,1442.0,1302.0,1699.0,1929.0,2849.0,1855.0,892.0,2081.0,1189.0,847.0,1332.0,1379.0,782.0,1132.0,1305.0,1063.0,0.0,0.0,0.0,1209.0,2452.0,706.0,701.0,1031.0,808.0,0.0,714.0,1071.0,615.0,925.0,2418.0,508.0,806.0,1524.0,1610.0,1244.0,962.0,719.0,0.0,1295.0,3866.0,3353.0,3090.0,3374.0,2464.0,1944.0,2469.0,1782.0,0.0,0.0,720.0
2013-06-29,1264.0,1997.0,3579.0,1638.0,1514.0,2158.0,1811.0,2919.0,2590.0,1358.0,2376.0,1356.0,1314.0,1931.0,1537.0,1031.0,1573.0,1379.0,1896.0,0.0,0.0,0.0,1320.0,2592.0,982.0,1040.0,1484.0,1318.0,0.0,825.0,1629.0,861.0,1404.0,2796.0,687.0,1075.0,1639.0,2286.0,1807.0,1242.0,1042.0,0.0,1333.0,4601.0,4318.0,4633.0,4479.0,3792.0,2545.0,3412.0,2125.0,0.0,0.0,1043.0
2013-06-30,482.0,1860.0,3496.0,1775.0,1375.0,2153.0,1506.0,2651.0,2510.0,1158.0,2510.0,1326.0,885.0,1086.0,1199.0,1172.0,1473.0,1281.0,1152.0,0.0,0.0,0.0,1074.0,1948.0,660.0,1042.0,1673.0,1652.0,0.0,699.0,1644.0,874.0,1299.0,2565.0,613.0,1241.0,1169.0,2227.0,1446.0,1185.0,1159.0,0.0,1298.0,4541.0,4212.0,4589.0,4610.0,4287.0,2389.0,3185.0,1932.0,0.0,0.0,1238.0
2013-07-01,1797.0,1883.0,3051.0,1547.0,1516.0,1763.0,1901.0,2752.0,2416.0,1205.0,2721.0,1374.0,955.0,1743.0,1595.0,1077.0,1443.0,1406.0,1259.0,0.0,0.0,0.0,1193.0,2430.0,613.0,888.0,1222.0,1177.0,0.0,661.0,1403.0,803.0,1265.0,2445.0,605.0,989.0,1609.0,1689.0,1534.0,1314.0,872.0,0.0,1345.0,3998.0,3457.0,3524.0,3491.0,2953.0,1958.0,2465.0,1658.0,0.0,0.0,885.0
2013-07-02,1778.0,1825.0,3066.0,1444.0,1315.0,1788.0,1748.0,2806.0,2371.0,1268.0,2875.0,1288.0,1024.0,1552.0,1640.0,889.0,1315.0,1458.0,1133.0,0.0,0.0,0.0,1219.0,2325.0,611.0,803.0,1061.0,1098.0,0.0,796.0,1392.0,801.0,1297.0,2423.0,594.0,1049.0,1482.0,1569.0,1494.0,1237.0,847.0,0.0,1258.0,3717.0,3276.0,3236.0,3454.0,2728.0,1899.0,2581.0,1542.0,0.0,0.0,815.0
2013-07-03,1899.0,1916.0,3129.0,1562.0,1060.0,1847.0,1926.0,2904.0,2134.0,1075.0,2645.0,1234.0,934.0,1500.0,1453.0,849.0,1356.0,1382.0,1152.0,0.0,0.0,0.0,1214.0,2660.0,672.0,808.0,1211.0,1083.0,0.0,768.0,1164.0,737.0,1138.0,2152.0,493.0,896.0,1543.0,1688.0,1296.0,1108.0,829.0,0.0,1092.0,4163.0,3418.0,3371.0,3551.0,2630.0,2069.0,2376.0,1730.0,0.0,0.0,620.0
2013-07-04,1792.0,1818.0,2856.0,1430.0,1531.0,1646.0,1706.0,2691.0,2324.0,1059.0,2470.0,1443.0,1031.0,1583.0,1430.0,1018.0,1209.0,1476.0,1165.0,0.0,0.0,0.0,1112.0,2462.0,635.0,711.0,1078.0,969.0,0.0,752.0,1202.0,741.0,1018.0,2244.0,516.0,910.0,1429.0,1455.0,1403.0,1092.0,794.0,0.0,1170.0,3569.0,3034.0,3247.0,3303.0,2479.0,2027.0,2322.0,1540.0,0.0,0.0,772.0
2013-07-05,1804.0,1898.0,3260.0,1540.0,1518.0,1668.0,1868.0,2904.0,2083.0,917.0,2409.0,1227.0,918.0,1310.0,1370.0,945.0,1191.0,1264.0,1144.0,0.0,0.0,0.0,1216.0,2548.0,776.0,684.0,996.0,876.0,0.0,771.0,1180.0,701.0,995.0,2458.0,471.0,794.0,1580.0,1682.0,1389.0,1072.0,778.0,0.0,1388.0,3973.0,3604.0,3435.0,3396.0,2604.0,2132.0,2520.0,1739.0,0.0,0.0,714.0
2013-07-06,1186.0,2015.0,3499.0,1628.0,1641.0,2110.0,1779.0,2974.0,2645.0,1372.0,2722.0,1347.0,1296.0,1979.0,1516.0,1219.0,1375.0,1348.0,1783.0,0.0,0.0,0.0,1270.0,2417.0,970.0,906.0,1579.0,1282.0,0.0,757.0,1569.0,781.0,1344.0,2746.0,591.0,1060.0,1616.0,2228.0,1748.0,1296.0,1037.0,0.0,1304.0,4665.0,4170.0,4525.0,4239.0,3710.0,2518.0,3391.0,2038.0,0.0,0.0,941.0
2013-07-07,485.0,1942.0,3437.0,1695.0,1595.0,2171.0,1353.0,2728.0,2427.0,1104.0,2393.0,1219.0,958.0,1140.0,1178.0,1229.0,1343.0,1386.0,1034.0,0.0,0.0,0.0,1152.0,1934.0,651.0,961.0,1724.0,1570.0,0.0,637.0,1518.0,756.0,1339.0,2396.0,663.0,1167.0,1220.0,2295.0,1631.0,1221.0,1314.0,0.0,1332.0,4589.0,4264.0,4540.0,4449.0,4084.0,2631.0,3316.0,1858.0,0.0,0.0,1190.0
2013-07-08,1826.0,1824.0,3094.0,1451.0,1499.0,1734.0,1841.0,2804.0,2288.0,1173.0,2552.0,1299.0,965.0,1695.0,1573.0,1115.0,1323.0,1419.0,1232.0,0.0,0.0,0.0,1174.0,2273.0,609.0,714.0,1097.0,1006.0,0.0,0.0,1286.0,726.0,1192.0,2371.0,501.0,869.0,1421.0,1550.0,1378.0,1330.0,802.0,0.0,1290.0,3725.0,3369.0,3181.0,3358.0,2527.0,1883.0,2636.0,1593.0,0.0,0.0,896.0
2013-07-09,1804.0,1704.0,2801.0,1398.0,1389.0,1641.0,1656.0,2795.0,2171.0,1231.0,2484.0,1253.0,1016.0,1495.0,1421.0,960.0,1284.0,1402.0,1101.0,0.0,0.0,0.0,1119.0,2346.0,588.0,654.0,1048.0,1072.0,0.0,0.0,1306.0,692.0,1182.0,2279.0,497.0,871.0,1388.0,1458.0,1398.0,1158.0,757.0,0.0,1163.0,3531.0,2996.0,2840.0,3032.0,2246.0,1755.0,2363.0,1513.0,0.0,0.0,783.0
2013-07-10,1761.0,1869.0,2999.0,1426.0,1398.0,1597.0,1834.0,2766.0,1937.0,993.0,2242.0,1218.0,944.0,1526.0,1407.0,912.0,1112.0,1263.0,1164.0,0.0,0.0,0.0,1186.0,2411.0,688.0,700.0,1161.0,884.0,0.0,0.0,1129.0,600.0,1038.0,2060.0,466.0,809.0,1560.0,1634.0,1203.0,1046.0,749.0,0.0,1113.0,3820.0,3227.0,2952.0,3301.0,2328.0,1943.0,2429.0,1788.0,0.0,0.0,726.0
2013-07-11,1668.0,1671.0,2758.0,1329.0,1283.0,1533.0,1665.0,2541.0,2035.0,1027.0,2233.0,1219.0,858.0,1438.0,1331.0,866.0,1134.0,1304.0,1037.0,0.0,0.0,0.0,1067.0,2227.0,621.0,609.0,1000.0,869.0,0.0,0.0,1142.0,651.0,1027.0,2051.0,447.0,856.0,1426.0,1386.0,1339.0,976.0,684.0,0.0,1048.0,3445.0,2793.0,2737.0,3011.0,2259.0,1691.0,2271.0,1440.0,0.0,0.0,659.0
2013-07-12,1749.0,1852.0,3059.0,1466.0,1377.0,1626.0,1860.0,2752.0,1874.0,894.0,2292.0,1162.0,886.0,1335.0,1338.0,880.0,1110.0,1205.0,1071.0,0.0,0.0,0.0,1151.0,2489.0,778.0,656.0,1077.0,852.0,0.0,0.0,1071.0,633.0,888.0,2405.0,453.0,764.0,1487.0,1614.0,1288.0,968.0,784.0,0.0,1321.0,3978.0,3315.0,3004.0,3294.0,2405.0,1938.0,2440.0,1728.0,0.0,0.0,692.0
2013-07-13,1219.0,2082.0,3458.0,1717.0,1536.0,2026.0,1727.0,2948.0,2477.0,1304.0,2705.0,1371.0,1252.0,1879.0,1333.0,1109.0,1478.0,1256.0,1780.0,0.0,0.0,0.0,1162.0,2591.0,1010.0,904.0,1496.0,1164.0,0.0,0.0,1444.0,797.0,1211.0,2676.0,548.0,978.0,1592.0,2165.0,1693.0,1214.0,1039.0,0.0,1226.0,4514.0,3998.0,4180.0,3848.0,3503.0,2421.0,3190.0,1957.0,0.0,0.0,885.0
2013-07-14,434.0,1898.0,3222.0,1629.0,1455.0,1969.0,1373.0,2523.0,2227.0,957.0,2365.0,1094.0,849.0,1072.0,933.0,1184.0,1389.0,1202.0,1153.0,0.0,0.0,0.0,1079.0,2011.0,632.0,960.0,1742.0,1488.0,0.0,0.0,1449.0,737.0,1251.0,2515.0,590.0,1129.0,1167.0,2209.0,1587.0,1151.0,1189.0,0.0,1243.0,4383.0,4135.0,4058.0,4077.0,3715.0,2306.0,2958.0,1923.0,0.0,0.0,1010.0
2013-07-15,1781.0,1725.0,3052.0,1406.0,1544.0,1740.0,1792.0,2778.0,2266.0,1103.0,2424.0,1260.0,962.0,1542.0,1341.0,1019.0,1300.0,1387.0,1167.0,0.0,0.0,0.0,1161.0,2467.0,670.0,816.0,1151.0,1107.0,0.0,0.0,1202.0,745.0,1174.0,2446.0,598.0,883.0,1414.0,1481.0,1372.0,1275.0,746.0,0.0,1247.0,3815.0,3411.0,3240.0,3369.0,2686.0,1897.0,2398.0,1607.0,0.0,0.0,750.0
2013-07-16,1904.0,1819.0,2953.0,1460.0,1431.0,1725.0,1722.0,2775.0,2298.0,1197.0,2429.0,1256.0,923.0,1448.0,1339.0,971.0,1352.0,1477.0,1064.0,0.0,0.0,0.0,1131.0,2440.0,619.0,800.0,1085.0,1143.0,0.0,0.0,1207.0,729.0,1169.0,2327.0,658.0,999.0,1448.0,1593.0,1346.0,1238.0,764.0,0.0,1220.0,3860.0,3040.0,3086.0,3289.0,2471.0,1752.0,2473.0,1568.0,0.0,0.0,757.0
2013-07-17,1846.0,1886.0,3078.0,1516.0,1501.0,1713.0,1726.0,2789.0,2112.0,979.0,2176.0,1244.0,874.0,1337.0,1265.0,968.0,1145.0,1331.0,1184.0,0.0,0.0,0.0,1151.0,2630.0,685.0,795.0,1183.0,884.0,0.0,0.0,1037.0,653.0,990.0,2175.0,519.0,773.0,1571.0,1588.0,1234.0,1077.0,798.0,0.0,1075.0,3889.0,3176.0,2987.0,3272.0,2440.0,1882.0,2294.0,1748.0,0.0,0.0,683.0
2013-07-18,1700.0,1651.0,2634.0,1342.0,1381.0,1536.0,1701.0,2590.0,2126.0,982.0,2261.0,1182.0,895.0,1359.0,1247.0,845.0,1183.0,1294.0,982.0,0.0,0.0,0.0,1103.0,2301.0,647.0,613.0,1028.0,879.0,0.0,0.0,1075.0,690.0,946.0,2155.0,564.0,821.0,1431.0,1431.0,1340.0,968.0,728.0,0.0,1106.0,3445.0,2836.0,2857.0,2807.0,2395.0,1780.0,2323.0,1522.0,0.0,0.0,717.0
2013-07-19,1752.0,1803.0,3110.0,1488.0,1477.0,1641.0,1835.0,2875.0,1846.0,981.0,2266.0,1125.0,906.0,1301.0,1187.0,860.0,1151.0,1263.0,1070.0,0.0,0.0,0.0,1133.0,2544.0,795.0,684.0,1093.0,822.0,0.0,0.0,1052.0,631.0,876.0,2273.0,484.0,735.0,1522.0,1653.0,1297.0,975.0,791.0,0.0,1276.0,3861.0,3373.0,3023.0,3245.0,2409.0,1939.0,2387.0,1665.0,0.0,0.0,756.0
2013-07-20,1336.0,1850.0,3498.0,1637.0,1513.0,2014.0,1711.0,2883.0,2359.0,1243.0,2530.0,1353.0,1213.0,1900.0,1303.0,1131.0,1456.0,1238.0,1844.0,0.0,0.0,0.0,1170.0,2562.0,967.0,817.0,1483.0,1227.0,0.0,0.0,1519.0,817.0,1276.0,2812.0,601.0,1075.0,1505.0,2102.0,1639.0,1212.0,1009.0,0.0,1240.0,4411.0,4102.0,4222.0,4037.0,3312.0,2400.0,3158.0,2036.0,0.0,0.0,930.0
2013-07-21,448.0,1716.0,3260.0,1664.0,1450.0,2039.0,1376.0,2581.0,2158.0,897.0,2141.0,1137.0,848.0,1024.0,992.0,1202.0,1293.0,1333.0,1073.0,0.0,0.0,0.0,1081.0,1933.0,693.0,925.0,1721.0,1480.0,0.0,0.0,1563.0,721.0,1221.0,2360.0,627.0,1086.0,1105.0,2161.0,1423.0,1057.0,1253.0,0.0,1295.0,4373.0,3884.0,4306.0,3976.0,3744.0,2256.0,2941.0,1862.0,0.0,0.0,1120.0
2013-07-22,1753.0,1836.0,2903.0,1414.0,1543.0,1706.0,1775.0,2772.0,2216.0,1046.0,2330.0,1284.0,967.0,1589.0,1578.0,1067.0,1279.0,1366.0,1305.0,0.0,0.0,0.0,1159.0,2461.0,657.0,671.0,1154.0,1029.0,0.0,0.0,1190.0,662.0,1084.0,2280.0,533.0,872.0,1512.0,1543.0,1456.0,1277.0,773.0,0.0,1213.0,3773.0,3206.0,3197.0,3278.0,2539.0,1804.0,2350.0,1547.0,0.0,0.0,822.0
2013-07-23,1794.0,1805.0,2960.0,1383.0,1403.0,1773.0,1672.0,2702.0,2073.0,1171.0,2262.0,1213.0,921.0,1458.0,1470.0,1021.0,1276.0,1385.0,1109.0,0.0,0.0,0.0,1144.0,2408.0,659.0,679.0,1138.0,1033.0,0.0,0.0,1257.0,688.0,1080.0,2159.0,552.0,894.0,1379.0,1491.0,1485.0,1141.0,777.0,0.0,1105.0,3576.0,3107.0,3004.0,3212.0,2385.0,1822.0,2348.0,1527.0,0.0,0.0,749.0
2013-07-24,1796.0,1881.0,3015.0,1480.0,1480.0,1702.0,1783.0,2811.0,1921.0,932.0,2254.0,1151.0,927.0,1458.0,1347.0,898.0,1184.0,1207.0,1236.0,0.0,0.0,0.0,1230.0,2457.0,725.0,574.0,1140.0,678.0,0.0,0.0,955.0,522.0,928.0,2053.0,473.0,799.0,1546.0,1645.0,1273.0,1050.0,774.0,0.0,1063.0,3882.0,3139.0,3161.0,3255.0,2460.0,1919.0,2299.0,1731.0,0.0,0.0,682.0
2013-07-25,1697.0,1786.0,2792.0,1347.0,1304.0,1532.0,1626.0,2548.0,2032.0,1005.0,2312.0,1287.0,927.0,1552.0,1352.0,876.0,1104.0,1267.0,1200.0,0.0,0.0,0.0,1088.0,1834.0,757.0,700.0,1533.0,1031.0,0.0,0.0,1203.0,627.0,920.0,1877.0,527.0,909.0,1416.0,1421.0,1276.0,1046.0,791.0,0.0,1082.0,3524.0,2778.0,2908.0,3003.0,2415.0,1804.0,2319.0,1691.0,0.0,0.0,734.0
2013-07-26,1808.0,1868.0,3040.0,1493.0,1386.0,1665.0,1833.0,2709.0,1993.0,919.0,2235.0,1258.0,1014.0,1366.0,1253.0,861.0,1099.0,1141.0,1287.0,0.0,0.0,0.0,1129.0,2461.0,895.0,707.0,1088.0,796.0,0.0,0.0,1014.0,589.0,891.0,2414.0,452.0,767.0,1588.0,1634.0,1333.0,995.0,812.0,0.0,1352.0,4003.0,3319.0,3247.0,3199.0,2479.0,1899.0,2532.0,1625.0,0.0,0.0,822.0
2013-07-27,1247.0,1961.0,3333.0,1582.0,1551.0,2008.0,1651.0,2723.0,2478.0,1160.0,2341.0,1356.0,1249.0,1848.0,1363.0,1057.0,1456.0,1197.0,1869.0,0.0,0.0,0.0,1183.0,2547.0,1092.0,814.0,1636.0,1182.0,0.0,0.0,1533.0,748.0,1201.0,2694.0,612.0,976.0,1503.0,2168.0,1635.0,1122.0,993.0,0.0,1285.0,4413.0,3930.0,4138.0,3982.0,3402.0,2371.0,3182.0,1919.0,0.0,0.0,941.0
2013-07-28,439.0,1755.0,3221.0,1572.0,1429.0,2047.0,1421.0,2531.0,2087.0,825.0,2154.0,1183.0,887.0,1062.0,996.0,1238.0,1267.0,1102.0,1099.0,0.0,0.0,0.0,1101.0,1964.0,668.0,831.0,1819.0,1423.0,0.0,0.0,1478.0,697.0,1074.0,2454.0,520.0,1132.0,1015.0,2106.0,1411.0,1065.0,1174.0,0.0,1323.0,4241.0,3914.0,4068.0,3950.0,3767.0,2253.0,3017.0,1777.0,0.0,0.0,1172.0
2013-07-29,1802.0,1756.0,2867.0,1337.0,1463.0,1618.0,1686.0,2744.0,1995.0,1021.0,2349.0,1193.0,949.0,1580.0,1358.0,1038.0,1265.0,1307.0,1308.0,0.0,0.0,0.0,1145.0,2312.0,686.0,661.0,1130.0,884.0,0.0,0.0,1198.0,636.0,1082.0,2294.0,500.0,349.0,1413.0,1606.0,1361.0,1175.0,740.0,0.0,1224.0,3520.0,3063.0,3011.0,3212.0,2388.0,1796.0,2441.0,1612.0,0.0,0.0,836.0
2013-07-30,1741.0,1762.0,2908.0,1364.0,1419.0,1642.0,1621.0,2605.0,2078.0,1204.0,2186.0,1247.0,982.0,1462.0,1352.0,944.0,1359.0,1411.0,1167.0,0.0,0.0,0.0,1149.0,2284.0,682.0,601.0,1104.0,1024.0,0.0,0.0,1242.0,639.0,1082.0,2186.0,549.0,635.0,1433.0,1444.0,1437.0,1093.0,752.0,0.0,1173.0,3499.0,3018.0,3076.0,3072.0,2325.0,1781.0,2469.0,1505.0,0.0,0.0,804.0
2013-07-31,1828.0,1930.0,3071.0,1463.0,1466.0,1766.0,1791.0,2879.0,2122.0,999.0,2315.0,1269.0,881.0,1498.0,1326.0,924.0,1188.0,1362.0,1239.0,0.0,0.0,0.0,1206.0,2688.0,754.0,817.0,1262.0,908.0,0.0,969.0,1084.0,658.0,963.0,2141.0,522.0,824.0,1474.0,1684.0,1322.0,1037.0,846.0,0.0,1100.0,4188.0,3325.0,3430.0,3544.0,2764.0,1898.0,2619.0,1792.0,0.0,0.0,677.0
2013-08-01,1767.0,1777.0,2971.0,1363.0,1484.0,1714.0,1642.0,2851.0,2465.0,1153.0,2785.0,1328.0,990.0,1570.0,1328.0,990.0,1205.0,1346.0,1079.0,0.0,0.0,0.0,1094.0,2423.0,698.0,863.0,1122.0,1133.0,0.0,883.0,1336.0,773.0,1078.0,2448.0,633.0,1055.0,1460.0,1617.0,1420.0,1168.0,827.0,0.0,1243.0,3797.0,3211.0,3343.0,3446.0,2972.0,1898.0,2661.0,1615.0,0.0,0.0,715.0
2013-08-02,1748.0,1900.0,3213.0,1472.0,1509.0,1716.0,1763.0,2929.0,2141.0,1068.0,2674.0,1131.0,937.0,1340.0,1254.0,997.0,1182.0,1309.0,1160.0,0.0,0.0,0.0,1253.0,2610.0,842.0,840.0,1175.0,1028.0,0.0,767.0,1150.0,717.0,1018.0,2584.0,535.0,847.0,1463.0,1698.0,1444.0,1080.0,869.0,0.0,1422.0,4006.0,3491.0,3355.0,3496.0,2672.0,2060.0,2566.0,1873.0,0.0,0.0,823.0
2013-08-03,1290.0,1919.0,3613.0,1711.0,1732.0,2068.0,1706.0,2860.0,2683.0,1396.0,2910.0,1247.0,1295.0,1855.0,1412.0,1196.0,1505.0,1297.0,1930.0,0.0,0.0,0.0,1170.0,2693.0,1101.0,1026.0,1575.0,1391.0,0.0,956.0,1551.0,905.0,1344.0,2869.0,693.0,1116.0,1525.0,2171.0,1742.0,1263.0,1156.0,0.0,1556.0,4576.0,4207.0,4540.0,4388.0,3800.0,2435.0,3224.0,2266.0,0.0,0.0,1062.0
2013-08-04,453.0,1786.0,3359.0,1629.0,1594.0,2093.0,1452.0,2615.0,2285.0,1027.0,2823.0,1146.0,905.0,1042.0,1034.0,1345.0,1331.0,1302.0,1179.0,0.0,0.0,0.0,1109.0,2024.0,721.0,1036.0,1782.0,1619.0,0.0,828.0,1647.0,783.0,1291.0,2511.0,685.0,1183.0,1132.0,2061.0,1448.0,1120.0,1300.0,0.0,1308.0,4563.0,4137.0,4730.0,4473.0,4225.0,2381.0,3081.0,1969.0,0.0,0.0,1258.0
2013-08-05,1763.0,1860.0,3080.0,1426.0,1660.0,1797.0,1750.0,2880.0,2465.0,1215.0,2786.0,1297.0,1034.0,1709.0,1450.0,1107.0,1349.0,1361.0,1472.0,0.0,0.0,0.0,1198.0,2502.0,764.0,807.0,1148.0,1155.0,0.0,828.0,1310.0,796.0,1200.0,2451.0,604.0,945.0,1411.0,1591.0,1550.0,1370.0,888.0,0.0,1411.0,3833.0,3487.0,3599.0,3708.0,2896.0,1974.0,2600.0,1663.0,0.0,0.0,930.0
2013-08-06,1717.0,1784.0,2989.0,1468.0,1556.0,1679.0,1623.0,2711.0,2211.0,1247.0,2810.0,1271.0,1010.0,1481.0,1455.0,1050.0,1285.0,1386.0,1147.0,0.0,0.0,0.0,1228.0,2535.0,740.0,715.0,1116.0,1229.0,0.0,755.0,1290.0,673.0,1201.0,2435.0,592.0,1018.0,1282.0,1514.0,1471.0,1226.0,869.0,0.0,1383.0,3526.0,3191.0,3273.0,3289.0,2656.0,1829.0,2532.0,1614.0,0.0,0.0,865.0
2013-08-07,1800.0,1922.0,3110.0,1536.0,1502.0,1767.0,1740.0,2826.0,2151.0,1061.0,2432.0,1204.0,899.0,1450.0,1330.0,956.0,1210.0,1293.0,1146.0,0.0,0.0,0.0,1177.0,2632.0,839.0,738.0,1178.0,1020.0,0.0,734.0,1036.0,646.0,1050.0,2172.0,473.0,799.0,1439.0,1714.0,1361.0,1119.0,808.0,0.0,1271.0,3971.0,3295.0,3442.0,3519.0,2725.0,1897.0,2528.0,1761.0,0.0,0.0,747.0
2013-08-08,1650.0,1594.0,2675.0,1246.0,1582.0,1533.0,1596.0,2518.0,2312.0,989.0,2441.0,1254.0,940.0,1396.0,1323.0,1044.0,1112.0,1279.0,1059.0,0.0,0.0,0.0,1169.0,2255.0,797.0,661.0,1084.0,1084.0,0.0,727.0,1209.0,662.0,1017.0,2350.0,551.0,870.0,1331.0,1442.0,1358.0,1053.0,788.0,0.0,1215.0,3318.0,2984.0,3076.0,3193.0,2392.0,1828.0,2393.0,1491.0,0.0,0.0,751.0
2013-08-09,1785.0,1915.0,3069.0,1474.0,1508.0,1670.0,1737.0,2947.0,2038.0,985.0,2410.0,1123.0,826.0,1353.0,1335.0,987.0,1151.0,1216.0,1047.0,0.0,0.0,0.0,1244.0,2514.0,1044.0,723.0,1161.0,872.0,0.0,746.0,1081.0,588.0,995.0,2454.0,511.0,805.0,1439.0,1666.0,1498.0,1042.0,829.0,0.0,1405.0,3856.0,3433.0,3385.0,3411.0,2763.0,2070.0,2618.0,1795.0,0.0,0.0,837.0
2013-08-10,832.0,2026.0,3288.0,1472.0,1504.0,1956.0,1567.0,2505.0,2324.0,1275.0,2319.0,1210.0,1154.0,1712.0,1303.0,1176.0,1358.0,1160.0,1757.0,0.0,0.0,0.0,1149.0,2411.0,1428.0,955.0,1699.0,1264.0,0.0,849.0,1390.0,794.0,1172.0,2728.0,650.0,977.0,1294.0,2029.0,1485.0,1117.0,1080.0,0.0,1332.0,4212.0,3850.0,3933.0,3901.0,3354.0,2289.0,3196.0,2002.0,0.0,0.0,1006.0
2013-08-11,441.0,1905.0,3240.0,1525.0,1497.0,1936.0,1283.0,2560.0,2096.0,912.0,2225.0,1115.0,814.0,960.0,924.0,1192.0,1281.0,1160.0,974.0,0.0,0.0,0.0,1048.0,1917.0,805.0,872.0,1807.0,1596.0,0.0,699.0,1392.0,736.0,1135.0,2450.0,634.0,1153.0,876.0,1956.0,1241.0,1064.0,1205.0,0.0,1255.0,4108.0,3914.0,4144.0,4065.0,3871.0,2289.0,2911.0,1872.0,0.0,0.0,1213.0
2013-08-12,1728.0,1738.0,2860.0,1352.0,1518.0,1623.0,1669.0,2736.0,2162.0,1036.0,2264.0,1219.0,974.0,1602.0,1510.0,1117.0,1186.0,1313.0,1244.0,0.0,0.0,0.0,1169.0,2379.0,786.0,632.0,1202.0,1017.0,0.0,732.0,1242.0,679.0,1170.0,2372.0,520.0,925.0,1309.0,1595.0,1447.0,1280.0,820.0,0.0,1315.0,3740.0,3234.0,3235.0,3385.0,2610.0,1808.0,2477.0,1513.0,0.0,0.0,873.0
2013-08-13,1685.0,1844.0,2791.0,1296.0,1485.0,1649.0,1620.0,2674.0,2212.0,1180.0,2364.0,1232.0,1000.0,1534.0,1375.0,984.0,1288.0,1369.0,1123.0,0.0,0.0,0.0,1084.0,2458.0,742.0,609.0,1074.0,1034.0,0.0,729.0,1215.0,695.0,1132.0,2234.0,523.0,947.0,1281.0,1516.0,1404.0,1159.0,784.0,0.0,1152.0,3587.0,3192.0,3174.0,3190.0,2368.0,1820.0,2622.0,1467.0,0.0,0.0,763.0
2013-08-14,1836.0,1843.0,3103.0,1406.0,1569.0,1652.0,1730.0,2851.0,2043.0,913.0,2268.0,1174.0,873.0,1334.0,1288.0,895.0,1163.0,1240.0,1207.0,0.0,0.0,0.0,1150.0,2576.0,809.0,712.0,1192.0,931.0,0.0,706.0,1027.0,627.0,1013.0,2095.0,462.0,764.0,1349.0,1513.0,1255.0,983.0,836.0,0.0,1104.0,3733.0,3126.0,3117.0,3328.0,2516.0,1866.0,2515.0,1765.0,0.0,0.0,753.0
2013-08-15,1656.0,1747.0,2867.0,1336.0,1489.0,1561.0,1610.0,2613.0,2308.0,1057.0,2394.0,1204.0,896.0,1430.0,1307.0,920.0,1200.0,1372.0,1092.0,0.0,0.0,0.0,1063.0,2304.0,822.0,736.0,1108.0,1008.0,0.0,754.0,1161.0,713.0,1026.0,2287.0,427.0,924.0,1322.0,1628.0,1369.0,1075.0,810.0,0.0,1149.0,3459.0,3113.0,3264.0,3286.0,2716.0,1909.0,2445.0,1492.0,0.0,0.0,791.0
2013-08-16,1817.0,1936.0,3252.0,1422.0,1563.0,1745.0,1832.0,2888.0,2194.0,993.0,2507.0,1184.0,913.0,1276.0,1303.0,952.0,1145.0,1231.0,1153.0,0.0,0.0,0.0,1146.0,2801.0,966.0,871.0,1140.0,991.0,0.0,700.0,1153.0,694.0,993.0,2656.0,507.0,872.0,1465.0,1742.0,1393.0,978.0,900.0,0.0,1429.0,4074.0,3641.0,3385.0,3572.0,2977.0,2050.0,2604.0,1886.0,0.0,0.0,776.0
2013-08-17,1203.0,1948.0,3348.0,1577.0,1610.0,2045.0,1688.0,2777.0,2408.0,1320.0,2519.0,1214.0,1116.0,1751.0,1314.0,1063.0,1435.0,1295.0,1695.0,0.0,0.0,0.0,1140.0,2602.0,1127.0,954.0,1572.0,1347.0,0.0,790.0,1461.0,780.0,1298.0,3023.0,804.0,994.0,1248.0,1994.0,1571.0,1200.0,1005.0,0.0,1323.0,4722.0,4020.0,4199.0,4181.0,3576.0,2439.0,3136.0,2062.0,0.0,0.0,994.0
2013-08-18,427.0,1821.0,3255.0,1612.0,1440.0,1972.0,1401.0,2440.0,2246.0,989.0,2409.0,1149.0,793.0,1018.0,985.0,1253.0,1211.0,1247.0,1029.0,0.0,0.0,0.0,1043.0,2019.0,763.0,977.0,1811.0,1594.0,0.0,732.0,1534.0,812.0,1280.0,2571.0,743.0,1106.0,927.0,1988.0,1362.0,1097.0,1282.0,0.0,1379.0,4585.0,4041.0,4320.0,4183.0,3785.0,2324.0,3057.0,1994.0,0.0,0.0,1241.0
2013-08-19,1714.0,1816.0,2935.0,1400.0,1595.0,1634.0,1744.0,2677.0,2269.0,1096.0,2494.0,1223.0,908.0,1531.0,1355.0,1057.0,1285.0,1323.0,1133.0,0.0,0.0,0.0,1150.0,2401.0,719.0,748.0,1179.0,1032.0,0.0,713.0,1233.0,655.0,1143.0,2361.0,611.0,892.0,1286.0,1640.0,1382.0,1357.0,830.0,0.0,1314.0,3767.0,3380.0,3165.0,3409.0,2657.0,1922.0,2505.0,1610.0,0.0,0.0,850.0
2013-08-20,1670.0,1824.0,2895.0,1442.0,1431.0,1732.0,1677.0,2780.0,2300.0,1172.0,2581.0,1185.0,935.0,1512.0,1453.0,994.0,1268.0,1529.0,1204.0,0.0,0.0,0.0,1162.0,2498.0,771.0,700.0,1095.0,1080.0,0.0,786.0,1224.0,672.0,1118.0,2249.0,612.0,948.0,1384.0,1570.0,1398.0,1220.0,833.0,0.0,1218.0,3664.0,3258.0,3138.0,3324.0,2527.0,1904.0,2376.0,1481.0,0.0,0.0,835.0
2013-08-21,1826.0,1860.0,3156.0,1523.0,1457.0,1789.0,1813.0,2845.0,2044.0,1002.0,2320.0,1265.0,869.0,1419.0,1332.0,906.0,1224.0,1316.0,1226.0,0.0,0.0,0.0,1169.0,2587.0,821.0,654.0,1179.0,896.0,0.0,737.0,1064.0,650.0,997.0,2039.0,525.0,810.0,1411.0,1775.0,1326.0,1064.0,863.0,0.0,1113.0,4043.0,3437.0,3318.0,3446.0,2592.0,1995.0,2473.0,1737.0,0.0,0.0,700.0
2013-08-22,1599.0,1794.0,2761.0,1347.0,1387.0,1455.0,1694.0,2524.0,2207.0,1002.0,2259.0,1179.0,890.0,1443.0,1352.0,871.0,1161.0,1315.0,1032.0,0.0,0.0,0.0,1088.0,2255.0,754.0,653.0,1074.0,868.0,0.0,714.0,1128.0,659.0,977.0,2161.0,521.0,859.0,1240.0,1435.0,1366.0,1052.0,750.0,0.0,1135.0,3426.0,3031.0,2965.0,3071.0,2453.0,1781.0,2391.0,1442.0,0.0,0.0,699.0
2013-08-23,1777.0,1889.0,3148.0,1482.0,1414.0,1712.0,1807.0,2752.0,1931.0,933.0,2345.0,1155.0,859.0,1368.0,1271.0,880.0,1121.0,1165.0,1100.0,0.0,0.0,0.0,1136.0,2496.0,893.0,709.0,1163.0,813.0,0.0,685.0,1095.0,625.0,866.0,2370.0,499.0,843.0,1433.0,1704.0,1296.0,1011.0,810.0,0.0,1400.0,3900.0,3414.0,3287.0,3385.0,2721.0,2093.0,2521.0,1800.0,0.0,0.0,767.0
2013-08-24,1166.0,1904.0,3345.0,1586.0,1633.0,1991.0,1655.0,2888.0,2264.0,1091.0,2541.0,1190.0,1130.0,1741.0,1366.0,1075.0,1252.0,1266.0,1844.0,0.0,0.0,0.0,1227.0,2504.0,1037.0,924.0,1677.0,1169.0,0.0,792.0,1392.0,757.0,1207.0,2836.0,596.0,1039.0,1265.0,2107.0,1519.0,1111.0,1051.0,0.0,1369.0,4617.0,4030.0,4093.0,4010.0,3463.0,2429.0,3325.0,2049.0,0.0,0.0,979.0
2013-08-25,457.0,1811.0,3416.0,1671.0,1382.0,2077.0,1376.0,2557.0,2162.0,1012.0,2354.0,1122.0,775.0,960.0,943.0,1177.0,1296.0,1259.0,1020.0,0.0,0.0,0.0,1118.0,1926.0,749.0,925.0,1822.0,1476.0,0.0,738.0,1464.0,713.0,1178.0,2425.0,578.0,1056.0,978.0,2012.0,1419.0,1025.0,1195.0,0.0,1395.0,4480.0,4138.0,4173.0,4134.0,3879.0,2543.0,3038.0,1935.0,0.0,0.0,1219.0
2013-08-26,1722.0,1888.0,2968.0,1370.0,1527.0,1741.0,1705.0,2712.0,2184.0,1003.0,2341.0,1249.0,1004.0,1530.0,1408.0,1031.0,1292.0,1258.0,1268.0,0.0,0.0,0.0,1179.0,2235.0,671.0,695.0,1254.0,916.0,0.0,696.0,1196.0,635.0,1138.0,2271.0,569.0,847.0,1336.0,1586.0,1234.0,1239.0,802.0,0.0,1275.0,3831.0,3244.0,3194.0,3297.0,2642.0,1980.0,2547.0,1591.0,0.0,0.0,872.0
2013-08-27,1677.0,1792.0,2894.0,1263.0,1464.0,1567.0,1768.0,2606.0,2037.0,1145.0,2211.0,1186.0,906.0,1500.0,1350.0,1020.0,1184.0,1426.0,1105.0,0.0,0.0,0.0,1133.0,2275.0,671.0,652.0,1153.0,1041.0,0.0,720.0,1174.0,602.0,1043.0,2246.0,517.0,952.0,1328.0,1526.0,1295.0,1261.0,760.0,0.0,1171.0,3654.0,3111.0,3059.0,3158.0,2311.0,1897.0,2563.0,1458.0,0.0,0.0,736.0
2013-08-28,1831.0,1856.0,3055.0,1522.0,1513.0,1743.0,1824.0,2840.0,1984.0,1018.0,2112.0,1179.0,884.0,1381.0,1315.0,850.0,1152.0,1279.0,1180.0,0.0,0.0,0.0,1224.0,2525.0,709.0,762.0,1208.0,857.0,0.0,667.0,1014.0,586.0,943.0,2085.0,451.0,824.0,1436.0,1677.0,1160.0,1044.0,842.0,0.0,1157.0,4059.0,3334.0,3208.0,3234.0,2473.0,1991.0,2571.0,1709.0,0.0,0.0,711.0
2013-08-29,1647.0,1781.0,2832.0,1374.0,1363.0,1540.0,1719.0,2724.0,2013.0,972.0,2197.0,1229.0,827.0,1363.0,1262.0,880.0,1129.0,1342.0,1068.0,0.0,0.0,0.0,1085.0,2231.0,685.0,668.0,1122.0,875.0,0.0,715.0,1138.0,634.0,864.0,2174.0,538.0,881.0,1273.0,1422.0,1298.0,1034.0,760.0,0.0,1124.0,3726.0,3021.0,3042.0,3219.0,2414.0,1932.0,2429.0,1568.0,0.0,0.0,763.0
2013-08-30,1808.0,1878.0,3095.0,1432.0,1460.0,1837.0,1877.0,2948.0,2017.0,940.0,2295.0,1165.0,907.0,1304.0,1264.0,917.0,1117.0,1272.0,1099.0,0.0,0.0,0.0,1199.0,2601.0,800.0,791.0,1165.0,903.0,0.0,678.0,1182.0,635.0,901.0,2493.0,507.0,751.0,1443.0,1579.0,1400.0,1039.0,780.0,0.0,1404.0,4191.0,3538.0,3342.0,3533.0,2707.0,2265.0,2653.0,1854.0,0.0,0.0,783.0
2013-08-31,1297.0,2052.0,3740.0,1672.0,1624.0,2154.0,1782.0,3007.0,2666.0,1505.0,2800.0,1258.0,1177.0,1825.0,1478.0,1165.0,1342.0,1502.0,2012.0,0.0,0.0,0.0,1276.0,2584.0,1091.0,1100.0,1702.0,1394.0,0.0,871.0,1503.0,883.0,1333.0,2919.0,815.0,1094.0,1434.0,2240.0,1636.0,1218.0,1134.0,0.0,1404.0,5214.0,4360.0,4786.0,4767.0,3894.0,2894.0,3611.0,2189.0,0.0,0.0,996.0
2013-09-01,512.0,2045.0,3672.0,1828.0,1583.0,2363.0,1587.0,2828.0,2610.0,1311.0,3213.0,1227.0,1017.0,1226.0,1201.0,1338.0,1413.0,1457.0,1204.0,0.0,0.0,0.0,1262.0,2088.0,681.0,1192.0,1864.0,1819.0,0.0,795.0,1713.0,858.0,1443.0,2637.0,770.0,1254.0,1264.0,2172.0,1658.0,1188.0,1292.0,0.0,1445.0,5391.0,4599.0,5090.0,5192.0,4640.0,3088.0,3525.0,2025.0,0.0,0.0,1291.0
2013-09-02,1774.0,2009.0,3252.0,1458.0,1620.0,1817.0,1892.0,2875.0,2481.0,1221.0,2948.0,1368.0,1057.0,1794.0,1569.0,1096.0,1297.0,1510.0,1378.0,0.0,0.0,0.0,1162.0,2324.0,676.0,903.0,1211.0,1196.0,0.0,732.0,1228.0,726.0,1198.0,2435.0,669.0,925.0,1454.0,1663.0,1443.0,1289.0,861.0,0.0,1467.0,4303.0,3634.0,3714.0,3963.0,3046.0,2303.0,2846.0,1743.0,0.0,0.0,858.0
2013-09-03,1762.0,1818.0,2984.0,1360.0,1458.0,1683.0,1830.0,2763.0,2373.0,1276.0,2823.0,1302.0,1034.0,1615.0,1524.0,1051.0,1275.0,1529.0,1286.0,0.0,0.0,0.0,1218.0,2410.0,688.0,737.0,1046.0,1177.0,0.0,759.0,1320.0,683.0,1230.0,2312.0,620.0,970.0,1461.0,1537.0,1511.0,1170.0,832.0,0.0,1275.0,3938.0,3418.0,3282.0,3587.0,2846.0,2114.0,2618.0,1532.0,0.0,0.0,797.0
2013-09-04,1867.0,1960.0,3326.0,1558.0,1550.0,1829.0,1933.0,3019.0,2260.0,1107.0,2606.0,1236.0,930.0,1571.0,1302.0,880.0,1251.0,1380.0,1286.0,0.0,0.0,0.0,1233.0,2607.0,714.0,827.0,1269.0,927.0,0.0,721.0,1086.0,594.0,1002.0,2169.0,562.0,790.0,1566.0,1639.0,1317.0,1049.0,878.0,0.0,1150.0,4372.0,3594.0,3493.0,3809.0,2828.0,2276.0,2601.0,1687.0,0.0,0.0,749.0
2013-09-05,1719.0,1844.0,2852.0,1282.0,1342.0,1637.0,1733.0,2781.0,2304.0,1117.0,2720.0,1209.0,933.0,1428.0,1347.0,856.0,1208.0,1393.0,1176.0,0.0,0.0,0.0,1128.0,2254.0,648.0,701.0,1127.0,1016.0,0.0,730.0,1190.0,608.0,1016.0,2294.0,572.0,825.0,1354.0,1411.0,1301.0,1068.0,855.0,0.0,1172.0,3629.0,3151.0,3190.0,3461.0,2595.0,1975.0,2378.0,1483.0,0.0,0.0,691.0
2013-09-06,1839.0,1889.0,3207.0,1443.0,1455.0,1727.0,1926.0,2766.0,1952.0,947.0,2345.0,1135.0,866.0,1314.0,1333.0,876.0,1109.0,1215.0,1066.0,0.0,0.0,0.0,1156.0,2483.0,741.0,758.0,1167.0,902.0,0.0,644.0,1084.0,614.0,897.0,2344.0,462.0,681.0,1537.0,1507.0,1277.0,988.0,797.0,0.0,1375.0,3751.0,3199.0,3018.0,3302.0,2543.0,2056.0,2362.0,1770.0,0.0,0.0,754.0
2013-09-07,1245.0,2070.0,3776.0,1743.0,1668.0,2144.0,1829.0,3030.0,2680.0,1342.0,3019.0,1370.0,1284.0,2088.0,1534.0,1152.0,1440.0,1427.0,2098.0,0.0,0.0,0.0,1296.0,2485.0,1011.0,947.0,1571.0,1274.0,0.0,805.0,1453.0,723.0,1232.0,2699.0,647.0,997.0,1571.0,2178.0,1782.0,1217.0,1057.0,0.0,1409.0,5077.0,4207.0,4913.0,5012.0,3970.0,2756.0,3569.0,2013.0,0.0,0.0,1036.0
2013-09-08,456.0,2010.0,3797.0,1783.0,1571.0,2368.0,1561.0,2880.0,2868.0,1303.0,3064.0,1405.0,999.0,1355.0,1280.0,1210.0,1493.0,1439.0,1345.0,0.0,0.0,0.0,1306.0,1887.0,647.0,926.0,1801.0,1493.0,0.0,701.0,1493.0,716.0,1230.0,2478.0,609.0,1085.0,1220.0,2256.0,1801.0,1035.0,1157.0,0.0,1309.0,5038.0,4677.0,5264.0,5354.0,4771.0,2836.0,3609.0,1877.0,0.0,0.0,1252.0
2013-09-09,1781.0,1901.0,3023.0,1399.0,1495.0,1659.0,1807.0,2720.0,2217.0,1161.0,2487.0,1223.0,955.0,1733.0,1439.0,1043.0,1309.0,1348.0,1378.0,0.0,0.0,0.0,1121.0,2371.0,620.0,729.0,1176.0,1024.0,0.0,670.0,1231.0,647.0,1118.0,2330.0,529.0,838.0,1338.0,1575.0,1309.0,1275.0,824.0,0.0,1293.0,3789.0,3196.0,3257.0,3422.0,2559.0,1868.0,2490.0,1612.0,0.0,0.0,880.0
2013-09-10,1678.0,1847.0,2796.0,1338.0,1372.0,1647.0,1767.0,2515.0,2228.0,1205.0,2433.0,1225.0,1006.0,1563.0,1339.0,953.0,1296.0,1431.0,1269.0,0.0,0.0,0.0,1101.0,2213.0,566.0,679.0,1115.0,1026.0,0.0,740.0,1202.0,623.0,1090.0,2112.0,556.0,915.0,1284.0,1378.0,1287.0,1108.0,829.0,0.0,1074.0,3337.0,2903.0,2823.0,3130.0,2239.0,1744.0,2271.0,1464.0,0.0,0.0,766.0
2013-09-11,1828.0,1896.0,3055.0,1432.0,1396.0,1777.0,1801.0,2885.0,1975.0,1006.0,2159.0,1174.0,819.0,1434.0,1230.0,915.0,1190.0,1279.0,1106.0,0.0,0.0,0.0,1164.0,2505.0,716.0,721.0,1167.0,847.0,0.0,685.0,1035.0,511.0,985.0,2067.0,474.0,752.0,1449.0,1648.0,1242.0,1024.0,913.0,0.0,1074.0,4035.0,3087.0,3029.0,3437.0,2424.0,2003.0,2532.0,1693.0,0.0,0.0,711.0
2013-09-12,1776.0,1672.0,2762.0,1231.0,1309.0,1484.0,1688.0,2527.0,2007.0,990.0,2105.0,1275.0,833.0,1369.0,1267.0,866.0,1138.0,1221.0,1020.0,0.0,0.0,0.0,1010.0,2213.0,564.0,627.0,1068.0,945.0,0.0,747.0,1091.0,628.0,962.0,2089.0,531.0,854.0,1307.0,1356.0,1164.0,1045.0,740.0,0.0,1103.0,3509.0,2683.0,2708.0,2917.0,2199.0,1692.0,2073.0,1494.0,0.0,0.0,619.0
2013-09-13,1759.0,1783.0,3092.0,1370.0,1414.0,1598.0,1750.0,2893.0,1728.0,926.0,2044.0,1131.0,782.0,1291.0,1203.0,811.0,1068.0,1139.0,1054.0,0.0,0.0,0.0,1195.0,2389.0,781.0,776.0,1147.0,911.0,0.0,683.0,1097.0,592.0,881.0,2391.0,486.0,734.0,1421.0,1460.0,1220.0,975.0,840.0,0.0,1341.0,3841.0,3340.0,2997.0,3413.0,2364.0,2063.0,2325.0,1793.0,0.0,0.0,727.0
2013-09-14,1259.0,2060.0,3671.0,1683.0,1497.0,2099.0,1858.0,2975.0,2495.0,1240.0,2612.0,1332.0,1159.0,1969.0,1386.0,1052.0,1519.0,1343.0,1936.0,0.0,0.0,0.0,1302.0,2364.0,1011.0,964.0,1621.0,1364.0,0.0,794.0,1385.0,756.0,1224.0,2903.0,671.0,929.0,1514.0,2201.0,1751.0,1163.0,1112.0,0.0,1283.0,4838.0,4128.0,4408.0,4794.0,3692.0,2703.0,3360.0,2027.0,0.0,0.0,929.0
2013-09-15,500.0,2074.0,3654.0,1834.0,1487.0,2350.0,1573.0,2755.0,2598.0,1176.0,2984.0,1341.0,913.0,1250.0,1136.0,1225.0,1435.0,1504.0,1226.0,0.0,0.0,0.0,1302.0,1983.0,608.0,985.0,1827.0,1565.0,0.0,710.0,1470.0,742.0,1161.0,2485.0,673.0,1065.0,1148.0,2243.0,1602.0,1077.0,1241.0,0.0,1298.0,4904.0,4319.0,4690.0,5042.0,4097.0,2758.0,3269.0,1950.0,0.0,0.0,1181.0
2013-09-16,1778.0,1828.0,3027.0,1358.0,1541.0,1693.0,1848.0,2783.0,2351.0,1174.0,2321.0,1247.0,935.0,1722.0,1433.0,1024.0,1282.0,1507.0,1281.0,0.0,0.0,0.0,1131.0,2382.0,611.0,772.0,1221.0,1081.0,0.0,720.0,1231.0,666.0,1130.0,2428.0,616.0,859.0,1349.0,1528.0,1231.0,1287.0,794.0,0.0,1200.0,3813.0,3152.0,3095.0,3444.0,2616.0,1853.0,2309.0,1672.0,0.0,0.0,865.0
2013-09-17,1716.0,1727.0,2817.0,1349.0,1264.0,1544.0,1703.0,2614.0,2208.0,1153.0,2260.0,1191.0,901.0,1500.0,1325.0,986.0,1225.0,1545.0,1126.0,0.0,0.0,0.0,1101.0,2277.0,597.0,694.0,1125.0,1158.0,0.0,776.0,1206.0,617.0,1144.0,2342.0,613.0,947.0,1277.0,1465.0,1383.0,1177.0,837.0,0.0,1174.0,3311.0,2901.0,2810.0,3161.0,2312.0,1721.0,2310.0,1594.0,0.0,0.0,723.0
2013-09-18,1882.0,1870.0,3011.0,1341.0,1372.0,1769.0,1858.0,2811.0,1830.0,989.0,2154.0,1208.0,801.0,1421.0,1425.0,904.0,1183.0,1350.0,1141.0,0.0,0.0,0.0,1208.0,2596.0,676.0,757.0,1223.0,899.0,0.0,664.0,919.0,564.0,1041.0,2169.0,525.0,825.0,1451.0,1576.0,1093.0,1035.0,803.0,0.0,1065.0,3778.0,2412.0,2801.0,3290.0,2246.0,1921.0,2230.0,1705.0,0.0,0.0,720.0
2013-09-19,1685.0,1673.0,2629.0,1217.0,1289.0,1456.0,1611.0,2494.0,1972.0,983.0,2204.0,1155.0,843.0,1285.0,1200.0,826.0,1160.0,1291.0,988.0,0.0,0.0,0.0,994.0,2204.0,575.0,639.0,1027.0,879.0,0.0,745.0,1102.0,639.0,900.0,2135.0,477.0,829.0,1262.0,1268.0,1163.0,1031.0,744.0,0.0,1074.0,3333.0,2641.0,2517.0,3057.0,2211.0,1759.0,1964.0,1421.0,0.0,0.0,658.0
2013-09-20,1701.0,1873.0,3051.0,1429.0,1485.0,1642.0,1796.0,2801.0,1814.0,901.0,2186.0,1090.0,797.0,1324.0,1134.0,879.0,1074.0,1227.0,1107.0,0.0,0.0,0.0,1213.0,2590.0,745.0,726.0,1161.0,859.0,0.0,714.0,1051.0,631.0,877.0,2570.0,461.0,864.0,1414.0,1548.0,1214.0,988.0,871.0,0.0,1344.0,3895.0,3318.0,3079.0,3467.0,2272.0,2111.0,2519.0,1762.0,0.0,0.0,710.0
2013-09-21,1304.0,2083.0,3754.0,1516.0,1590.0,2156.0,1876.0,3017.0,2586.0,1226.0,2536.0,1374.0,1173.0,1991.0,1383.0,1112.0,1371.0,1326.0,1894.0,0.0,0.0,0.0,1222.0,2496.0,948.0,917.0,1625.0,1254.0,0.0,800.0,1291.0,777.0,1184.0,2797.0,678.0,1018.0,1529.0,2209.0,1639.0,1097.0,1021.0,0.0,1292.0,4601.0,4135.0,4430.0,4844.0,3551.0,2600.0,3473.0,1960.0,0.0,0.0,888.0
2013-09-22,479.0,2009.0,3691.0,1788.0,1404.0,2198.0,1569.0,2818.0,2562.0,1049.0,2562.0,1303.0,953.0,1213.0,1135.0,1229.0,1377.0,1410.0,1198.0,0.0,0.0,0.0,1277.0,1866.0,615.0,892.0,1819.0,1482.0,0.0,702.0,1306.0,716.0,1134.0,2372.0,646.0,1112.0,1184.0,2364.0,1637.0,990.0,1093.0,0.0,1244.0,4657.0,4157.0,4318.0,4922.0,4172.0,2624.0,3392.0,1721.0,0.0,0.0,1152.0
2013-09-23,1707.0,1796.0,2960.0,1401.0,1488.0,1719.0,1833.0,2738.0,2199.0,1114.0,2234.0,1146.0,876.0,1645.0,1472.0,1028.0,1322.0,1436.0,1256.0,0.0,0.0,0.0,1221.0,2435.0,636.0,660.0,1219.0,946.0,0.0,658.0,1013.0,611.0,1137.0,2244.0,645.0,877.0,1372.0,1537.0,1273.0,1218.0,737.0,0.0,1181.0,3758.0,3118.0,2998.0,3328.0,2518.0,1778.0,2339.0,1565.0,0.0,0.0,821.0
2013-09-24,1780.0,1833.0,2863.0,1257.0,1277.0,1590.0,1668.0,2551.0,1949.0,1078.0,2221.0,1144.0,857.0,1501.0,1385.0,913.0,1299.0,1441.0,1117.0,0.0,0.0,0.0,1078.0,2101.0,576.0,641.0,1090.0,1009.0,0.0,734.0,954.0,608.0,997.0,2118.0,543.0,957.0,1281.0,1374.0,1313.0,1052.0,749.0,0.0,1083.0,3452.0,2836.0,2756.0,3010.0,2152.0,1712.0,2241.0,1442.0,0.0,0.0,765.0
2013-09-25,1829.0,1908.0,2912.0,1441.0,1454.0,1688.0,1788.0,2792.0,1841.0,904.0,1996.0,1139.0,827.0,1425.0,1276.0,806.0,1094.0,1340.0,1222.0,0.0,0.0,0.0,1190.0,2306.0,691.0,650.0,1227.0,873.0,0.0,685.0,936.0,561.0,939.0,2099.0,458.0,735.0,1420.0,1448.0,1105.0,969.0,837.0,0.0,1035.0,3832.0,3057.0,2780.0,3229.0,2222.0,1862.0,2310.0,1750.0,0.0,0.0,725.0
2013-09-26,1681.0,1768.0,2611.0,1337.0,1242.0,1487.0,1657.0,2604.0,1858.0,940.0,2019.0,1192.0,841.0,1366.0,1186.0,864.0,1157.0,1322.0,995.0,0.0,0.0,0.0,1135.0,2111.0,565.0,615.0,1091.0,904.0,0.0,687.0,1022.0,581.0,895.0,2121.0,468.0,821.0,1252.0,1338.0,1178.0,986.0,777.0,0.0,1053.0,3394.0,2600.0,2497.0,2879.0,2058.0,1650.0,2031.0,1417.0,0.0,0.0,661.0
2013-09-27,1772.0,1829.0,2966.0,1396.0,1328.0,1602.0,1943.0,2884.0,1731.0,920.0,2008.0,1136.0,794.0,1271.0,1168.0,869.0,1040.0,1249.0,1069.0,0.0,0.0,0.0,1236.0,2366.0,763.0,690.0,1128.0,811.0,0.0,694.0,1064.0,575.0,862.0,2433.0,488.0,762.0,1506.0,1500.0,1181.0,999.0,807.0,0.0,1238.0,3827.0,3214.0,2793.0,3213.0,2346.0,2073.0,2409.0,1757.0,0.0,0.0,699.0
2013-09-28,1286.0,2004.0,3600.0,1615.0,1495.0,2124.0,1798.0,2929.0,2466.0,1194.0,2555.0,1265.0,1232.0,1962.0,1390.0,1089.0,1455.0,1247.0,1904.0,0.0,0.0,0.0,1324.0,2467.0,1091.0,915.0,1582.0,1213.0,0.0,767.0,1466.0,761.0,1200.0,2882.0,645.0,1025.0,1574.0,2328.0,1705.0,1122.0,1015.0,0.0,1288.0,4771.0,4154.0,4280.0,4568.0,3648.0,2654.0,3423.0,1943.0,0.0,0.0,883.0
2013-09-29,503.0,1943.0,3640.0,1845.0,1316.0,2307.0,1546.0,2794.0,2408.0,1058.0,2802.0,1258.0,994.0,1196.0,1127.0,1104.0,1462.0,1353.0,1287.0,0.0,0.0,0.0,1236.0,1869.0,684.0,908.0,1568.0,1412.0,0.0,655.0,1314.0,666.0,1129.0,2425.0,681.0,972.0,1129.0,2316.0,1710.0,949.0,1132.0,0.0,1138.0,4788.0,4269.0,4507.0,4900.0,4354.0,2480.0,3308.0,1727.0,0.0,0.0,1099.0
2013-09-30,1682.0,1651.0,2748.0,1232.0,1407.0,1549.0,1781.0,2672.0,2129.0,1093.0,2129.0,1275.0,907.0,1660.0,1440.0,1007.0,1217.0,1367.0,1274.0,0.0,0.0,0.0,1220.0,2276.0,633.0,779.0,1240.0,1033.0,0.0,701.0,1124.0,662.0,1095.0,2493.0,631.0,861.0,1333.0,1580.0,1314.0,1198.0,807.0,0.0,1240.0,3357.0,3072.0,3193.0,3321.0,2512.0,1849.0,2320.0,1599.0,0.0,0.0,792.0
2013-10-01,1744.0,1882.0,3076.0,1512.0,1411.0,1775.0,1894.0,2939.0,2495.0,1261.0,2667.0,1294.0,1053.0,1586.0,1498.0,1036.0,1377.0,1620.0,1138.0,0.0,0.0,0.0,1229.0,2351.0,681.0,781.0,1213.0,1218.0,0.0,740.0,1400.0,711.0,1232.0,2625.0,692.0,1095.0,1341.0,1499.0,1457.0,1250.0,837.0,0.0,1329.0,3753.0,3262.0,3440.0,3647.0,2759.0,2026.0,2493.0,1571.0,0.0,0.0,800.0
2013-10-02,1917.0,2037.0,3190.0,1573.0,1431.0,1876.0,1997.0,3056.0,2319.0,1180.0,2624.0,1275.0,986.0,1522.0,1421.0,916.0,1306.0,1378.0,1203.0,0.0,0.0,0.0,1233.0,2547.0,755.0,720.0,1239.0,945.0,0.0,662.0,1184.0,620.0,1086.0,2440.0,595.0,890.0,1596.0,1734.0,1284.0,1087.0,907.0,0.0,1247.0,4116.0,3379.0,3438.0,3687.0,2810.0,2169.0,2475.0,1767.0,0.0,0.0,701.0
2013-10-03,1720.0,1798.0,2795.0,1340.0,1299.0,1650.0,1704.0,2543.0,2359.0,1041.0,2591.0,1296.0,919.0,1570.0,1325.0,876.0,1193.0,1400.0,1041.0,0.0,0.0,0.0,1182.0,2296.0,697.0,638.0,1149.0,968.0,0.0,712.0,1052.0,610.0,933.0,2555.0,661.0,973.0,1296.0,1513.0,1338.0,1050.0,834.0,0.0,1163.0,3593.0,2920.0,2981.0,3327.0,2531.0,1867.0,2280.0,1506.0,0.0,0.0,708.0
2013-10-04,1839.0,1900.0,3175.0,1518.0,1318.0,1713.0,2046.0,2902.0,1907.0,956.0,2458.0,1161.0,894.0,1424.0,1269.0,916.0,1143.0,1273.0,1092.0,0.0,0.0,0.0,1230.0,2389.0,1007.0,633.0,1257.0,906.0,0.0,670.0,1162.0,636.0,939.0,2695.0,591.0,839.0,1539.0,1700.0,1311.0,1013.0,864.0,0.0,1464.0,4046.0,3454.0,3312.0,3639.0,2625.0,2306.0,2588.0,1675.0,0.0,0.0,775.0
2013-10-05,1324.0,2163.0,3721.0,1710.0,1533.0,2249.0,1819.0,3211.0,2771.0,1414.0,3180.0,1449.0,1317.0,2104.0,1418.0,1023.0,1549.0,1449.0,1954.0,0.0,0.0,0.0,1398.0,2507.0,1246.0,857.0,1562.0,1116.0,0.0,769.0,1377.0,720.0,1251.0,3126.0,738.0,1063.0,1652.0,2471.0,1873.0,1172.0,1011.0,0.0,1356.0,4890.0,4327.0,4963.0,5061.0,4074.0,2853.0,3743.0,1849.0,0.0,0.0,962.0
2013-10-06,504.0,2110.0,3456.0,1871.0,1179.0,2278.0,1551.0,2843.0,2860.0,1264.0,3341.0,1342.0,1013.0,1261.0,1223.0,1017.0,1574.0,1518.0,1302.0,0.0,0.0,0.0,1302.0,1821.0,847.0,730.0,1647.0,1234.0,0.0,621.0,1274.0,687.0,1041.0,2577.0,673.0,976.0,1307.0,2532.0,1811.0,904.0,1104.0,0.0,1205.0,4954.0,4613.0,5174.0,5053.0,4523.0,2722.0,3587.0,1709.0,0.0,0.0,1008.0
2013-10-07,1759.0,1797.0,3011.0,1334.0,1343.0,1702.0,1855.0,2734.0,2262.0,1171.0,2489.0,1271.0,997.0,1638.0,1460.0,964.0,1343.0,1473.0,1245.0,0.0,0.0,0.0,1133.0,2278.0,763.0,627.0,1200.0,962.0,0.0,635.0,1257.0,625.0,968.0,2694.0,617.0,959.0,1373.0,1593.0,1399.0,1193.0,875.0,0.0,1399.0,3663.0,3207.0,3097.0,3580.0,2571.0,1999.0,2446.0,1521.0,0.0,0.0,808.0
2013-10-08,1721.0,1655.0,2930.0,1263.0,1395.0,1514.0,1681.0,2579.0,2188.0,1220.0,2319.0,1217.0,970.0,1526.0,1406.0,924.0,1248.0,1468.0,1203.0,0.0,0.0,0.0,1145.0,2227.0,762.0,563.0,1110.0,952.0,0.0,684.0,1243.0,583.0,1167.0,2556.0,639.0,1004.0,1402.0,1494.0,1440.0,1151.0,772.0,0.0,1207.0,3529.0,3019.0,2798.0,3189.0,2306.0,1827.0,2383.0,1373.0,0.0,0.0,776.0
2013-10-09,1788.0,1919.0,2945.0,1355.0,1321.0,1662.0,1867.0,2866.0,1892.0,1006.0,2392.0,1202.0,812.0,1483.0,1204.0,845.0,1075.0,1277.0,1180.0,0.0,0.0,0.0,1212.0,2318.0,903.0,559.0,1139.0,817.0,0.0,581.0,1085.0,528.0,1016.0,2317.0,475.0,826.0,1419.0,1661.0,1266.0,1041.0,825.0,0.0,1202.0,3969.0,3072.0,2770.0,3296.0,2320.0,1905.0,2233.0,1710.0,0.0,0.0,650.0
2013-10-10,1692.0,1633.0,2633.0,1317.0,1398.0,1482.0,1746.0,2571.0,1971.0,914.0,2121.0,1211.0,822.0,1447.0,1249.0,892.0,1031.0,1248.0,1024.0,0.0,0.0,0.0,1113.0,2194.0,1152.0,560.0,1113.0,877.0,0.0,656.0,1179.0,608.0,995.0,2794.0,669.0,890.0,1387.0,1534.0,1251.0,1017.0,837.0,0.0,1188.0,3418.0,2803.0,2740.0,3159.0,2181.0,1929.0,2314.0,1516.0,0.0,0.0,773.0
2013-10-11,733.0,1903.0,3302.0,1713.0,1289.0,2117.0,1756.0,2837.0,2238.0,870.0,2290.0,1206.0,912.0,1333.0,1151.0,916.0,1250.0,1202.0,1107.0,0.0,0.0,0.0,1286.0,1914.0,2188.0,646.0,1863.0,1157.0,0.0,646.0,1082.0,691.0,841.0,2464.0,752.0,1105.0,1435.0,2144.0,1381.0,795.0,912.0,0.0,1434.0,2333.0,3843.0,3927.0,4101.0,3426.0,2485.0,3222.0,1833.0,0.0,0.0,807.0
2013-10-12,949.0,1729.0,3315.0,1381.0,1386.0,1888.0,1537.0,2780.0,2331.0,1112.0,2667.0,1219.0,1212.0,1886.0,1251.0,1009.0,1341.0,1130.0,1958.0,0.0,0.0,0.0,1191.0,1826.0,1909.0,669.0,1397.0,1074.0,0.0,640.0,1293.0,714.0,1098.0,2340.0,768.0,1039.0,1320.0,2079.0,1528.0,1104.0,978.0,0.0,1261.0,4209.0,4066.0,4328.0,4404.0,3575.0,2561.0,3263.0,1389.0,0.0,0.0,899.0
2013-10-13,464.0,1824.0,3432.0,1664.0,1403.0,2104.0,1373.0,2598.0,2265.0,1020.0,2779.0,1232.0,875.0,1155.0,1052.0,1228.0,1304.0,1327.0,1198.0,0.0,0.0,0.0,1145.0,1588.0,788.0,653.0,1652.0,1420.0,0.0,593.0,1509.0,712.0,1194.0,2577.0,637.0,1067.0,968.0,2158.0,1619.0,986.0,1104.0,0.0,1343.0,4345.0,4026.0,4347.0,4378.0,3786.0,2501.0,3092.0,1638.0,0.0,0.0,1234.0
2013-10-14,1654.0,1621.0,2690.0,1235.0,1432.0,1457.0,1707.0,2491.0,1935.0,1092.0,2223.0,1249.0,938.0,1568.0,1245.0,998.0,1264.0,1366.0,1256.0,0.0,0.0,0.0,1151.0,2215.0,647.0,592.0,1257.0,1022.0,0.0,714.0,1205.0,630.0,1157.0,2415.0,568.0,854.0,1250.0,1491.0,1241.0,1252.0,855.0,0.0,1282.0,3345.0,3157.0,2834.0,3143.0,2322.0,1870.0,2183.0,1640.0,0.0,0.0,876.0
2013-10-15,1761.0,1817.0,2808.0,1353.0,1274.0,1631.0,1842.0,2479.0,2117.0,973.0,2164.0,1149.0,845.0,1460.0,1366.0,946.0,1182.0,1543.0,1084.0,0.0,0.0,0.0,1188.0,2152.0,609.0,592.0,1112.0,1055.0,0.0,764.0,1266.0,646.0,1113.0,2289.0,612.0,953.0,1341.0,1359.0,1327.0,1170.0,763.0,0.0,934.0,3175.0,2822.0,2552.0,3039.0,2144.0,1771.0,2078.0,1587.0,0.0,0.0,814.0
2013-10-16,1703.0,1726.0,2963.0,1344.0,1483.0,1495.0,1799.0,2803.0,1955.0,1028.0,1982.0,1107.0,805.0,1406.0,1098.0,861.0,1176.0,1314.0,1149.0,0.0,0.0,0.0,1118.0,2525.0,749.0,716.0,1305.0,1074.0,0.0,657.0,1022.0,644.0,1021.0,2279.0,648.0,854.0,1524.0,1484.0,1196.0,1136.0,893.0,0.0,1105.0,3960.0,3201.0,2923.0,3370.0,2440.0,2050.0,2269.0,1836.0,0.0,0.0,706.0
2013-10-17,1783.0,1634.0,2797.0,1228.0,1303.0,1484.0,1784.0,2592.0,2112.0,1034.0,2204.0,1105.0,813.0,1430.0,1256.0,826.0,1193.0,1439.0,1051.0,0.0,0.0,0.0,1042.0,2189.0,620.0,616.0,1082.0,988.0,0.0,713.0,1224.0,610.0,972.0,2377.0,597.0,836.0,1315.0,1451.0,1233.0,1004.0,742.0,0.0,1110.0,3517.0,2938.0,2807.0,3344.0,2286.0,1854.0,2132.0,1485.0,0.0,0.0,654.0
2013-10-18,1734.0,1638.0,2936.0,1291.0,1319.0,1487.0,1817.0,2774.0,1723.0,830.0,2070.0,1146.0,776.0,1253.0,1207.0,841.0,1001.0,1200.0,964.0,0.0,0.0,0.0,1178.0,2418.0,865.0,636.0,1183.0,856.0,0.0,662.0,1013.0,559.0,888.0,2389.0,559.0,793.0,1477.0,1548.0,1271.0,1039.0,922.0,0.0,1293.0,3795.0,3265.0,2757.0,3333.0,2262.0,2027.0,2434.0,1671.0,0.0,0.0,737.0
2013-10-19,1346.0,2091.0,3561.0,1624.0,1503.0,2201.0,1818.0,3139.0,2544.0,1314.0,2701.0,1377.0,1179.0,1975.0,1410.0,1144.0,1499.0,1401.0,1822.0,0.0,0.0,0.0,1363.0,2359.0,971.0,813.0,1596.0,1251.0,0.0,721.0,1343.0,729.0,1234.0,2768.0,615.0,991.0,1462.0,2293.0,1720.0,1080.0,1059.0,0.0,1262.0,5416.0,4267.0,4372.0,4876.0,3625.0,2823.0,3661.0,1923.0,0.0,0.0,963.0
2013-10-20,500.0,1945.0,3644.0,1839.0,1441.0,2385.0,1596.0,3017.0,2631.0,1115.0,2902.0,1325.0,994.0,1202.0,1098.0,1235.0,1479.0,1457.0,1269.0,0.0,0.0,0.0,1275.0,1869.0,679.0,754.0,1737.0,1512.0,0.0,735.0,1481.0,754.0,1247.0,2380.0,644.0,1088.0,1184.0,2475.0,1666.0,1061.0,1308.0,0.0,1231.0,5284.0,4522.0,4463.0,4993.0,4348.0,2838.0,3452.0,1906.0,0.0,0.0,1250.0
2013-10-21,1830.0,1819.0,2869.0,1407.0,1444.0,1607.0,1773.0,2650.0,2111.0,1055.0,2211.0,1238.0,946.0,1752.0,1349.0,966.0,1306.0,1345.0,1204.0,0.0,0.0,0.0,1090.0,2290.0,584.0,625.0,1286.0,934.0,0.0,722.0,1198.0,630.0,1070.0,2260.0,545.0,844.0,1311.0,1567.0,1369.0,1240.0,760.0,0.0,1200.0,3565.0,3172.0,3022.0,3282.0,2496.0,1901.0,2165.0,1485.0,0.0,0.0,842.0
2013-10-22,1687.0,1705.0,2644.0,1353.0,1266.0,1561.0,1616.0,2497.0,1871.0,963.0,2075.0,1132.0,907.0,1474.0,1231.0,965.0,1235.0,1418.0,1076.0,0.0,0.0,0.0,1036.0,2136.0,585.0,529.0,1114.0,1027.0,0.0,689.0,1197.0,614.0,1175.0,2127.0,549.0,922.0,1263.0,1332.0,1299.0,1107.0,771.0,0.0,1108.0,3386.0,2847.0,2653.0,3007.0,2164.0,1821.0,2255.0,1431.0,0.0,0.0,761.0
2013-10-23,1820.0,1855.0,3064.0,1450.0,1306.0,1753.0,1859.0,2850.0,1741.0,880.0,1985.0,1105.0,768.0,1331.0,1232.0,834.0,1021.0,1274.0,1071.0,0.0,0.0,0.0,1141.0,2374.0,693.0,594.0,1172.0,821.0,0.0,616.0,1055.0,531.0,940.0,2035.0,537.0,745.0,1480.0,1646.0,1109.0,989.0,848.0,0.0,1085.0,3822.0,2986.0,2860.0,3299.0,2236.0,1990.0,2196.0,1620.0,0.0,0.0,702.0
2013-10-24,1748.0,1779.0,2765.0,1228.0,1227.0,1521.0,1747.0,2578.0,1853.0,869.0,2094.0,1075.0,789.0,1345.0,1255.0,811.0,1076.0,1367.0,949.0,0.0,0.0,0.0,1001.0,2114.0,593.0,581.0,1082.0,846.0,0.0,683.0,1109.0,579.0,897.0,2007.0,541.0,827.0,1335.0,1296.0,1196.0,940.0,756.0,0.0,1071.0,3436.0,2725.0,2683.0,2980.0,2208.0,1891.0,2108.0,1419.0,0.0,0.0,629.0
2013-10-25,1805.0,1879.0,3019.0,1431.0,1282.0,1604.0,1952.0,2710.0,1636.0,852.0,1996.0,1128.0,785.0,1258.0,1176.0,827.0,1033.0,1241.0,996.0,0.0,0.0,0.0,1182.0,2362.0,790.0,608.0,1170.0,829.0,0.0,616.0,1109.0,564.0,901.0,2296.0,486.0,822.0,1545.0,1540.0,1152.0,949.0,841.0,0.0,1290.0,3764.0,3254.0,2882.0,3234.0,2278.0,2118.0,2324.0,1780.0,0.0,0.0,714.0
2013-10-26,1282.0,2119.0,3503.0,1672.0,1391.0,2087.0,1768.0,3033.0,2503.0,1123.0,2477.0,1301.0,1167.0,1872.0,1349.0,997.0,1413.0,1329.0,1766.0,0.0,0.0,0.0,1207.0,2253.0,1000.0,842.0,1634.0,1213.0,0.0,770.0,1442.0,750.0,1276.0,2549.0,609.0,973.0,1390.0,2263.0,1591.0,1171.0,1082.0,0.0,1285.0,4826.0,4190.0,4385.0,4468.0,3506.0,2504.0,3298.0,1904.0,0.0,0.0,918.0
2013-10-27,549.0,1988.0,3616.0,1677.0,1239.0,2308.0,1497.0,2731.0,2364.0,1063.0,2578.0,1262.0,957.0,1182.0,1087.0,1053.0,1334.0,1287.0,1278.0,0.0,0.0,0.0,1119.0,1838.0,673.0,828.0,1810.0,1454.0,0.0,715.0,1473.0,712.0,1239.0,2329.0,620.0,1031.0,1203.0,2322.0,1674.0,1056.0,1294.0,0.0,1319.0,4678.0,4331.0,4510.0,4775.0,4083.0,2599.0,3147.0,1852.0,0.0,0.0,1118.0
2013-10-28,1788.0,1827.0,2861.0,1293.0,1418.0,1620.0,1744.0,2620.0,1970.0,1080.0,2145.0,1184.0,841.0,1592.0,1366.0,1040.0,1246.0,1329.0,1182.0,0.0,0.0,0.0,1123.0,2127.0,627.0,593.0,1236.0,949.0,0.0,707.0,1225.0,631.0,1160.0,2241.0,536.0,829.0,1351.0,1456.0,1304.0,1209.0,848.0,0.0,1236.0,3611.0,3081.0,2951.0,3170.0,2291.0,1873.0,2311.0,1672.0,0.0,0.0,880.0
2013-10-29,1710.0,1630.0,2730.0,1264.0,1330.0,1584.0,1727.0,2439.0,1877.0,994.0,2026.0,1213.0,890.0,1410.0,1297.0,961.0,1227.0,1371.0,1050.0,0.0,0.0,0.0,1081.0,2109.0,570.0,647.0,1022.0,973.0,0.0,716.0,1213.0,635.0,1096.0,2151.0,554.0,906.0,1321.0,1293.0,1322.0,1067.0,718.0,0.0,1121.0,3470.0,2768.0,2549.0,2969.0,2014.0,1795.0,2141.0,1468.0,0.0,0.0,786.0
2013-10-30,1815.0,1845.0,3026.0,1424.0,1318.0,1641.0,1884.0,2814.0,1797.0,919.0,1950.0,1105.0,759.0,1304.0,1282.0,928.0,1117.0,1307.0,1167.0,0.0,0.0,0.0,1125.0,2345.0,693.0,577.0,1062.0,855.0,0.0,632.0,1059.0,551.0,1012.0,2131.0,437.0,746.0,1534.0,1581.0,1231.0,997.0,807.0,0.0,1081.0,4031.0,3047.0,2850.0,3377.0,2250.0,2189.0,2167.0,1762.0,0.0,0.0,715.0
2013-10-31,1755.0,1740.0,2880.0,1337.0,1419.0,1489.0,1872.0,2747.0,1983.0,919.0,2124.0,1125.0,808.0,1360.0,1214.0,874.0,1147.0,1348.0,1055.0,0.0,0.0,0.0,1014.0,2232.0,698.0,620.0,1046.0,939.0,0.0,681.0,1191.0,623.0,1041.0,2366.0,630.0,933.0,1420.0,1322.0,1241.0,1023.0,727.0,0.0,1200.0,3354.0,3010.0,2860.0,3405.0,2361.0,2056.0,2113.0,1591.0,0.0,0.0,660.0
2013-11-01,1878.0,1922.0,3160.0,1495.0,1459.0,1685.0,1916.0,2932.0,1982.0,973.0,2323.0,1153.0,911.0,1385.0,1280.0,947.0,1142.0,1232.0,1193.0,0.0,0.0,0.0,1063.0,2475.0,968.0,833.0,1069.0,980.0,0.0,719.0,1277.0,706.0,1099.0,2802.0,636.0,995.0,1667.0,1742.0,1347.0,1043.0,930.0,0.0,1469.0,4148.0,3568.0,3257.0,3684.0,2714.0,2221.0,2216.0,1888.0,0.0,0.0,901.0
2013-11-02,1106.0,2080.0,3652.0,1694.0,1562.0,2240.0,1869.0,2916.0,2649.0,1205.0,3088.0,1162.0,1126.0,1728.0,1223.0,1111.0,1482.0,1294.0,1721.0,0.0,0.0,0.0,1085.0,2275.0,1351.0,952.0,1574.0,1390.0,0.0,796.0,1508.0,841.0,1239.0,2548.0,776.0,1240.0,2690.0,2388.0,1450.0,1105.0,1146.0,0.0,1385.0,4855.0,4309.0,4837.0,4795.0,4045.0,2752.0,2658.0,2101.0,0.0,0.0,950.0
2013-11-03,515.0,1971.0,3570.0,1866.0,1479.0,2292.0,1588.0,2846.0,2759.0,1137.0,3282.0,1244.0,973.0,1204.0,1157.0,1312.0,1493.0,1426.0,1306.0,0.0,0.0,0.0,1012.0,1797.0,710.0,813.0,1627.0,1607.0,0.0,712.0,1571.0,778.0,1248.0,2264.0,697.0,1187.0,1331.0,2348.0,1482.0,1052.0,1200.0,0.0,1318.0,4973.0,4432.0,4913.0,5151.0,4596.0,2923.0,2797.0,1898.0,0.0,0.0,1228.0
2013-11-04,1838.0,1886.0,3041.0,1325.0,1502.0,1752.0,1883.0,2868.0,2316.0,1220.0,2686.0,1390.0,1042.0,1774.0,1532.0,1074.0,1323.0,1467.0,1377.0,0.0,0.0,0.0,987.0,2232.0,618.0,728.0,1058.0,1047.0,0.0,684.0,1293.0,671.0,1196.0,2268.0,652.0,884.0,1621.0,1700.0,1557.0,1269.0,911.0,0.0,1393.0,3654.0,3419.0,3234.0,3631.0,2805.0,2060.0,2250.0,1597.0,0.0,0.0,915.0
2013-11-05,1848.0,1792.0,2859.0,1339.0,1375.0,1631.0,1845.0,2685.0,2354.0,1122.0,2561.0,1278.0,1063.0,1567.0,1382.0,908.0,1308.0,1578.0,1155.0,0.0,0.0,0.0,1026.0,2173.0,617.0,642.0,1012.0,1132.0,0.0,734.0,1339.0,635.0,1202.0,2329.0,604.0,983.0,1495.0,1594.0,1511.0,1173.0,873.0,0.0,1306.0,3655.0,3095.0,3070.0,3395.0,2492.0,1974.0,2256.0,1553.0,0.0,0.0,832.0
2013-11-06,1797.0,1918.0,3066.0,1477.0,1400.0,1746.0,1913.0,2942.0,2114.0,1060.0,2423.0,1304.0,882.0,1452.0,1300.0,942.0,1202.0,1401.0,1242.0,0.0,0.0,0.0,1096.0,2416.0,685.0,740.0,1157.0,933.0,0.0,665.0,1140.0,628.0,1053.0,2031.0,491.0,721.0,1612.0,1693.0,1275.0,1074.0,875.0,0.0,1110.0,4023.0,3328.0,3044.0,3526.0,2547.0,2057.0,2218.0,1656.0,0.0,0.0,773.0
2013-11-07,1724.0,1667.0,2792.0,1199.0,1356.0,1516.0,1654.0,2676.0,2107.0,1081.0,2342.0,1241.0,872.0,1421.0,1259.0,870.0,1113.0,1376.0,1178.0,0.0,0.0,0.0,1025.0,2081.0,627.0,623.0,967.0,877.0,0.0,708.0,1205.0,609.0,996.0,2119.0,531.0,863.0,1467.0,1451.0,1263.0,1029.0,801.0,0.0,1114.0,3488.0,2890.0,2798.0,3131.0,2405.0,1897.0,2025.0,1447.0,0.0,0.0,718.0
2013-11-08,1859.0,1845.0,3009.0,1426.0,1420.0,1628.0,1947.0,2930.0,1793.0,850.0,2158.0,1297.0,906.0,1317.0,1271.0,840.0,971.0,1219.0,1165.0,0.0,0.0,0.0,1096.0,2466.0,798.0,600.0,1010.0,761.0,0.0,597.0,1250.0,527.0,920.0,2416.0,478.0,790.0,1587.0,1649.0,1282.0,967.0,858.0,0.0,1302.0,3806.0,3425.0,3049.0,3474.0,2579.0,2299.0,2279.0,1818.0,0.0,0.0,712.0
2013-11-09,1184.0,1997.0,3498.0,1596.0,1560.0,2071.0,1778.0,3018.0,2518.0,1169.0,2762.0,1216.0,1094.0,1911.0,1380.0,1109.0,1290.0,1361.0,1941.0,0.0,0.0,0.0,1043.0,2325.0,1002.0,813.0,1443.0,1128.0,0.0,746.0,1529.0,702.0,1229.0,2745.0,578.0,1014.0,1565.0,2406.0,1787.0,1280.0,1076.0,0.0,1280.0,5069.0,4225.0,4569.0,4797.0,3877.0,2784.0,3016.0,1915.0,0.0,0.0,971.0
2013-11-10,561.0,2008.0,3605.0,1856.0,1478.0,2259.0,1605.0,3004.0,2579.0,1151.0,3112.0,1316.0,992.0,1253.0,1209.0,1200.0,1504.0,1480.0,1449.0,0.0,0.0,0.0,1083.0,1840.0,596.0,901.0,1532.0,1501.0,0.0,709.0,1480.0,662.0,1257.0,2491.0,609.0,1068.0,1221.0,2465.0,1661.0,1021.0,1262.0,0.0,1319.0,5197.0,4578.0,4856.0,5203.0,4525.0,2957.0,2906.0,1904.0,0.0,0.0,1264.0
2013-11-11,1862.0,1862.0,2906.0,1345.0,1475.0,1663.0,1831.0,2689.0,2052.0,1063.0,2230.0,1251.0,1013.0,1621.0,1385.0,947.0,1280.0,1459.0,1362.0,0.0,0.0,0.0,1034.0,2125.0,613.0,578.0,989.0,924.0,0.0,644.0,1243.0,595.0,1127.0,2270.0,540.0,828.0,1471.0,1616.0,1316.0,1266.0,875.0,0.0,1268.0,3788.0,3203.0,3028.0,3406.0,2565.0,1949.0,2254.0,1572.0,0.0,0.0,811.0
2013-11-12,1814.0,1768.0,2824.0,1319.0,1387.0,1567.0,1730.0,2646.0,1996.0,1104.0,2237.0,1264.0,966.0,1452.0,1351.0,919.0,1217.0,1450.0,1129.0,0.0,0.0,0.0,937.0,2149.0,551.0,532.0,1070.0,977.0,0.0,689.0,1213.0,594.0,1111.0,2164.0,553.0,883.0,1410.0,1456.0,1357.0,1199.0,799.0,0.0,1147.0,3577.0,2879.0,2746.0,3106.0,2215.0,1875.0,2628.0,1481.0,0.0,0.0,787.0
2013-11-13,1924.0,1823.0,2906.0,1444.0,1387.0,1686.0,1891.0,2751.0,1812.0,922.0,2025.0,1294.0,841.0,1369.0,1217.0,872.0,1070.0,1246.0,1095.0,0.0,0.0,0.0,1051.0,2309.0,684.0,519.0,1076.0,799.0,0.0,617.0,1012.0,485.0,945.0,2053.0,510.0,802.0,1468.0,1586.0,1190.0,1057.0,918.0,0.0,1117.0,3970.0,3035.0,2851.0,3280.0,2296.0,1999.0,2049.0,1648.0,0.0,0.0,699.0
2013-11-14,1832.0,1645.0,2660.0,1257.0,1221.0,1447.0,1739.0,2505.0,1835.0,956.0,1935.0,1177.0,863.0,1357.0,1251.0,866.0,1124.0,1463.0,1024.0,0.0,0.0,0.0,960.0,2016.0,592.0,526.0,928.0,904.0,0.0,682.0,1094.0,565.0,936.0,2063.0,496.0,853.0,1357.0,1395.0,1137.0,985.0,737.0,0.0,1054.0,3460.0,2701.0,2642.0,2928.0,2133.0,1835.0,1970.0,1522.0,0.0,0.0,640.0
2013-11-15,1850.0,1942.0,3145.0,1445.0,1404.0,1648.0,1892.0,2859.0,1993.0,896.0,2149.0,1083.0,820.0,1237.0,1147.0,802.0,1098.0,1320.0,1064.0,0.0,0.0,0.0,1094.0,2404.0,781.0,648.0,1079.0,846.0,0.0,684.0,1104.0,544.0,884.0,2518.0,574.0,730.0,1475.0,1545.0,1299.0,994.0,813.0,0.0,1303.0,4106.0,3394.0,3122.0,3459.0,2523.0,2303.0,2284.0,1799.0,0.0,0.0,701.0
2013-11-16,1346.0,2230.0,3661.0,1708.0,1612.0,2073.0,1801.0,3078.0,2692.0,1272.0,2827.0,1295.0,1182.0,1946.0,1357.0,1109.0,1452.0,1341.0,1877.0,0.0,0.0,0.0,1144.0,2481.0,966.0,817.0,1528.0,1267.0,0.0,766.0,1408.0,773.0,1215.0,2902.0,746.0,1021.0,1424.0,2273.0,1764.0,1254.0,1143.0,0.0,1262.0,5170.0,4426.0,4577.0,4814.0,3923.0,2884.0,3362.0,1953.0,0.0,0.0,947.0
2013-11-17,512.0,2200.0,3616.0,1788.0,1532.0,2256.0,1531.0,2884.0,2565.0,1106.0,2752.0,1277.0,964.0,1172.0,1124.0,1185.0,1449.0,1521.0,1251.0,0.0,0.0,0.0,1090.0,1937.0,633.0,802.0,1598.0,1472.0,0.0,718.0,1577.0,785.0,1208.0,2633.0,739.0,1023.0,1250.0,2080.0,1675.0,1114.0,1287.0,0.0,1279.0,5125.0,4613.0,4786.0,5023.0,4364.0,2809.0,3041.0,1864.0,0.0,0.0,1147.0
2013-11-18,1881.0,1818.0,2826.0,1310.0,1476.0,1637.0,1828.0,2710.0,2112.0,1084.0,2300.0,1260.0,922.0,1619.0,1311.0,1001.0,1252.0,1387.0,1237.0,0.0,0.0,0.0,1026.0,2246.0,617.0,631.0,1093.0,1006.0,0.0,703.0,1212.0,595.0,1097.0,2345.0,559.0,896.0,1438.0,2160.0,1282.0,1270.0,801.0,0.0,1217.0,3726.0,3298.0,3072.0,3466.0,2621.0,2026.0,2240.0,1640.0,0.0,0.0,879.0
2013-11-19,1784.0,1734.0,2692.0,1354.0,1362.0,1488.0,1695.0,2665.0,2032.0,1028.0,2296.0,1215.0,878.0,1459.0,1234.0,839.0,1239.0,1461.0,1108.0,0.0,0.0,0.0,1004.0,2042.0,595.0,565.0,972.0,1030.0,0.0,728.0,1210.0,584.0,1080.0,2262.0,528.0,905.0,1388.0,1517.0,1340.0,1125.0,780.0,0.0,1155.0,3712.0,2920.0,2674.0,3262.0,2328.0,1926.0,2079.0,1452.0,0.0,0.0,770.0
2013-11-20,1947.0,1971.0,3140.0,1447.0,1440.0,1819.0,1931.0,2930.0,1868.0,957.0,2170.0,1146.0,819.0,1444.0,1336.0,851.0,1169.0,1300.0,1197.0,0.0,0.0,0.0,1146.0,2499.0,657.0,571.0,1083.0,868.0,0.0,716.0,1119.0,555.0,961.0,2074.0,484.0,792.0,1492.0,1642.0,1248.0,1125.0,877.0,0.0,1082.0,4087.0,3315.0,2996.0,3484.0,2421.0,2137.0,2186.0,1766.0,0.0,0.0,733.0
2013-11-21,1753.0,1783.0,2660.0,1340.0,1279.0,1560.0,1663.0,2560.0,1975.0,994.0,2159.0,1119.0,835.0,1369.0,1278.0,843.0,1122.0,1442.0,965.0,0.0,0.0,0.0,973.0,2101.0,617.0,533.0,988.0,916.0,0.0,701.0,1142.0,598.0,943.0,2196.0,513.0,891.0,1347.0,1446.0,1174.0,1051.0,822.0,0.0,1104.0,3467.0,2664.0,2701.0,3213.0,2305.0,1922.0,2093.0,1449.0,0.0,0.0,629.0
2013-11-22,1799.0,1904.0,2913.0,1380.0,1375.0,1646.0,1892.0,2910.0,1752.0,866.0,1990.0,1152.0,826.0,1205.0,1138.0,846.0,1063.0,1180.0,1071.0,0.0,0.0,0.0,1072.0,2379.0,759.0,559.0,1119.0,751.0,0.0,675.0,1125.0,583.0,884.0,2399.0,488.0,817.0,1534.0,1480.0,1202.0,1056.0,836.0,0.0,1328.0,4195.0,3481.0,2992.0,3525.0,2357.0,2182.0,2316.0,1764.0,0.0,0.0,700.0
2013-11-23,1229.0,2186.0,3545.0,1626.0,1530.0,2070.0,1844.0,3050.0,2332.0,1145.0,2611.0,1256.0,1160.0,1937.0,1290.0,1087.0,1425.0,1305.0,1922.0,0.0,0.0,0.0,1164.0,2308.0,1017.0,806.0,1383.0,1145.0,0.0,732.0,1455.0,740.0,1244.0,2745.0,677.0,953.0,1505.0,2249.0,1536.0,1221.0,1108.0,0.0,1279.0,5085.0,4293.0,4526.0,4704.0,3771.0,2793.0,3353.0,1929.0,0.0,0.0,916.0
2013-11-24,453.0,2053.0,3540.0,1675.0,1476.0,2244.0,1522.0,2724.0,2391.0,1012.0,2780.0,1268.0,921.0,1150.0,1141.0,1088.0,1349.0,1273.0,1194.0,0.0,0.0,0.0,1048.0,1892.0,649.0,731.0,1505.0,1298.0,0.0,672.0,1484.0,698.0,1178.0,2346.0,696.0,934.0,1272.0,2386.0,1577.0,1072.0,1259.0,0.0,1217.0,4973.0,4411.0,4817.0,4919.0,4558.0,2744.0,3125.0,1888.0,0.0,0.0,1168.0
2013-11-25,1861.0,1904.0,2931.0,1422.0,1310.0,1601.0,1813.0,2756.0,1993.0,984.0,2088.0,1257.0,832.0,1645.0,1306.0,1036.0,1243.0,1352.0,1331.0,0.0,0.0,0.0,1051.0,2111.0,610.0,512.0,1084.0,862.0,0.0,643.0,1222.0,587.0,1063.0,2211.0,520.0,821.0,1414.0,1559.0,1239.0,1240.0,835.0,0.0,1235.0,3908.0,3149.0,2983.0,3235.0,2598.0,2036.0,2202.0,1566.0,0.0,0.0,805.0
2013-11-26,1834.0,1807.0,2757.0,1363.0,1254.0,1590.0,1769.0,2600.0,1921.0,951.0,2177.0,1211.0,866.0,1477.0,1298.0,877.0,1240.0,1426.0,1103.0,0.0,0.0,0.0,1051.0,2111.0,564.0,509.0,1030.0,993.0,0.0,665.0,1169.0,590.0,1082.0,2123.0,481.0,888.0,1395.0,1403.0,1369.0,1126.0,769.0,0.0,1108.0,3697.0,2858.0,2712.0,3100.0,2274.0,1795.0,2036.0,1481.0,0.0,0.0,790.0
2013-11-27,1911.0,1976.0,3107.0,1364.0,1098.0,1725.0,1884.0,2920.0,1699.0,860.0,1964.0,1100.0,805.0,1403.0,1228.0,913.0,1093.0,1281.0,1115.0,0.0,0.0,0.0,1018.0,2367.0,690.0,559.0,1078.0,797.0,0.0,657.0,965.0,565.0,932.0,2033.0,411.0,760.0,1551.0,1581.0,1107.0,1016.0,815.0,0.0,970.0,4292.0,2990.0,2739.0,3368.0,2303.0,2024.0,2119.0,1771.0,0.0,0.0,647.0
2013-11-28,1828.0,1822.0,2819.0,1263.0,1152.0,1596.0,1829.0,2663.0,1880.0,871.0,2046.0,1161.0,839.0,1440.0,1129.0,827.0,1103.0,1375.0,1051.0,0.0,0.0,0.0,1053.0,2113.0,583.0,517.0,1043.0,872.0,0.0,726.0,1217.0,583.0,953.0,2153.0,499.0,863.0,1406.0,1440.0,1233.0,1056.0,774.0,0.0,1124.0,3705.0,2837.0,2621.0,3212.0,2318.0,1984.0,2020.0,1567.0,0.0,0.0,730.0
2013-11-29,1781.0,1947.0,3123.0,1365.0,1290.0,1590.0,1886.0,2861.0,1808.0,839.0,2084.0,1125.0,801.0,1297.0,1054.0,867.0,1028.0,1100.0,1121.0,0.0,0.0,0.0,1101.0,2635.0,821.0,627.0,1024.0,780.0,0.0,665.0,1176.0,591.0,940.0,2443.0,516.0,794.0,1435.0,1645.0,1174.0,1039.0,849.0,0.0,1488.0,4061.0,3522.0,3125.0,3472.0,2629.0,2242.0,2500.0,1769.0,0.0,0.0,786.0
2013-11-30,1272.0,2247.0,3516.0,1626.0,1454.0,2133.0,1788.0,3074.0,2514.0,1222.0,2682.0,1373.0,1300.0,1972.0,1230.0,1108.0,1490.0,1378.0,2129.0,0.0,0.0,0.0,1177.0,2368.0,1066.0,785.0,1454.0,1174.0,0.0,712.0,1462.0,765.0,1204.0,2850.0,765.0,1006.0,1620.0,2502.0,1704.0,1199.0,1026.0,0.0,1398.0,5181.0,4477.0,4680.0,4673.0,4136.0,2951.0,3555.0,1928.0,0.0,0.0,985.0
2013-12-01,485.0,2198.0,3663.0,1796.0,1614.0,2394.0,1631.0,3036.0,2804.0,1194.0,3171.0,1439.0,1074.0,1280.0,1075.0,1334.0,1410.0,1586.0,1331.0,0.0,0.0,0.0,1111.0,2045.0,688.0,952.0,1547.0,1562.0,0.0,671.0,1655.0,776.0,1277.0,2659.0,744.0,1212.0,1444.0,2512.0,1645.0,1119.0,1331.0,0.0,1418.0,5823.0,4831.0,5132.0,5362.0,4838.0,3298.0,3463.0,2043.0,0.0,0.0,1237.0
2013-12-02,1844.0,2037.0,3310.0,1493.0,1441.0,1906.0,1884.0,2958.0,2455.0,1142.0,2540.0,1301.0,973.0,1726.0,1346.0,1015.0,1348.0,1469.0,1337.0,0.0,0.0,0.0,1133.0,2407.0,693.0,786.0,1109.0,1089.0,0.0,644.0,1299.0,610.0,1190.0,2608.0,581.0,954.0,1416.0,1676.0,1460.0,1314.0,896.0,0.0,1370.0,4259.0,3726.0,3574.0,3911.0,3211.0,2300.0,2458.0,1723.0,0.0,0.0,846.0
2013-12-03,1812.0,1924.0,3075.0,1387.0,1354.0,1740.0,1812.0,2898.0,2395.0,1190.0,2789.0,1246.0,922.0,1554.0,1335.0,999.0,1289.0,1424.0,1199.0,0.0,0.0,0.0,1098.0,2279.0,620.0,636.0,1002.0,1067.0,0.0,749.0,1400.0,621.0,1152.0,2473.0,600.0,1023.0,1534.0,1623.0,1482.0,1298.0,862.0,0.0,1305.0,4230.0,3379.0,3198.0,3708.0,2897.0,2362.0,2350.0,1604.0,0.0,0.0,924.0
2013-12-04,1995.0,2116.0,3380.0,1630.0,1362.0,1833.0,2039.0,3014.0,2227.0,1000.0,2600.0,1269.0,927.0,1433.0,1293.0,893.0,1149.0,1348.0,1213.0,0.0,0.0,0.0,1138.0,2598.0,699.0,802.0,1175.0,894.0,0.0,696.0,1087.0,544.0,993.0,2266.0,529.0,792.0,1666.0,1689.0,1273.0,1188.0,947.0,0.0,1161.0,4644.0,3451.0,3296.0,3854.0,2755.0,2582.0,2460.0,1865.0,0.0,0.0,764.0
2013-12-05,1930.0,1983.0,3123.0,1558.0,1371.0,1731.0,1850.0,2946.0,2133.0,946.0,2604.0,1283.0,896.0,1553.0,1263.0,905.0,1173.0,1372.0,1073.0,0.0,0.0,0.0,1110.0,2366.0,672.0,744.0,1087.0,978.0,0.0,724.0,1233.0,600.0,1017.0,2419.0,520.0,863.0,1562.0,1628.0,1374.0,1028.0,866.0,0.0,1173.0,4000.0,3026.0,3107.0,3532.0,2752.0,2411.0,2547.0,1708.0,0.0,0.0,726.0
2013-12-06,506.0,1884.0,3135.0,1450.0,1519.0,1795.0,1421.0,2549.0,2160.0,922.0,2609.0,1180.0,867.0,1484.0,1209.0,907.0,1145.0,1117.0,1186.0,0.0,0.0,0.0,1253.0,2495.0,840.0,771.0,1063.0,835.0,0.0,669.0,1245.0,543.0,914.0,2617.0,506.0,820.0,1657.0,1748.0,1375.0,1075.0,879.0,0.0,1517.0,4525.0,4098.0,4166.0,4289.0,3744.0,2713.0,2700.0,1858.0,0.0,0.0,803.0
2013-12-07,1140.0,2093.0,3604.0,1485.0,1605.0,2092.0,1635.0,2970.0,2510.0,1269.0,3006.0,1282.0,1219.0,2039.0,1318.0,1138.0,1428.0,1208.0,1985.0,0.0,0.0,0.0,1236.0,2390.0,997.0,915.0,1561.0,1220.0,0.0,758.0,1568.0,666.0,1294.0,2992.0,626.0,1042.0,1605.0,2577.0,1721.0,1227.0,1092.0,0.0,1396.0,4935.0,4501.0,4732.0,4872.0,4343.0,3073.0,3615.0,2162.0,0.0,0.0,1018.0
2013-12-08,443.0,2056.0,3540.0,1688.0,1531.0,2170.0,1488.0,2800.0,2502.0,1137.0,3079.0,1380.0,1012.0,1362.0,1072.0,1297.0,1468.0,1395.0,1418.0,0.0,0.0,0.0,1143.0,2032.0,635.0,948.0,1579.0,1429.0,0.0,712.0,1593.0,643.0,1212.0,2612.0,604.0,1046.0,1364.0,2551.0,1774.0,1152.0,1257.0,0.0,1423.0,5171.0,4465.0,4819.0,4818.0,4575.0,2997.0,3514.0,1999.0,0.0,0.0,1237.0
2013-12-09,1812.0,1932.0,3101.0,1413.0,1463.0,1770.0,1880.0,2945.0,2216.0,1121.0,2417.0,1240.0,890.0,1797.0,1269.0,925.0,1243.0,1385.0,1245.0,0.0,0.0,0.0,1127.0,2477.0,669.0,662.0,1055.0,993.0,0.0,724.0,1290.0,588.0,1094.0,2464.0,556.0,940.0,1538.0,1714.0,1370.0,1319.0,920.0,0.0,1338.0,4224.0,3310.0,3391.0,3873.0,2874.0,2549.0,2492.0,1795.0,0.0,0.0,864.0
2013-12-10,1992.0,2010.0,3240.0,1481.0,1370.0,1675.0,1889.0,2851.0,2216.0,1156.0,2461.0,1200.0,930.0,1579.0,1265.0,926.0,1350.0,1587.0,1171.0,0.0,0.0,0.0,1059.0,2461.0,612.0,624.0,1079.0,1099.0,0.0,791.0,1237.0,600.0,1102.0,2417.0,561.0,1017.0,1504.0,1660.0,1495.0,1214.0,871.0,0.0,1247.0,4305.0,3286.0,3234.0,3604.0,2623.0,2344.0,2464.0,1655.0,0.0,0.0,812.0
2013-12-11,2087.0,2110.0,3460.0,1565.0,1408.0,1837.0,1974.0,3178.0,2041.0,1000.0,2321.0,1226.0,859.0,1508.0,1171.0,918.0,1232.0,1441.0,1284.0,0.0,0.0,0.0,1144.0,2705.0,756.0,640.0,1212.0,902.0,0.0,710.0,1189.0,579.0,972.0,2278.0,512.0,840.0,1679.0,1858.0,1307.0,1128.0,1014.0,0.0,1163.0,4837.0,3599.0,3403.0,4279.0,2766.0,2625.0,2565.0,2028.0,0.0,0.0,745.0
2013-12-12,1945.0,1962.0,3153.0,1395.0,1410.0,1678.0,1927.0,3161.0,2155.0,1062.0,2242.0,1245.0,899.0,1446.0,1259.0,690.0,1175.0,1554.0,1195.0,0.0,0.0,0.0,1108.0,2507.0,623.0,601.0,1041.0,1017.0,0.0,766.0,1272.0,555.0,976.0,2442.0,539.0,910.0,1659.0,1717.0,1409.0,1122.0,1092.0,0.0,1159.0,4675.0,3366.0,3303.0,3902.0,2743.0,2845.0,2586.0,1780.0,0.0,0.0,777.0
2013-12-13,2033.0,2132.0,3449.0,1591.0,1623.0,1768.0,2232.0,3240.0,1992.0,960.0,2419.0,1145.0,828.0,1423.0,1174.0,690.0,1039.0,1501.0,1161.0,0.0,0.0,0.0,1212.0,2691.0,826.0,722.0,1199.0,933.0,0.0,680.0,1202.0,602.0,955.0,2708.0,563.0,844.0,1729.0,1872.0,1366.0,1143.0,1059.0,0.0,1539.0,4913.0,4270.0,3512.0,4110.0,3088.0,2731.0,2849.0,2099.0,0.0,0.0,741.0
2013-12-14,1507.0,2224.0,3863.0,1767.0,1720.0,2153.0,2054.0,3368.0,2619.0,1356.0,2674.0,1319.0,1196.0,1907.0,1273.0,885.0,1425.0,1514.0,2047.0,0.0,0.0,0.0,1194.0,2677.0,1014.0,985.0,1520.0,1263.0,0.0,768.0,1543.0,717.0,1211.0,3190.0,634.0,1009.0,1837.0,2599.0,1769.0,1265.0,1243.0,0.0,1326.0,5950.0,4679.0,5245.0,5451.0,4426.0,3718.0,3874.0,2345.0,0.0,0.0,1017.0
2013-12-15,526.0,2344.0,4228.0,1840.0,1633.0,2405.0,1577.0,3156.0,2792.0,1261.0,3016.0,1279.0,1042.0,1337.0,1090.0,1219.0,1451.0,1704.0,1428.0,0.0,0.0,0.0,1164.0,2291.0,798.0,1002.0,1695.0,1560.0,0.0,671.0,1687.0,617.0,1289.0,3064.0,711.0,1145.0,1558.0,2814.0,1873.0,1217.0,1421.0,0.0,1479.0,6159.0,5114.0,5571.0,5763.0,5043.0,3982.0,3705.0,2268.0,0.0,0.0,1250.0
2013-12-16,2161.0,2079.0,3862.0,1629.0,1793.0,2011.0,2105.0,3624.0,2465.0,1194.0,2527.0,1283.0,1023.0,1845.0,1367.0,1009.0,1392.0,1658.0,1300.0,0.0,0.0,0.0,1137.0,2751.0,830.0,766.0,1254.0,1190.0,0.0,757.0,1480.0,670.0,1156.0,2721.0,655.0,1001.0,1753.0,1887.0,1655.0,1479.0,1043.0,0.0,1269.0,5165.0,4256.0,4044.0,4669.0,3746.0,3087.0,2882.0,2051.0,0.0,0.0,904.0
2013-12-17,2136.0,2198.0,3871.0,1746.0,1727.0,2035.0,2212.0,3651.0,2473.0,1219.0,2779.0,1254.0,937.0,1719.0,1347.0,984.0,1434.0,1678.0,1239.0,0.0,0.0,0.0,1273.0,2892.0,787.0,772.0,1123.0,1161.0,0.0,837.0,1499.0,674.0,1256.0,2771.0,669.0,1134.0,1726.0,1975.0,1636.0,1387.0,1169.0,0.0,1294.0,5327.0,4227.0,4044.0,4816.0,3492.0,3228.0,3134.0,2144.0,0.0,0.0,1017.0
2013-12-18,2337.0,2475.0,4200.0,1949.0,1996.0,2204.0,2298.0,4084.0,2531.0,1180.0,2837.0,1323.0,998.0,1721.0,1386.0,965.0,1313.0,1718.0,1437.0,0.0,0.0,0.0,1407.0,3129.0,982.0,932.0,1337.0,1176.0,0.0,848.0,1526.0,701.0,1159.0,2849.0,596.0,1082.0,1937.0,2270.0,1634.0,1389.0,1303.0,0.0,1397.0,6059.0,4780.0,5275.0,5239.0,3891.0,3685.0,3336.0,2502.0,0.0,0.0,983.0
2013-12-19,2425.0,2530.0,4329.0,2045.0,1986.0,2376.0,2342.0,4001.0,2895.0,1308.0,3203.0,1481.0,1055.0,1740.0,1549.0,1151.0,1492.0,2027.0,1500.0,0.0,0.0,0.0,1360.0,3201.0,914.0,1046.0,1442.0,1495.0,0.0,1054.0,1738.0,782.0,1277.0,3155.0,661.0,1171.0,1948.0,2432.0,1900.0,1402.0,1409.0,0.0,1414.0,5997.0,5111.0,5035.0,5642.0,4632.0,3758.0,4241.0,2444.0,0.0,0.0,1171.0
2013-12-20,2490.0,2638.0,4340.0,2055.0,2059.0,2444.0,2455.0,3980.0,2613.0,1280.0,2899.0,1441.0,1094.0,1670.0,1403.0,1143.0,1405.0,1745.0,1420.0,0.0,0.0,0.0,1453.0,3023.0,1004.0,998.0,1373.0,1115.0,0.0,856.0,1738.0,759.0,1159.0,2977.0,576.0,1057.0,2142.0,2432.0,1798.0,1287.0,1402.0,0.0,1944.0,6119.0,5099.0,4922.0,5196.0,4226.0,3956.0,3654.0,2492.0,0.0,0.0,907.0
2013-12-21,1738.0,2662.0,4586.0,2190.0,2222.0,2836.0,2275.0,3870.0,3253.0,1731.0,3225.0,1543.0,1474.0,2022.0,1415.0,1256.0,1649.0,1743.0,2089.0,0.0,0.0,0.0,1446.0,2994.0,1276.0,1373.0,1712.0,1517.0,0.0,881.0,2022.0,845.0,1477.0,3519.0,697.0,1180.0,2054.0,3016.0,2229.0,1417.0,1643.0,0.0,1623.0,6900.0,5982.0,6522.0,6396.0,5821.0,4556.0,4651.0,2795.0,0.0,0.0,1102.0
2013-12-22,1093.0,2530.0,4670.0,2324.0,2086.0,2832.0,1928.0,3628.0,3397.0,1619.0,3456.0,1359.0,1117.0,1404.0,1177.0,1329.0,1397.0,1701.0,1407.0,0.0,0.0,0.0,1421.0,2717.0,1038.0,1434.0,1730.0,1599.0,0.0,827.0,2062.0,780.0,1385.0,3324.0,627.0,1047.0,1918.0,3317.0,2193.0,1286.0,1893.0,0.0,1500.0,7159.0,6119.0,7008.0,6625.0,6264.0,4708.0,4497.0,2804.0,0.0,0.0,1261.0
2013-12-23,2848.0,3515.0,5770.0,2946.0,3045.0,3329.0,2927.0,5202.0,3855.0,1722.0,3786.0,1737.0,1337.0,2299.0,1905.0,1419.0,1903.0,2188.0,1862.0,0.0,0.0,0.0,2029.0,4011.0,1248.0,1660.0,1694.0,1694.0,0.0,1089.0,2375.0,900.0,1806.0,3636.0,771.0,1248.0,2821.0,3577.0,2593.0,1912.0,2040.0,0.0,1575.0,8256.0,7305.0,8001.0,7727.0,6803.0,5612.0,5368.0,3304.0,0.0,0.0,1226.0
2013-12-24,2844.0,3931.0,5695.0,3589.0,3316.0,4256.0,2929.0,4930.0,4542.0,2187.0,4821.0,1989.0,1694.0,2411.0,2176.0,1802.0,2502.0,2623.0,2111.0,0.0,0.0,0.0,2236.0,3719.0,1422.0,2108.0,2034.0,2278.0,0.0,1387.0,2910.0,1453.0,2489.0,3601.0,933.0,1706.0,2914.0,3395.0,2818.0,2058.0,1967.0,0.0,1996.0,7433.0,7093.0,7840.0,7402.0,6665.0,5428.0,5456.0,3001.0,0.0,0.0,1756.0
2013-12-26,1980.0,2187.0,3515.0,1756.0,1745.0,2155.0,1980.0,3274.0,2589.0,1362.0,3143.0,1325.0,1105.0,1829.0,1497.0,1085.0,1238.0,1554.0,1427.0,0.0,0.0,0.0,1426.0,2636.0,1533.0,852.0,1164.0,962.0,0.0,741.0,1680.0,610.0,1150.0,2683.0,650.0,1118.0,1739.0,2129.0,1655.0,1260.0,1142.0,0.0,1494.0,5084.0,4343.0,4796.0,4810.0,4401.0,3032.0,3343.0,1943.0,0.0,0.0,880.0
2013-12-27,2022.0,2220.0,3669.0,1895.0,2068.0,2225.0,1943.0,3367.0,2250.0,1307.0,2840.0,1211.0,1002.0,1740.0,1406.0,986.0,1262.0,1447.0,1417.0,0.0,0.0,0.0,1335.0,2901.0,1949.0,917.0,1355.0,1124.0,0.0,811.0,1599.0,623.0,1201.0,2986.0,639.0,1120.0,1805.0,2292.0,1651.0,1285.0,1217.0,0.0,2139.0,5087.0,4733.0,4910.0,4766.0,4076.0,2984.0,3342.0,2324.0,0.0,0.0,882.0
2013-12-28,1070.0,1979.0,3576.0,1744.0,1983.0,2219.0,1504.0,2705.0,2582.0,1464.0,3145.0,1393.0,1232.0,1959.0,1335.0,1146.0,1416.0,1222.0,2069.0,0.0,0.0,0.0,1229.0,2736.0,2640.0,1197.0,1647.0,1371.0,0.0,856.0,1896.0,719.0,1390.0,3151.0,786.0,1457.0,1665.0,2557.0,1866.0,1302.0,1337.0,0.0,1720.0,4822.0,4862.0,5553.0,5553.0,4762.0,2944.0,3776.0,2376.0,0.0,0.0,945.0
2013-12-29,416.0,1665.0,2987.0,1523.0,1642.0,1984.0,1050.0,2242.0,2348.0,1237.0,3567.0,1135.0,882.0,1143.0,911.0,1125.0,1078.0,1153.0,1373.0,0.0,0.0,0.0,1038.0,2008.0,2576.0,1143.0,1388.0,1234.0,0.0,633.0,1847.0,638.0,1277.0,2804.0,772.0,1454.0,1072.0,2176.0,1434.0,982.0,1125.0,0.0,1365.0,4214.0,4510.0,5445.0,4687.0,4730.0,2676.0,3175.0,1794.0,0.0,0.0,1071.0
2013-12-30,1388.0,2375.0,4311.0,2213.0,2453.0,2751.0,1877.0,3290.0,2740.0,1409.0,3128.0,1415.0,1252.0,2103.0,1562.0,1261.0,1624.0,1313.0,1780.0,0.0,0.0,0.0,1544.0,2967.0,3128.0,1478.0,1713.0,1598.0,0.0,919.0,2385.0,887.0,1858.0,3405.0,1011.0,1949.0,1867.0,2605.0,2016.0,1628.0,1679.0,0.0,1994.0,5810.0,5859.0,6506.0,6016.0,5295.0,3558.0,3876.0,2688.0,0.0,0.0,1161.0
2013-12-31,1105.0,2890.0,4338.0,2705.0,2602.0,3314.0,2087.0,3180.0,3037.0,1581.0,3633.0,1593.0,1256.0,2054.0,1520.0,1584.0,1822.0,1145.0,1751.0,0.0,0.0,0.0,1626.0,2508.0,3176.0,1920.0,1959.0,2041.0,0.0,1127.0,2736.0,1465.0,2426.0,2862.0,1194.0,2373.0,1843.0,2443.0,1948.0,1519.0,1528.0,0.0,2229.0,5085.0,4509.0,5422.0,5332.0,4728.0,3132.0,2889.0,2604.0,0.0,0.0,1393.0
2014-01-01,0.0,0.0,0.0,0.0,0.0,0.0,0.0,0.0,0.0,0.0,0.0,0.0,0.0,0.0,0.0,0.0,0.0,0.0,0.0,0.0,0.0,0.0,0.0,0.0,840.0,0.0,0.0,0.0,0.0,0.0,0.0,0.0,0.0,0.0,0.0,487.0,0.0,0.0,0.0,0.0,0.0,0.0,0.0,0.0,0.0,0.0,0.0,0.0,0.0,0.0,0.0,0.0,0.0,0.0
2014-01-02,1875.0,2122.0,3350.0,1661.0,1807.0,2051.0,1836.0,3049.0,2497.0,1320.0,2863.0,1309.0,1108.0,1903.0,1497.0,1157.0,1492.0,1409.0,1368.0,0.0,0.0,0.0,1302.0,2472.0,1315.0,790.0,1391.0,1112.0,0.0,758.0,1471.0,0.0,1213.0,2846.0,731.0,1116.0,1856.0,2038.0,1563.0,1405.0,1110.0,0.0,1510.0,4422.0,4235.0,4210.0,4334.0,3643.0,2463.0,2925.0,1884.0,0.0,0.0,927.0
2014-01-03,1817.0,2090.0,3347.0,1534.0,1709.0,1887.0,1841.0,3042.0,2081.0,1012.0,2673.0,1171.0,946.0,1604.0,1393.0,1004.0,1162.0,1286.0,1244.0,0.0,0.0,0.0,1239.0,2687.0,1433.0,725.0,1244.0,892.0,0.0,690.0,1366.0,613.0,1173.0,2529.0,672.0,1035.0,1756.0,1753.0,1392.0,1326.0,968.0,0.0,1808.0,4167.0,3927.0,3673.0,3914.0,3240.0,2366.0,2580.0,1679.0,0.0,0.0,798.0
2014-01-04,1294.0,2254.0,3810.0,1816.0,1783.0,2365.0,1805.0,3169.0,2587.0,1391.0,3095.0,1362.0,1389.0,2164.0,1355.0,1097.0,1534.0,1409.0,1957.0,0.0,0.0,0.0,1190.0,2499.0,1613.0,810.0,1568.0,1214.0,0.0,746.0,1573.0,691.0,1312.0,2643.0,749.0,1120.0,1850.0,2659.0,1921.0,1303.0,1184.0,0.0,1510.0,5341.0,5081.0,5600.0,5232.0,4581.0,3024.0,3772.0,2034.0,0.0,0.0,905.0
2014-01-05,489.0,2088.0,3634.0,1954.0,1669.0,2269.0,1572.0,2840.0,2400.0,1104.0,3187.0,1226.0,1030.0,1330.0,1135.0,1203.0,1384.0,1411.0,1170.0,0.0,0.0,0.0,1066.0,1770.0,878.0,846.0,1715.0,1523.0,0.0,658.0,1642.0,667.0,1264.0,2569.0,631.0,1165.0,1395.0,2722.0,1705.0,1132.0,1317.0,0.0,1374.0,5123.0,4809.0,5223.0,5234.0,4701.0,2964.0,3176.0,2004.0,0.0,0.0,1107.0
2014-01-06,1754.0,1764.0,3010.0,1331.0,1440.0,1630.0,1819.0,2845.0,1943.0,970.0,2371.0,858.0,729.0,1468.0,1397.0,897.0,1171.0,1279.0,1216.0,0.0,0.0,0.0,1147.0,2475.0,809.0,708.0,1196.0,1109.0,0.0,705.0,1277.0,625.0,1137.0,2346.0,648.0,1003.0,1525.0,1690.0,1378.0,1474.0,926.0,0.0,1300.0,3917.0,3529.0,3262.0,3675.0,2837.0,2369.0,2386.0,1686.0,0.0,0.0,753.0
2014-01-07,1713.0,1775.0,2831.0,1333.0,1432.0,1620.0,1712.0,2758.0,2099.0,1000.0,2395.0,1182.0,970.0,1524.0,1277.0,1003.0,1186.0,1459.0,1014.0,0.0,0.0,0.0,1135.0,2212.0,702.0,645.0,1169.0,1072.0,0.0,724.0,1333.0,523.0,1228.0,2255.0,528.0,971.0,1466.0,1380.0,1314.0,1275.0,780.0,0.0,1328.0,3663.0,3226.0,3096.0,3578.0,2605.0,2171.0,2248.0,1640.0,0.0,0.0,811.0
2014-01-08,1955.0,1972.0,3137.0,1502.0,1414.0,1769.0,1881.0,2955.0,1980.0,1001.0,2314.0,1112.0,786.0,1356.0,1294.0,820.0,1159.0,1314.0,1084.0,0.0,0.0,0.0,1205.0,2465.0,763.0,616.0,1229.0,950.0,0.0,708.0,1073.0,529.0,992.0,2118.0,474.0,851.0,1671.0,1674.0,1257.0,1150.0,882.0,0.0,1196.0,4254.0,3430.0,3345.0,3730.0,2636.0,2414.0,2296.0,1836.0,0.0,0.0,655.0
2014-01-09,1855.0,1810.0,2835.0,1337.0,1340.0,1561.0,1784.0,2639.0,2063.0,998.0,2283.0,1176.0,840.0,1452.0,1259.0,861.0,1217.0,1418.0,1012.0,0.0,0.0,0.0,1071.0,2176.0,737.0,547.0,1170.0,943.0,0.0,743.0,1133.0,563.0,1003.0,2245.0,533.0,861.0,1499.0,1391.0,1216.0,1112.0,806.0,0.0,1209.0,3723.0,3054.0,2927.0,3323.0,2448.0,2052.0,2088.0,1563.0,0.0,0.0,699.0
2014-01-10,1837.0,1865.0,2983.0,1443.0,1359.0,1613.0,1955.0,2934.0,1724.0,877.0,2068.0,1029.0,806.0,1234.0,1202.0,797.0,1053.0,1236.0,994.0,0.0,0.0,0.0,1198.0,2367.0,983.0,659.0,1147.0,907.0,0.0,675.0,1078.0,520.0,894.0,2464.0,512.0,753.0,1590.0,1583.0,1294.0,1076.0,850.0,0.0,1364.0,4010.0,3615.0,3239.0,3575.0,2587.0,2435.0,2380.0,1799.0,0.0,0.0,739.0
2014-01-11,1300.0,2156.0,3636.0,1748.0,1579.0,2184.0,1851.0,3096.0,2426.0,1216.0,2680.0,1383.0,1277.0,1890.0,1311.0,1096.0,1425.0,1310.0,1871.0,0.0,0.0,0.0,1214.0,2344.0,1662.0,781.0,1549.0,1250.0,0.0,742.0,1504.0,678.0,1199.0,2573.0,601.0,1030.0,1674.0,2442.0,1759.0,1283.0,1121.0,0.0,1340.0,5053.0,4574.0,4851.0,4897.0,3850.0,3036.0,3364.0,1917.0,0.0,0.0,938.0
2014-01-12,531.0,2107.0,3630.0,1822.0,1463.0,2328.0,1562.0,2764.0,2271.0,1035.0,2887.0,1205.0,878.0,1319.0,1048.0,1152.0,1345.0,1452.0,1184.0,0.0,0.0,0.0,1091.0,1715.0,890.0,724.0,1707.0,1427.0,0.0,658.0,1499.0,602.0,1271.0,2376.0,619.0,1029.0,1246.0,2396.0,1664.0,1049.0,1118.0,0.0,1351.0,4852.0,4541.0,4830.0,5104.0,4383.0,2930.0,3109.0,1799.0,0.0,0.0,1253.0
2014-01-13,1887.0,1931.0,2965.0,1396.0,1373.0,1650.0,1921.0,2804.0,1989.0,985.0,2277.0,1187.0,846.0,1688.0,1333.0,912.0,1328.0,1360.0,1183.0,0.0,0.0,0.0,1097.0,2194.0,652.0,590.0,1141.0,894.0,0.0,684.0,1205.0,540.0,1126.0,2308.0,512.0,934.0,1459.0,1582.0,1358.0,1284.0,837.0,0.0,1333.0,3913.0,3238.0,3054.0,3304.0,2666.0,2114.0,2234.0,1547.0,0.0,0.0,775.0
2014-01-14,1738.0,1755.0,2803.0,1371.0,1374.0,1559.0,1801.0,2639.0,1874.0,1059.0,2216.0,1091.0,877.0,1461.0,1321.0,906.0,1193.0,1430.0,1087.0,0.0,0.0,0.0,1046.0,2080.0,665.0,587.0,1130.0,961.0,0.0,750.0,1220.0,570.0,1104.0,2154.0,546.0,945.0,1443.0,1348.0,1272.0,1235.0,822.0,0.0,1188.0,3560.0,3021.0,2784.0,3085.0,2324.0,2001.0,2120.0,1553.0,0.0,0.0,655.0
2014-01-15,1944.0,1949.0,3069.0,1487.0,1374.0,1730.0,1937.0,2961.0,1858.0,970.0,2075.0,1094.0,788.0,1316.0,1225.0,807.0,1113.0,1373.0,1097.0,0.0,0.0,0.0,1147.0,2408.0,759.0,696.0,1245.0,957.0,0.0,691.0,1075.0,537.0,973.0,2201.0,557.0,800.0,1606.0,1621.0,1273.0,1127.0,904.0,0.0,1086.0,3872.0,3274.0,3096.0,3440.0,2603.0,2220.0,2097.0,1802.0,0.0,0.0,670.0
2014-01-16,1819.0,1863.0,2905.0,1392.0,1379.0,1608.0,1864.0,2741.0,1947.0,983.0,2336.0,1125.0,853.0,1422.0,1237.0,937.0,1163.0,1387.0,1019.0,0.0,0.0,0.0,1064.0,2269.0,737.0,673.0,1110.0,1009.0,0.0,712.0,1267.0,613.0,1006.0,2179.0,611.0,923.0,1486.0,1437.0,1311.0,1225.0,903.0,0.0,1147.0,3781.0,3005.0,2984.0,3359.0,2611.0,2204.0,2079.0,1546.0,0.0,0.0,683.0
2014-01-17,1889.0,1912.0,3160.0,1508.0,1447.0,1707.0,2078.0,2921.0,1801.0,957.0,2106.0,1047.0,786.0,1259.0,1099.0,850.0,1031.0,1240.0,1038.0,0.0,0.0,0.0,1084.0,2343.0,986.0,674.0,1034.0,752.0,0.0,686.0,1040.0,536.0,919.0,2502.0,562.0,894.0,1577.0,1589.0,1227.0,1077.0,850.0,0.0,1267.0,3953.0,3470.0,3153.0,3491.0,2670.0,2480.0,2292.0,1863.0,0.0,0.0,700.0
2014-01-18,1329.0,2156.0,3670.0,1694.0,1544.0,2205.0,1882.0,3019.0,2346.0,1197.0,2527.0,1316.0,1182.0,1811.0,1275.0,1051.0,1459.0,1324.0,1792.0,0.0,0.0,0.0,1150.0,2280.0,1458.0,809.0,1615.0,1226.0,0.0,765.0,1506.0,758.0,1310.0,2734.0,663.0,1083.0,1617.0,2343.0,1696.0,1306.0,1091.0,0.0,1296.0,4950.0,4357.0,4629.0,4602.0,3724.0,2915.0,3359.0,1905.0,0.0,0.0,927.0
2014-01-19,504.0,2023.0,3495.0,1797.0,1468.0,2234.0,1568.0,2879.0,2260.0,1015.0,2771.0,1225.0,922.0,1241.0,1022.0,1097.0,1407.0,1310.0,1217.0,0.0,0.0,0.0,1065.0,1844.0,824.0,816.0,1698.0,1508.0,0.0,658.0,1590.0,675.0,1311.0,2443.0,621.0,1010.0,1321.0,2419.0,1609.0,1099.0,1151.0,0.0,1257.0,4711.0,4471.0,4779.0,4924.0,4258.0,2826.0,2958.0,1810.0,0.0,0.0,1202.0
2014-01-20,1791.0,1906.0,2860.0,1403.0,1497.0,1695.0,1856.0,2623.0,1986.0,1120.0,2273.0,1117.0,864.0,1637.0,1377.0,970.0,1198.0,1305.0,1129.0,0.0,0.0,0.0,1071.0,2206.0,677.0,618.0,1016.0,844.0,0.0,690.0,1268.0,573.0,1151.0,2492.0,542.0,966.0,1430.0,1522.0,1306.0,1344.0,841.0,0.0,1286.0,3661.0,3109.0,3049.0,3234.0,2681.0,2056.0,2249.0,1628.0,0.0,0.0,753.0
2014-01-21,1872.0,1850.0,2836.0,1344.0,1372.0,1591.0,1750.0,2604.0,1934.0,1100.0,2272.0,1246.0,876.0,1552.0,1391.0,833.0,1234.0,1426.0,1076.0,0.0,0.0,0.0,1061.0,2336.0,680.0,516.0,1154.0,1156.0,0.0,784.0,1342.0,625.0,1153.0,2351.0,632.0,1087.0,1456.0,1441.0,1351.0,1267.0,793.0,0.0,1244.0,3781.0,3053.0,2924.0,3264.0,2417.0,1984.0,2040.0,1513.0,0.0,0.0,820.0
2014-01-22,1818.0,1936.0,2991.0,1421.0,1303.0,1689.0,1855.0,2838.0,1786.0,901.0,2092.0,1029.0,777.0,1373.0,1237.0,796.0,1184.0,1216.0,1103.0,0.0,0.0,0.0,1116.0,2310.0,764.0,587.0,1254.0,835.0,0.0,701.0,1026.0,501.0,1042.0,2161.0,490.0,804.0,1596.0,1577.0,1121.0,1171.0,848.0,0.0,1121.0,3954.0,2988.0,2932.0,3247.0,2497.0,2072.0,2069.0,1809.0,0.0,0.0,662.0
2014-01-23,1744.0,1797.0,2722.0,1379.0,1355.0,1603.0,1777.0,2617.0,1920.0,957.0,2094.0,1106.0,778.0,1409.0,1191.0,841.0,1135.0,1347.0,1030.0,0.0,0.0,0.0,1023.0,2101.0,684.0,543.0,1102.0,916.0,0.0,717.0,1121.0,554.0,1008.0,2194.0,574.0,819.0,1415.0,1395.0,1198.0,1129.0,783.0,0.0,1089.0,3568.0,2743.0,2740.0,3005.0,2428.0,1929.0,2007.0,1579.0,0.0,0.0,697.0
2014-01-24,1858.0,1981.0,3188.0,1524.0,1369.0,1719.0,1897.0,2876.0,1687.0,839.0,2130.0,1093.0,754.0,1243.0,1192.0,632.0,1045.0,1209.0,1015.0,0.0,0.0,0.0,1135.0,2393.0,1011.0,596.0,1129.0,821.0,0.0,676.0,1076.0,564.0,1000.0,2478.0,548.0,854.0,1540.0,1672.0,1202.0,1041.0,850.0,0.0,1358.0,3971.0,3513.0,3057.0,3504.0,2662.0,2366.0,2229.0,1671.0,0.0,0.0,713.0
2014-01-25,1234.0,2043.0,3545.0,1698.0,1478.0,2072.0,1830.0,2930.0,2242.0,1107.0,2167.0,1310.0,1181.0,1877.0,1139.0,1060.0,1457.0,1271.0,1715.0,0.0,0.0,0.0,1218.0,2170.0,1675.0,730.0,1518.0,1215.0,0.0,740.0,1386.0,652.0,1245.0,2674.0,672.0,1038.0,1556.0,2354.0,1714.0,1275.0,1057.0,0.0,1155.0,4813.0,4170.0,4344.0,4503.0,3658.0,2778.0,3205.0,1848.0,0.0,0.0,900.0
2014-01-26,537.0,1979.0,3530.0,1859.0,1400.0,2317.0,1583.0,2668.0,2306.0,1036.0,2729.0,1210.0,896.0,1172.0,1028.0,1201.0,1411.0,1353.0,1230.0,0.0,0.0,0.0,1028.0,1763.0,831.0,756.0,1661.0,1384.0,0.0,664.0,1393.0,655.0,1211.0,2267.0,690.0,980.0,1164.0,2271.0,1614.0,1066.0,1181.0,0.0,1399.0,4525.0,4527.0,4472.0,4599.0,4186.0,2744.0,2843.0,1726.0,0.0,0.0,1141.0
2014-01-27,1765.0,1869.0,2885.0,1397.0,1470.0,1634.0,1929.0,2662.0,1801.0,807.0,2184.0,1196.0,835.0,1536.0,1269.0,966.0,1237.0,1310.0,1155.0,0.0,0.0,0.0,1141.0,2158.0,731.0,541.0,1106.0,932.0,0.0,665.0,1230.0,550.0,1177.0,2300.0,604.0,975.0,1401.0,1528.0,1325.0,1388.0,797.0,0.0,1284.0,3723.0,3070.0,2995.0,3190.0,2453.0,2050.0,2188.0,1569.0,0.0,0.0,855.0
2014-01-28,1746.0,1795.0,2722.0,1331.0,1315.0,1585.0,1772.0,2600.0,1811.0,1048.0,2148.0,1137.0,886.0,1379.0,1285.0,934.0,1219.0,1407.0,1114.0,0.0,0.0,0.0,1123.0,2217.0,607.0,557.0,1127.0,1045.0,0.0,749.0,1260.0,576.0,1113.0,2244.0,516.0,962.0,1394.0,1427.0,1281.0,1354.0,787.0,0.0,1163.0,3491.0,2873.0,2685.0,2971.0,2372.0,1864.0,2202.0,1467.0,0.0,0.0,814.0
2014-01-29,1903.0,1868.0,2882.0,1369.0,1371.0,1569.0,1825.0,2704.0,1692.0,826.0,1780.0,1011.0,759.0,1226.0,1152.0,797.0,1110.0,1183.0,1017.0,0.0,0.0,0.0,1129.0,2399.0,773.0,517.0,1238.0,845.0,0.0,691.0,1103.0,507.0,886.0,2064.0,463.0,873.0,1554.0,1583.0,1104.0,1069.0,816.0,0.0,1121.0,3810.0,3063.0,2796.0,3096.0,2291.0,2072.0,2101.0,1670.0,0.0,0.0,665.0
2014-01-30,1747.0,1748.0,2744.0,1249.0,1257.0,1547.0,1606.0,2519.0,1866.0,856.0,2066.0,1052.0,818.0,1388.0,1189.0,809.0,1067.0,1231.0,1013.0,0.0,0.0,0.0,1034.0,2093.0,692.0,549.0,1067.0,890.0,0.0,745.0,1115.0,608.0,982.0,2237.0,524.0,904.0,1443.0,1443.0,1261.0,1159.0,810.0,0.0,1187.0,3638.0,2924.0,2885.0,3047.0,2401.0,2031.0,2203.0,1469.0,0.0,0.0,625.0
2014-01-31,1872.0,1950.0,3144.0,1409.0,1420.0,1770.0,2036.0,3084.0,1876.0,950.0,2297.0,1088.0,855.0,1257.0,1184.0,813.0,1074.0,1355.0,1115.0,0.0,0.0,0.0,1151.0,2405.0,1129.0,715.0,1180.0,955.0,0.0,745.0,1128.0,639.0,1014.0,2547.0,540.0,997.0,1586.0,1723.0,1293.0,1182.0,895.0,0.0,1520.0,4189.0,3773.0,3479.0,3729.0,2948.0,2372.0,2469.0,1835.0,0.0,0.0,774.0
2014-02-01,1344.0,2183.0,3774.0,1844.0,1778.0,2282.0,1846.0,3077.0,2753.0,1311.0,2975.0,1322.0,1221.0,1973.0,1298.0,1189.0,1505.0,1378.0,1918.0,0.0,0.0,0.0,1165.0,2473.0,1764.0,961.0,1675.0,1431.0,0.0,810.0,1707.0,767.0,1441.0,3015.0,974.0,1335.0,1764.0,2479.0,1918.0,1479.0,1176.0,0.0,1555.0,5130.0,4770.0,4822.0,4838.0,4462.0,3173.0,3302.0,1994.0,0.0,0.0,1046.0
2014-02-02,502.0,1982.0,3541.0,1863.0,1640.0,2210.0,1481.0,2721.0,2426.0,1071.0,2933.0,1214.0,932.0,1096.0,1005.0,1339.0,1344.0,1387.0,1275.0,0.0,0.0,0.0,1067.0,1939.0,881.0,956.0,1814.0,1723.0,0.0,690.0,1666.0,694.0,1427.0,2568.0,738.0,1243.0,1247.0,2340.0,1505.0,1249.0,1310.0,0.0,1467.0,4827.0,4479.0,4802.0,4786.0,4715.0,2917.0,3031.0,1842.0,0.0,0.0,1272.0
2014-02-03,1898.0,1882.0,3161.0,1583.0,1507.0,1817.0,1827.0,2897.0,2338.0,1195.0,2656.0,1175.0,994.0,1668.0,1353.0,954.0,1307.0,1416.0,1246.0,0.0,0.0,0.0,1103.0,2469.0,809.0,732.0,1239.0,1112.0,0.0,737.0,1374.0,598.0,1252.0,2616.0,668.0,1096.0,1623.0,1732.0,1521.0,1487.0,987.0,0.0,1530.0,3989.0,3490.0,3481.0,3637.0,3292.0,2297.0,2581.0,1709.0,0.0,0.0,964.0
2014-02-04,1781.0,1845.0,2821.0,1449.0,1524.0,1604.0,1762.0,2631.0,2170.0,1191.0,2635.0,1086.0,945.0,1574.0,1321.0,992.0,1302.0,1469.0,1152.0,0.0,0.0,0.0,1075.0,2412.0,748.0,685.0,1115.0,1193.0,0.0,823.0,1370.0,649.0,1299.0,2493.0,650.0,1172.0,1529.0,1555.0,1474.0,1338.0,865.0,0.0,1338.0,3742.0,3278.0,3279.0,3575.0,3051.0,2079.0,2380.0,1519.0,0.0,0.0,834.0
2014-02-05,1909.0,1937.0,3120.0,1509.0,1523.0,1759.0,1887.0,2929.0,2105.0,1028.0,2502.0,1110.0,863.0,1323.0,1231.0,974.0,1220.0,1288.0,1135.0,0.0,0.0,0.0,1114.0,2620.0,857.0,670.0,1199.0,944.0,0.0,734.0,1172.0,617.0,1075.0,2278.0,540.0,968.0,1588.0,1667.0,1251.0,1221.0,868.0,0.0,1257.0,4147.0,3543.0,3475.0,3842.0,2999.0,2194.0,2384.0,1810.0,0.0,0.0,767.0
2014-02-06,1749.0,1850.0,2815.0,1384.0,1385.0,1582.0,1693.0,2648.0,2206.0,996.0,2668.0,1158.0,908.0,1511.0,1259.0,894.0,1117.0,1432.0,1100.0,0.0,0.0,0.0,1116.0,2197.0,802.0,546.0,1170.0,1005.0,0.0,727.0,1271.0,585.0,1083.0,2313.0,583.0,995.0,1474.0,1547.0,1326.0,1171.0,783.0,0.0,1238.0,3712.0,3130.0,3205.0,3481.0,2920.0,2227.0,2313.0,1538.0,0.0,0.0,761.0
2014-02-07,1812.0,1866.0,3143.0,1482.0,1465.0,1725.0,1944.0,2905.0,2000.0,956.0,2414.0,1062.0,860.0,1343.0,1206.0,827.0,1068.0,1224.0,1119.0,0.0,0.0,0.0,1105.0,2484.0,1158.0,628.0,1220.0,865.0,0.0,703.0,1239.0,538.0,943.0,2568.0,494.0,935.0,1724.0,1629.0,1407.0,1161.0,851.0,0.0,1632.0,4093.0,3572.0,3415.0,3692.0,2910.0,2416.0,2536.0,1827.0,0.0,0.0,792.0
2014-02-08,1335.0,1933.0,3499.0,1566.0,1654.0,2077.0,1723.0,2800.0,2323.0,1255.0,3017.0,1204.0,1249.0,1871.0,1276.0,1082.0,1434.0,1261.0,1815.0,0.0,0.0,0.0,1067.0,2433.0,1772.0,841.0,1666.0,1320.0,0.0,796.0,1463.0,768.0,1245.0,2734.0,744.0,1144.0,1555.0,2305.0,1733.0,1350.0,1123.0,0.0,1446.0,4909.0,4210.0,4380.0,4583.0,3897.0,2754.0,3225.0,1880.0,0.0,0.0,980.0
2014-02-09,484.0,1756.0,3281.0,1615.0,1497.0,2021.0,1423.0,2599.0,2104.0,930.0,2864.0,1116.0,801.0,1028.0,900.0,1206.0,1308.0,1258.0,1077.0,0.0,0.0,0.0,962.0,1741.0,953.0,776.0,1699.0,1505.0,0.0,664.0,1417.0,689.0,1291.0,2480.0,606.0,1173.0,1151.0,2262.0,1516.0,1148.0,1184.0,0.0,1401.0,4590.0,4154.0,4168.0,4334.0,3999.0,2562.0,2921.0,1779.0,0.0,0.0,1114.0
2014-02-10,1763.0,1820.0,2925.0,1423.0,1523.0,1666.0,1722.0,2846.0,2028.0,1084.0,2409.0,1204.0,924.0,1545.0,1428.0,937.0,1281.0,1306.0,1217.0,0.0,0.0,0.0,1112.0,2293.0,815.0,528.0,1187.0,1041.0,0.0,729.0,1183.0,581.0,1070.0,2473.0,604.0,1066.0,1474.0,1644.0,1427.0,1352.0,916.0,0.0,1374.0,3788.0,3400.0,3319.0,3641.0,2993.0,2130.0,2555.0,1612.0,0.0,0.0,833.0
2014-02-11,1768.0,1782.0,2829.0,1309.0,1422.0,1585.0,1769.0,2662.0,2003.0,1122.0,2441.0,1127.0,928.0,1475.0,1322.0,873.0,1215.0,1358.0,1131.0,0.0,0.0,0.0,1073.0,2271.0,687.0,549.0,1144.0,1048.0,0.0,754.0,1311.0,559.0,1163.0,2321.0,558.0,1097.0,1510.0,1530.0,1455.0,1308.0,850.0,0.0,1242.0,3687.0,3035.0,3159.0,3379.0,2647.0,2019.0,2353.0,1636.0,0.0,0.0,773.0
2014-02-12,1910.0,2021.0,3185.0,1525.0,1444.0,1785.0,1891.0,2967.0,2011.0,1002.0,2372.0,1146.0,886.0,1530.0,1267.0,831.0,1220.0,1321.0,1231.0,0.0,0.0,0.0,1164.0,2483.0,782.0,592.0,1190.0,804.0,0.0,695.0,1134.0,528.0,1042.0,2235.0,480.0,952.0,1690.0,1800.0,1347.0,1128.0,952.0,0.0,1189.0,4220.0,3474.0,3504.0,3743.0,2964.0,2401.0,2550.0,1746.0,0.0,0.0,717.0
2014-02-13,1910.0,2081.0,3205.0,1531.0,1584.0,1857.0,1874.0,3075.0,2267.0,1031.0,2565.0,1235.0,891.0,1702.0,1393.0,884.0,1300.0,1374.0,1079.0,0.0,0.0,0.0,1088.0,2653.0,891.0,666.0,1381.0,1067.0,0.0,813.0,1331.0,597.0,1075.0,2578.0,578.0,1054.0,1705.0,1654.0,1404.0,1258.0,987.0,0.0,1301.0,4242.0,3439.0,3617.0,3933.0,2894.0,2436.0,2768.0,1892.0,0.0,0.0,782.0
2014-02-14,2130.0,2202.0,3550.0,1746.0,2093.0,2184.0,2312.0,3245.0,2238.0,1135.0,2651.0,1276.0,995.0,1487.0,1492.0,1035.0,1166.0,1328.0,1254.0,0.0,0.0,0.0,1285.0,2810.0,1279.0,1009.0,1424.0,1042.0,0.0,756.0,1563.0,692.0,1147.0,3188.0,644.0,1149.0,1909.0,2129.0,1424.0,1428.0,1219.0,0.0,1893.0,4362.0,4025.0,4137.0,4217.0,3538.0,2739.0,3127.0,2031.0,0.0,0.0,986.0
2014-02-15,1333.0,2110.0,3695.0,1741.0,1530.0,2109.0,1820.0,2947.0,2497.0,1223.0,2624.0,1313.0,1207.0,1883.0,1314.0,1017.0,1458.0,1305.0,1589.0,0.0,0.0,0.0,1130.0,2386.0,1604.0,923.0,1667.0,1326.0,0.0,793.0,1585.0,765.0,1255.0,2912.0,772.0,1154.0,1593.0,2403.0,1630.0,1308.0,1153.0,0.0,1232.0,4905.0,4367.0,4481.0,4439.0,4020.0,2772.0,3059.0,1897.0,0.0,0.0,929.0
2014-02-16,482.0,2024.0,3418.0,1755.0,1465.0,2266.0,1513.0,2803.0,2385.0,973.0,2709.0,1179.0,936.0,1107.0,975.0,1204.0,1426.0,1312.0,1282.0,0.0,0.0,0.0,1125.0,1843.0,866.0,882.0,1722.0,1543.0,0.0,696.0,1517.0,713.0,1284.0,2490.0,719.0,1131.0,1274.0,2415.0,1599.0,1152.0,1170.0,0.0,1355.0,4739.0,4366.0,4550.0,4728.0,4372.0,2831.0,2956.0,1791.0,0.0,0.0,1189.0
2014-02-17,1807.0,1766.0,2899.0,1378.0,1526.0,1747.0,1945.0,2712.0,2081.0,1100.0,2292.0,1206.0,904.0,1549.0,1377.0,927.0,1309.0,1271.0,1241.0,0.0,0.0,0.0,1076.0,2312.0,759.0,585.0,1153.0,977.0,0.0,771.0,1270.0,602.0,1094.0,2484.0,653.0,1044.0,1309.0,1552.0,1245.0,1445.0,859.0,0.0,1342.0,3741.0,3387.0,3055.0,3342.0,2843.0,2159.0,2239.0,1629.0,0.0,0.0,757.0
2014-02-18,1742.0,1797.0,2794.0,1337.0,1413.0,1633.0,1765.0,2600.0,2067.0,1148.0,2138.0,1186.0,912.0,1383.0,1302.0,839.0,1269.0,1338.0,1115.0,0.0,0.0,0.0,1066.0,2245.0,670.0,527.0,1024.0,1062.0,0.0,730.0,1284.0,604.0,1103.0,2422.0,594.0,1063.0,1446.0,1396.0,1472.0,1339.0,772.0,0.0,1036.0,3672.0,3057.0,2902.0,3224.0,2522.0,1992.0,2208.0,1475.0,0.0,0.0,753.0
2014-02-19,1918.0,1911.0,2975.0,1426.0,1355.0,1700.0,1931.0,2795.0,1810.0,975.0,1892.0,1034.0,799.0,1285.0,1162.0,850.0,1121.0,1202.0,1088.0,0.0,0.0,0.0,1104.0,2401.0,745.0,621.0,1257.0,925.0,0.0,801.0,1120.0,569.0,990.0,2263.0,536.0,832.0,1593.0,1516.0,1206.0,1197.0,887.0,0.0,1211.0,4024.0,3188.0,2799.0,3317.0,2467.0,2167.0,2147.0,1726.0,0.0,0.0,676.0
2014-02-20,1738.0,1865.0,2756.0,1396.0,1286.0,1558.0,1753.0,2567.0,1913.0,937.0,2123.0,1024.0,837.0,1389.0,1236.0,809.0,1189.0,1338.0,961.0,0.0,0.0,0.0,1050.0,2286.0,736.0,542.0,1202.0,985.0,0.0,778.0,1200.0,617.0,1035.0,2248.0,515.0,895.0,1459.0,1335.0,1257.0,1175.0,736.0,0.0,1171.0,3747.0,2873.0,2730.0,3224.0,2409.0,1934.0,2015.0,1553.0,0.0,0.0,642.0
2014-02-21,1701.0,1886.0,3004.0,1395.0,1412.0,1616.0,1903.0,2827.0,1703.0,876.0,2089.0,1075.0,783.0,1346.0,1202.0,816.0,1032.0,1144.0,1066.0,0.0,0.0,0.0,1137.0,2455.0,889.0,589.0,1207.0,916.0,0.0,618.0,1328.0,570.0,957.0,2578.0,504.0,919.0,1578.0,1632.0,1319.0,1244.0,902.0,0.0,1549.0,3838.0,3401.0,2991.0,3491.0,2649.0,2268.0,2280.0,1735.0,0.0,0.0,752.0
2014-02-22,1238.0,2061.0,3577.0,1692.0,1483.0,2150.0,1745.0,2945.0,2296.0,1154.0,2647.0,1342.0,1236.0,1895.0,1355.0,1100.0,1547.0,1212.0,2030.0,0.0,0.0,0.0,1250.0,2291.0,934.0,689.0,1549.0,1102.0,0.0,692.0,1637.0,701.0,1336.0,2884.0,604.0,1077.0,1646.0,2482.0,1842.0,1328.0,1143.0,0.0,1443.0,5233.0,4339.0,4440.0,4666.0,4000.0,2860.0,3414.0,1859.0,0.0,0.0,946.0
2014-02-23,463.0,1945.0,3065.0,1693.0,1333.0,2142.0,1461.0,2468.0,2013.0,941.0,2811.0,1335.0,827.0,1036.0,979.0,1278.0,1422.0,1102.0,1306.0,0.0,0.0,0.0,1141.0,1419.0,590.0,668.0,1592.0,1585.0,0.0,587.0,1548.0,581.0,1029.0,2395.0,739.0,980.0,1065.0,2323.0,1357.0,1069.0,1157.0,0.0,1271.0,4342.0,3622.0,4056.0,4152.0,3770.0,2239.0,2806.0,1689.0,0.0,0.0,1027.0
2014-02-24,1814.0,1874.0,2940.0,1456.0,1517.0,1775.0,1829.0,2638.0,2021.0,1068.0,2209.0,1174.0,891.0,1514.0,1371.0,936.0,1316.0,1296.0,1253.0,0.0,0.0,0.0,1112.0,2247.0,684.0,622.0,1282.0,1039.0,0.0,647.0,1372.0,642.0,1207.0,2494.0,548.0,938.0,1496.0,1585.0,1439.0,1344.0,926.0,0.0,1385.0,3845.0,3184.0,3258.0,3411.0,2851.0,2096.0,2361.0,1550.0,0.0,0.0,944.0
2014-02-25,1849.0,1740.0,2793.0,1374.0,1283.0,1602.0,1818.0,2626.0,1871.0,1015.0,2192.0,1124.0,862.0,1430.0,1338.0,944.0,1281.0,1361.0,1267.0,0.0,0.0,0.0,1070.0,2192.0,705.0,485.0,1164.0,1028.0,0.0,679.0,1341.0,593.0,1125.0,2279.0,570.0,1013.0,1407.0,1459.0,1385.0,1234.0,864.0,0.0,1187.0,3760.0,2926.0,2772.0,3030.0,2373.0,1921.0,2076.0,1447.0,0.0,0.0,831.0
2014-02-26,1863.0,1941.0,3039.0,1402.0,1399.0,1706.0,1784.0,2798.0,1751.0,884.0,2101.0,1195.0,762.0,1306.0,1191.0,783.0,1093.0,1193.0,1205.0,0.0,0.0,0.0,1125.0,2379.0,854.0,596.0,1244.0,908.0,0.0,648.0,1171.0,532.0,1000.0,2244.0,502.0,930.0,1593.0,1683.0,1359.0,1104.0,934.0,0.0,1172.0,3996.0,3155.0,2897.0,3327.0,2405.0,2094.0,2297.0,1797.0,0.0,0.0,700.0
2014-02-27,1696.0,1832.0,2841.0,1293.0,1358.0,1578.0,1800.0,2607.0,1955.0,936.0,2146.0,1159.0,791.0,1432.0,1245.0,960.0,1238.0,1246.0,1022.0,0.0,0.0,0.0,1010.0,2035.0,940.0,550.0,1224.0,979.0,0.0,673.0,1432.0,630.0,1048.0,2408.0,570.0,982.0,1516.0,1616.0,1510.0,1153.0,848.0,0.0,1222.0,3899.0,3129.0,2978.0,3177.0,2331.0,2078.0,2108.0,1506.0,0.0,0.0,703.0
2014-02-28,1880.0,1982.0,3203.0,1485.0,1448.0,1746.0,2048.0,2992.0,1881.0,929.0,2224.0,1195.0,909.0,1455.0,1152.0,824.0,1107.0,1255.0,1554.0,0.0,0.0,0.0,1217.0,2750.0,1569.0,758.0,1265.0,1049.0,0.0,774.0,1467.0,678.0,874.0,2878.0,682.0,1171.0,1885.0,1981.0,1709.0,1216.0,1041.0,0.0,1834.0,4440.0,3775.0,3434.0,3966.0,2946.0,2578.0,2535.0,2042.0,0.0,0.0,788.0
2014-03-01,1111.0,1958.0,3406.0,1650.0,1713.0,2182.0,1654.0,2870.0,2736.0,1249.0,3081.0,1370.0,1382.0,1972.0,1320.0,1178.0,1366.0,1090.0,1905.0,0.0,0.0,0.0,1312.0,2472.0,2994.0,1106.0,1740.0,1629.0,0.0,909.0,1862.0,935.0,1557.0,3405.0,1232.0,1832.0,1773.0,2650.0,2087.0,1446.0,1372.0,0.0,1674.0,4857.0,4596.0,4895.0,4890.0,4281.0,3126.0,3311.0,2009.0,0.0,0.0,1037.0
2014-03-02,346.0,1419.0,2716.0,1309.0,1265.0,1654.0,1171.0,2124.0,2115.0,911.0,3020.0,1155.0,834.0,971.0,863.0,1114.0,1145.0,918.0,1181.0,0.0,0.0,0.0,946.0,1492.0,3097.0,700.0,1668.0,1417.0,0.0,649.0,1362.0,632.0,1101.0,2503.0,1177.0,1760.0,774.0,1691.0,1215.0,930.0,1002.0,0.0,1384.0,3982.0,3868.0,4066.0,4066.0,3763.0,2460.0,2570.0,1472.0,0.0,0.0,1146.0
2014-03-03,400.0,1644.0,2807.0,1327.0,1052.0,1742.0,1349.0,2131.0,2127.0,787.0,2525.0,1228.0,970.0,980.0,996.0,901.0,1239.0,892.0,1128.0,0.0,0.0,0.0,1093.0,1434.0,2735.0,547.0,1612.0,1214.0,0.0,704.0,1131.0,560.0,769.0,1940.0,1090.0,1397.0,892.0,1465.0,1103.0,651.0,919.0,0.0,1196.0,4004.0,4067.0,4009.0,4267.0,3555.0,2612.0,2666.0,1401.0,0.0,0.0,761.0
2014-03-04,489.0,1965.0,3292.0,1708.0,994.0,2116.0,1561.0,2546.0,2443.0,1025.0,2562.0,1146.0,979.0,1124.0,782.0,934.0,1512.0,1218.0,1141.0,0.0,0.0,0.0,943.0,1605.0,1256.0,650.0,1851.0,1438.0,0.0,782.0,1345.0,639.0,692.0,2003.0,739.0,1100.0,1000.0,1899.0,1581.0,642.0,895.0,0.0,1137.0,4555.0,4337.0,4567.0,4714.0,4168.0,2848.0,2721.0,1573.0,0.0,0.0,601.0
2014-03-05,1905.0,1970.0,3052.0,1566.0,1771.0,1750.0,2055.0,2896.0,2116.0,1082.0,2797.0,1222.0,968.0,1763.0,1484.0,1106.0,1316.0,1371.0,1380.0,0.0,0.0,0.0,1240.0,2646.0,1079.0,758.0,1377.0,1176.0,0.0,848.0,1394.0,628.0,1362.0,2630.0,790.0,1243.0,1719.0,1817.0,1615.0,1473.0,1060.0,0.0,1445.0,4002.0,3550.0,3422.0,3771.0,2884.0,2338.0,2426.0,1664.0,0.0,0.0,1035.0
2014-03-06,1825.0,1877.0,2997.0,1448.0,1618.0,1609.0,1854.0,2705.0,2236.0,1207.0,2780.0,1183.0,947.0,1712.0,1404.0,942.0,1239.0,1394.0,1303.0,0.0,0.0,0.0,1172.0,2462.0,952.0,691.0,1229.0,1138.0,0.0,795.0,1464.0,706.0,1240.0,2560.0,773.0,1190.0,1607.0,1747.0,1545.0,1388.0,977.0,0.0,1456.0,4011.0,3114.0,3217.0,3607.0,2859.0,2246.0,2275.0,1591.0,0.0,0.0,855.0
2014-03-07,1827.0,1924.0,3081.0,1438.0,1563.0,1698.0,2013.0,2890.0,1851.0,1020.0,2371.0,1134.0,866.0,1420.0,1276.0,945.0,1082.0,1177.0,1186.0,0.0,0.0,0.0,1192.0,2537.0,1274.0,683.0,1277.0,1009.0,0.0,781.0,1322.0,685.0,1068.0,2698.0,624.0,1084.0,1645.0,1781.0,1373.0,1240.0,940.0,0.0,1637.0,4127.0,3476.0,3247.0,3624.0,2902.0,2386.0,2453.0,1698.0,0.0,0.0,836.0
2014-03-08,1510.0,2089.0,3443.0,1698.0,1628.0,2009.0,1876.0,3042.0,2416.0,1193.0,2869.0,1324.0,1287.0,1769.0,1402.0,1040.0,1411.0,1320.0,1852.0,0.0,0.0,0.0,1204.0,2491.0,1574.0,838.0,1530.0,1282.0,0.0,875.0,1552.0,698.0,1103.0,2700.0,698.0,1264.0,1721.0,2372.0,1772.0,1371.0,1120.0,0.0,1459.0,5192.0,4437.0,4462.0,4556.0,3901.0,2959.0,3288.0,1801.0,0.0,0.0,948.0
2014-03-09,535.0,1999.0,3649.0,1844.0,1439.0,2333.0,1559.0,2868.0,2579.0,1142.0,2937.0,1256.0,977.0,1315.0,1121.0,1219.0,1365.0,1482.0,1215.0,0.0,0.0,0.0,1049.0,1848.0,889.0,778.0,1712.0,1521.0,0.0,681.0,1555.0,661.0,1293.0,2377.0,666.0,1125.0,1419.0,2531.0,1802.0,1218.0,1227.0,0.0,1406.0,5533.0,4702.0,4906.0,5039.0,4677.0,3011.0,3269.0,1801.0,0.0,0.0,1164.0
2014-03-10,1756.0,1815.0,2883.0,1344.0,1488.0,1707.0,1773.0,2650.0,2120.0,1088.0,2413.0,1146.0,938.0,1721.0,1431.0,930.0,1177.0,1383.0,1189.0,0.0,0.0,0.0,1079.0,2371.0,864.0,619.0,1256.0,997.0,0.0,735.0,1360.0,575.0,1200.0,2519.0,657.0,1038.0,1575.0,1561.0,1420.0,1473.0,910.0,0.0,1298.0,3771.0,3260.0,3253.0,3481.0,2588.0,2147.0,2298.0,1541.0,0.0,0.0,738.0
2014-03-11,1841.0,1905.0,2810.0,1392.0,1417.0,1600.0,1731.0,2714.0,1978.0,1061.0,2385.0,1050.0,853.0,1469.0,1246.0,875.0,1230.0,1489.0,1110.0,0.0,0.0,0.0,1124.0,2309.0,807.0,614.0,1235.0,1138.0,0.0,721.0,1391.0,623.0,1168.0,2517.0,670.0,1126.0,1486.0,1478.0,1433.0,1373.0,891.0,0.0,1249.0,3844.0,3070.0,3056.0,3389.0,2389.0,1992.0,2193.0,1522.0,0.0,0.0,829.0
2014-03-12,1886.0,1942.0,3005.0,1481.0,1429.0,1628.0,1935.0,2920.0,1804.0,907.0,2080.0,1141.0,916.0,1382.0,1173.0,799.0,1128.0,1356.0,1122.0,0.0,0.0,0.0,1136.0,2423.0,955.0,688.0,1292.0,950.0,0.0,656.0,1312.0,474.0,1063.0,2364.0,580.0,972.0,1525.0,1583.0,1202.0,1188.0,980.0,0.0,1298.0,4139.0,3203.0,3021.0,3366.0,2522.0,2279.0,2180.0,1699.0,0.0,0.0,736.0
2014-03-13,1752.0,1815.0,2826.0,1275.0,1506.0,1548.0,1721.0,2627.0,1847.0,936.0,2193.0,1116.0,791.0,1380.0,1312.0,769.0,1169.0,1401.0,1062.0,0.0,0.0,0.0,1063.0,2320.0,765.0,629.0,1250.0,1007.0,0.0,698.0,1516.0,648.0,1040.0,2561.0,649.0,1034.0,1454.0,1424.0,1381.0,1211.0,876.0,0.0,1202.0,3660.0,3047.0,2780.0,3163.0,2307.0,2060.0,1894.0,1574.0,0.0,0.0,723.0
2014-03-14,1814.0,1975.0,3081.0,1371.0,1485.0,1623.0,1929.0,2921.0,1777.0,870.0,2134.0,1040.0,780.0,1234.0,1189.0,785.0,978.0,1337.0,1085.0,0.0,0.0,0.0,1132.0,2589.0,1162.0,732.0,1214.0,975.0,0.0,630.0,1392.0,614.0,1058.0,2690.0,629.0,1047.0,1582.0,1533.0,1265.0,1211.0,906.0,0.0,1652.0,3996.0,3453.0,3022.0,3462.0,2674.0,2325.0,2427.0,1768.0,0.0,0.0,838.0
2014-03-15,1317.0,1986.0,3348.0,1552.0,1574.0,1905.0,1734.0,2987.0,2307.0,1017.0,2523.0,1258.0,1199.0,1726.0,1286.0,988.0,1354.0,1231.0,1710.0,0.0,0.0,0.0,1171.0,2377.0,1723.0,1021.0,1565.0,1251.0,0.0,791.0,1621.0,698.0,1366.0,3065.0,788.0,1182.0,1675.0,2156.0,1733.0,1305.0,1058.0,0.0,1282.0,5025.0,4202.0,4453.0,4415.0,3839.0,2870.0,3182.0,1807.0,0.0,0.0,936.0
2014-03-16,553.0,2262.0,3650.0,1872.0,1435.0,2367.0,1613.0,3049.0,2553.0,1062.0,2785.0,1248.0,965.0,1175.0,1036.0,1132.0,1396.0,1471.0,1202.0,0.0,0.0,0.0,1111.0,1850.0,964.0,905.0,1755.0,1519.0,0.0,630.0,1570.0,696.0,1262.0,2507.0,765.0,1073.0,1300.0,2431.0,1728.0,1099.0,1200.0,0.0,1258.0,5553.0,4955.0,5330.0,5169.0,4750.0,3130.0,3220.0,1691.0,0.0,0.0,993.0
2014-03-17,1837.0,2059.0,3075.0,1438.0,1626.0,1795.0,1933.0,2848.0,2137.0,1098.0,2372.0,1133.0,907.0,1600.0,1418.0,995.0,1339.0,1482.0,1178.0,0.0,0.0,0.0,1104.0,2398.0,870.0,764.0,1323.0,1064.0,0.0,697.0,1436.0,592.0,1216.0,2611.0,674.0,1126.0,1444.0,1549.0,1447.0,1524.0,904.0,0.0,1372.0,3965.0,3530.0,3194.0,3512.0,2802.0,2237.0,2248.0,1641.0,0.0,0.0,869.0
2014-03-18,1759.0,2058.0,2895.0,1301.0,1434.0,1641.0,1713.0,2672.0,2042.0,1100.0,2191.0,1080.0,900.0,1453.0,1323.0,855.0,1307.0,1374.0,1155.0,0.0,0.0,0.0,1065.0,2380.0,825.0,695.0,1224.0,1209.0,0.0,719.0,1498.0,610.0,1268.0,2668.0,739.0,1241.0,1490.0,1449.0,1418.0,1386.0,900.0,0.0,1269.0,3644.0,3008.0,2865.0,3204.0,2413.0,2108.0,2092.0,1541.0,0.0,0.0,731.0
2014-03-19,1896.0,1985.0,3071.0,1478.0,1466.0,1729.0,1928.0,2911.0,1874.0,999.0,2195.0,1129.0,807.0,1369.0,1221.0,898.0,1153.0,1256.0,1156.0,0.0,0.0,0.0,1142.0,2500.0,949.0,837.0,1322.0,1006.0,0.0,660.0,1198.0,642.0,1021.0,2415.0,596.0,999.0,1642.0,1508.0,1288.0,1241.0,890.0,0.0,1224.0,4133.0,3183.0,2911.0,3436.0,2510.0,2273.0,2254.0,1844.0,0.0,0.0,766.0
2014-03-20,1628.0,1793.0,2904.0,1372.0,1379.0,1595.0,1765.0,2688.0,1974.0,923.0,2125.0,1153.0,831.0,1507.0,1292.0,802.0,1165.0,1462.0,1104.0,0.0,0.0,0.0,1070.0,2426.0,942.0,699.0,1182.0,981.0,0.0,776.0,1399.0,613.0,1058.0,2614.0,639.0,1164.0,1432.0,1480.0,1320.0,1269.0,933.0,0.0,1232.0,3576.0,2994.0,3023.0,3244.0,2424.0,2046.0,2192.0,1484.0,0.0,0.0,788.0
2014-03-21,1903.0,1930.0,3184.0,1513.0,1445.0,1698.0,1926.0,2891.0,1796.0,873.0,2155.0,1131.0,813.0,1324.0,1170.0,827.0,1054.0,1232.0,1060.0,0.0,0.0,0.0,1139.0,2531.0,1325.0,725.0,1294.0,943.0,0.0,697.0,1318.0,596.0,1000.0,2874.0,634.0,1057.0,1486.0,1586.0,1263.0,1179.0,951.0,0.0,1686.0,3914.0,3449.0,3142.0,3546.0,2807.0,2362.0,2405.0,1723.0,0.0,0.0,785.0
2014-03-22,1327.0,2084.0,3694.0,1641.0,1509.0,2128.0,1838.0,3121.0,2278.0,1168.0,2503.0,1293.0,1153.0,1908.0,1288.0,1045.0,1433.0,1385.0,1941.0,0.0,0.0,0.0,1161.0,2368.0,1877.0,874.0,1637.0,1255.0,0.0,669.0,1579.0,692.0,1171.0,2950.0,701.0,1259.0,1701.0,2356.0,1836.0,1249.0,1032.0,0.0,1361.0,5231.0,4394.0,4440.0,4542.0,3800.0,2963.0,3312.0,1797.0,0.0,0.0,945.0
2014-03-23,523.0,2015.0,3680.0,1811.0,1327.0,2273.0,1559.0,2761.0,2367.0,1016.0,2680.0,1294.0,963.0,1154.0,1009.0,1111.0,1376.0,1347.0,1251.0,0.0,0.0,0.0,1085.0,1828.0,979.0,855.0,1694.0,1397.0,0.0,582.0,1423.0,603.0,1123.0,2430.0,758.0,1072.0,1269.0,2410.0,1675.0,1076.0,1171.0,0.0,1267.0,5200.0,4511.0,4823.0,4967.0,4478.0,3085.0,3083.0,1697.0,0.0,0.0,1013.0
2014-03-24,1704.0,1843.0,3040.0,1385.0,1329.0,1685.0,1815.0,2744.0,1805.0,881.0,2261.0,1136.0,876.0,1576.0,1260.0,804.0,1168.0,1349.0,1132.0,0.0,0.0,0.0,1091.0,2318.0,0.0,609.0,1176.0,967.0,0.0,637.0,1333.0,584.0,1150.0,2501.0,655.0,1105.0,1498.0,1491.0,1348.0,1440.0,898.0,0.0,1264.0,3732.0,3096.0,3023.0,3400.0,2688.0,2038.0,2150.0,1648.0,0.0,0.0,773.0
2014-03-25,1863.0,1760.0,2880.0,1337.0,1407.0,1612.0,1813.0,2580.0,1817.0,1027.0,2260.0,1077.0,841.0,1448.0,1337.0,919.0,1290.0,1422.0,1165.0,0.0,0.0,0.0,1119.0,2288.0,783.0,548.0,1235.0,1058.0,0.0,701.0,1348.0,616.0,1119.0,2500.0,647.0,1114.0,1439.0,1401.0,1316.0,1375.0,918.0,0.0,1329.0,3637.0,3090.0,2775.0,3208.0,2456.0,2043.0,2172.0,1533.0,0.0,0.0,831.0
2014-03-26,1818.0,1978.0,3037.0,1439.0,1433.0,1783.0,1959.0,2901.0,1731.0,880.0,1942.0,1116.0,797.0,1383.0,1230.0,837.0,1150.0,1271.0,1099.0,0.0,0.0,0.0,1121.0,2429.0,956.0,565.0,1360.0,867.0,0.0,624.0,1207.0,542.0,1016.0,2482.0,558.0,944.0,1622.0,1633.0,1281.0,1239.0,954.0,0.0,1147.0,4051.0,3157.0,2861.0,3375.0,2573.0,2115.0,2145.0,1593.0,0.0,0.0,686.0
2014-03-27,1683.0,1741.0,2820.0,1350.0,1329.0,1555.0,1771.0,2547.0,1893.0,873.0,2071.0,1224.0,810.0,1308.0,1220.0,789.0,1141.0,1350.0,1031.0,0.0,0.0,0.0,1099.0,2309.0,876.0,514.0,1209.0,979.0,0.0,645.0,1230.0,587.0,1011.0,2475.0,627.0,969.0,1382.0,1384.0,1304.0,1203.0,844.0,0.0,1173.0,3527.0,2835.0,2700.0,3112.0,2344.0,1984.0,2070.0,1472.0,0.0,0.0,709.0
2014-03-28,1862.0,2018.0,3292.0,1443.0,1400.0,1765.0,2048.0,2965.0,1685.0,835.0,1994.0,1116.0,825.0,1249.0,1176.0,786.0,1010.0,1283.0,1086.0,0.0,0.0,0.0,1112.0,2461.0,1240.0,681.0,1212.0,915.0,0.0,628.0,1283.0,531.0,991.0,2855.0,565.0,1059.0,1589.0,1673.0,1290.0,1178.0,919.0,0.0,1686.0,4056.0,3469.0,3186.0,3605.0,2785.0,2346.0,2479.0,1709.0,0.0,0.0,839.0
2014-03-29,1274.0,2015.0,3649.0,1667.0,1540.0,2119.0,1810.0,3035.0,2415.0,1143.0,2550.0,1427.0,1279.0,2032.0,1333.0,1001.0,1449.0,1357.0,1997.0,0.0,0.0,0.0,1231.0,2254.0,1800.0,783.0,1631.0,1248.0,0.0,636.0,1578.0,655.0,1274.0,2881.0,862.0,1186.0,1568.0,2338.0,1814.0,1283.0,1116.0,0.0,1243.0,5444.0,4565.0,4706.0,4796.0,4213.0,3091.0,3570.0,1790.0,0.0,0.0,987.0
2014-03-30,505.0,1958.0,3669.0,1698.0,1446.0,2224.0,1541.0,2805.0,2312.0,1011.0,2501.0,1272.0,1045.0,1104.0,1037.0,1077.0,1327.0,1412.0,1255.0,0.0,0.0,0.0,1042.0,1721.0,910.0,736.0,1712.0,1420.0,0.0,566.0,1324.0,675.0,1131.0,2332.0,668.0,999.0,1330.0,2590.0,1711.0,1100.0,1182.0,0.0,1141.0,5201.0,4617.0,4906.0,4938.0,4500.0,3009.0,3260.0,1684.0,0.0,0.0,978.0
2014-03-31,1862.0,2014.0,3198.0,1437.0,1542.0,1816.0,1967.0,2861.0,2228.0,1097.0,2387.0,1230.0,953.0,1660.0,1357.0,921.0,1294.0,1447.0,1333.0,0.0,0.0,0.0,1129.0,2359.0,898.0,683.0,1237.0,1013.0,0.0,673.0,1418.0,603.0,1198.0,2610.0,691.0,1121.0,1564.0,1668.0,1388.0,1445.0,956.0,0.0,1363.0,4121.0,3608.0,3492.0,3907.0,3094.0,2349.0,2485.0,1700.0,0.0,0.0,888.0
2014-04-01,1847.0,1966.0,3256.0,1468.0,1433.0,1907.0,1988.0,2921.0,2408.0,1342.0,2709.0,1292.0,1091.0,1604.0,1453.0,1047.0,1367.0,1681.0,1231.0,0.0,0.0,0.0,1117.0,2450.0,819.0,764.0,1296.0,1247.0,0.0,706.0,1504.0,761.0,1257.0,2747.0,729.0,1217.0,1694.0,1710.0,1527.0,1406.0,986.0,0.0,1376.0,4158.0,3613.0,3439.0,3902.0,3143.0,2379.0,2406.0,1603.0,0.0,0.0,855.0
2014-04-02,1899.0,2088.0,3324.0,1598.0,1468.0,2002.0,2008.0,3056.0,2119.0,1029.0,2666.0,1249.0,927.0,1442.0,1400.0,751.0,1289.0,1410.0,1230.0,0.0,0.0,0.0,1179.0,2573.0,911.0,757.0,1356.0,1093.0,0.0,660.0,1395.0,595.0,1154.0,2549.0,616.0,1090.0,1690.0,1878.0,1328.0,1259.0,1045.0,0.0,1285.0,4366.0,3645.0,3639.0,3925.0,3000.0,2426.0,2377.0,1866.0,0.0,0.0,763.0
2014-04-03,1789.0,1883.0,2965.0,1383.0,1486.0,1641.0,1800.0,2678.0,2277.0,1056.0,2671.0,1153.0,905.0,1572.0,1303.0,911.0,1246.0,1462.0,1130.0,0.0,0.0,0.0,1118.0,2403.0,912.0,656.0,1181.0,1070.0,0.0,706.0,1386.0,606.0,1048.0,2572.0,643.0,1080.0,1479.0,1674.0,1389.0,1296.0,935.0,0.0,1258.0,3763.0,3210.0,3165.0,3566.0,2829.0,2223.0,2325.0,1473.0,0.0,0.0,786.0
2014-04-04,1875.0,1980.0,3244.0,1471.0,1319.0,1752.0,1966.0,2996.0,1879.0,910.0,2435.0,1226.0,981.0,1365.0,1177.0,848.0,1027.0,1390.0,1190.0,0.0,0.0,0.0,1198.0,2571.0,1254.0,723.0,1310.0,942.0,0.0,626.0,1299.0,574.0,998.0,2748.0,618.0,1109.0,1616.0,1777.0,1360.0,1219.0,1015.0,0.0,1702.0,4381.0,3628.0,3475.0,3932.0,2954.0,2527.0,2628.0,1718.0,0.0,0.0,767.0
2014-04-05,1393.0,2108.0,4041.0,1803.0,1415.0,2297.0,1986.0,3225.0,2788.0,1309.0,3063.0,1412.0,1346.0,2075.0,1388.0,1054.0,1553.0,1517.0,2206.0,0.0,0.0,0.0,1293.0,2445.0,1796.0,816.0,1711.0,1359.0,0.0,698.0,1563.0,694.0,1295.0,2945.0,714.0,1295.0,1624.0,2471.0,1860.0,1352.0,1162.0,0.0,1383.0,5529.0,4963.0,5140.0,5292.0,4457.0,3207.0,3659.0,1850.0,0.0,0.0,984.0
2014-04-06,529.0,1961.0,3821.0,1854.0,1469.0,2352.0,1556.0,2877.0,2724.0,1216.0,3165.0,1316.0,1016.0,1267.0,1203.0,1089.0,1454.0,1522.0,1277.0,0.0,0.0,0.0,1220.0,1766.0,941.0,716.0,1719.0,1302.0,0.0,548.0,1400.0,634.0,1200.0,2460.0,655.0,1071.0,1439.0,2621.0,1923.0,1075.0,1207.0,0.0,1305.0,5571.0,5031.0,5267.0,5428.0,4846.0,3118.0,3524.0,1790.0,0.0,0.0,1043.0
2014-04-07,1936.0,1932.0,3168.0,1441.0,1363.0,1814.0,1927.0,2820.0,2213.0,1140.0,2435.0,1328.0,985.0,1645.0,1423.0,889.0,1338.0,1483.0,1278.0,0.0,0.0,0.0,1047.0,2288.0,847.0,621.0,1389.0,1018.0,0.0,605.0,1400.0,517.0,1089.0,2526.0,618.0,1060.0,1575.0,1660.0,1447.0,1486.0,958.0,0.0,1410.0,4025.0,3535.0,3333.0,3768.0,3013.0,2240.0,2540.0,1601.0,0.0,0.0,808.0
2014-04-08,1743.0,1891.0,2944.0,1461.0,1285.0,1627.0,1864.0,2604.0,1997.0,1132.0,2427.0,1165.0,874.0,1612.0,1371.0,851.0,1263.0,1495.0,1156.0,0.0,0.0,0.0,1096.0,2311.0,826.0,614.0,1212.0,1096.0,0.0,741.0,1383.0,570.0,1119.0,2445.0,650.0,1166.0,1498.0,1537.0,1506.0,1418.0,973.0,0.0,1294.0,3868.0,3161.0,3006.0,3430.0,2516.0,2117.0,2314.0,1536.0,0.0,0.0,739.0
2014-04-09,1940.0,1943.0,3152.0,1495.0,1288.0,1809.0,1998.0,3000.0,1965.0,1007.0,2246.0,1305.0,921.0,1385.0,1292.0,751.0,1177.0,1430.0,1177.0,0.0,0.0,0.0,1071.0,2394.0,922.0,556.0,1311.0,940.0,0.0,667.0,1174.0,555.0,996.0,2408.0,526.0,953.0,1698.0,1730.0,1240.0,1207.0,1000.0,0.0,1254.0,4315.0,3459.0,3204.0,3699.0,2607.0,2438.0,2310.0,1740.0,0.0,0.0,697.0
2014-04-10,1770.0,1920.0,2963.0,1473.0,1265.0,1750.0,1822.0,2825.0,2023.0,1042.0,2295.0,1372.0,924.0,1571.0,1338.0,830.0,1190.0,1541.0,1099.0,0.0,0.0,0.0,1119.0,2155.0,927.0,574.0,1219.0,955.0,0.0,642.0,1309.0,488.0,1006.0,2368.0,640.0,1103.0,1499.0,1469.0,1270.0,1150.0,936.0,0.0,1230.0,3859.0,3199.0,3129.0,3552.0,2692.0,2220.0,2376.0,1431.0,0.0,0.0,730.0
2014-04-11,1866.0,2007.0,3236.0,1447.0,1323.0,1757.0,2195.0,2997.0,1814.0,902.0,2239.0,1245.0,974.0,1378.0,1250.0,789.0,1136.0,1374.0,1124.0,0.0,0.0,0.0,1230.0,2329.0,1262.0,623.0,1253.0,866.0,0.0,612.0,1285.0,552.0,975.0,2629.0,504.0,1057.0,1585.0,1783.0,1405.0,1203.0,939.0,0.0,1572.0,4231.0,3618.0,3343.0,3778.0,2706.0,2456.0,2602.0,1792.0,0.0,0.0,810.0
2014-04-12,1340.0,2226.0,3584.0,1746.0,1426.0,2203.0,1920.0,3124.0,2367.0,1219.0,2537.0,1364.0,1237.0,1953.0,1336.0,980.0,1461.0,1391.0,1835.0,0.0,0.0,0.0,1200.0,2289.0,1962.0,821.0,1746.0,1308.0,0.0,755.0,1502.0,706.0,1194.0,2687.0,697.0,1147.0,1809.0,2422.0,1758.0,1201.0,1172.0,0.0,1313.0,5395.0,4425.0,4834.0,4889.0,3982.0,3030.0,3564.0,1906.0,0.0,0.0,916.0
2014-04-13,463.0,2009.0,3619.0,1877.0,1260.0,2328.0,1586.0,2892.0,2228.0,1032.0,2768.0,1249.0,996.0,1199.0,1040.0,956.0,1422.0,1413.0,1221.0,0.0,0.0,0.0,1169.0,1536.0,998.0,679.0,1683.0,1324.0,0.0,553.0,1495.0,641.0,1095.0,2324.0,619.0,1015.0,1275.0,2536.0,1705.0,1011.0,1141.0,0.0,1207.0,5380.0,4766.0,4737.0,4953.0,4359.0,2902.0,3307.0,1704.0,0.0,0.0,1098.0
2014-04-14,1880.0,1926.0,3141.0,1487.0,1440.0,1743.0,1890.0,2807.0,2187.0,1147.0,2189.0,1241.0,976.0,1639.0,1361.0,903.0,1326.0,1530.0,1262.0,0.0,0.0,0.0,1156.0,0.0,906.0,579.0,1318.0,993.0,0.0,696.0,1389.0,574.0,1131.0,2446.0,562.0,1039.0,1574.0,1642.0,1484.0,1392.0,998.0,0.0,1324.0,4009.0,3464.0,3184.0,3688.0,2867.0,2297.0,2414.0,1679.0,0.0,0.0,873.0
2014-04-15,1794.0,1824.0,2863.0,1455.0,1377.0,1651.0,1799.0,2666.0,2183.0,1062.0,2253.0,1260.0,961.0,1476.0,1327.0,897.0,1288.0,1516.0,1137.0,0.0,0.0,0.0,1154.0,0.0,877.0,633.0,1266.0,1120.0,0.0,743.0,1403.0,636.0,1235.0,2573.0,662.0,1176.0,1567.0,1565.0,1556.0,1396.0,1006.0,0.0,1279.0,3837.0,3347.0,3199.0,3636.0,2540.0,2278.0,2327.0,1680.0,0.0,0.0,798.0
2014-04-16,1915.0,1991.0,3236.0,1524.0,1533.0,1879.0,2074.0,3114.0,2172.0,997.0,2356.0,1095.0,838.0,1561.0,1329.0,909.0,1256.0,1442.0,1255.0,0.0,0.0,0.0,1149.0,0.0,1117.0,806.0,1357.0,1025.0,0.0,722.0,1272.0,582.0,1170.0,2747.0,666.0,1051.0,1730.0,1838.0,1361.0,1308.0,1053.0,0.0,1302.0,4476.0,3757.0,3623.0,3980.0,2842.0,2485.0,2588.0,1918.0,0.0,0.0,830.0
2014-04-17,1784.0,2072.0,3320.0,1620.0,1710.0,1832.0,1909.0,2907.0,2195.0,968.0,2493.0,1304.0,966.0,1531.0,1385.0,994.0,1184.0,1438.0,1279.0,0.0,0.0,0.0,1282.0,0.0,1498.0,748.0,1293.0,1081.0,0.0,793.0,1433.0,667.0,1272.0,3016.0,729.0,1267.0,1860.0,1955.0,1615.0,1355.0,999.0,0.0,1439.0,4282.0,3816.0,3590.0,4334.0,3098.0,2585.0,2692.0,1923.0,0.0,0.0,980.0
2014-04-18,507.0,1730.0,3165.0,1695.0,1306.0,1999.0,1540.0,2443.0,2146.0,875.0,2579.0,1259.0,1047.0,1349.0,982.0,929.0,1315.0,1094.0,1225.0,0.0,0.0,0.0,957.0,0.0,2431.0,594.0,1712.0,1195.0,0.0,627.0,1187.0,735.0,820.0,2364.0,855.0,1298.0,1132.0,2022.0,1328.0,847.0,1022.0,0.0,1554.0,4638.0,4114.0,4167.0,4416.0,3720.0,2602.0,2994.0,1703.0,0.0,0.0,784.0
2014-04-19,1038.0,1972.0,3648.0,1728.0,1483.0,2052.0,1771.0,2750.0,2352.0,1267.0,2780.0,1414.0,1374.0,1478.0,1354.0,977.0,1511.0,1196.0,1963.0,0.0,0.0,0.0,1150.0,0.0,2360.0,767.0,1579.0,1218.0,0.0,651.0,1396.0,738.0,1114.0,2393.0,909.0,1325.0,1646.0,2409.0,1809.0,1291.0,1132.0,0.0,1323.0,4991.0,4942.0,5048.0,5032.0,4223.0,3101.0,3478.0,1621.0,0.0,0.0,835.0
2014-04-20,414.0,1830.0,3528.0,1745.0,1356.0,2230.0,1461.0,2740.0,2429.0,1107.0,2929.0,1312.0,967.0,1088.0,1085.0,1090.0,1381.0,1312.0,1223.0,0.0,0.0,0.0,1099.0,0.0,1046.0,614.0,1655.0,1305.0,0.0,577.0,1381.0,709.0,1047.0,2199.0,660.0,991.0,1259.0,2405.0,1651.0,1066.0,1130.0,0.0,1258.0,4969.0,4769.0,4920.0,5014.0,4535.0,2967.0,3047.0,1665.0,0.0,0.0,1033.0
2014-04-21,1776.0,1986.0,3158.0,1524.0,1509.0,1760.0,1987.0,2876.0,2171.0,1121.0,2377.0,1225.0,945.0,1302.0,1535.0,973.0,1352.0,1550.0,1333.0,0.0,0.0,0.0,1120.0,0.0,766.0,624.0,1233.0,966.0,0.0,711.0,1334.0,552.0,1176.0,2550.0,652.0,1126.0,1632.0,1694.0,1542.0,1481.0,923.0,0.0,1296.0,3984.0,3715.0,3392.0,4023.0,2905.0,2258.0,2529.0,1654.0,0.0,0.0,813.0
2014-04-22,1688.0,1952.0,2950.0,1460.0,1372.0,1780.0,1799.0,2492.0,2128.0,1229.0,2368.0,1257.0,908.0,1810.0,1490.0,913.0,1271.0,1628.0,1136.0,0.0,0.0,0.0,1169.0,0.0,701.0,579.0,1270.0,1072.0,0.0,715.0,1331.0,630.0,1108.0,2488.0,678.0,1161.0,1558.0,1613.0,1453.0,1373.0,872.0,0.0,1278.0,3822.0,3245.0,2983.0,3558.0,2633.0,2078.0,2385.0,1700.0,0.0,0.0,805.0
2014-04-23,1935.0,1993.0,3100.0,1575.0,1553.0,1804.0,1914.0,2858.0,1858.0,959.0,2091.0,1119.0,864.0,1557.0,1303.0,834.0,1202.0,1345.0,1192.0,0.0,0.0,0.0,1144.0,0.0,838.0,606.0,1224.0,832.0,0.0,650.0,1152.0,505.0,956.0,2380.0,596.0,928.0,1697.0,1797.0,1327.0,1068.0,1098.0,0.0,1170.0,4237.0,3442.0,3110.0,3737.0,2588.0,2355.0,2378.0,1756.0,0.0,0.0,731.0
2014-04-24,1787.0,1790.0,2774.0,1327.0,1274.0,1641.0,1722.0,2725.0,1965.0,956.0,2110.0,1172.0,823.0,1427.0,1229.0,828.0,1177.0,1392.0,1021.0,0.0,0.0,0.0,1084.0,0.0,693.0,575.0,1364.0,988.0,0.0,737.0,1317.0,634.0,1025.0,2487.0,590.0,965.0,1562.0,1490.0,1351.0,1292.0,876.0,0.0,1257.0,3793.0,3050.0,2926.0,3440.0,2506.0,2139.0,2247.0,1500.0,0.0,0.0,725.0
2014-04-25,1860.0,2019.0,3038.0,1449.0,1277.0,1716.0,1995.0,2930.0,1760.0,830.0,2235.0,1037.0,869.0,1292.0,1224.0,736.0,1014.0,1300.0,1180.0,0.0,0.0,0.0,1242.0,0.0,957.0,674.0,1308.0,888.0,0.0,679.0,1185.0,564.0,983.0,2636.0,586.0,968.0,1586.0,1778.0,1339.0,1283.0,876.0,0.0,1579.0,4084.0,3506.0,3146.0,3600.0,2597.0,2416.0,2585.0,1816.0,0.0,0.0,725.0
2014-04-26,1234.0,2097.0,3429.0,1549.0,1511.0,2084.0,1761.0,3005.0,2204.0,1162.0,2387.0,1167.0,1132.0,1941.0,1260.0,964.0,1364.0,1315.0,1793.0,0.0,0.0,0.0,1215.0,0.0,1377.0,769.0,1672.0,1225.0,0.0,769.0,1605.0,679.0,1233.0,2761.0,648.0,1065.0,1500.0,2382.0,1750.0,1306.0,1141.0,0.0,1241.0,5148.0,4419.0,4550.0,4726.0,3818.0,2883.0,3398.0,1957.0,0.0,0.0,980.0
2014-04-27,505.0,2022.0,3492.0,1820.0,1224.0,2189.0,1499.0,2970.0,2391.0,1081.0,2708.0,1154.0,973.0,1210.0,953.0,990.0,1435.0,1361.0,1233.0,0.0,0.0,0.0,1138.0,0.0,771.0,709.0,1711.0,1402.0,0.0,593.0,1461.0,600.0,1078.0,2481.0,634.0,1000.0,1307.0,2519.0,1768.0,1082.0,1163.0,0.0,1237.0,5293.0,4849.0,5167.0,5174.0,4787.0,3187.0,3278.0,1902.0,0.0,0.0,1082.0
2014-04-28,1782.0,1919.0,2996.0,1413.0,1314.0,1654.0,1787.0,2762.0,2047.0,1072.0,2179.0,1134.0,825.0,1506.0,1324.0,833.0,1171.0,1459.0,1214.0,0.0,0.0,0.0,1043.0,0.0,678.0,536.0,1240.0,1009.0,0.0,653.0,1230.0,562.0,1093.0,2361.0,587.0,918.0,1452.0,1563.0,1359.0,1458.0,855.0,0.0,1248.0,3903.0,3307.0,3100.0,3515.0,2695.0,2112.0,2196.0,1662.0,0.0,0.0,756.0
2014-04-29,1756.0,1855.0,2818.0,1361.0,1278.0,1539.0,1835.0,2525.0,1897.0,1049.0,2168.0,1163.0,896.0,1441.0,1416.0,890.0,1265.0,1410.0,1138.0,0.0,0.0,0.0,1025.0,0.0,610.0,535.0,1208.0,1025.0,0.0,739.0,1246.0,586.0,1111.0,2336.0,586.0,1037.0,1460.0,1400.0,1423.0,1263.0,863.0,0.0,1109.0,3607.0,3121.0,2806.0,3278.0,2427.0,1999.0,2160.0,1522.0,0.0,0.0,833.0
2014-04-30,1990.0,1932.0,3050.0,1487.0,1467.0,1702.0,2015.0,2932.0,1790.0,933.0,2061.0,1083.0,827.0,1368.0,1171.0,836.0,1089.0,1347.0,1092.0,0.0,0.0,0.0,1062.0,0.0,814.0,676.0,1330.0,1019.0,0.0,641.0,1170.0,575.0,1071.0,2364.0,551.0,920.0,1578.0,1732.0,1250.0,1212.0,964.0,0.0,1206.0,4165.0,3468.0,3135.0,3711.0,2623.0,2426.0,2371.0,1853.0,0.0,0.0,764.0
2014-05-01,503.0,1970.0,3414.0,1608.0,1441.0,2236.0,1652.0,2732.0,2599.0,884.0,2698.0,1150.0,981.0,1490.0,1113.0,898.0,1373.0,1407.0,1082.0,0.0,0.0,0.0,1037.0,0.0,944.0,738.0,1629.0,1357.0,0.0,657.0,1356.0,613.0,1074.0,2286.0,663.0,1138.0,1465.0,2358.0,1521.0,1059.0,1110.0,0.0,1327.0,5143.0,4521.0,5096.0,5083.0,4496.0,3068.0,3381.0,2136.0,0.0,0.0,753.0
2014-05-02,1805.0,1891.0,3219.0,1416.0,1525.0,1803.0,1984.0,2901.0,2025.0,1010.0,2509.0,1073.0,897.0,1404.0,1330.0,861.0,1118.0,1329.0,1231.0,0.0,0.0,0.0,1170.0,0.0,1091.0,761.0,1329.0,977.0,0.0,649.0,1279.0,541.0,1045.0,2809.0,663.0,1071.0,1474.0,1802.0,1357.0,1326.0,966.0,0.0,1825.0,4403.0,3910.0,3624.0,4070.0,3091.0,2593.0,2668.0,1791.0,0.0,0.0,821.0
2014-05-03,1326.0,2064.0,3922.0,1803.0,1709.0,2324.0,1863.0,3052.0,2781.0,1348.0,3176.0,1291.0,1394.0,1986.0,1472.0,1086.0,1548.0,1365.0,2233.0,0.0,0.0,0.0,1178.0,0.0,1372.0,865.0,1649.0,1315.0,0.0,705.0,1605.0,788.0,1278.0,2821.0,773.0,1297.0,1804.0,2553.0,1907.0,1426.0,1195.0,0.0,1449.0,5422.0,4633.0,5133.0,5144.0,4413.0,3029.0,3687.0,2055.0,0.0,0.0,1013.0
2014-05-04,473.0,1962.0,3748.0,1865.0,1516.0,2283.0,1514.0,2747.0,2723.0,1183.0,3264.0,1286.0,1040.0,1173.0,1145.0,1160.0,1498.0,1387.0,1383.0,0.0,0.0,0.0,1103.0,0.0,754.0,890.0,1799.0,1561.0,0.0,664.0,1700.0,640.0,1283.0,2651.0,686.0,1154.0,1470.0,2647.0,1757.0,1326.0,1397.0,0.0,1404.0,5324.0,4656.0,5299.0,5151.0,4675.0,3017.0,3328.0,2179.0,0.0,0.0,1292.0
2014-05-05,1460.0,1885.0,2981.0,1354.0,1586.0,1730.0,1843.0,2732.0,2293.0,1138.0,2553.0,1252.0,911.0,1640.0,1526.0,947.0,1299.0,1481.0,1263.0,0.0,0.0,0.0,999.0,0.0,617.0,688.0,1205.0,1033.0,0.0,693.0,1340.0,631.0,1233.0,2484.0,627.0,1065.0,1606.0,1617.0,1382.0,1525.0,920.0,0.0,1371.0,3882.0,3494.0,3361.0,3836.0,3020.0,2314.0,2256.0,1747.0,0.0,0.0,869.0
2014-05-06,1849.0,1887.0,2989.0,1360.0,1553.0,1621.0,1739.0,2706.0,2105.0,1166.0,2587.0,1095.0,866.0,1520.0,1277.0,952.0,1145.0,1445.0,1120.0,0.0,0.0,0.0,998.0,0.0,625.0,584.0,1209.0,1063.0,0.0,764.0,1314.0,600.0,1206.0,2392.0,599.0,1157.0,1557.0,1607.0,1401.0,1470.0,994.0,0.0,1294.0,3683.0,3199.0,3120.0,3721.0,2702.0,2262.0,2197.0,1674.0,0.0,0.0,819.0
2014-05-07,1912.0,2036.0,3362.0,1536.0,1460.0,1802.0,2022.0,2981.0,2108.0,975.0,2579.0,1191.0,887.0,1424.0,1428.0,901.0,1131.0,1366.0,1119.0,0.0,0.0,0.0,1181.0,0.0,733.0,456.0,1146.0,797.0,0.0,553.0,1179.0,473.0,1024.0,2305.0,557.0,1007.0,1684.0,1641.0,1236.0,1355.0,1041.0,0.0,1185.0,4482.0,3596.0,3281.0,3822.0,2858.0,2418.0,2366.0,1729.0,0.0,0.0,742.0
2014-05-08,1727.0,1726.0,2780.0,1256.0,1403.0,1454.0,1805.0,2654.0,1963.0,1053.0,2467.0,1262.0,888.0,1482.0,1229.0,835.0,1245.0,1342.0,1093.0,0.0,0.0,0.0,982.0,0.0,598.0,587.0,1340.0,1138.0,0.0,811.0,1268.0,647.0,1035.0,2419.0,558.0,1012.0,1408.0,1458.0,1264.0,1228.0,895.0,0.0,1279.0,3769.0,3319.0,3111.0,3725.0,2667.0,2213.0,2387.0,1809.0,0.0,0.0,751.0
2014-05-09,1998.0,1908.0,3342.0,1483.0,1469.0,1831.0,2111.0,3129.0,2032.0,965.0,2319.0,1150.0,833.0,1376.0,1324.0,759.0,1083.0,1289.0,1120.0,0.0,0.0,0.0,1245.0,0.0,831.0,645.0,1271.0,917.0,0.0,698.0,1293.0,607.0,1028.0,2692.0,539.0,929.0,1756.0,1784.0,1443.0,1231.0,1108.0,0.0,1715.0,4657.0,3932.0,3577.0,4135.0,3035.0,2712.0,2848.0,2088.0,0.0,0.0,830.0
2014-05-10,1440.0,2396.0,4260.0,2031.0,2059.0,2427.0,2068.0,3555.0,2824.0,1431.0,2999.0,1415.0,1392.0,1926.0,1442.0,1111.0,1525.0,1451.0,2279.0,0.0,0.0,0.0,1357.0,0.0,1007.0,911.0,1909.0,1403.0,0.0,851.0,1831.0,755.0,1441.0,3272.0,774.0,1282.0,1995.0,2699.0,2129.0,1592.0,1577.0,0.0,1521.0,6280.0,5479.0,5423.0,5725.0,4931.0,4019.0,4069.0,2956.0,0.0,0.0,1123.0
2014-05-11,595.0,1892.0,3420.0,1795.0,1788.0,2340.0,1692.0,2443.0,2452.0,1133.0,3011.0,1348.0,1083.0,1218.0,1127.0,1244.0,1487.0,1259.0,1545.0,0.0,0.0,0.0,1169.0,0.0,687.0,809.0,1967.0,1526.0,0.0,761.0,1804.0,698.0,1321.0,2605.0,652.0,1289.0,1413.0,2617.0,1661.0,1204.0,1430.0,0.0,1462.0,4421.0,4575.0,4797.0,4931.0,4766.0,2963.0,3224.0,2071.0,0.0,0.0,1250.0
2014-05-12,1768.0,1726.0,2868.0,1305.0,1561.0,1594.0,1853.0,2786.0,1914.0,1136.0,2152.0,1238.0,924.0,1576.0,1390.0,1012.0,1316.0,1483.0,1349.0,0.0,0.0,0.0,1071.0,0.0,576.0,588.0,1286.0,1099.0,0.0,685.0,1377.0,604.0,1237.0,2522.0,611.0,1065.0,1515.0,1629.0,1441.0,1592.0,966.0,0.0,1352.0,3789.0,3424.0,3158.0,3537.0,2661.0,2198.0,2389.0,1780.0,0.0,0.0,897.0
2014-05-13,1874.0,1889.0,2913.0,1505.0,1359.0,1638.0,1799.0,2701.0,2072.0,1141.0,2173.0,1169.0,863.0,1502.0,1373.0,909.0,1354.0,1504.0,1177.0,0.0,0.0,0.0,1018.0,0.0,601.0,516.0,1196.0,1002.0,0.0,731.0,1401.0,547.0,1252.0,2389.0,574.0,1058.0,1510.0,1474.0,1509.0,1398.0,861.0,0.0,1180.0,3768.0,3172.0,2892.0,3534.0,2482.0,2144.0,2241.0,1652.0,0.0,0.0,830.0
2014-05-14,1861.0,1923.0,3043.0,1495.0,1409.0,1835.0,1962.0,2883.0,1813.0,1026.0,2036.0,1133.0,817.0,1400.0,1244.0,862.0,1117.0,1368.0,1136.0,0.0,0.0,0.0,1058.0,0.0,718.0,615.0,1359.0,993.0,0.0,693.0,1095.0,565.0,996.0,2127.0,482.0,891.0,1536.0,1556.0,1262.0,1214.0,901.0,0.0,1110.0,4128.0,3369.0,2991.0,3557.0,2508.0,2314.0,2230.0,1875.0,0.0,0.0,751.0
2014-05-15,1794.0,1801.0,2827.0,1337.0,1342.0,1574.0,1732.0,2623.0,2012.0,928.0,2197.0,1074.0,816.0,1372.0,1257.0,756.0,1166.0,1391.0,969.0,0.0,0.0,0.0,965.0,0.0,583.0,621.0,1205.0,1043.0,0.0,754.0,1208.0,573.0,976.0,2286.0,572.0,947.0,1487.0,1450.0,1347.0,1309.0,839.0,0.0,1141.0,3733.0,3127.0,2888.0,3375.0,2498.0,2105.0,2171.0,1453.0,0.0,0.0,657.0
2014-05-16,1797.0,2002.0,3340.0,1462.0,1444.0,1687.0,1957.0,2937.0,1810.0,895.0,2107.0,1055.0,818.0,1275.0,1143.0,803.0,1073.0,1332.0,1098.0,0.0,0.0,0.0,1100.0,0.0,792.0,680.0,1292.0,950.0,0.0,658.0,1195.0,618.0,936.0,2519.0,543.0,909.0,1677.0,1712.0,1287.0,1210.0,944.0,0.0,1454.0,4281.0,3642.0,3234.0,3789.0,2732.0,2519.0,2459.0,1821.0,0.0,0.0,790.0
2014-05-17,1291.0,2054.0,3670.0,1760.0,1638.0,2161.0,1791.0,2895.0,2543.0,1180.0,2436.0,1280.0,1261.0,1901.0,1283.0,1063.0,1432.0,1410.0,1908.0,0.0,0.0,0.0,1075.0,0.0,1108.0,735.0,1753.0,1324.0,0.0,849.0,1523.0,712.0,1284.0,2777.0,682.0,1075.0,1607.0,2287.0,1759.0,1393.0,1215.0,0.0,1291.0,5106.0,4364.0,4497.0,4815.0,4035.0,2895.0,3226.0,2129.0,0.0,0.0,935.0
2014-05-18,470.0,1990.0,3726.0,1919.0,1622.0,2313.0,1501.0,2957.0,2571.0,1139.0,2840.0,1308.0,1046.0,1116.0,1108.0,1263.0,1576.0,1485.0,1349.0,0.0,0.0,0.0,1009.0,0.0,707.0,846.0,1979.0,1678.0,0.0,764.0,1674.0,695.0,1393.0,2586.0,720.0,1268.0,1337.0,2541.0,1649.0,1440.0,1395.0,0.0,1477.0,5262.0,4748.0,5119.0,5087.0,4831.0,3057.0,3245.0,2194.0,0.0,0.0,1334.0
2014-05-19,1894.0,1794.0,2955.0,1415.0,1417.0,1762.0,1837.0,2740.0,2057.0,1173.0,2283.0,1198.0,914.0,1576.0,1420.0,920.0,1337.0,1457.0,1178.0,0.0,0.0,0.0,1126.0,0.0,651.0,651.0,1213.0,1077.0,0.0,720.0,1257.0,593.0,1188.0,2395.0,560.0,995.0,1492.0,1557.0,1337.0,1438.0,896.0,0.0,1268.0,3880.0,3317.0,3126.0,3596.0,2808.0,2274.0,2303.0,1691.0,0.0,0.0,812.0
2014-05-20,1840.0,1845.0,2904.0,1418.0,1336.0,1622.0,1617.0,2649.0,2057.0,1089.0,2299.0,1125.0,911.0,1493.0,1416.0,919.0,1189.0,1399.0,1101.0,0.0,0.0,0.0,1063.0,0.0,604.0,569.0,1244.0,1153.0,0.0,743.0,1300.0,613.0,1126.0,2315.0,675.0,1080.0,1438.0,1436.0,1480.0,1512.0,885.0,0.0,1144.0,3563.0,3170.0,3035.0,3473.0,2485.0,2159.0,2209.0,1545.0,0.0,0.0,775.0
2014-05-21,1932.0,1897.0,3115.0,1522.0,1312.0,1723.0,1858.0,2919.0,1891.0,1028.0,2119.0,1158.0,807.0,1356.0,1348.0,817.0,1204.0,1320.0,1084.0,0.0,0.0,0.0,1060.0,0.0,760.0,627.0,1330.0,886.0,0.0,690.0,1085.0,558.0,963.0,2148.0,538.0,922.0,1643.0,1575.0,1170.0,1170.0,911.0,0.0,1120.0,4091.0,3359.0,3115.0,3589.0,2582.0,2280.0,2229.0,1880.0,0.0,0.0,718.0
2014-05-22,1701.0,1792.0,2744.0,1316.0,1303.0,1563.0,1749.0,2613.0,2089.0,858.0,2072.0,1115.0,798.0,1398.0,1310.0,810.0,1122.0,1355.0,1067.0,0.0,0.0,0.0,977.0,0.0,648.0,549.0,1186.0,975.0,0.0,730.0,1155.0,583.0,948.0,2177.0,560.0,928.0,1451.0,1407.0,1280.0,1190.0,790.0,0.0,1045.0,3769.0,2963.0,2802.0,3176.0,2298.0,2111.0,2069.0,1456.0,0.0,0.0,647.0
2014-05-23,1726.0,1783.0,3039.0,1375.0,1358.0,1555.0,1893.0,2773.0,1589.0,822.0,1971.0,983.0,747.0,1231.0,1178.0,838.0,1043.0,1247.0,1073.0,0.0,0.0,0.0,1090.0,0.0,828.0,642.0,1242.0,813.0,0.0,613.0,1147.0,489.0,856.0,2466.0,525.0,850.0,1620.0,1646.0,1259.0,1162.0,862.0,0.0,1263.0,4181.0,3371.0,3117.0,3593.0,2647.0,2391.0,2404.0,1847.0,0.0,0.0,734.0
2014-05-24,1250.0,1961.0,3569.0,1878.0,1510.0,2213.0,1822.0,2768.0,2287.0,1244.0,2582.0,1245.0,1141.0,1831.0,1276.0,1036.0,1450.0,1308.0,1955.0,0.0,0.0,0.0,1134.0,0.0,1089.0,799.0,1853.0,1300.0,0.0,758.0,1490.0,756.0,1293.0,2460.0,724.0,1073.0,1552.0,2393.0,1736.0,1361.0,1106.0,0.0,1236.0,5119.0,4527.0,4320.0,4833.0,3840.0,2861.0,3300.0,2034.0,0.0,0.0,910.0
2014-05-25,499.0,1870.0,3438.0,1779.0,1587.0,2253.0,1562.0,2815.0,2303.0,928.0,2443.0,1257.0,943.0,1117.0,1040.0,1171.0,1469.0,1333.0,1268.0,0.0,0.0,0.0,1132.0,0.0,651.0,806.0,1887.0,1498.0,0.0,667.0,1580.0,618.0,1376.0,2369.0,688.0,1231.0,1313.0,2448.0,1669.0,1318.0,1319.0,0.0,1297.0,5182.0,4588.0,4835.0,4971.0,4408.0,2845.0,3223.0,2115.0,0.0,0.0,1212.0
2014-05-26,1807.0,1849.0,3007.0,1429.0,1291.0,1722.0,1876.0,2673.0,1938.0,1050.0,2222.0,1178.0,902.0,1548.0,1360.0,824.0,1308.0,1398.0,1220.0,0.0,0.0,0.0,1002.0,0.0,610.0,567.0,1313.0,1026.0,0.0,671.0,1157.0,579.0,1148.0,2230.0,642.0,911.0,1557.0,1540.0,1329.0,1428.0,877.0,0.0,1241.0,3960.0,3335.0,3089.0,3415.0,2567.0,2104.0,2269.0,1618.0,0.0,0.0,840.0
2014-05-27,1741.0,1760.0,2855.0,1362.0,1306.0,1604.0,1657.0,2580.0,1902.0,1018.0,2109.0,1184.0,871.0,1378.0,1328.0,915.0,1258.0,1435.0,1130.0,0.0,0.0,0.0,986.0,0.0,613.0,534.0,1239.0,1091.0,0.0,759.0,1077.0,559.0,1083.0,2242.0,565.0,983.0,1497.0,1357.0,1402.0,1383.0,838.0,0.0,1123.0,3769.0,2983.0,2688.0,3135.0,2360.0,2088.0,2109.0,1591.0,0.0,0.0,818.0
2014-05-28,1903.0,1877.0,3033.0,1437.0,1425.0,1694.0,1799.0,2804.0,1780.0,888.0,1983.0,1132.0,795.0,1353.0,1237.0,866.0,1128.0,1316.0,1091.0,0.0,0.0,0.0,1118.0,0.0,694.0,576.0,1256.0,993.0,0.0,703.0,1130.0,571.0,994.0,2094.0,494.0,865.0,1645.0,1598.0,1213.0,1200.0,874.0,0.0,1027.0,4250.0,3243.0,2883.0,3496.0,2417.0,2205.0,2354.0,1797.0,0.0,0.0,718.0
2014-05-29,1752.0,1739.0,2715.0,1253.0,1461.0,1596.0,1724.0,2595.0,2013.0,929.0,2256.0,1312.0,939.0,1395.0,1330.0,911.0,1171.0,1405.0,1181.0,0.0,0.0,0.0,998.0,0.0,603.0,683.0,1433.0,1259.0,0.0,829.0,1240.0,742.0,1000.0,2415.0,573.0,1070.0,1446.0,1426.0,1345.0,1285.0,866.0,0.0,1203.0,3804.0,2973.0,2887.0,3332.0,2437.0,2036.0,2325.0,1620.0,0.0,2545.0,785.0
2014-05-30,1917.0,1930.0,3281.0,1465.0,1410.0,1732.0,1940.0,2994.0,1862.0,874.0,2183.0,1167.0,838.0,1262.0,1353.0,820.0,1109.0,1339.0,1153.0,0.0,0.0,0.0,1149.0,0.0,856.0,626.0,1223.0,933.0,0.0,678.0,1194.0,592.0,923.0,2481.0,536.0,965.0,1633.0,1746.0,1373.0,1148.0,900.0,0.0,1347.0,4365.0,3559.0,3312.0,3866.0,2715.0,2569.0,2639.0,1817.0,0.0,1398.0,758.0
2014-05-31,1320.0,1983.0,3604.0,1709.0,1670.0,2176.0,1813.0,2990.0,2679.0,1277.0,2737.0,1345.0,1265.0,1931.0,1513.0,1055.0,1462.0,1429.0,1983.0,0.0,0.0,0.0,1165.0,0.0,1106.0,741.0,1746.0,1391.0,0.0,816.0,1631.0,656.0,1328.0,2860.0,795.0,1236.0,1599.0,2507.0,1858.0,1526.0,1264.0,0.0,1334.0,5269.0,4664.0,4837.0,4786.0,4329.0,3139.0,3463.0,2157.0,0.0,1812.0,1051.0
2014-06-01,512.0,1891.0,3621.0,1880.0,1832.0,2339.0,1632.0,2834.0,2715.0,1250.0,3431.0,1298.0,1073.0,1219.0,1236.0,1334.0,1573.0,1624.0,1319.0,0.0,0.0,0.0,1148.0,0.0,708.0,1096.0,1946.0,1844.0,0.0,779.0,1932.0,730.0,1545.0,2703.0,823.0,1540.0,1500.0,2898.0,1722.0,1474.0,1579.0,0.0,1624.0,6008.0,4847.0,5210.0,4978.0,5020.0,3329.0,3862.0,2355.0,0.0,2221.0,1444.0
2014-06-02,1918.0,1974.0,3151.0,1509.0,1666.0,1862.0,1888.0,2862.0,2387.0,1233.0,2620.0,1259.0,1013.0,1701.0,1560.0,1027.0,1405.0,1481.0,1326.0,0.0,0.0,0.0,1054.0,0.0,687.0,758.0,1278.0,1155.0,0.0,678.0,1416.0,608.0,1269.0,2559.0,706.0,1156.0,1621.0,1750.0,1406.0,1543.0,990.0,0.0,1373.0,4244.0,3709.0,3628.0,3991.0,3164.0,2319.0,2552.0,1715.0,0.0,1085.0,937.0
2014-06-03,1940.0,1900.0,3005.0,1432.0,1519.0,1722.0,1816.0,2855.0,2241.0,1211.0,2706.0,1229.0,957.0,1554.0,1496.0,1013.0,1377.0,1585.0,1257.0,0.0,0.0,0.0,1093.0,0.0,680.0,652.0,1196.0,1169.0,0.0,707.0,1455.0,592.0,1294.0,2425.0,678.0,1205.0,1562.0,1557.0,1550.0,1519.0,949.0,0.0,1211.0,3928.0,3422.0,3308.0,3685.0,2886.0,2262.0,2349.0,1629.0,0.0,958.0,929.0
2014-06-04,1930.0,1931.0,3193.0,1599.0,1503.0,1874.0,1994.0,2784.0,2046.0,1051.0,2571.0,1157.0,898.0,1499.0,1354.0,846.0,1266.0,1418.0,1183.0,0.0,0.0,0.0,1117.0,0.0,749.0,641.0,1430.0,974.0,0.0,693.0,1130.0,507.0,1088.0,2233.0,477.0,981.0,1690.0,1617.0,1299.0,1310.0,988.0,0.0,1227.0,4301.0,3555.0,3301.0,3885.0,2780.0,2415.0,2416.0,1933.0,0.0,1059.0,780.0
2014-06-05,1725.0,1740.0,2920.0,1325.0,1362.0,1591.0,1745.0,2687.0,2185.0,1038.0,2573.0,1163.0,920.0,1393.0,1357.0,873.0,1262.0,1366.0,1070.0,0.0,0.0,0.0,999.0,0.0,632.0,556.0,1240.0,1025.0,0.0,705.0,1257.0,568.0,1049.0,2280.0,603.0,1031.0,1484.0,1589.0,1381.0,1293.0,839.0,0.0,1207.0,3793.0,3009.0,3134.0,3524.0,2729.0,2168.0,2276.0,1555.0,0.0,888.0,773.0
2014-06-06,1892.0,1921.0,3071.0,1427.0,1438.0,1725.0,1970.0,2846.0,1805.0,970.0,2476.0,1137.0,877.0,1342.0,1283.0,822.0,1097.0,1338.0,1116.0,0.0,0.0,0.0,1098.0,0.0,823.0,609.0,1222.0,847.0,0.0,650.0,1117.0,542.0,931.0,2394.0,501.0,920.0,1627.0,1715.0,1327.0,1213.0,936.0,0.0,1233.0,4322.0,3589.0,3329.0,3881.0,2852.0,2621.0,2605.0,1911.0,0.0,941.0,745.0
2014-06-07,1325.0,2033.0,3588.0,1705.0,1671.0,2134.0,1870.0,3062.0,2590.0,1221.0,2731.0,1301.0,1300.0,1997.0,1317.0,1042.0,1398.0,1398.0,1946.0,0.0,0.0,0.0,1129.0,0.0,1107.0,730.0,1725.0,1323.0,0.0,771.0,1557.0,747.0,1415.0,2635.0,673.0,1122.0,1679.0,2420.0,1825.0,1458.0,1158.0,0.0,1311.0,5302.0,4534.0,4790.0,4854.0,4033.0,2965.0,3554.0,2071.0,0.0,1336.0,945.0
2014-06-08,432.0,1900.0,3587.0,1820.0,1543.0,2288.0,1584.0,2676.0,2412.0,1085.0,2754.0,1235.0,888.0,1224.0,1065.0,1259.0,1500.0,1406.0,1227.0,0.0,0.0,0.0,980.0,0.0,760.0,806.0,1983.0,1559.0,0.0,710.0,1658.0,669.0,1292.0,2394.0,677.0,1244.0,1313.0,2463.0,1810.0,1238.0,1344.0,0.0,1541.0,4733.0,4743.0,4823.0,5064.0,4651.0,3020.0,3253.0,2100.0,0.0,1523.0,1273.0
2014-06-09,1786.0,1846.0,2995.0,1426.0,1504.0,1719.0,1922.0,2716.0,2126.0,1109.0,2306.0,1222.0,893.0,1575.0,1425.0,978.0,1280.0,1416.0,1294.0,0.0,0.0,0.0,1071.0,0.0,653.0,591.0,1265.0,976.0,0.0,668.0,1294.0,570.0,1170.0,2362.0,605.0,1034.0,1496.0,1579.0,1449.0,1578.0,956.0,0.0,1259.0,4012.0,3367.0,3150.0,3595.0,2655.0,2350.0,2298.0,1614.0,0.0,803.0,812.0
2014-06-10,1705.0,1753.0,2871.0,1321.0,1325.0,1492.0,1736.0,2560.0,1945.0,1095.0,2193.0,1143.0,893.0,1465.0,1370.0,920.0,1220.0,1424.0,1122.0,0.0,0.0,0.0,1037.0,0.0,612.0,538.0,1191.0,1112.0,0.0,726.0,1290.0,504.0,1122.0,2293.0,574.0,1124.0,1497.0,1533.0,1431.0,1415.0,853.0,0.0,1187.0,3617.0,3159.0,2877.0,3395.0,2413.0,2186.0,2242.0,1484.0,0.0,689.0,803.0
2014-06-11,1872.0,1878.0,3026.0,1574.0,1448.0,1758.0,1973.0,2848.0,1837.0,969.0,2093.0,1144.0,876.0,1372.0,1373.0,856.0,1169.0,1348.0,1160.0,0.0,0.0,0.0,1109.0,0.0,706.0,556.0,1292.0,926.0,0.0,692.0,1062.0,462.0,1016.0,2062.0,491.0,848.0,1711.0,1689.0,1186.0,1171.0,905.0,0.0,1076.0,4232.0,3540.0,2969.0,3751.0,2509.0,2406.0,2398.0,1824.0,0.0,800.0,728.0
2014-06-12,1734.0,1786.0,2872.0,1385.0,1319.0,1604.0,1858.0,2528.0,1931.0,1014.0,2201.0,1150.0,869.0,1467.0,1271.0,800.0,1162.0,1374.0,1007.0,0.0,0.0,0.0,980.0,0.0,627.0,491.0,1210.0,973.0,0.0,716.0,1212.0,542.0,947.0,2050.0,529.0,954.0,1519.0,1428.0,1263.0,1169.0,790.0,0.0,1107.0,3819.0,3084.0,2696.0,3347.0,2482.0,2322.0,2356.0,1607.0,0.0,695.0,681.0
2014-06-13,1918.0,1974.0,3406.0,1566.0,1457.0,1758.0,2127.0,2961.0,1828.0,921.0,2045.0,1097.0,852.0,1223.0,1218.0,781.0,1028.0,1340.0,1115.0,0.0,0.0,0.0,1131.0,0.0,799.0,656.0,1398.0,951.0,0.0,718.0,1161.0,563.0,910.0,2464.0,472.0,919.0,1734.0,1734.0,1374.0,1157.0,939.0,0.0,1334.0,4584.0,3974.0,3420.0,4030.0,2807.0,2872.0,2699.0,2085.0,0.0,841.0,785.0
2014-06-14,1447.0,2260.0,4340.0,2066.0,1797.0,2573.0,2226.0,3429.0,2597.0,1322.0,2704.0,1348.0,1287.0,1980.0,1297.0,916.0,1586.0,1419.0,2034.0,0.0,0.0,0.0,1347.0,0.0,952.0,940.0,2040.0,1445.0,0.0,824.0,1713.0,738.0,1310.0,3036.0,741.0,1204.0,1868.0,2560.0,1934.0,1459.0,1468.0,0.0,1482.0,6236.0,5490.0,5245.0,5851.0,4435.0,3987.0,4029.0,2879.0,0.0,1376.0,1000.0
2014-06-15,462.0,1876.0,2900.0,1794.0,1406.0,2284.0,1553.0,2025.0,2296.0,1124.0,2670.0,1259.0,971.0,1164.0,1002.0,1177.0,1487.0,1204.0,1344.0,0.0,0.0,0.0,1070.0,0.0,632.0,731.0,1922.0,1380.0,0.0,661.0,1602.0,695.0,1180.0,2251.0,673.0,1231.0,1221.0,2251.0,1546.0,1149.0,1122.0,0.0,1373.0,3720.0,3731.0,4072.0,4118.0,3981.0,2339.0,2963.0,1690.0,0.0,1288.0,1140.0
2014-06-16,1801.0,1845.0,3129.0,1459.0,1480.0,1823.0,1820.0,2784.0,2158.0,1162.0,2288.0,1196.0,842.0,1557.0,1416.0,986.0,1380.0,1452.0,1335.0,0.0,0.0,0.0,1020.0,0.0,659.0,629.0,1313.0,1117.0,0.0,743.0,1252.0,611.0,1133.0,2452.0,628.0,1029.0,1581.0,1506.0,1403.0,1579.0,974.0,0.0,1323.0,4064.0,3461.0,3289.0,3710.0,2813.0,2266.0,2414.0,1763.0,0.0,796.0,916.0
2014-06-17,1747.0,1829.0,2979.0,1360.0,1445.0,1622.0,1833.0,2645.0,2105.0,1070.0,2387.0,1121.0,886.0,1430.0,1351.0,990.0,1373.0,1479.0,1120.0,0.0,0.0,0.0,1057.0,0.0,568.0,567.0,1278.0,1202.0,0.0,780.0,1338.0,585.0,1156.0,2329.0,612.0,1123.0,1468.0,1405.0,1461.0,1487.0,892.0,0.0,1196.0,3798.0,3184.0,2908.0,3376.0,2501.0,2162.0,2165.0,1666.0,0.0,727.0,830.0
2014-06-18,1798.0,1934.0,3069.0,1486.0,1431.0,1675.0,1929.0,2815.0,1825.0,1025.0,2270.0,1180.0,809.0,1354.0,1291.0,834.0,1127.0,1356.0,1169.0,0.0,0.0,0.0,1080.0,0.0,684.0,617.0,1310.0,921.0,0.0,643.0,1112.0,472.0,977.0,2210.0,537.0,854.0,1606.0,1492.0,1161.0,1241.0,903.0,0.0,1189.0,4044.0,3321.0,2994.0,3539.0,2463.0,2296.0,2129.0,1816.0,0.0,866.0,693.0
2014-06-19,1713.0,1700.0,2851.0,1273.0,1255.0,1554.0,1689.0,2608.0,1844.0,945.0,2122.0,1186.0,842.0,1355.0,1346.0,817.0,1160.0,1396.0,1120.0,0.0,0.0,0.0,974.0,0.0,615.0,511.0,1203.0,984.0,0.0,728.0,1172.0,479.0,932.0,2132.0,550.0,877.0,1413.0,1430.0,1218.0,1177.0,830.0,0.0,1062.0,3724.0,3020.0,2722.0,3324.0,2414.0,2222.0,2112.0,1562.0,0.0,683.0,687.0
2014-06-20,1880.0,2014.0,3337.0,1622.0,1393.0,1844.0,2033.0,2715.0,1723.0,870.0,2222.0,1145.0,840.0,1256.0,1332.0,887.0,1192.0,1290.0,1085.0,0.0,0.0,0.0,1218.0,0.0,749.0,520.0,1385.0,879.0,0.0,739.0,1123.0,507.0,847.0,2326.0,475.0,852.0,1562.0,1653.0,1244.0,1117.0,847.0,0.0,1217.0,3774.0,3545.0,3056.0,3577.0,2630.0,2441.0,2457.0,1842.0,0.0,742.0,633.0
2014-06-21,1269.0,2072.0,3554.0,1565.0,1374.0,2089.0,1735.0,3019.0,2307.0,1208.0,2372.0,1250.0,1141.0,1812.0,1319.0,1020.0,1500.0,1271.0,1917.0,0.0,0.0,0.0,1113.0,0.0,1089.0,748.0,1745.0,1311.0,0.0,867.0,1481.0,673.0,1257.0,2628.0,668.0,1083.0,1619.0,2282.0,1706.0,1302.0,1220.0,0.0,1389.0,5050.0,4262.0,4417.0,4494.0,3762.0,2895.0,3394.0,2109.0,0.0,1104.0,1020.0
2014-06-22,493.0,1989.0,3612.0,1857.0,1455.0,2189.0,1499.0,2773.0,2326.0,1076.0,2684.0,1227.0,887.0,1164.0,1017.0,1178.0,1501.0,1346.0,1158.0,0.0,0.0,0.0,994.0,0.0,701.0,747.0,1969.0,1579.0,0.0,711.0,1723.0,632.0,1306.0,2333.0,684.0,1207.0,1287.0,2379.0,1586.0,1177.0,1306.0,0.0,1447.0,4823.0,4563.0,4618.0,4829.0,4169.0,2879.0,3219.0,2066.0,0.0,1254.0,1211.0
2014-06-23,1823.0,1946.0,2907.0,1431.0,1433.0,1711.0,1784.0,2785.0,1964.0,973.0,2214.0,1199.0,843.0,1528.0,1362.0,927.0,1337.0,1360.0,1208.0,0.0,0.0,0.0,1043.0,0.0,674.0,617.0,1297.0,975.0,0.0,711.0,1257.0,589.0,1129.0,2328.0,661.0,963.0,1465.0,1434.0,1357.0,1398.0,835.0,0.0,1290.0,3789.0,3270.0,3061.0,3413.0,2574.0,2171.0,2262.0,1682.0,0.0,760.0,881.0
2014-06-24,1734.0,1841.0,2723.0,1345.0,1344.0,1616.0,1724.0,2535.0,1798.0,1025.0,2024.0,1097.0,834.0,1388.0,1217.0,904.0,1163.0,1401.0,1086.0,0.0,0.0,0.0,1032.0,0.0,577.0,520.0,1158.0,1041.0,0.0,707.0,1202.0,559.0,1132.0,2149.0,631.0,977.0,1425.0,1446.0,1309.0,1278.0,789.0,0.0,1207.0,3631.0,2960.0,2755.0,3153.0,2334.0,2070.0,2088.0,1556.0,0.0,668.0,734.0
2014-06-25,1747.0,2006.0,3121.0,1593.0,1370.0,1928.0,2027.0,2619.0,1765.0,936.0,2133.0,1242.0,906.0,1354.0,1208.0,830.0,1229.0,1323.0,1147.0,0.0,0.0,0.0,1205.0,0.0,739.0,551.0,1548.0,929.0,0.0,693.0,1055.0,540.0,875.0,1821.0,482.0,848.0,1607.0,1569.0,1170.0,972.0,1004.0,0.0,1044.0,3750.0,3195.0,3100.0,3390.0,2852.0,2358.0,2573.0,1809.0,0.0,958.0,649.0
2014-06-26,1707.0,1816.0,2772.0,1269.0,1266.0,1637.0,1737.0,2464.0,1822.0,907.0,2062.0,1119.0,872.0,1324.0,1175.0,771.0,1155.0,1343.0,988.0,0.0,0.0,0.0,969.0,0.0,589.0,505.0,1211.0,910.0,0.0,691.0,1125.0,515.0,934.0,2110.0,521.0,908.0,1542.0,1366.0,1236.0,1203.0,823.0,0.0,1122.0,3594.0,2896.0,2634.0,3183.0,2338.0,2114.0,2073.0,1488.0,0.0,683.0,700.0
2014-06-27,1866.0,1970.0,3293.0,1436.0,1266.0,1681.0,1984.0,2870.0,1617.0,816.0,2112.0,1108.0,823.0,1234.0,1169.0,751.0,1048.0,1246.0,1053.0,0.0,0.0,0.0,1146.0,0.0,869.0,597.0,1278.0,895.0,0.0,670.0,1135.0,484.0,850.0,2456.0,520.0,860.0,1585.0,1635.0,1317.0,1138.0,897.0,0.0,1279.0,4047.0,3422.0,3060.0,3612.0,2609.0,2513.0,2455.0,1763.0,0.0,736.0,716.0
2014-06-28,1300.0,2058.0,3390.0,1641.0,1410.0,2152.0,1746.0,2712.0,2197.0,1174.0,2430.0,1258.0,1150.0,1742.0,1170.0,966.0,1432.0,1285.0,1789.0,0.0,0.0,0.0,1128.0,0.0,974.0,613.0,1711.0,1216.0,0.0,698.0,1412.0,691.0,1148.0,2577.0,698.0,1010.0,1522.0,2175.0,1688.0,1284.0,1104.0,0.0,1374.0,4503.0,4111.0,4134.0,4449.0,3596.0,2738.0,3094.0,1943.0,0.0,948.0,928.0
2014-06-29,446.0,1856.0,3420.0,1708.0,1282.0,2204.0,1425.0,2516.0,2118.0,933.0,2193.0,1189.0,968.0,1050.0,965.0,1064.0,1407.0,1250.0,1086.0,0.0,0.0,0.0,991.0,0.0,715.0,672.0,1900.0,1609.0,0.0,678.0,1548.0,606.0,1251.0,2308.0,692.0,1119.0,1170.0,2251.0,1481.0,1256.0,1207.0,0.0,1467.0,4563.0,4238.0,4372.0,4682.0,4077.0,2706.0,2927.0,1967.0,0.0,1108.0,1191.0
2014-06-30,1758.0,1867.0,3025.0,1415.0,1452.0,1735.0,1845.0,2823.0,2112.0,1078.0,2255.0,1230.0,895.0,1491.0,1305.0,864.0,1217.0,1416.0,1210.0,0.0,0.0,0.0,1006.0,0.0,603.0,616.0,1279.0,1028.0,0.0,702.0,1224.0,598.0,1076.0,2463.0,585.0,980.0,1485.0,1485.0,1389.0,1470.0,874.0,0.0,1304.0,3909.0,3408.0,3225.0,3718.0,2884.0,2426.0,2391.0,1726.0,0.0,730.0,762.0
2014-07-01,1749.0,1863.0,3069.0,1471.0,1480.0,1734.0,1850.0,2684.0,2259.0,1106.0,2817.0,1156.0,1065.0,1639.0,1491.0,950.0,1347.0,1517.0,1187.0,0.0,0.0,0.0,1140.0,0.0,640.0,755.0,1287.0,1209.0,0.0,783.0,1567.0,667.0,1308.0,2530.0,697.0,1232.0,1508.0,1593.0,1492.0,1545.0,1004.0,0.0,1356.0,3943.0,3516.0,3170.0,3682.0,2960.0,2368.0,2329.0,1610.0,0.0,774.0,873.0
2014-07-02,1962.0,2063.0,3282.0,1661.0,1450.0,1922.0,1951.0,3015.0,2253.0,1106.0,2650.0,1287.0,941.0,1455.0,1449.0,753.0,1255.0,1470.0,1309.0,0.0,0.0,0.0,1170.0,0.0,789.0,747.0,1403.0,1072.0,0.0,696.0,1277.0,567.0,1193.0,2431.0,588.0,1098.0,1800.0,1876.0,1377.0,1403.0,1151.0,0.0,1324.0,4494.0,3816.0,3522.0,4050.0,3261.0,2671.0,2483.0,1954.0,0.0,872.0,756.0
2014-07-03,1775.0,1889.0,3045.0,1462.0,1142.0,1660.0,1852.0,2827.0,2265.0,1128.0,2596.0,1231.0,974.0,1518.0,1327.0,762.0,1250.0,1417.0,1137.0,0.0,0.0,0.0,1168.0,0.0,686.0,558.0,1194.0,1036.0,0.0,797.0,1336.0,547.0,1113.0,2392.0,599.0,1056.0,1655.0,1525.0,1418.0,1248.0,916.0,0.0,1320.0,3849.0,3470.0,3279.0,3784.0,2953.0,2425.0,2510.0,1617.0,0.0,716.0,675.0
2014-07-04,1918.0,1978.0,3120.0,1492.0,1484.0,1804.0,2036.0,2726.0,2012.0,1047.0,2428.0,1172.0,1018.0,1399.0,1293.0,874.0,1141.0,1334.0,1210.0,0.0,0.0,0.0,1122.0,0.0,820.0,625.0,1264.0,905.0,0.0,672.0,1193.0,515.0,958.0,2533.0,511.0,947.0,1737.0,1703.0,1349.0,1200.0,926.0,0.0,1372.0,4111.0,3684.0,3397.0,3826.0,2945.0,2533.0,2571.0,1766.0,0.0,689.0,811.0
2014-07-05,1128.0,1981.0,3471.0,1653.0,1610.0,2073.0,1714.0,2884.0,2666.0,1350.0,2715.0,1425.0,1239.0,1782.0,1396.0,1028.0,1478.0,1322.0,1827.0,0.0,0.0,0.0,1166.0,0.0,1099.0,757.0,1735.0,1343.0,0.0,782.0,1588.0,694.0,1411.0,2824.0,713.0,1197.0,1673.0,2402.0,1739.0,1453.0,1187.0,0.0,1535.0,4674.0,4354.0,4415.0,4816.0,4015.0,2863.0,3447.0,1951.0,0.0,950.0,1011.0
2014-07-06,499.0,2084.0,3588.0,1754.0,1508.0,2147.0,1507.0,2933.0,2413.0,965.0,2476.0,1190.0,922.0,1141.0,1082.0,1176.0,1463.0,1261.0,1157.0,0.0,0.0,0.0,989.0,0.0,707.0,854.0,1952.0,1595.0,0.0,743.0,1673.0,680.0,1293.0,2585.0,688.0,1205.0,1326.0,2449.0,1604.0,1338.0,1415.0,0.0,1604.0,5092.0,4626.0,4733.0,5001.0,4434.0,3060.0,3442.0,2085.0,0.0,1190.0,1281.0
2014-07-07,1791.0,1846.0,3078.0,1464.0,1643.0,1690.0,1659.0,2893.0,2258.0,1113.0,2519.0,1256.0,914.0,1601.0,1502.0,1012.0,1363.0,1492.0,1289.0,0.0,0.0,0.0,1157.0,0.0,618.0,606.0,1327.0,1042.0,0.0,738.0,1366.0,592.0,1166.0,2509.0,577.0,1033.0,1453.0,1520.0,1390.0,1455.0,940.0,0.0,1401.0,4013.0,3619.0,3359.0,3872.0,2858.0,2355.0,2575.0,1709.0,0.0,653.0,844.0
2014-07-08,1812.0,1832.0,2792.0,1341.0,1394.0,1700.0,1739.0,2610.0,2069.0,1198.0,2612.0,1180.0,1026.0,1527.0,1336.0,952.0,1248.0,1469.0,1164.0,0.0,0.0,0.0,1093.0,0.0,620.0,517.0,1269.0,1103.0,0.0,732.0,1325.0,556.0,1117.0,2247.0,577.0,1080.0,1498.0,1507.0,1463.0,1421.0,883.0,0.0,1321.0,3643.0,3197.0,3080.0,2844.0,2519.0,2261.0,2573.0,1490.0,0.0,611.0,845.0
2014-07-09,1821.0,1860.0,2893.0,1497.0,1408.0,1651.0,1877.0,2751.0,1870.0,961.0,2261.0,1174.0,871.0,1363.0,1266.0,852.0,1134.0,1374.0,1202.0,0.0,0.0,0.0,1115.0,0.0,714.0,527.0,1291.0,917.0,0.0,622.0,1167.0,492.0,966.0,2139.0,498.0,889.0,1582.0,1597.0,1208.0,1149.0,922.0,0.0,1224.0,4083.0,3208.0,3034.0,3772.0,2445.0,2271.0,2266.0,1751.0,0.0,692.0,794.0
2014-07-10,1665.0,1794.0,2777.0,1350.0,1355.0,1442.0,1667.0,2596.0,1986.0,923.0,2311.0,1161.0,839.0,1404.0,1295.0,857.0,1177.0,1385.0,1105.0,0.0,0.0,0.0,1000.0,0.0,685.0,543.0,1210.0,904.0,0.0,739.0,1235.0,490.0,1019.0,2279.0,593.0,947.0,1551.0,1477.0,1348.0,1207.0,888.0,0.0,1209.0,3780.0,3143.0,3018.0,3312.0,2471.0,2219.0,2407.0,1552.0,0.0,657.0,750.0
2014-07-11,1802.0,1962.0,3138.0,1462.0,1526.0,1639.0,1936.0,2852.0,1883.0,856.0,2360.0,1069.0,846.0,1245.0,1282.0,817.0,1082.0,1240.0,1205.0,0.0,0.0,0.0,1075.0,0.0,809.0,597.0,371.0,870.0,0.0,203.0,1274.0,500.0,878.0,2362.0,519.0,857.0,1652.0,1658.0,1302.0,1126.0,928.0,0.0,1179.0,4250.0,3745.0,3298.0,3808.0,2619.0,2563.0,2637.0,1822.0,0.0,729.0,753.0
2014-07-12,1211.0,2038.0,3640.0,1723.0,1627.0,2091.0,1897.0,3050.0,2239.0,1127.0,2530.0,1229.0,1126.0,1725.0,1177.0,1034.0,1355.0,1256.0,1847.0,0.0,0.0,0.0,1125.0,0.0,1063.0,664.0,1749.0,1319.0,0.0,712.0,1429.0,661.0,1171.0,2733.0,650.0,1085.0,1708.0,2395.0,1775.0,1341.0,1170.0,0.0,1417.0,4816.0,4197.0,4221.0,4527.0,3698.0,2957.0,3278.0,2127.0,0.0,934.0,949.0
2014-07-13,538.0,1794.0,3130.0,1767.0,1421.0,2093.0,1549.0,2251.0,2053.0,913.0,2227.0,1151.0,768.0,1079.0,948.0,1160.0,1346.0,1155.0,1131.0,0.0,0.0,0.0,992.0,0.0,721.0,600.0,1995.0,1492.0,0.0,643.0,1482.0,640.0,1202.0,2166.0,685.0,1049.0,1165.0,2163.0,1373.0,1181.0,1176.0,0.0,1397.0,4179.0,3817.0,3947.0,4200.0,3813.0,2543.0,2705.0,1990.0,0.0,988.0,1062.0
2014-07-14,1880.0,1913.0,3030.0,1320.0,1466.0,1703.0,1861.0,2808.0,2102.0,1063.0,2237.0,1179.0,915.0,1633.0,1494.0,948.0,1303.0,1364.0,1274.0,0.0,0.0,0.0,965.0,0.0,646.0,560.0,1282.0,1044.0,0.0,682.0,1300.0,567.0,1097.0,2322.0,549.0,977.0,1506.0,1546.0,1388.0,1443.0,919.0,0.0,1313.0,4003.0,3505.0,3127.0,3636.0,2705.0,2276.0,2390.0,1628.0,0.0,660.0,791.0
2014-07-15,1812.0,1865.0,2897.0,1368.0,1503.0,1619.0,1828.0,2810.0,2208.0,1187.0,2254.0,1156.0,889.0,1502.0,1350.0,887.0,1257.0,1510.0,1187.0,0.0,0.0,0.0,1081.0,0.0,669.0,580.0,1272.0,1196.0,0.0,771.0,1338.0,614.0,1218.0,2433.0,642.0,1089.0,1582.0,1466.0,1479.0,1400.0,897.0,0.0,1205.0,3812.0,3337.0,3025.0,3658.0,2735.0,2383.0,2546.0,1613.0,0.0,666.0,701.0
2014-07-16,1817.0,1986.0,3126.0,1540.0,1449.0,1852.0,1844.0,2911.0,2081.0,1011.0,2232.0,1215.0,914.0,1383.0,1218.0,796.0,1140.0,1332.0,1175.0,0.0,0.0,0.0,1147.0,0.0,791.0,713.0,1345.0,973.0,0.0,726.0,1195.0,542.0,1025.0,2277.0,616.0,984.0,1626.0,1708.0,1310.0,1295.0,1000.0,0.0,1129.0,4195.0,3634.0,3160.0,3797.0,2731.0,2496.0,2466.0,1894.0,0.0,809.0,729.0
2014-07-17,1690.0,1857.0,2868.0,1300.0,1338.0,1647.0,1694.0,2636.0,2132.0,1013.0,2259.0,1160.0,826.0,1365.0,1196.0,833.0,1181.0,1347.0,1083.0,0.0,0.0,0.0,968.0,0.0,670.0,554.0,1172.0,945.0,0.0,760.0,1221.0,531.0,965.0,2327.0,596.0,944.0,1507.0,1427.0,1328.0,1263.0,851.0,0.0,1183.0,3714.0,3190.0,2968.0,3539.0,2655.0,2358.0,2360.0,1543.0,0.0,637.0,764.0
2014-07-18,1781.0,1964.0,3174.0,1457.0,1514.0,1715.0,1952.0,2918.0,1861.0,913.0,2295.0,1143.0,869.0,1364.0,1218.0,867.0,1049.0,1265.0,1143.0,0.0,0.0,0.0,1117.0,0.0,876.0,632.0,1285.0,903.0,0.0,705.0,1153.0,538.0,868.0,2527.0,557.0,915.0,1633.0,1735.0,1373.0,1180.0,921.0,0.0,1308.0,4160.0,3772.0,3332.0,3618.0,2807.0,2521.0,2548.0,1829.0,0.0,748.0,789.0
2014-07-19,1233.0,2038.0,3479.0,1620.0,1502.0,1941.0,1710.0,2786.0,2299.0,1190.0,2434.0,1300.0,1178.0,1817.0,1221.0,1041.0,1396.0,1254.0,1915.0,0.0,0.0,0.0,1136.0,0.0,1068.0,671.0,1643.0,1244.0,0.0,714.0,1458.0,686.0,1319.0,2850.0,709.0,1068.0,1470.0,2219.0,1622.0,1374.0,1153.0,0.0,1411.0,4838.0,4267.0,4122.0,4453.0,3704.0,2915.0,3221.0,2035.0,0.0,922.0,895.0
2014-07-20,457.0,1858.0,3345.0,1663.0,1385.0,1961.0,1335.0,2475.0,1991.0,906.0,2169.0,1142.0,848.0,1025.0,900.0,1126.0,1285.0,1222.0,1093.0,0.0,0.0,0.0,966.0,0.0,710.0,772.0,1903.0,1490.0,0.0,673.0,1605.0,669.0,1293.0,2500.0,713.0,1117.0,1192.0,2220.0,1413.0,1302.0,1353.0,0.0,1415.0,4433.0,4197.0,4149.0,4483.0,3994.0,2786.0,2954.0,2056.0,0.0,1032.0,1084.0
2014-07-21,1808.0,1911.0,3048.0,1392.0,1472.0,1735.0,1819.0,2786.0,2125.0,1038.0,2247.0,1270.0,1019.0,1622.0,1497.0,994.0,1275.0,1346.0,1310.0,0.0,0.0,0.0,1053.0,0.0,687.0,570.0,1276.0,1025.0,0.0,705.0,1321.0,581.0,1122.0,2493.0,553.0,980.0,1524.0,1613.0,1437.0,1587.0,911.0,0.0,1298.0,3940.0,3663.0,3252.0,3688.0,2745.0,2252.0,2451.0,1661.0,0.0,696.0,860.0
2014-07-22,1761.0,1813.0,2823.0,1390.0,1378.0,1643.0,1622.0,2649.0,1997.0,1095.0,2334.0,1174.0,971.0,1442.0,1421.0,993.0,1240.0,1274.0,1123.0,0.0,0.0,0.0,1050.0,0.0,649.0,451.0,1244.0,1047.0,0.0,722.0,1340.0,533.0,1172.0,2282.0,549.0,1056.0,1493.0,1494.0,1390.0,1437.0,867.0,0.0,1205.0,3797.0,3211.0,3019.0,3433.0,2611.0,2159.0,2346.0,1580.0,0.0,654.0,815.0
2014-07-23,1868.0,1933.0,3111.0,1547.0,1392.0,1805.0,1819.0,2807.0,1910.0,863.0,1949.0,1122.0,860.0,1384.0,1264.0,855.0,1167.0,1298.0,1181.0,0.0,0.0,0.0,1084.0,0.0,724.0,588.0,1324.0,871.0,0.0,659.0,1135.0,489.0,962.0,2205.0,582.0,889.0,1607.0,1654.0,1231.0,1187.0,973.0,0.0,1108.0,4225.0,3487.0,3045.0,3661.0,2601.0,2302.0,2340.0,1804.0,0.0,699.0,775.0
2014-07-24,1679.0,1798.0,2740.0,1309.0,1395.0,1602.0,1769.0,2572.0,1899.0,883.0,2243.0,1145.0,851.0,1421.0,1279.0,831.0,1086.0,1337.0,1071.0,0.0,0.0,0.0,968.0,2191.0,767.0,422.0,1137.0,844.0,0.0,616.0,1187.0,492.0,989.0,2329.0,571.0,920.0,1499.0,1509.0,1268.0,1181.0,842.0,0.0,1039.0,3756.0,3094.0,2938.0,3316.0,2514.0,2153.0,2167.0,1556.0,0.0,583.0,755.0
2014-07-25,1835.0,1927.0,3095.0,1465.0,1453.0,1648.0,1792.0,2858.0,1761.0,844.0,2200.0,1096.0,839.0,1316.0,1174.0,842.0,1002.0,1188.0,1105.0,0.0,0.0,0.0,1117.0,1816.0,1723.0,604.0,1720.0,1097.0,0.0,509.0,1154.0,572.0,791.0,2514.0,772.0,1032.0,1632.0,1661.0,1319.0,1198.0,909.0,0.0,1193.0,4140.0,3667.0,3172.0,3603.0,2728.0,2316.0,2590.0,1794.0,0.0,675.0,771.0
2014-07-26,1236.0,2025.0,3337.0,1551.0,1568.0,1956.0,1687.0,2737.0,2180.0,1127.0,2226.0,1275.0,1166.0,1742.0,1233.0,1100.0,1296.0,1216.0,1807.0,0.0,0.0,0.0,1121.0,2078.0,1586.0,626.0,1607.0,1192.0,0.0,676.0,1462.0,639.0,1103.0,2360.0,807.0,1094.0,1465.0,2164.0,1510.0,1299.0,1146.0,0.0,1308.0,4746.0,4228.0,4016.0,4275.0,3427.0,2688.0,3103.0,1645.0,0.0,862.0,959.0
2014-07-27,494.0,1787.0,3304.0,1553.0,1398.0,1986.0,1336.0,2505.0,1900.0,878.0,2114.0,1095.0,820.0,965.0,906.0,1167.0,1314.0,1149.0,1063.0,0.0,0.0,0.0,937.0,1718.0,877.0,582.0,1709.0,1441.0,0.0,633.0,1574.0,571.0,1273.0,2421.0,636.0,1201.0,1105.0,2055.0,1300.0,1154.0,1276.0,0.0,1416.0,4526.0,4093.0,4162.0,4259.0,3867.0,2693.0,2830.0,1684.0,0.0,1004.0,1196.0
2014-07-28,1902.0,1883.0,2900.0,1423.0,1464.0,1738.0,1783.0,2714.0,1913.0,1022.0,2204.0,1129.0,909.0,1517.0,1408.0,946.0,1277.0,1316.0,1228.0,0.0,0.0,0.0,1005.0,2237.0,718.0,554.0,1254.0,1023.0,0.0,683.0,1201.0,592.0,1114.0,2463.0,580.0,1021.0,1459.0,1602.0,1332.0,1441.0,858.0,0.0,1270.0,3830.0,3331.0,3074.0,3428.0,2648.0,2133.0,2390.0,1655.0,0.0,704.0,847.0
2014-07-29,1751.0,1762.0,2780.0,1384.0,1344.0,1585.0,1712.0,2563.0,1873.0,1056.0,2158.0,1177.0,851.0,1384.0,1312.0,946.0,1318.0,1307.0,1184.0,0.0,0.0,0.0,1015.0,2114.0,658.0,490.0,1186.0,1045.0,0.0,714.0,1211.0,534.0,1105.0,2264.0,590.0,1060.0,1490.0,1528.0,1364.0,1396.0,857.0,0.0,1112.0,3758.0,3171.0,2820.0,3168.0,2244.0,2083.0,2312.0,1526.0,0.0,602.0,758.0
2014-07-30,1845.0,1861.0,2981.0,1411.0,1423.0,1622.0,1829.0,2731.0,1797.0,890.0,2022.0,1106.0,755.0,1370.0,1223.0,817.0,1098.0,1188.0,1236.0,0.0,0.0,0.0,1102.0,2355.0,752.0,557.0,1281.0,907.0,0.0,650.0,1142.0,500.0,920.0,2180.0,553.0,929.0,1607.0,1619.0,1239.0,1134.0,909.0,0.0,1090.0,4128.0,3310.0,3052.0,3543.0,2522.0,2211.0,2374.0,1730.0,0.0,702.0,702.0
2014-07-31,1733.0,1831.0,2745.0,1288.0,1409.0,1572.0,1675.0,2650.0,2092.0,887.0,2321.0,1146.0,840.0,1439.0,1259.0,915.0,1101.0,1327.0,1186.0,0.0,0.0,0.0,998.0,2208.0,712.0,539.0,1237.0,1123.0,0.0,720.0,1326.0,583.0,1027.0,2323.0,633.0,1121.0,1466.0,1539.0,1383.0,1286.0,887.0,0.0,1178.0,3836.0,3236.0,3075.0,3470.0,2776.0,2104.0,2300.0,1503.0,0.0,673.0,756.0
2014-08-01,1930.0,2080.0,3204.0,1623.0,1666.0,1894.0,2025.0,2924.0,2129.0,1081.0,2668.0,1161.0,941.0,1454.0,1347.0,974.0,1141.0,1321.0,1339.0,0.0,0.0,0.0,1124.0,2593.0,1061.0,732.0,1353.0,1084.0,0.0,685.0,1350.0,702.0,1115.0,2753.0,647.0,1094.0,1772.0,1919.0,1454.0,1366.0,1036.0,0.0,1331.0,4493.0,4197.0,3759.0,4148.0,3319.0,2790.0,2810.0,1899.0,0.0,791.0,917.0
2014-08-02,1207.0,2018.0,3438.0,1645.0,1756.0,2207.0,1615.0,2900.0,2653.0,1325.0,2771.0,1220.0,1311.0,1799.0,1415.0,1174.0,1441.0,1294.0,2083.0,0.0,0.0,0.0,1019.0,2495.0,1294.0,881.0,1802.0,1460.0,0.0,749.0,1739.0,740.0,1352.0,3112.0,787.0,1287.0,1566.0,2403.0,1717.0,1490.0,1290.0,0.0,1386.0,5006.0,4692.0,4722.0,4662.0,4262.0,2979.0,3320.0,2140.0,0.0,1007.0,1018.0
2014-08-03,459.0,1821.0,3303.0,1600.0,1586.0,2041.0,1366.0,2636.0,2397.0,1007.0,2802.0,1130.0,970.0,917.0,1018.0,1295.0,1435.0,1281.0,1119.0,0.0,0.0,0.0,917.0,1977.0,847.0,821.0,1944.0,1685.0,0.0,732.0,1835.0,722.0,1343.0,2751.0,816.0,1352.0,1109.0,2339.0,1375.0,1359.0,1353.0,0.0,1404.0,4931.0,4543.0,4801.0,4632.0,4521.0,2884.0,3100.0,2059.0,0.0,1102.0,1343.0
2014-08-04,1892.0,1956.0,3092.0,1437.0,1552.0,1764.0,1813.0,2848.0,2490.0,1137.0,2740.0,1210.0,985.0,0.0,1451.0,1025.0,1286.0,1397.0,1394.0,0.0,0.0,0.0,1049.0,2343.0,807.0,627.0,1338.0,1142.0,0.0,725.0,1337.0,610.0,1292.0,2588.0,666.0,1163.0,1546.0,1700.0,1426.0,1519.0,989.0,0.0,1388.0,4272.0,3846.0,3568.0,4056.0,3329.0,2441.0,2612.0,1706.0,0.0,690.0,914.0
2014-08-05,1782.0,1948.0,2876.0,1354.0,1468.0,1706.0,1771.0,2795.0,2319.0,1143.0,2685.0,1206.0,952.0,0.0,1382.0,936.0,1335.0,1409.0,1210.0,0.0,0.0,0.0,1076.0,2220.0,696.0,587.0,1223.0,1182.0,0.0,765.0,1414.0,564.0,1288.0,2468.0,676.0,1246.0,1533.0,1577.0,1494.0,1466.0,912.0,0.0,1207.0,3871.0,3497.0,3270.0,3733.0,2918.0,2202.0,2685.0,1586.0,0.0,683.0,862.0
2014-08-06,1791.0,1996.0,3033.0,1447.0,1542.0,1692.0,1740.0,2914.0,2035.0,1004.0,2552.0,1146.0,893.0,0.0,1324.0,890.0,1224.0,1287.0,1239.0,0.0,0.0,0.0,1073.0,2417.0,863.0,586.0,1290.0,956.0,0.0,663.0,1185.0,570.0,1135.0,2307.0,590.0,981.0,1540.0,1758.0,1276.0,1352.0,920.0,0.0,1359.0,4347.0,3512.0,3387.0,3867.0,2901.0,2384.0,2511.0,1761.0,0.0,776.0,771.0
2014-08-07,1657.0,1732.0,2686.0,1309.0,1330.0,1558.0,1633.0,2700.0,2163.0,1035.0,2451.0,1179.0,907.0,0.0,1332.0,881.0,1185.0,1333.0,1081.0,0.0,0.0,0.0,1056.0,2154.0,838.0,485.0,1283.0,987.0,0.0,702.0,1218.0,573.0,1088.0,2432.0,600.0,1003.0,1476.0,1616.0,1363.0,1221.0,918.0,0.0,1391.0,3844.0,3373.0,3089.0,3453.0,2771.0,2229.0,2343.0,1510.0,0.0,690.0,762.0
2014-08-08,1835.0,1840.0,2998.0,1486.0,1540.0,1715.0,1845.0,2873.0,1888.0,940.0,2401.0,1058.0,900.0,0.0,1333.0,849.0,1099.0,1292.0,1226.0,0.0,0.0,0.0,1060.0,2405.0,1138.0,583.0,1247.0,902.0,0.0,638.0,1254.0,511.0,986.0,2647.0,552.0,1066.0,1603.0,1718.0,1392.0,1169.0,963.0,0.0,1323.0,4377.0,3822.0,3274.0,3718.0,2819.0,2450.0,2686.0,1772.0,0.0,673.0,832.0
2014-08-09,1216.0,1984.0,3178.0,1628.0,1586.0,1937.0,1611.0,2675.0,2299.0,1188.0,2417.0,1166.0,1181.0,0.0,1260.0,1064.0,1356.0,1207.0,1987.0,0.0,0.0,0.0,1014.0,2294.0,1361.0,665.0,1674.0,1313.0,0.0,752.0,1502.0,688.0,1291.0,2790.0,661.0,1158.0,1397.0,2199.0,1579.0,1353.0,1196.0,0.0,1416.0,4715.0,4197.0,4186.0,4357.0,3528.0,2777.0,3256.0,1822.0,0.0,935.0,994.0
2014-08-10,477.0,1800.0,3146.0,1537.0,1474.0,1880.0,1312.0,2482.0,2087.0,919.0,2382.0,1124.0,711.0,0.0,944.0,1177.0,1272.0,1141.0,1037.0,0.0,0.0,0.0,943.0,1733.0,818.0,688.0,1855.0,1479.0,0.0,672.0,1635.0,646.0,1296.0,2408.0,665.0,1184.0,1026.0,2015.0,1322.0,1260.0,1288.0,0.0,1464.0,4738.0,4217.0,4140.0,4300.0,3838.0,2653.0,2955.0,1784.0,0.0,989.0,1272.0
2014-08-11,1824.0,1863.0,2878.0,1469.0,1598.0,1726.0,1680.0,2773.0,2148.0,1087.0,2354.0,1188.0,942.0,0.0,1418.0,948.0,1294.0,1419.0,1286.0,0.0,0.0,0.0,1025.0,2240.0,852.0,534.0,1354.0,1121.0,0.0,663.0,1336.0,572.0,1164.0,2409.0,625.0,1044.0,1505.0,1597.0,1400.0,1543.0,960.0,0.0,1424.0,4383.0,3536.0,3314.0,3597.0,2824.0,2309.0,2484.0,1536.0,0.0,700.0,962.0
2014-08-12,1701.0,1725.0,2609.0,1391.0,1483.0,1457.0,1653.0,2526.0,1777.0,1178.0,2303.0,1120.0,943.0,0.0,1340.0,1001.0,1260.0,1414.0,1193.0,0.0,0.0,0.0,978.0,2221.0,792.0,485.0,1251.0,1054.0,0.0,714.0,1315.0,575.0,1213.0,2314.0,614.0,1183.0,1335.0,1465.0,1352.0,1471.0,920.0,0.0,1275.0,3927.0,3172.0,3017.0,2781.0,2455.0,2037.0,2467.0,1374.0,0.0,639.0,810.0
2014-08-13,1868.0,1948.0,2991.0,1502.0,1466.0,1730.0,1812.0,2820.0,1881.0,958.0,2167.0,1176.0,839.0,0.0,1300.0,885.0,1100.0,1309.0,1216.0,0.0,0.0,0.0,1075.0,2413.0,886.0,543.0,1324.0,971.0,0.0,654.0,1169.0,613.0,1051.0,2213.0,545.0,983.0,1533.0,1610.0,1296.0,1271.0,948.0,0.0,1171.0,4503.0,3475.0,3146.0,3564.0,2652.0,2320.0,2487.0,1606.0,0.0,750.0,630.0
2014-08-14,1720.0,1834.0,2710.0,1332.0,1439.0,1647.0,1656.0,2748.0,2087.0,952.0,2226.0,1112.0,847.0,0.0,1330.0,856.0,1150.0,1441.0,1125.0,0.0,0.0,0.0,940.0,2195.0,773.0,513.0,1196.0,979.0,0.0,691.0,1249.0,584.0,1014.0,2258.0,528.0,983.0,1435.0,1444.0,1316.0,1229.0,843.0,0.0,1233.0,4221.0,3181.0,3179.0,3465.0,2659.0,2197.0,2419.0,1447.0,0.0,621.0,783.0
2014-08-15,1833.0,1930.0,3219.0,1586.0,1548.0,1800.0,1883.0,2987.0,2071.0,974.0,2363.0,1053.0,893.0,0.0,1283.0,906.0,1154.0,1446.0,1147.0,0.0,0.0,0.0,1097.0,2506.0,1041.0,628.0,1298.0,912.0,0.0,691.0,1237.0,541.0,982.0,2645.0,555.0,990.0,1548.0,1712.0,1322.0,1303.0,1003.0,0.0,1257.0,4858.0,3769.0,3560.0,3981.0,3010.0,2608.0,2703.0,1858.0,0.0,785.0,869.0
2014-08-16,1257.0,2088.0,3533.0,1696.0,1595.0,2074.0,1834.0,2918.0,2485.0,1314.0,2522.0,1231.0,1261.0,0.0,1202.0,1036.0,1351.0,1405.0,1880.0,0.0,0.0,0.0,956.0,2479.0,1243.0,722.0,1688.0,1327.0,0.0,724.0,1470.0,682.0,1330.0,2950.0,730.0,1148.0,1354.0,2038.0,1529.0,1390.0,1130.0,0.0,1407.0,5378.0,4703.0,4531.0,4410.0,3768.0,2803.0,3307.0,1940.0,0.0,980.0,998.0
2014-08-17,459.0,1943.0,3430.0,1746.0,1563.0,2034.0,1523.0,2591.0,2291.0,954.0,2347.0,1092.0,834.0,0.0,890.0,1279.0,1343.0,1434.0,1010.0,0.0,0.0,0.0,931.0,1993.0,797.0,741.0,1992.0,1731.0,0.0,684.0,1611.0,706.0,1331.0,2550.0,802.0,969.0,1036.0,1985.0,1289.0,1275.0,1411.0,0.0,1490.0,5398.0,4430.0,4641.0,4472.0,4251.0,2920.0,2922.0,1867.0,0.0,1010.0,1308.0
2014-08-18,1805.0,1876.0,3019.0,1541.0,1622.0,1689.0,1801.0,2874.0,2333.0,1080.0,2449.0,1130.0,927.0,0.0,1394.0,942.0,1276.0,1481.0,1350.0,0.0,0.0,0.0,1030.0,2202.0,818.0,626.0,1231.0,1108.0,0.0,693.0,1292.0,602.0,1138.0,2554.0,678.0,1121.0,1477.0,1656.0,1378.0,1543.0,1034.0,0.0,1342.0,4382.0,3770.0,3527.0,3815.0,3001.0,2418.0,2591.0,1574.0,0.0,729.0,930.0
2014-08-19,1670.0,1727.0,2790.0,1390.0,1458.0,1687.0,1788.0,2751.0,2154.0,1208.0,2512.0,1151.0,939.0,0.0,1405.0,909.0,1321.0,1495.0,1267.0,0.0,0.0,0.0,1036.0,2114.0,732.0,523.0,1248.0,1165.0,0.0,720.0,1327.0,589.0,1205.0,2427.0,697.0,1175.0,1339.0,1655.0,1328.0,1429.0,883.0,0.0,1247.0,4189.0,3357.0,3282.0,3581.0,2839.0,2241.0,2419.0,1471.0,0.0,648.0,794.0
2014-08-20,1788.0,1972.0,3073.0,1561.0,1524.0,1764.0,1891.0,2886.0,2049.0,1055.0,2397.0,1172.0,896.0,0.0,1396.0,892.0,1236.0,1444.0,1237.0,0.0,0.0,0.0,1112.0,2457.0,924.0,569.0,1384.0,958.0,0.0,664.0,1188.0,573.0,1025.0,2234.0,551.0,997.0,1518.0,1802.0,1282.0,1301.0,967.0,0.0,1202.0,4694.0,3717.0,3674.0,3766.0,2972.0,2495.0,2583.0,1606.0,0.0,723.0,726.0
2014-08-21,1685.0,1831.0,2844.0,1378.0,1373.0,1660.0,1673.0,2630.0,2079.0,1026.0,2243.0,1207.0,872.0,0.0,1316.0,963.0,1237.0,1446.0,1115.0,0.0,0.0,0.0,970.0,2100.0,816.0,507.0,1212.0,1088.0,0.0,742.0,1330.0,580.0,1058.0,2387.0,564.0,981.0,1403.0,1676.0,1335.0,1242.0,864.0,0.0,1219.0,4291.0,3334.0,3191.0,3513.0,2770.0,2217.0,2414.0,1448.0,0.0,600.0,788.0
2014-08-22,1766.0,1903.0,3114.0,1516.0,1428.0,1679.0,1952.0,2920.0,1863.0,936.0,2346.0,1115.0,892.0,0.0,1253.0,782.0,1065.0,1416.0,1125.0,0.0,0.0,0.0,1134.0,2425.0,1128.0,560.0,1246.0,818.0,0.0,628.0,1164.0,568.0,916.0,2570.0,532.0,941.0,1594.0,1795.0,1309.0,1194.0,932.0,0.0,1264.0,4698.0,3717.0,3401.0,3714.0,2972.0,2466.0,2693.0,1704.0,0.0,725.0,826.0
2014-08-23,1214.0,2000.0,3400.0,1555.0,1536.0,1978.0,1749.0,2813.0,2212.0,1156.0,2469.0,1264.0,1142.0,0.0,1283.0,1033.0,1385.0,1338.0,1868.0,0.0,0.0,0.0,1053.0,2263.0,1394.0,711.0,1785.0,1260.0,0.0,732.0,1457.0,752.0,1162.0,2657.0,747.0,1103.0,1405.0,2270.0,1540.0,1296.0,1155.0,0.0,1378.0,5472.0,4243.0,4262.0,4396.0,3785.0,3040.0,3150.0,1796.0,0.0,989.0,975.0
2014-08-24,494.0,1859.0,3380.0,1693.0,1437.0,2069.0,1473.0,2707.0,1992.0,917.0,2421.0,1089.0,773.0,0.0,926.0,1141.0,1333.0,1381.0,998.0,0.0,0.0,0.0,917.0,1813.0,840.0,735.0,1904.0,1584.0,0.0,679.0,1524.0,689.0,1205.0,2467.0,810.0,1166.0,969.0,2254.0,1330.0,1343.0,1341.0,0.0,1508.0,5375.0,4080.0,4511.0,4486.0,4059.0,2887.0,3032.0,1869.0,0.0,958.0,1279.0
2014-08-25,1789.0,1887.0,2916.0,1460.0,1504.0,1682.0,1827.0,2719.0,2080.0,1026.0,2269.0,1136.0,877.0,0.0,1353.0,903.0,1318.0,1444.0,1239.0,0.0,0.0,0.0,987.0,2116.0,703.0,518.0,1305.0,980.0,0.0,673.0,1270.0,582.0,1155.0,2301.0,589.0,1030.0,1445.0,1592.0,1231.0,1521.0,919.0,0.0,1281.0,4271.0,3445.0,3303.0,3526.0,2893.0,2439.0,2656.0,1554.0,0.0,706.0,867.0
2014-08-26,1745.0,1745.0,2760.0,1325.0,1284.0,1502.0,1797.0,2721.0,1928.0,1017.0,2221.0,1114.0,802.0,0.0,1388.0,907.0,1176.0,1521.0,1208.0,0.0,0.0,0.0,1014.0,2071.0,692.0,465.0,1168.0,1108.0,0.0,698.0,1263.0,542.0,1046.0,2319.0,607.0,1133.0,1416.0,1547.0,1335.0,1403.0,880.0,0.0,1315.0,4197.0,3105.0,3060.0,3285.0,2588.0,2305.0,2494.0,1413.0,0.0,630.0,769.0
2014-08-27,1846.0,1882.0,3021.0,1501.0,1413.0,1749.0,1884.0,2851.0,1799.0,945.0,2060.0,1056.0,782.0,0.0,1273.0,784.0,1150.0,1410.0,1166.0,0.0,0.0,0.0,1134.0,2357.0,792.0,495.0,1291.0,894.0,0.0,648.0,1053.0,543.0,969.0,2152.0,500.0,952.0,1455.0,1627.0,1146.0,1234.0,947.0,0.0,1102.0,4645.0,3347.0,3213.0,3687.0,2773.0,2535.0,2547.0,1602.0,0.0,712.0,670.0
2014-08-28,1607.0,1753.0,2763.0,1351.0,1312.0,1559.0,1721.0,2524.0,1873.0,981.0,2156.0,1146.0,813.0,0.0,1254.0,842.0,1078.0,1416.0,1005.0,0.0,0.0,0.0,1010.0,2013.0,681.0,457.0,1181.0,925.0,0.0,744.0,1237.0,544.0,1023.0,2196.0,546.0,974.0,1326.0,1456.0,1269.0,1159.0,859.0,0.0,1078.0,4327.0,3101.0,3031.0,3489.0,2591.0,2384.0,2377.0,1396.0,0.0,629.0,740.0
2014-08-29,1852.0,1982.0,3077.0,1583.0,1505.0,1707.0,1974.0,2929.0,1729.0,970.0,2268.0,1098.0,827.0,0.0,1233.0,841.0,1063.0,1403.0,1119.0,0.0,0.0,0.0,1083.0,2419.0,881.0,562.0,1242.0,917.0,0.0,678.0,1171.0,548.0,916.0,2510.0,534.0,835.0,1506.0,1651.0,1324.0,1218.0,858.0,0.0,1158.0,4902.0,3695.0,3371.0,3751.0,2858.0,2674.0,2604.0,1719.0,0.0,708.0,827.0
2014-08-30,1385.0,2151.0,3661.0,1741.0,1633.0,2083.0,1824.0,3135.0,2431.0,1301.0,2647.0,1195.0,1190.0,0.0,1372.0,1121.0,1442.0,1511.0,1999.0,0.0,0.0,0.0,1091.0,2391.0,1078.0,779.0,1766.0,1341.0,0.0,762.0,1748.0,757.0,1327.0,2962.0,770.0,1189.0,1509.0,2221.0,1702.0,1469.0,1131.0,0.0,1435.0,5795.0,4578.0,4758.0,4827.0,4262.0,3293.0,3498.0,1909.0,0.0,961.0,997.0
2014-08-31,512.0,1992.0,3744.0,1779.0,1596.0,2234.0,1644.0,2907.0,2418.0,1139.0,2883.0,1186.0,863.0,0.0,1091.0,1208.0,1522.0,1647.0,1229.0,0.0,0.0,0.0,961.0,1827.0,670.0,754.0,1946.0,1693.0,0.0,707.0,1661.0,745.0,1321.0,2652.0,797.0,1258.0,1231.0,2191.0,1589.0,1318.0,1330.0,0.0,1491.0,5945.0,4793.0,5123.0,4917.0,4766.0,3442.0,3281.0,1843.0,0.0,1000.0,1186.0
2014-09-01,1829.0,1985.0,3276.0,1619.0,1579.0,1806.0,2011.0,3024.0,2440.0,1212.0,2810.0,1239.0,1041.0,0.0,1607.0,1082.0,1373.0,1625.0,1588.0,0.0,0.0,0.0,1164.0,2405.0,748.0,732.0,1340.0,1179.0,0.0,730.0,1451.0,662.0,1350.0,2622.0,454.0,1149.0,1581.0,1742.0,1544.0,1617.0,981.0,0.0,1444.0,5006.0,4089.0,3897.0,4292.0,3515.0,2861.0,2917.0,1682.0,0.0,753.0,888.0
2014-09-02,1792.0,1943.0,3125.0,1607.0,1526.0,1808.0,1887.0,2904.0,2423.0,1396.0,2774.0,1157.0,974.0,0.0,1543.0,971.0,1448.0,1682.0,1277.0,0.0,0.0,0.0,1079.0,2288.0,707.0,627.0,1214.0,1227.0,0.0,728.0,1417.0,642.0,1331.0,2411.0,812.0,1240.0,1576.0,1617.0,1559.0,1493.0,997.0,0.0,1355.0,4521.0,3602.0,3620.0,4079.0,3163.0,2528.0,2755.0,1477.0,0.0,676.0,917.0
2014-09-03,1892.0,2042.0,3358.0,1601.0,1564.0,1986.0,2003.0,3139.0,2202.0,1112.0,2565.0,1196.0,864.0,0.0,1373.0,891.0,1343.0,1522.0,1366.0,0.0,0.0,0.0,1151.0,2476.0,750.0,579.0,1331.0,1014.0,0.0,655.0,1189.0,545.0,1054.0,2414.0,559.0,1000.0,1684.0,1693.0,1341.0,1365.0,982.0,0.0,1304.0,4985.0,3725.0,3711.0,4174.0,3094.0,2764.0,2532.0,1646.0,0.0,752.0,776.0
2014-09-04,1721.0,1874.0,2832.0,1430.0,1385.0,1657.0,1824.0,2654.0,2334.0,1061.0,2495.0,1247.0,880.0,0.0,1354.0,882.0,1245.0,1482.0,1224.0,0.0,0.0,0.0,1009.0,2102.0,691.0,540.0,1246.0,983.0,0.0,717.0,1331.0,562.0,1120.0,2345.0,632.0,987.0,1499.0,1383.0,1380.0,1268.0,866.0,0.0,1231.0,4283.0,3268.0,3284.0,3679.0,2792.0,2378.0,2385.0,1350.0,0.0,656.0,809.0
2014-09-05,1779.0,2088.0,3230.0,1563.0,1506.0,1668.0,2055.0,2969.0,1913.0,981.0,2430.0,1088.0,900.0,0.0,1290.0,837.0,1115.0,1368.0,1156.0,0.0,0.0,0.0,1098.0,2446.0,883.0,608.0,1247.0,921.0,0.0,641.0,1197.0,532.0,930.0,2546.0,518.0,957.0,1537.0,1594.0,1292.0,1272.0,965.0,0.0,1354.0,4571.0,3803.0,3484.0,3713.0,2911.0,2714.0,2459.0,1723.0,0.0,732.0,809.0
2014-09-06,1315.0,2175.0,3802.0,1785.0,1619.0,2235.0,1880.0,3041.0,2528.0,1402.0,2942.0,1334.0,1230.0,0.0,1477.0,1048.0,1520.0,1492.0,2103.0,0.0,0.0,0.0,1200.0,2430.0,1005.0,694.0,1751.0,1285.0,0.0,707.0,1467.0,652.0,1203.0,2970.0,692.0,1177.0,1634.0,2173.0,1798.0,1430.0,1130.0,0.0,1414.0,5847.0,4589.0,4945.0,5092.0,4289.0,3296.0,3591.0,1863.0,0.0,844.0,955.0
2014-09-07,538.0,2260.0,3861.0,1978.0,1554.0,2364.0,1692.0,2916.0,2692.0,1238.0,3282.0,1291.0,891.0,0.0,1255.0,1239.0,1606.0,1718.0,1230.0,0.0,0.0,0.0,1017.0,1898.0,734.0,737.0,1871.0,1557.0,0.0,690.0,1591.0,652.0,1288.0,2413.0,708.0,1189.0,1362.0,2319.0,1675.0,1286.0,1347.0,0.0,1414.0,6099.0,4783.0,5501.0,5239.0,5151.0,3554.0,3386.0,1882.0,0.0,991.0,1267.0
2014-09-08,1923.0,2009.0,3109.0,1498.0,1578.0,1826.0,1969.0,2888.0,2324.0,1143.0,2555.0,1266.0,968.0,0.0,1519.0,999.0,1330.0,1493.0,1463.0,0.0,0.0,0.0,1102.0,2168.0,627.0,536.0,1285.0,1110.0,0.0,698.0,1296.0,591.0,1155.0,2408.0,631.0,947.0,1589.0,1519.0,1375.0,1481.0,898.0,0.0,1305.0,4415.0,3602.0,3448.0,3848.0,3026.0,2488.0,2507.0,1518.0,0.0,641.0,880.0
2014-09-09,1809.0,1831.0,2879.0,1411.0,1460.0,1700.0,1891.0,2692.0,2178.0,1117.0,2439.0,1182.0,926.0,0.0,1473.0,916.0,1339.0,1495.0,1248.0,0.0,0.0,0.0,1092.0,2147.0,625.0,471.0,1216.0,1101.0,0.0,722.0,1309.0,570.0,1164.0,2229.0,621.0,1152.0,1487.0,1430.0,1349.0,1396.0,840.0,0.0,1225.0,4087.0,3225.0,3027.0,3453.0,2553.0,2179.0,2205.0,1359.0,0.0,626.0,801.0
2014-09-10,1889.0,2003.0,3172.0,1571.0,1496.0,1762.0,2010.0,2939.0,2003.0,1044.0,2227.0,1254.0,863.0,0.0,1310.0,838.0,1219.0,1449.0,1212.0,0.0,0.0,0.0,1074.0,2297.0,748.0,514.0,1318.0,944.0,0.0,661.0,1160.0,507.0,988.0,2148.0,518.0,965.0,1656.0,1661.0,1256.0,1246.0,946.0,0.0,1095.0,4546.0,3390.0,3215.0,3552.0,2676.0,2448.0,2255.0,1675.0,0.0,661.0,729.0
2014-09-11,1795.0,1758.0,2735.0,1401.0,1441.0,1563.0,1800.0,2613.0,1935.0,977.0,2068.0,1173.0,824.0,2414.0,1258.0,821.0,1120.0,1532.0,1140.0,0.0,0.0,0.0,1004.0,2187.0,632.0,460.0,1176.0,973.0,0.0,712.0,1243.0,550.0,998.0,2170.0,566.0,901.0,1487.0,1366.0,1222.0,1184.0,899.0,0.0,1078.0,3946.0,2852.0,2775.0,3155.0,2489.0,2173.0,2186.0,1343.0,0.0,579.0,739.0
2014-09-12,1793.0,1907.0,2999.0,1475.0,1459.0,1699.0,2019.0,2949.0,1669.0,880.0,1954.0,1097.0,815.0,2064.0,1189.0,792.0,1057.0,1312.0,1116.0,0.0,0.0,0.0,1120.0,2330.0,844.0,535.0,1193.0,934.0,0.0,653.0,1189.0,534.0,887.0,2496.0,524.0,925.0,1566.0,1518.0,1151.0,1158.0,899.0,0.0,1092.0,4567.0,3406.0,3127.0,3523.0,2631.0,2631.0,2383.0,1784.0,0.0,685.0,794.0
2014-09-13,1279.0,2112.0,3641.0,1733.0,1553.0,2260.0,1896.0,3057.0,2336.0,1226.0,2409.0,1285.0,1177.0,2510.0,1339.0,1027.0,1444.0,1504.0,1954.0,0.0,0.0,0.0,1106.0,2302.0,1089.0,675.0,1735.0,1285.0,0.0,732.0,1454.0,676.0,1288.0,2779.0,702.0,1153.0,1527.0,2098.0,1646.0,1297.0,1138.0,0.0,1315.0,5674.0,4428.0,4497.0,4466.0,3825.0,3121.0,3171.0,1882.0,0.0,855.0,941.0
2014-09-14,537.0,2089.0,3620.0,1816.0,1398.0,2290.0,1623.0,2854.0,2394.0,1115.0,2763.0,1194.0,888.0,1598.0,1043.0,1160.0,1529.0,1614.0,1224.0,0.0,0.0,0.0,981.0,1925.0,692.0,668.0,1839.0,1517.0,0.0,650.0,1557.0,640.0,1262.0,2360.0,796.0,1084.0,1218.0,2165.0,1583.0,1278.0,1242.0,0.0,1370.0,5634.0,4444.0,4738.0,4692.0,4610.0,3038.0,3084.0,1734.0,0.0,911.0,1224.0
2014-09-15,1764.0,1865.0,3002.0,1444.0,1627.0,1800.0,1898.0,2727.0,2154.0,1108.0,2305.0,1146.0,899.0,1853.0,1424.0,961.0,1356.0,1673.0,1278.0,0.0,0.0,0.0,1038.0,2139.0,699.0,609.0,1314.0,1140.0,0.0,697.0,1302.0,647.0,1212.0,2412.0,632.0,1059.0,1368.0,1576.0,1351.0,1463.0,959.0,0.0,1304.0,4273.0,3318.0,3312.0,3549.0,2850.0,2383.0,2290.0,1521.0,0.0,680.0,828.0
2014-09-16,1748.0,1897.0,2885.0,1486.0,1478.0,1729.0,1899.0,2803.0,2221.0,1170.0,2283.0,1185.0,901.0,1767.0,1393.0,958.0,1258.0,1576.0,1149.0,0.0,0.0,0.0,1109.0,2176.0,631.0,534.0,1263.0,1289.0,0.0,698.0,1381.0,620.0,1186.0,2290.0,679.0,1152.0,1602.0,1420.0,1415.0,1420.0,910.0,0.0,1185.0,4125.0,3191.0,3025.0,3484.0,2609.0,2231.0,2275.0,1493.0,0.0,602.0,847.0
2014-09-17,1804.0,1938.0,3039.0,1530.0,1401.0,1749.0,1969.0,2852.0,1881.0,961.0,2059.0,1172.0,795.0,1484.0,1485.0,820.0,1187.0,1573.0,1141.0,0.0,0.0,0.0,1177.0,2271.0,716.0,569.0,1336.0,978.0,0.0,711.0,1135.0,551.0,1009.0,2196.0,575.0,873.0,1522.0,1559.0,1150.0,1199.0,949.0,0.0,1110.0,4545.0,3212.0,2932.0,3536.0,2464.0,2440.0,2287.0,1690.0,0.0,717.0,685.0
2014-09-18,1655.0,1727.0,2772.0,1313.0,1374.0,1583.0,1841.0,2605.0,2029.0,881.0,2053.0,1046.0,785.0,1468.0,1253.0,835.0,1118.0,1514.0,1079.0,0.0,0.0,0.0,977.0,2044.0,592.0,542.0,1161.0,961.0,0.0,685.0,1233.0,571.0,945.0,2284.0,595.0,947.0,1439.0,1309.0,1187.0,1188.0,892.0,0.0,1156.0,3820.0,2802.0,2757.0,3182.0,1833.0,2242.0,1995.0,1388.0,0.0,610.0,732.0
2014-09-19,1628.0,1818.0,2960.0,1409.0,1457.0,1517.0,1910.0,2825.0,1529.0,802.0,1992.0,1050.0,791.0,1371.0,1117.0,820.0,1038.0,1242.0,1051.0,0.0,0.0,0.0,1120.0,2403.0,823.0,608.0,1367.0,930.0,0.0,652.0,1146.0,524.0,914.0,2586.0,551.0,907.0,1709.0,1628.0,1226.0,1258.0,949.0,0.0,1231.0,4057.0,3422.0,3076.0,3414.0,2600.0,2523.0,2457.0,1742.0,0.0,687.0,738.0
2014-09-20,1410.0,2170.0,3803.0,1783.0,1573.0,2175.0,1905.0,3104.0,2301.0,1211.0,2456.0,1246.0,1208.0,1998.0,1267.0,985.0,1526.0,1468.0,1918.0,0.0,0.0,0.0,1082.0,2275.0,975.0,647.0,1643.0,1328.0,0.0,730.0,1362.0,601.0,1169.0,2618.0,640.0,1070.0,1621.0,2213.0,1648.0,1296.0,1029.0,0.0,1229.0,5529.0,4613.0,4834.0,4470.0,3928.0,3201.0,3314.0,1900.0,0.0,787.0,916.0
2014-09-21,478.0,2005.0,3679.0,1907.0,1501.0,2354.0,1613.0,2740.0,2365.0,1059.0,2740.0,1159.0,908.0,1263.0,1099.0,1177.0,1601.0,1595.0,1206.0,0.0,0.0,0.0,974.0,1736.0,663.0,622.0,1851.0,1533.0,0.0,680.0,1416.0,682.0,1241.0,2356.0,675.0,1105.0,1218.0,2228.0,1590.0,1238.0,1217.0,0.0,1391.0,5410.0,4504.0,4964.0,4815.0,4572.0,3169.0,3002.0,1744.0,0.0,926.0,1121.0
2014-09-22,1726.0,1757.0,2776.0,1333.0,1470.0,1711.0,1882.0,2724.0,2056.0,953.0,2057.0,1173.0,918.0,1732.0,1479.0,920.0,1309.0,1522.0,1155.0,0.0,0.0,0.0,1070.0,2267.0,623.0,525.0,1237.0,1011.0,0.0,683.0,1273.0,590.0,1141.0,2237.0,600.0,948.0,1395.0,1477.0,1165.0,1518.0,886.0,0.0,1211.0,3983.0,3260.0,3227.0,3367.0,2654.0,2344.0,2075.0,1472.0,0.0,616.0,827.0
2014-09-23,1723.0,1858.0,2889.0,1429.0,1331.0,1623.0,1775.0,2643.0,1931.0,1005.0,2309.0,1133.0,795.0,1493.0,1463.0,848.0,1219.0,1602.0,1135.0,0.0,0.0,0.0,1104.0,2080.0,551.0,482.0,1228.0,1047.0,0.0,669.0,1255.0,544.0,985.0,2234.0,674.0,1065.0,1462.0,1436.0,1288.0,1410.0,809.0,0.0,1213.0,4054.0,2983.0,2970.0,3249.0,2543.0,2159.0,2153.0,1416.0,0.0,650.0,798.0
2014-09-24,1895.0,2021.0,3045.0,1635.0,1424.0,1803.0,1978.0,2778.0,1816.0,892.0,1945.0,1052.0,784.0,1402.0,1320.0,856.0,1182.0,1547.0,1098.0,0.0,0.0,0.0,1102.0,2265.0,639.0,551.0,1351.0,903.0,0.0,684.0,951.0,540.0,964.0,2010.0,498.0,876.0,1647.0,1656.0,1203.0,1169.0,879.0,0.0,1076.0,4637.0,3173.0,3077.0,3311.0,2581.0,2463.0,2118.0,1637.0,0.0,701.0,667.0
2014-09-25,1680.0,1801.0,2728.0,1342.0,1357.0,1517.0,1731.0,2660.0,1798.0,801.0,2011.0,1115.0,873.0,1440.0,1261.0,874.0,1131.0,1494.0,995.0,0.0,0.0,0.0,986.0,2163.0,600.0,483.0,1252.0,991.0,0.0,713.0,1126.0,522.0,1034.0,2167.0,595.0,901.0,1434.0,1433.0,1190.0,1177.0,867.0,0.0,1139.0,4064.0,2721.0,2667.0,3126.0,2288.0,2040.0,1920.0,1326.0,0.0,596.0,639.0
2014-09-26,1715.0,1867.0,2995.0,1319.0,1419.0,1614.0,1873.0,2719.0,1547.0,681.0,2000.0,1060.0,795.0,1286.0,1056.0,727.0,923.0,1288.0,1089.0,0.0,0.0,0.0,1071.0,2297.0,776.0,606.0,1300.0,870.0,0.0,626.0,1065.0,486.0,855.0,2357.0,538.0,849.0,1615.0,1495.0,1159.0,1190.0,901.0,0.0,1109.0,4072.0,3353.0,2988.0,3315.0,2437.0,2447.0,2379.0,1636.0,0.0,631.0,745.0
2014-09-27,1250.0,2063.0,3554.0,1640.0,1411.0,2162.0,1837.0,3038.0,2266.0,978.0,2284.0,1318.0,1131.0,1849.0,1131.0,1020.0,1449.0,1427.0,1795.0,0.0,0.0,0.0,1055.0,2172.0,1016.0,714.0,1747.0,1163.0,0.0,721.0,1271.0,672.0,1157.0,2627.0,647.0,1061.0,1633.0,2201.0,1683.0,1318.0,1089.0,0.0,1275.0,5556.0,4264.0,4369.0,4413.0,3835.0,3008.0,3059.0,1724.0,0.0,826.0,952.0
2014-09-28,528.0,2116.0,3800.0,1948.0,1330.0,2253.0,1726.0,3030.0,2334.0,1023.0,2405.0,1187.0,905.0,1173.0,1003.0,1028.0,1585.0,1558.0,1286.0,0.0,0.0,0.0,1040.0,1668.0,752.0,639.0,1805.0,1303.0,0.0,641.0,1382.0,581.0,1068.0,2482.0,636.0,997.0,1215.0,2286.0,1640.0,1099.0,1208.0,0.0,1263.0,5631.0,4557.0,4869.0,4666.0,4654.0,3037.0,3033.0,1631.0,0.0,850.0,1025.0
2014-09-29,1808.0,1936.0,2936.0,1487.0,1379.0,1695.0,1808.0,2817.0,1885.0,940.0,2185.0,1105.0,826.0,1542.0,1463.0,875.0,1224.0,1539.0,1268.0,0.0,0.0,0.0,1036.0,2290.0,692.0,522.0,1285.0,993.0,0.0,687.0,1275.0,551.0,1144.0,2382.0,607.0,936.0,1485.0,1520.0,1225.0,1380.0,867.0,0.0,1245.0,4107.0,3140.0,3054.0,3322.0,2526.0,2349.0,2173.0,1406.0,0.0,653.0,820.0
2014-09-30,1711.0,1834.0,2858.0,1425.0,1347.0,1680.0,1900.0,2737.0,2095.0,1039.0,2164.0,1202.0,933.0,1518.0,1432.0,798.0,1326.0,1666.0,1298.0,0.0,0.0,0.0,1039.0,2249.0,703.0,571.0,1283.0,1155.0,0.0,718.0,1394.0,634.0,1184.0,2462.0,706.0,1153.0,1467.0,1571.0,1344.0,1385.0,929.0,0.0,1241.0,3988.0,3190.0,3147.0,3376.0,2628.0,2285.0,2223.0,1360.0,0.0,654.0,818.0
2014-10-01,1934.0,2174.0,3261.0,1666.0,1478.0,1918.0,2057.0,3017.0,2332.0,1031.0,2386.0,1194.0,936.0,1552.0,1528.0,862.0,1291.0,1601.0,1223.0,0.0,0.0,0.0,1121.0,2498.0,820.0,730.0,1445.0,1084.0,0.0,674.0,1306.0,555.0,1186.0,2555.0,701.0,1003.0,1705.0,1768.0,1302.0,1373.0,1042.0,0.0,1295.0,4787.0,3643.0,3592.0,4013.0,3084.0,2577.0,2404.0,1748.0,0.0,766.0,742.0
2014-10-02,1752.0,1975.0,2983.0,1434.0,1391.0,1725.0,1784.0,2791.0,2223.0,950.0,2570.0,1206.0,982.0,1552.0,1385.0,870.0,1261.0,1590.0,1168.0,0.0,0.0,0.0,987.0,2296.0,778.0,607.0,1268.0,1053.0,0.0,725.0,1406.0,582.0,1179.0,2696.0,738.0,1071.0,1529.0,1600.0,1331.0,1370.0,908.0,0.0,1341.0,4115.0,3256.0,3269.0,3584.0,2859.0,2295.0,2309.0,1444.0,0.0,655.0,732.0
2014-10-03,1935.0,2081.0,3386.0,1618.0,1580.0,1835.0,2054.0,3022.0,1924.0,914.0,2438.0,1087.0,877.0,1342.0,1341.0,840.0,1190.0,1476.0,1142.0,0.0,0.0,0.0,1066.0,2554.0,1089.0,673.0,1355.0,1011.0,0.0,680.0,1312.0,676.0,974.0,2940.0,607.0,1021.0,1681.0,1773.0,1335.0,1314.0,984.0,0.0,1362.0,4717.0,3738.0,3500.0,3979.0,3100.0,2783.0,2544.0,1733.0,0.0,782.0,852.0
2014-10-04,1380.0,2292.0,3863.0,1821.0,1433.0,2330.0,2025.0,3087.0,2725.0,1286.0,3042.0,1322.0,1358.0,1920.0,1319.0,952.0,1546.0,1535.0,2107.0,0.0,0.0,0.0,1174.0,2370.0,1342.0,673.0,1699.0,1151.0,0.0,676.0,1509.0,631.0,1162.0,2982.0,779.0,1223.0,1760.0,2532.0,1902.0,1282.0,1119.0,0.0,1473.0,5760.0,4808.0,5048.0,4826.0,4331.0,3224.0,3511.0,1703.0,0.0,792.0,933.0
2014-10-05,527.0,2217.0,3681.0,2014.0,1270.0,2378.0,1691.0,2813.0,2811.0,1148.0,3237.0,1291.0,1003.0,1277.0,1219.0,949.0,1601.0,1614.0,1319.0,0.0,0.0,0.0,1098.0,1653.0,870.0,638.0,1736.0,1409.0,0.0,578.0,1403.0,572.0,1137.0,2542.0,670.0,1040.0,1356.0,2475.0,1779.0,1118.0,1198.0,0.0,1386.0,5617.0,4775.0,5269.0,4817.0,5056.0,3353.0,3347.0,1636.0,0.0,852.0,1006.0
2014-10-06,1736.0,1805.0,2965.0,1326.0,1489.0,1671.0,1814.0,2633.0,2180.0,1002.0,2402.0,1228.0,979.0,1772.0,1435.0,895.0,1296.0,1480.0,1324.0,0.0,0.0,0.0,1110.0,2312.0,849.0,562.0,1336.0,1063.0,0.0,678.0,1203.0,545.0,1170.0,2529.0,613.0,1041.0,1520.0,1722.0,1330.0,1502.0,956.0,0.0,1444.0,3870.0,3385.0,3290.0,3735.0,2975.0,2414.0,2539.0,1540.0,0.0,666.0,829.0
2014-10-07,1761.0,1867.0,2992.0,1417.0,1408.0,1700.0,1952.0,2675.0,2220.0,998.0,2391.0,1164.0,899.0,1556.0,1429.0,844.0,1369.0,1565.0,1237.0,0.0,0.0,0.0,1033.0,2190.0,794.0,524.0,1320.0,1072.0,0.0,714.0,1396.0,515.0,976.0,2500.0,672.0,1281.0,1422.0,1532.0,1307.0,1422.0,869.0,0.0,1310.0,4120.0,3095.0,3082.0,3473.0,2695.0,2292.0,2222.0,1379.0,0.0,604.0,811.0
2014-10-08,1768.0,1784.0,3061.0,1501.0,1409.0,1697.0,1872.0,2905.0,1998.0,931.0,2126.0,1172.0,864.0,1400.0,1321.0,783.0,1139.0,1412.0,1122.0,0.0,0.0,0.0,1046.0,2304.0,904.0,539.0,1274.0,897.0,0.0,641.0,1151.0,540.0,1049.0,2453.0,570.0,956.0,1748.0,1667.0,1170.0,1204.0,937.0,0.0,1199.0,4203.0,3328.0,3051.0,3533.0,2624.0,2463.0,2410.0,1571.0,0.0,658.0,691.0
2014-10-09,1777.0,1742.0,2873.0,1296.0,1362.0,1548.0,1864.0,2659.0,1925.0,815.0,2131.0,1136.0,784.0,1467.0,1251.0,755.0,1104.0,1382.0,1139.0,0.0,0.0,0.0,1017.0,2079.0,1176.0,501.0,1255.0,969.0,0.0,684.0,1291.0,534.0,987.0,2600.0,639.0,1033.0,1397.0,1402.0,1180.0,1200.0,820.0,0.0,1310.0,3875.0,3122.0,2990.0,3312.0,2336.0,2419.0,2291.0,1439.0,0.0,636.0,716.0
2014-10-10,603.0,1710.0,3247.0,1569.0,1377.0,1842.0,1517.0,2742.0,1968.0,723.0,2231.0,1037.0,929.0,1262.0,1152.0,857.0,1301.0,1198.0,1287.0,0.0,0.0,0.0,1062.0,1759.0,2115.0,594.0,1865.0,1085.0,0.0,531.0,1169.0,536.0,888.0,2551.0,794.0,1167.0,1506.0,2086.0,1370.0,925.0,1041.0,0.0,1177.0,4984.0,4331.0,4395.0,4288.0,3808.0,3038.0,3177.0,1533.0,0.0,819.0,815.0
2014-10-11,1106.0,1977.0,3593.0,1620.0,1408.0,2076.0,1648.0,2885.0,2331.0,1017.0,2706.0,1249.0,1210.0,1815.0,1223.0,950.0,1408.0,1207.0,1999.0,0.0,0.0,0.0,961.0,1813.0,1977.0,589.0,1541.0,1096.0,0.0,666.0,1390.0,622.0,1170.0,2494.0,838.0,1167.0,1504.0,2219.0,1610.0,1251.0,1100.0,0.0,1282.0,5169.0,4592.0,4669.0,4533.0,4197.0,3038.0,3330.0,1384.0,0.0,793.0,937.0
2014-10-12,465.0,1827.0,3357.0,1660.0,1353.0,2036.0,1426.0,2668.0,2325.0,990.0,2744.0,1269.0,924.0,1142.0,1058.0,1108.0,1452.0,1318.0,1226.0,0.0,0.0,0.0,944.0,1594.0,865.0,644.0,1760.0,1497.0,0.0,605.0,1466.0,564.0,1189.0,2571.0,644.0,1156.0,1156.0,2209.0,1592.0,1158.0,1177.0,0.0,1457.0,5033.0,4289.0,4455.0,4437.0,4364.0,2828.0,3038.0,1601.0,0.0,951.0,1144.0
2014-10-13,1801.0,1809.0,2846.0,1412.0,1595.0,1636.0,1846.0,2663.0,1994.0,908.0,2199.0,1168.0,918.0,1548.0,1400.0,885.0,1322.0,1580.0,1280.0,0.0,0.0,0.0,1032.0,2284.0,697.0,513.0,1321.0,1009.0,0.0,667.0,1237.0,561.0,1150.0,2484.0,647.0,1023.0,1479.0,1476.0,1303.0,1481.0,852.0,0.0,1385.0,4024.0,3163.0,3042.0,3310.0,2522.0,2211.0,2214.0,1588.0,0.0,604.0,868.0
2014-10-14,1807.0,1889.0,2788.0,1316.0,1377.0,1614.0,1817.0,2664.0,1979.0,967.0,2080.0,1089.0,885.0,1419.0,1351.0,929.0,1226.0,1521.0,1151.0,0.0,0.0,0.0,948.0,2251.0,606.0,505.0,1249.0,1162.0,0.0,691.0,1223.0,509.0,1242.0,2235.0,592.0,1043.0,1332.0,1347.0,1343.0,1369.0,830.0,0.0,1275.0,3838.0,2957.0,2814.0,3222.0,2331.0,2133.0,2120.0,1440.0,0.0,579.0,866.0
2014-10-15,1872.0,1998.0,3008.0,1519.0,1549.0,1666.0,1882.0,2826.0,2029.0,841.0,2179.0,1163.0,861.0,1336.0,1322.0,880.0,1138.0,1567.0,1143.0,0.0,0.0,0.0,1079.0,2514.0,769.0,640.0,1369.0,1035.0,0.0,675.0,1192.0,563.0,1052.0,2214.0,575.0,898.0,1550.0,1516.0,1218.0,1206.0,988.0,0.0,1230.0,4465.0,3224.0,3153.0,3434.0,2471.0,2500.0,2313.0,1710.0,0.0,695.0,754.0
2014-10-16,1725.0,1876.0,2816.0,1340.0,1401.0,1596.0,1851.0,2567.0,2025.0,863.0,2123.0,1198.0,822.0,1386.0,1184.0,822.0,1204.0,1481.0,1064.0,0.0,0.0,0.0,996.0,2128.0,679.0,549.0,1260.0,1050.0,0.0,651.0,1245.0,629.0,1039.0,2222.0,717.0,1011.0,1457.0,1419.0,1181.0,1218.0,895.0,0.0,1182.0,4017.0,2997.0,2838.0,3295.0,2327.0,2348.0,2161.0,1436.0,0.0,660.0,681.0
2014-10-17,1741.0,1918.0,2891.0,1409.0,1496.0,1623.0,1964.0,2824.0,1682.0,802.0,2079.0,1054.0,770.0,1238.0,1140.0,793.0,1035.0,1292.0,1052.0,0.0,0.0,0.0,1023.0,2472.0,816.0,591.0,1283.0,978.0,0.0,667.0,1163.0,552.0,874.0,2539.0,565.0,1040.0,1537.0,1538.0,1179.0,1131.0,917.0,0.0,1165.0,4329.0,3354.0,2912.0,3570.0,2569.0,2537.0,2350.0,1767.0,0.0,677.0,742.0
2014-10-18,1342.0,2073.0,3599.0,1723.0,1549.0,2132.0,1793.0,3061.0,2374.0,1130.0,2423.0,1295.0,1218.0,1889.0,1306.0,996.0,1437.0,1494.0,1944.0,0.0,0.0,0.0,1109.0,2395.0,928.0,681.0,1773.0,1295.0,0.0,688.0,1493.0,693.0,1156.0,2753.0,645.0,1111.0,1697.0,2353.0,1697.0,1332.0,1181.0,0.0,1330.0,5523.0,4455.0,4676.0,4505.0,3837.0,3188.0,3259.0,1938.0,0.0,888.0,956.0
2014-10-19,549.0,2028.0,3569.0,1817.0,1543.0,2293.0,1545.0,3036.0,2452.0,943.0,2817.0,1349.0,965.0,1162.0,1027.0,1143.0,1605.0,1541.0,1216.0,0.0,0.0,0.0,1126.0,1872.0,646.0,751.0,1956.0,1613.0,0.0,664.0,1537.0,630.0,1275.0,2367.0,668.0,1093.0,1338.0,2384.0,1610.0,1322.0,1341.0,0.0,1401.0,5211.0,4694.0,4716.0,4783.0,4376.0,3080.0,3091.0,1990.0,0.0,909.0,1202.0
2014-10-20,1785.0,1953.0,2965.0,1422.0,1567.0,1725.0,1884.0,2681.0,2098.0,904.0,2170.0,1194.0,996.0,1596.0,1408.0,888.0,1316.0,1568.0,1225.0,0.0,0.0,0.0,1043.0,2333.0,583.0,563.0,1324.0,995.0,0.0,722.0,1366.0,587.0,1058.0,2417.0,566.0,1001.0,1500.0,1482.0,1335.0,1481.0,906.0,0.0,1283.0,4119.0,3310.0,3180.0,3364.0,2703.0,2351.0,2248.0,1513.0,0.0,641.0,864.0
2014-10-21,1659.0,1772.0,2703.0,1283.0,1371.0,1577.0,1760.0,2607.0,2005.0,953.0,2128.0,1166.0,907.0,1447.0,1423.0,877.0,1257.0,1432.0,1174.0,0.0,0.0,0.0,1008.0,2319.0,558.0,511.0,1184.0,1057.0,0.0,742.0,1359.0,568.0,1129.0,2322.0,586.0,1113.0,1489.0,1390.0,1374.0,1332.0,866.0,0.0,1243.0,3817.0,3141.0,2759.0,3157.0,2310.0,1873.0,2055.0,1438.0,0.0,606.0,770.0
2014-10-22,1742.0,1857.0,2956.0,1416.0,1408.0,1672.0,1881.0,2808.0,1792.0,870.0,1954.0,1172.0,821.0,1281.0,1214.0,804.0,1147.0,1394.0,1129.0,0.0,0.0,0.0,1023.0,2366.0,704.0,511.0,1279.0,936.0,0.0,661.0,1174.0,483.0,1040.0,2050.0,542.0,922.0,1505.0,1556.0,1183.0,1190.0,924.0,0.0,1085.0,4338.0,3147.0,2905.0,3231.0,2327.0,2282.0,2113.0,1630.0,0.0,673.0,718.0
2014-10-23,1684.0,1789.0,2826.0,1360.0,1348.0,1587.0,1793.0,2539.0,1794.0,872.0,2135.0,1210.0,802.0,1443.0,1172.0,853.0,1124.0,1398.0,1013.0,0.0,0.0,0.0,943.0,2129.0,595.0,505.0,1271.0,974.0,0.0,684.0,1217.0,527.0,1038.0,2160.0,588.0,930.0,1473.0,1411.0,1221.0,1152.0,868.0,0.0,1106.0,3679.0,2850.0,2775.0,3255.0,2246.0,2230.0,2035.0,1423.0,0.0,560.0,706.0
2014-10-24,1708.0,1779.0,2937.0,1394.0,1370.0,1624.0,1833.0,2665.0,1610.0,734.0,1992.0,958.0,747.0,1179.0,1148.0,719.0,898.0,1213.0,997.0,0.0,0.0,0.0,1087.0,2411.0,832.0,556.0,1305.0,971.0,0.0,675.0,1153.0,452.0,911.0,2373.0,555.0,901.0,1601.0,1538.0,1069.0,1185.0,967.0,0.0,1117.0,4098.0,3366.0,2964.0,3373.0,2508.0,2589.0,2461.0,1633.0,0.0,681.0,640.0
2014-10-25,1268.0,2115.0,3576.0,1697.0,1587.0,2161.0,1784.0,2936.0,2321.0,1100.0,2404.0,1336.0,1238.0,1819.0,1258.0,1010.0,1442.0,1306.0,1936.0,0.0,0.0,0.0,1094.0,2181.0,954.0,707.0,1825.0,1185.0,0.0,740.0,1422.0,669.0,1250.0,2545.0,699.0,1041.0,1500.0,2020.0,1562.0,1352.0,1126.0,0.0,1275.0,5177.0,4455.0,4662.0,4451.0,3896.0,2991.0,3373.0,1721.0,0.0,799.0,1039.0
2014-10-26,523.0,2014.0,3565.0,1810.0,1395.0,2306.0,1551.0,2788.0,2219.0,974.0,2726.0,1243.0,925.0,1152.0,1100.0,1141.0,1561.0,1452.0,1183.0,0.0,0.0,0.0,1003.0,1820.0,674.0,737.0,1967.0,1571.0,0.0,662.0,1581.0,641.0,1313.0,2182.0,635.0,1088.0,1319.0,2376.0,1583.0,1194.0,1273.0,0.0,1303.0,5149.0,4496.0,4652.0,4697.0,4497.0,3092.0,3209.0,1972.0,0.0,881.0,1168.0
2014-10-27,1646.0,1828.0,2648.0,1310.0,1480.0,1496.0,1823.0,2568.0,1927.0,977.0,1991.0,1222.0,857.0,1471.0,1383.0,896.0,1217.0,1381.0,1247.0,0.0,0.0,0.0,1019.0,2177.0,645.0,526.0,1350.0,1055.0,0.0,653.0,1257.0,590.0,1088.0,2367.0,596.0,946.0,1510.0,1407.0,1235.0,1445.0,952.0,0.0,1269.0,3754.0,3121.0,2872.0,3188.0,2447.0,2296.0,2236.0,1573.0,0.0,663.0,829.0
2014-10-28,1643.0,1816.0,2832.0,1337.0,1433.0,1555.0,1806.0,2519.0,1738.0,1026.0,1946.0,1101.0,832.0,1356.0,1344.0,830.0,1286.0,1426.0,1133.0,0.0,0.0,0.0,1024.0,2176.0,603.0,518.0,1277.0,1165.0,0.0,706.0,1268.0,590.0,1161.0,2232.0,569.0,1087.0,1478.0,1299.0,1328.0,1383.0,869.0,0.0,1208.0,3765.0,2912.0,2686.0,3064.0,2187.0,2165.0,1989.0,1405.0,0.0,573.0,771.0
2014-10-29,1857.0,1874.0,3002.0,1439.0,1421.0,1655.0,1843.0,2831.0,1686.0,878.0,1837.0,1098.0,843.0,1197.0,1254.0,755.0,1216.0,1315.0,1122.0,0.0,0.0,0.0,1060.0,2380.0,666.0,515.0,1349.0,969.0,0.0,629.0,1106.0,504.0,952.0,2155.0,496.0,911.0,1612.0,1452.0,1152.0,1238.0,892.0,0.0,1076.0,4256.0,3176.0,2953.0,3422.0,2228.0,2518.0,2214.0,1661.0,0.0,639.0,733.0
2014-10-30,1704.0,1772.0,2746.0,1346.0,1341.0,1525.0,1771.0,2509.0,1815.0,890.0,1970.0,1160.0,834.0,1279.0,1205.0,798.0,1131.0,1361.0,1140.0,0.0,0.0,0.0,953.0,2200.0,730.0,501.0,1270.0,959.0,0.0,669.0,1215.0,549.0,966.0,2193.0,527.0,953.0,1536.0,1344.0,1227.0,1174.0,779.0,0.0,1236.0,3795.0,2883.0,2627.0,3182.0,2215.0,2405.0,2122.0,1461.0,0.0,698.0,707.0
2014-10-31,1735.0,1903.0,3172.0,1510.0,1524.0,1714.0,2091.0,2897.0,1797.0,852.0,1975.0,1041.0,871.0,1205.0,1245.0,839.0,1109.0,1302.0,1176.0,0.0,0.0,0.0,1077.0,2558.0,1140.0,634.0,1426.0,999.0,0.0,799.0,1243.0,626.0,982.0,2592.0,661.0,990.0,1591.0,1615.0,1273.0,1225.0,971.0,0.0,1314.0,4139.0,3553.0,3161.0,3708.0,2703.0,2704.0,2235.0,1824.0,0.0,849.0,830.0
2014-11-01,1103.0,2011.0,3457.0,1618.0,1717.0,2075.0,1703.0,2690.0,2510.0,1244.0,3202.0,1297.0,1154.0,1733.0,1296.0,1055.0,1593.0,1163.0,2058.0,0.0,0.0,0.0,1111.0,2244.0,2032.0,842.0,1837.0,1399.0,0.0,752.0,1672.0,792.0,1361.0,2982.0,992.0,1513.0,1686.0,2346.0,1562.0,1541.0,1245.0,0.0,1561.0,4843.0,4284.0,4602.0,4687.0,3881.0,2923.0,2830.0,1830.0,0.0,1058.0,1178.0
2014-11-02,407.0,1532.0,2825.0,1399.0,1317.0,1735.0,1277.0,2072.0,2002.0,819.0,2788.0,933.0,748.0,918.0,787.0,963.0,1317.0,984.0,1264.0,0.0,0.0,0.0,839.0,1550.0,1583.0,620.0,1701.0,1264.0,0.0,591.0,1482.0,597.0,1141.0,1969.0,842.0,1198.0,1281.0,2107.0,1312.0,1089.0,1091.0,0.0,1293.0,4344.0,3933.0,4121.0,3992.0,3615.0,2687.0,2588.0,1438.0,0.0,852.0,976.0
2014-11-03,487.0,2032.0,3391.0,1779.0,1443.0,2326.0,1565.0,2716.0,2669.0,1067.0,2721.0,1344.0,1027.0,1479.0,1328.0,1039.0,1681.0,1255.0,1403.0,0.0,0.0,0.0,1023.0,1820.0,844.0,733.0,2014.0,1455.0,0.0,610.0,1502.0,642.0,1218.0,2168.0,832.0,1181.0,1287.0,2297.0,1359.0,1242.0,1326.0,0.0,1588.0,4974.0,4670.0,4905.0,4923.0,4625.0,3152.0,3244.0,1741.0,0.0,823.0,1032.0
2014-11-04,1670.0,1823.0,2906.0,1353.0,1514.0,1713.0,1781.0,2689.0,2166.0,1106.0,2334.0,1217.0,1023.0,1712.0,1294.0,952.0,1306.0,1384.0,1360.0,0.0,0.0,0.0,1063.0,2153.0,582.0,606.0,1285.0,1211.0,0.0,724.0,1490.0,624.0,1318.0,2362.0,753.0,1251.0,1599.0,1642.0,1605.0,1585.0,884.0,0.0,1408.0,3745.0,3398.0,3203.0,3621.0,2724.0,2473.0,2396.0,1590.0,0.0,758.0,963.0
2014-11-05,1880.0,2074.0,3077.0,1566.0,1546.0,1807.0,2018.0,2903.0,2110.0,1108.0,2327.0,1196.0,921.0,1394.0,1455.0,841.0,1271.0,1419.0,1363.0,0.0,0.0,0.0,1076.0,2522.0,747.0,558.0,1365.0,1037.0,0.0,674.0,1252.0,565.0,1166.0,2108.0,655.0,971.0,1783.0,1622.0,1435.0,1241.0,906.0,0.0,1218.0,4018.0,3616.0,3340.0,3716.0,2876.0,2503.0,2366.0,1740.0,0.0,720.0,811.0
2014-11-06,1731.0,1820.0,2853.0,1347.0,1324.0,1605.0,1787.0,2683.0,2128.0,1033.0,2429.0,1215.0,884.0,1412.0,1350.0,804.0,1279.0,1441.0,1177.0,0.0,0.0,0.0,929.0,2233.0,624.0,584.0,1297.0,997.0,0.0,729.0,1268.0,580.0,1059.0,2214.0,656.0,970.0,1568.0,1390.0,1297.0,1304.0,861.0,0.0,1256.0,3724.0,3057.0,3059.0,3656.0,2564.0,2383.0,2218.0,1386.0,0.0,624.0,738.0
2014-11-07,1846.0,1967.0,3061.0,1418.0,1358.0,1724.0,1967.0,2754.0,1928.0,899.0,2053.0,1295.0,932.0,1287.0,1219.0,847.0,1030.0,1305.0,1132.0,0.0,0.0,0.0,1115.0,2487.0,792.0,564.0,1208.0,945.0,0.0,642.0,1224.0,586.0,935.0,2304.0,502.0,945.0,1575.0,1574.0,1265.0,1174.0,911.0,0.0,1236.0,4194.0,3557.0,3127.0,3628.0,2650.0,2678.0,2339.0,1739.0,0.0,682.0,807.0
2014-11-08,1307.0,2133.0,3494.0,1623.0,1489.0,2101.0,1830.0,2952.0,2432.0,1240.0,2687.0,1398.0,1124.0,1798.0,1349.0,964.0,1454.0,1289.0,1963.0,0.0,0.0,0.0,1216.0,2293.0,972.0,640.0,1733.0,1317.0,0.0,727.0,1560.0,680.0,1293.0,2649.0,651.0,1090.0,1436.0,2286.0,1608.0,1444.0,1134.0,0.0,1383.0,5297.0,4402.0,4576.0,4645.0,3904.0,3182.0,3335.0,1905.0,0.0,788.0,991.0
2014-11-09,505.0,1986.0,3623.0,1698.0,1457.0,2223.0,1492.0,2795.0,2416.0,1120.0,2956.0,1428.0,1041.0,1227.0,1121.0,1143.0,1538.0,1439.0,1400.0,0.0,0.0,0.0,1027.0,1882.0,687.0,689.0,1912.0,1457.0,0.0,657.0,1531.0,649.0,1287.0,2363.0,642.0,1126.0,1375.0,2365.0,1747.0,1294.0,1320.0,0.0,1453.0,5006.0,4669.0,4949.0,4749.0,4575.0,3107.0,3255.0,1937.0,0.0,891.0,1247.0
2014-11-10,1713.0,1725.0,2712.0,1244.0,1562.0,1624.0,1746.0,2702.0,1942.0,979.0,2173.0,1226.0,866.0,1549.0,1361.0,872.0,1268.0,1339.0,1221.0,0.0,0.0,0.0,1028.0,2283.0,651.0,493.0,1288.0,1008.0,0.0,685.0,1329.0,571.0,1140.0,2262.0,579.0,995.0,1446.0,1546.0,1269.0,1522.0,875.0,0.0,1266.0,3654.0,3299.0,2997.0,3448.0,2465.0,2334.0,2265.0,1508.0,0.0,623.0,843.0
2014-11-11,1703.0,1800.0,2684.0,1280.0,1462.0,1534.0,1683.0,2534.0,2073.0,1030.0,2152.0,1009.0,893.0,1259.0,1321.0,833.0,1229.0,1400.0,1228.0,0.0,0.0,0.0,1037.0,2219.0,652.0,486.0,1251.0,1075.0,0.0,676.0,1258.0,604.0,1226.0,2048.0,550.0,1044.0,1491.0,1346.0,1376.0,1407.0,889.0,0.0,1181.0,3740.0,3031.0,2881.0,3315.0,2324.0,2288.0,2218.0,1390.0,0.0,553.0,833.0
2014-11-12,1882.0,1875.0,2849.0,1397.0,1443.0,1698.0,1852.0,2870.0,1777.0,950.0,1881.0,1239.0,876.0,1360.0,1265.0,810.0,1174.0,1304.0,1194.0,0.0,0.0,0.0,889.0,2347.0,704.0,520.0,1311.0,974.0,0.0,605.0,1094.0,514.0,932.0,2000.0,503.0,882.0,1611.0,1541.0,1071.0,1211.0,948.0,0.0,1106.0,4300.0,3190.0,3009.0,3405.0,2434.0,2426.0,2708.0,1694.0,0.0,705.0,702.0
2014-11-13,1692.0,1761.0,2722.0,1277.0,1370.0,1513.0,1729.0,2692.0,1829.0,902.0,2094.0,1180.0,793.0,1370.0,1241.0,725.0,1204.0,1390.0,1100.0,0.0,0.0,0.0,970.0,2075.0,603.0,512.0,1201.0,1006.0,0.0,707.0,1281.0,560.0,987.0,2077.0,546.0,963.0,1515.0,1371.0,1197.0,1296.0,802.0,0.0,1111.0,3714.0,2915.0,2593.0,3103.0,2330.0,2213.0,2070.0,1430.0,0.0,594.0,681.0
2014-11-14,1805.0,1875.0,3059.0,1434.0,1446.0,1633.0,2001.0,2833.0,1729.0,845.0,1939.0,1131.0,902.0,1220.0,1204.0,793.0,1078.0,1351.0,1120.0,0.0,0.0,0.0,1072.0,2460.0,837.0,574.0,1301.0,980.0,0.0,616.0,1244.0,576.0,987.0,2408.0,564.0,862.0,1615.0,1522.0,1281.0,1282.0,882.0,0.0,1201.0,4114.0,3430.0,3093.0,3526.0,2600.0,2587.0,2437.0,1774.0,0.0,689.0,733.0
2014-11-15,1329.0,2114.0,3525.0,1620.0,1629.0,1990.0,1828.0,2885.0,2473.0,1149.0,2667.0,1216.0,1211.0,1759.0,1280.0,920.0,1488.0,1317.0,1847.0,0.0,0.0,0.0,1089.0,2378.0,1029.0,749.0,1839.0,1328.0,0.0,742.0,1396.0,670.0,1165.0,2781.0,723.0,1049.0,1486.0,2277.0,1644.0,1369.0,1171.0,0.0,1321.0,5190.0,4414.0,4509.0,4523.0,3702.0,3184.0,3302.0,1834.0,0.0,835.0,921.0
2014-11-16,535.0,2155.0,3545.0,1841.0,1522.0,2250.0,1633.0,2897.0,2439.0,1028.0,2808.0,1286.0,921.0,1183.0,1074.0,1110.0,1545.0,1431.0,1303.0,0.0,0.0,0.0,1055.0,1983.0,685.0,771.0,1964.0,1627.0,0.0,735.0,1672.0,681.0,1273.0,2473.0,758.0,1228.0,1328.0,2330.0,1558.0,1366.0,1304.0,0.0,1410.0,5023.0,4607.0,4750.0,4797.0,4286.0,3188.0,3232.0,1905.0,0.0,904.0,1145.0
2014-11-17,1776.0,1932.0,2952.0,1480.0,1504.0,1655.0,1828.0,2775.0,2038.0,1074.0,2171.0,1270.0,937.0,1536.0,1372.0,896.0,1261.0,1468.0,1213.0,0.0,0.0,0.0,970.0,2165.0,623.0,612.0,1333.0,1066.0,0.0,653.0,1351.0,555.0,1167.0,2360.0,583.0,1025.0,1455.0,1393.0,1295.0,1480.0,910.0,0.0,1258.0,3987.0,3260.0,3035.0,3447.0,2640.0,2392.0,2248.0,1660.0,0.0,637.0,834.0
2014-11-18,1729.0,1780.0,2708.0,1313.0,1452.0,1653.0,1779.0,2515.0,1964.0,1035.0,2038.0,1222.0,882.0,1464.0,1318.0,863.0,1307.0,1447.0,1104.0,0.0,0.0,0.0,1036.0,2179.0,597.0,533.0,1247.0,1136.0,0.0,656.0,1293.0,590.0,1087.0,2109.0,610.0,1108.0,1359.0,1744.0,1232.0,1378.0,896.0,0.0,1225.0,3907.0,3096.0,2827.0,3315.0,2366.0,2200.0,2140.0,1519.0,0.0,591.0,768.0
2014-11-19,1805.0,1838.0,2887.0,1324.0,1341.0,1617.0,1803.0,2602.0,1773.0,849.0,1984.0,1098.0,799.0,1218.0,1203.0,811.0,1165.0,1306.0,1154.0,0.0,0.0,0.0,1025.0,2327.0,717.0,546.0,1414.0,862.0,0.0,705.0,1114.0,482.0,1007.0,2016.0,510.0,914.0,1658.0,1474.0,1159.0,1172.0,887.0,0.0,1070.0,4062.0,3123.0,2813.0,3190.0,2305.0,2349.0,2079.0,1644.0,0.0,658.0,729.0
2014-11-20,1770.0,1939.0,2800.0,1383.0,1341.0,1618.0,1677.0,2669.0,2013.0,992.0,2065.0,1205.0,850.0,1368.0,1332.0,832.0,1140.0,1406.0,1080.0,0.0,0.0,0.0,987.0,2321.0,658.0,492.0,1353.0,978.0,0.0,705.0,1254.0,576.0,1036.0,2132.0,576.0,989.0,1528.0,1353.0,1186.0,1297.0,920.0,0.0,1171.0,3804.0,3001.0,2930.0,3223.0,2401.0,2225.0,2174.0,1515.0,0.0,623.0,742.0
2014-11-21,1762.0,2065.0,3148.0,1465.0,1410.0,1696.0,1949.0,2817.0,1744.0,872.0,2073.0,1137.0,857.0,1248.0,1123.0,786.0,1114.0,1317.0,1147.0,0.0,0.0,0.0,1120.0,2554.0,798.0,557.0,1298.0,922.0,0.0,663.0,1192.0,533.0,890.0,2383.0,512.0,914.0,1660.0,1522.0,1270.0,1237.0,881.0,0.0,1139.0,4344.0,3674.0,3167.0,3529.0,2673.0,2547.0,2520.0,1765.0,0.0,665.0,764.0
2014-11-22,1289.0,2078.0,3508.0,1668.0,1557.0,2052.0,1723.0,3102.0,2189.0,1081.0,2388.0,1278.0,1186.0,1805.0,1271.0,1001.0,1413.0,1237.0,1923.0,0.0,0.0,0.0,1130.0,2357.0,957.0,625.0,1769.0,1228.0,0.0,751.0,1468.0,674.0,1291.0,2459.0,660.0,1043.0,1601.0,2261.0,1747.0,1387.0,1246.0,0.0,1301.0,5225.0,4296.0,4270.0,4637.0,3609.0,3152.0,3403.0,1894.0,0.0,804.0,992.0
2014-11-23,566.0,2067.0,3628.0,1794.0,1423.0,2294.0,1541.0,2705.0,2273.0,1006.0,2751.0,1241.0,947.0,1254.0,992.0,1086.0,1505.0,1422.0,1235.0,0.0,0.0,0.0,1084.0,1811.0,705.0,680.0,2002.0,1473.0,0.0,624.0,1646.0,657.0,1296.0,2248.0,739.0,1145.0,1346.0,2348.0,1714.0,1274.0,1386.0,0.0,1317.0,5215.0,4558.0,4781.0,4514.0,4370.0,3096.0,3294.0,1887.0,0.0,912.0,1095.0
2014-11-24,1726.0,1958.0,2874.0,1382.0,1367.0,1720.0,1904.0,2674.0,1945.0,1027.0,2161.0,1232.0,864.0,1605.0,1382.0,862.0,1350.0,1404.0,1217.0,0.0,0.0,0.0,1026.0,2213.0,635.0,505.0,1327.0,990.0,0.0,713.0,1291.0,579.0,1061.0,2117.0,610.0,984.0,1523.0,1431.0,1312.0,1453.0,911.0,0.0,1279.0,3974.0,3288.0,3028.0,3440.0,2532.0,2435.0,2338.0,1651.0,0.0,586.0,845.0
2014-11-25,1789.0,1849.0,2790.0,1319.0,1298.0,1547.0,1788.0,2545.0,1754.0,972.0,2105.0,1109.0,902.0,1434.0,1344.0,848.0,1254.0,1416.0,1082.0,0.0,0.0,0.0,952.0,2222.0,601.0,474.0,1296.0,1067.0,0.0,747.0,1250.0,550.0,1108.0,2058.0,642.0,1086.0,1454.0,1355.0,1287.0,1403.0,884.0,0.0,1168.0,3851.0,3017.0,2756.0,3281.0,2295.0,2314.0,2166.0,1476.0,0.0,571.0,792.0
2014-11-26,1853.0,2027.0,3106.0,1455.0,1360.0,1714.0,1885.0,2862.0,1765.0,872.0,1848.0,1143.0,800.0,1270.0,1212.0,828.0,1082.0,1302.0,1088.0,0.0,0.0,0.0,1045.0,2407.0,678.0,523.0,1433.0,972.0,0.0,699.0,1104.0,514.0,928.0,1866.0,526.0,889.0,1697.0,1531.0,1160.0,1234.0,908.0,0.0,1045.0,4431.0,3292.0,2894.0,3462.0,2379.0,2503.0,2139.0,1786.0,0.0,684.0,664.0
2014-11-27,1713.0,1840.0,2785.0,1362.0,1373.0,1488.0,1870.0,2656.0,1690.0,913.0,1917.0,1212.0,832.0,1327.0,1156.0,778.0,1147.0,1419.0,937.0,0.0,0.0,0.0,1002.0,2160.0,700.0,456.0,1229.0,936.0,0.0,651.0,1316.0,535.0,1017.0,1962.0,504.0,931.0,1460.0,1343.0,1199.0,1177.0,813.0,0.0,1161.0,3916.0,2873.0,2662.0,3241.0,2223.0,2279.0,2230.0,1571.0,0.0,602.0,714.0
2014-11-28,1820.0,1916.0,3097.0,1310.0,1406.0,1601.0,1950.0,2892.0,1701.0,773.0,1995.0,1095.0,895.0,1199.0,1236.0,809.0,1052.0,1237.0,1041.0,0.0,0.0,0.0,1058.0,2568.0,881.0,655.0,1355.0,883.0,0.0,665.0,1145.0,578.0,933.0,2275.0,572.0,864.0,1631.0,1703.0,1203.0,1209.0,961.0,0.0,1244.0,4291.0,3737.0,3771.0,3873.0,2723.0,2826.0,2656.0,1768.0,0.0,696.0,760.0
2014-11-29,1304.0,2066.0,3501.0,1654.0,1623.0,2057.0,1801.0,2969.0,2363.0,1166.0,2547.0,1319.0,1300.0,1828.0,1354.0,989.0,1444.0,1354.0,1961.0,0.0,0.0,0.0,1128.0,2526.0,1005.0,775.0,1769.0,1331.0,0.0,725.0,1625.0,731.0,1269.0,2681.0,747.0,1209.0,1655.0,2473.0,1710.0,1377.0,1282.0,0.0,1421.0,5461.0,4560.0,4784.0,4907.0,4125.0,3317.0,3380.0,2051.0,0.0,927.0,953.0
2014-11-30,540.0,2062.0,3729.0,1777.0,1591.0,2301.0,1524.0,3026.0,2553.0,1060.0,2803.0,1302.0,1021.0,1180.0,1203.0,1173.0,1491.0,1494.0,1317.0,0.0,0.0,0.0,974.0,2061.0,696.0,871.0,1912.0,1480.0,0.0,684.0,1652.0,685.0,1325.0,2387.0,723.0,1221.0,1400.0,2575.0,1758.0,1312.0,1447.0,0.0,1506.0,5872.0,4810.0,5109.0,5203.0,4810.0,3419.0,3342.0,2144.0,0.0,991.0,1331.0
2014-12-01,1953.0,2019.0,3286.0,1524.0,1561.0,1893.0,1937.0,3032.0,2287.0,1107.0,2472.0,1333.0,1047.0,1596.0,1524.0,982.0,1443.0,1504.0,1265.0,0.0,0.0,0.0,1037.0,2435.0,744.0,684.0,1449.0,1231.0,0.0,745.0,1514.0,635.0,1244.0,2559.0,680.0,1126.0,1646.0,1654.0,1376.0,1552.0,1133.0,0.0,1406.0,4682.0,3846.0,3720.0,4087.0,3185.0,2728.0,2625.0,1829.0,0.0,664.0,962.0
2014-12-02,1819.0,2083.0,3204.0,1517.0,1629.0,1788.0,1926.0,2810.0,2274.0,1234.0,2674.0,1294.0,1024.0,1543.0,1479.0,934.0,1389.0,1533.0,1225.0,0.0,0.0,0.0,1052.0,2457.0,618.0,742.0,1397.0,1252.0,0.0,767.0,1474.0,646.0,1289.0,2406.0,721.0,1265.0,1568.0,1635.0,1485.0,1608.0,948.0,0.0,1325.0,4411.0,3723.0,3376.0,3938.0,2979.0,2659.0,2455.0,1755.0,0.0,673.0,900.0
2014-12-03,1965.0,2066.0,3210.0,1619.0,1602.0,1813.0,2009.0,2942.0,2143.0,1053.0,2477.0,1218.0,867.0,1436.0,1373.0,826.0,1327.0,1398.0,1197.0,0.0,0.0,0.0,1063.0,2537.0,791.0,708.0,1457.0,1020.0,0.0,684.0,1289.0,574.0,1061.0,2209.0,528.0,1056.0,1750.0,1658.0,1284.0,1334.0,1038.0,0.0,1234.0,4521.0,3661.0,3283.0,4122.0,2866.0,2784.0,2526.0,1899.0,0.0,763.0,716.0
2014-12-04,1875.0,1950.0,3119.0,1424.0,1472.0,1622.0,1899.0,2855.0,2141.0,1015.0,2483.0,1188.0,890.0,1439.0,1310.0,817.0,1162.0,1447.0,1131.0,0.0,0.0,0.0,992.0,2363.0,663.0,640.0,1292.0,1055.0,0.0,709.0,1453.0,543.0,1088.0,2339.0,669.0,1083.0,1668.0,1484.0,1326.0,1366.0,937.0,0.0,1270.0,4413.0,3263.0,3010.0,3784.0,2595.0,2645.0,2405.0,1604.0,0.0,666.0,793.0
2014-12-05,2028.0,2203.0,3395.0,1684.0,1588.0,1872.0,2102.0,3070.0,1932.0,967.0,2335.0,1066.0,811.0,1355.0,1251.0,844.0,1122.0,1420.0,1140.0,0.0,0.0,0.0,1080.0,2674.0,848.0,726.0,1373.0,1009.0,0.0,732.0,1345.0,591.0,933.0,2558.0,549.0,981.0,1766.0,1845.0,1378.0,1291.0,1011.0,0.0,1257.0,4649.0,3794.0,3411.0,3800.0,2968.0,2981.0,2748.0,2014.0,0.0,750.0,776.0
2014-12-06,1065.0,2150.0,3332.0,1568.0,1628.0,2113.0,1732.0,2718.0,2442.0,1176.0,2898.0,1298.0,1354.0,1837.0,1327.0,999.0,1404.0,1301.0,2016.0,0.0,0.0,0.0,1095.0,2431.0,943.0,825.0,1785.0,1169.0,0.0,721.0,1496.0,695.0,1327.0,2713.0,692.0,1129.0,1830.0,2390.0,1827.0,1436.0,1212.0,0.0,1361.0,5178.0,4428.0,4642.0,4868.0,4043.0,3356.0,3570.0,2133.0,0.0,816.0,1080.0
2014-12-07,486.0,2107.0,3490.0,1820.0,1561.0,2243.0,1586.0,3067.0,2621.0,1216.0,3092.0,1346.0,980.0,1238.0,1140.0,1211.0,1588.0,1509.0,1383.0,0.0,0.0,0.0,1043.0,2030.0,742.0,851.0,1960.0,1497.0,0.0,702.0,1716.0,692.0,1380.0,2535.0,708.0,1157.0,1397.0,2406.0,1812.0,1371.0,1462.0,0.0,1452.0,5452.0,4982.0,5418.0,5110.0,4696.0,3457.0,3599.0,2164.0,0.0,918.0,1194.0
2014-12-08,2006.0,2033.0,3302.0,1553.0,1592.0,1809.0,1942.0,3010.0,2242.0,1133.0,2363.0,1244.0,945.0,1648.0,1434.0,970.0,1447.0,1542.0,1314.0,0.0,0.0,0.0,1029.0,2559.0,667.0,613.0,1346.0,1069.0,0.0,755.0,1415.0,566.0,1193.0,2524.0,624.0,1111.0,1642.0,1950.0,1382.0,1511.0,1014.0,0.0,1409.0,4834.0,3884.0,3633.0,4038.0,3017.0,2901.0,2663.0,1769.0,0.0,642.0,893.0
2014-12-09,1896.0,1989.0,3173.0,1368.0,1485.0,1764.0,1845.0,2896.0,2136.0,1172.0,2349.0,1251.0,918.0,1503.0,1424.0,867.0,1312.0,1612.0,1191.0,0.0,0.0,0.0,1077.0,2614.0,651.0,640.0,1387.0,1161.0,0.0,752.0,1410.0,614.0,1097.0,2338.0,593.0,1132.0,1625.0,1562.0,1406.0,1384.0,999.0,0.0,1210.0,4530.0,3615.0,3310.0,3892.0,2690.0,2675.0,2493.0,1769.0,0.0,612.0,866.0
2014-12-10,1972.0,1948.0,3267.0,1503.0,1601.0,1846.0,1962.0,3110.0,1903.0,987.0,2155.0,1162.0,897.0,1404.0,1237.0,866.0,1236.0,1437.0,1213.0,0.0,0.0,0.0,1165.0,2716.0,812.0,703.0,1388.0,932.0,0.0,739.0,1258.0,554.0,978.0,2155.0,519.0,929.0,1840.0,1758.0,1298.0,1307.0,1176.0,0.0,1276.0,4969.0,3845.0,3284.0,4037.0,2925.0,3360.0,2816.0,2161.0,0.0,703.0,775.0
2014-12-11,1932.0,2024.0,3260.0,1471.0,1490.0,1667.0,1958.0,2900.0,2026.0,1005.0,2247.0,1203.0,869.0,1471.0,1341.0,916.0,1208.0,1617.0,1099.0,0.0,0.0,0.0,1074.0,2591.0,675.0,604.0,1359.0,1055.0,0.0,762.0,1403.0,580.0,1018.0,2330.0,525.0,1069.0,1821.0,1583.0,1468.0,1334.0,1087.0,0.0,1223.0,4934.0,3550.0,3378.0,4339.0,2747.0,2944.0,2689.0,1796.0,0.0,667.0,806.0
2014-12-12,1951.0,2106.0,3500.0,1581.0,1692.0,1833.0,2091.0,3103.0,1848.0,889.0,2195.0,1057.0,936.0,1276.0,1292.0,916.0,1198.0,1428.0,1207.0,0.0,0.0,0.0,1131.0,2804.0,863.0,682.0,1436.0,1101.0,0.0,720.0,1337.0,550.0,1008.0,2638.0,532.0,1005.0,1808.0,1791.0,1358.0,1372.0,1184.0,0.0,1231.0,4969.0,4121.0,3666.0,4126.0,3024.0,3266.0,2944.0,2151.0,0.0,814.0,890.0
2014-12-13,1427.0,2269.0,3919.0,1751.0,1799.0,2151.0,1898.0,3288.0,2590.0,1286.0,2672.0,1352.0,1199.0,1840.0,1302.0,1054.0,1477.0,1593.0,2091.0,0.0,0.0,0.0,1205.0,2687.0,972.0,817.0,1843.0,1357.0,0.0,811.0,1647.0,687.0,1301.0,2939.0,725.0,1202.0,1971.0,2563.0,1864.0,1490.0,1514.0,0.0,1323.0,6279.0,5227.0,5012.0,5276.0,4752.0,3907.0,3787.0,2323.0,0.0,949.0,1016.0
2014-12-14,593.0,2187.0,4196.0,1872.0,1764.0,2367.0,1692.0,3257.0,2692.0,1176.0,2860.0,1307.0,997.0,1239.0,1112.0,1129.0,1577.0,1722.0,1344.0,0.0,0.0,0.0,1043.0,2300.0,772.0,880.0,2032.0,1569.0,0.0,689.0,1903.0,651.0,1255.0,2811.0,672.0,1237.0,1541.0,2827.0,1852.0,1355.0,1622.0,0.0,1444.0,5797.0,5194.0,5470.0,5225.0,4873.0,4245.0,3563.0,2432.0,0.0,1031.0,1237.0
2014-12-15,2008.0,2149.0,3820.0,1651.0,1854.0,2007.0,2102.0,3463.0,2551.0,1128.0,2343.0,1348.0,969.0,1730.0,1595.0,959.0,1422.0,1672.0,1339.0,0.0,0.0,0.0,1159.0,2904.0,757.0,700.0,1425.0,1261.0,0.0,816.0,1504.0,633.0,1233.0,2668.0,603.0,1149.0,1825.0,1860.0,1540.0,1576.0,1178.0,0.0,1310.0,5268.0,4427.0,4078.0,4721.0,3470.0,3526.0,2849.0,2083.0,0.0,734.0,969.0
2014-12-16,2026.0,2287.0,3821.0,1735.0,1801.0,2015.0,2154.0,3432.0,2395.0,1226.0,2529.0,1272.0,1116.0,1576.0,1520.0,1042.0,1499.0,1811.0,1380.0,0.0,0.0,0.0,1190.0,2897.0,746.0,799.0,1443.0,1424.0,0.0,805.0,1591.0,685.0,1265.0,2702.0,711.0,1360.0,1772.0,1969.0,1594.0,1684.0,1244.0,0.0,1346.0,5343.0,4436.0,4027.0,4612.0,3423.0,3637.0,3152.0,2085.0,0.0,727.0,916.0
2014-12-17,2347.0,2421.0,4070.0,1822.0,1898.0,2178.0,2241.0,3721.0,2250.0,1198.0,2511.0,1331.0,1051.0,1615.0,1551.0,995.0,1359.0,1803.0,1372.0,0.0,0.0,0.0,1236.0,3184.0,935.0,831.0,1656.0,1179.0,0.0,833.0,1586.0,698.0,1063.0,2619.0,666.0,1199.0,2007.0,2091.0,1492.0,1538.0,1259.0,0.0,1349.0,5958.0,4645.0,4428.0,4974.0,3587.0,3837.0,3239.0,2304.0,0.0,863.0,897.0
2014-12-18,2201.0,2295.0,4253.0,1774.0,1873.0,2112.0,2095.0,3770.0,2439.0,1173.0,2557.0,1384.0,1001.0,1661.0,1564.0,964.0,1448.0,1889.0,1293.0,0.0,0.0,0.0,1222.0,3192.0,883.0,890.0,1536.0,1371.0,0.0,903.0,1702.0,680.0,1170.0,2823.0,682.0,1283.0,1993.0,2031.0,1729.0,1511.0,1306.0,0.0,1326.0,5899.0,4698.0,5251.0,4963.0,3771.0,4094.0,3522.0,2379.0,0.0,806.0,863.0
2014-12-19,2310.0,2547.0,4202.0,1998.0,1970.0,2253.0,2428.0,3704.0,2265.0,1101.0,2594.0,1286.0,1079.0,1511.0,1405.0,1090.0,1303.0,1723.0,1341.0,0.0,0.0,0.0,1305.0,3313.0,1067.0,983.0,1561.0,1233.0,0.0,868.0,1735.0,698.0,1141.0,3159.0,667.0,1180.0,2029.0,2333.0,1677.0,1515.0,1518.0,0.0,1395.0,5951.0,4830.0,4710.0,5089.0,3922.0,4110.0,3524.0,2638.0,0.0,984.0,942.0
2014-12-20,1882.0,2672.0,4440.0,2074.0,2150.0,2608.0,2112.0,3890.0,3012.0,1438.0,3049.0,1411.0,1352.0,1914.0,1536.0,1206.0,1571.0,1651.0,2296.0,0.0,0.0,0.0,1294.0,3098.0,1137.0,1157.0,1799.0,1512.0,0.0,826.0,1987.0,813.0,1470.0,3275.0,681.0,1271.0,2167.0,2646.0,2272.0,1651.0,1705.0,0.0,1548.0,7045.0,5793.0,6009.0,5908.0,5129.0,4621.0,4267.0,2724.0,0.0,1092.0,1132.0
2014-12-21,990.0,2672.0,4594.0,2193.0,2064.0,2658.0,1909.0,3531.0,3320.0,1634.0,3327.0,1537.0,1163.0,1514.0,1359.0,1322.0,1654.0,1748.0,1486.0,0.0,0.0,0.0,1214.0,2656.0,928.0,1348.0,2118.0,1645.0,0.0,787.0,2032.0,786.0,1458.0,2986.0,676.0,1229.0,1867.0,3191.0,2159.0,1411.0,1851.0,0.0,1624.0,7205.0,6198.0,6788.0,5917.0,5722.0,4960.0,4080.0,2592.0,0.0,1225.0,1366.0
2014-12-22,2594.0,3094.0,5354.0,2523.0,2664.0,2958.0,2611.0,4474.0,3311.0,1625.0,3467.0,1723.0,1442.0,2215.0,1998.0,1317.0,1822.0,2137.0,1945.0,0.0,0.0,0.0,1450.0,3918.0,1130.0,1252.0,1908.0,1778.0,0.0,980.0,2298.0,890.0,1712.0,3468.0,760.0,1484.0,2617.0,3001.0,2299.0,2063.0,1969.0,0.0,1713.0,7524.0,6566.0,6884.0,6415.0,5719.0,5302.0,4416.0,3064.0,0.0,1278.0,1442.0
2014-12-23,2861.0,3360.0,5726.0,2784.0,3018.0,3075.0,2784.0,5124.0,3525.0,1587.0,3566.0,1763.0,1510.0,2055.0,1883.0,1454.0,1835.0,2222.0,1763.0,0.0,0.0,0.0,1871.0,4244.0,1220.0,1551.0,1896.0,1841.0,0.0,1094.0,2462.0,974.0,1821.0,3562.0,842.0,1705.0,2990.0,3221.0,2647.0,2098.0,2245.0,0.0,1720.0,8120.0,6884.0,7447.0,7048.0,6205.0,5757.0,4857.0,3572.0,0.0,1484.0,1240.0
2014-12-24,2800.0,3637.0,5464.0,3391.0,3468.0,3917.0,3023.0,4872.0,4474.0,2242.0,4669.0,2052.0,1747.0,2359.0,2314.0,1861.0,2631.0,2357.0,2255.0,0.0,0.0,0.0,2115.0,4091.0,1519.0,2184.0,2441.0,2433.0,0.0,1443.0,3022.0,1497.0,2377.0,3330.0,1011.0,1710.0,3056.0,3556.0,2882.0,2263.0,2319.0,0.0,2215.0,7689.0,6457.0,7334.0,6190.0,6521.0,5844.0,4259.0,3295.0,0.0,2149.0,1811.0
2014-12-26,1295.0,2281.0,3811.0,1775.0,2085.0,2311.0,1941.0,2972.0,2754.0,1542.0,3360.0,1440.0,1199.0,1698.0,1504.0,1151.0,1434.0,1381.0,1672.0,0.0,0.0,0.0,1315.0,2771.0,2130.0,983.0,2075.0,1392.0,0.0,649.0,1824.0,672.0,1303.0,2786.0,746.0,1482.0,1829.0,2719.0,1947.0,1445.0,1566.0,0.0,1538.0,5693.0,5396.0,5620.0,5273.0,5251.0,3914.0,4214.0,2486.0,0.0,1015.0,1120.0
2014-12-27,1031.0,1885.0,3372.0,1602.0,1838.0,2041.0,1498.0,2568.0,2621.0,1434.0,3137.0,1345.0,1307.0,1725.0,1404.0,971.0,1339.0,1100.0,2072.0,0.0,0.0,0.0,1153.0,2400.0,2142.0,930.0,1896.0,1326.0,0.0,692.0,1791.0,667.0,1249.0,2772.0,821.0,1334.0,1595.0,2340.0,1762.0,1362.0,1382.0,0.0,1440.0,4813.0,4773.0,5273.0,5157.0,4647.0,3242.0,3711.0,2005.0,0.0,939.0,1052.0
2014-12-28,398.0,1644.0,3115.0,1434.0,1592.0,1923.0,1152.0,2349.0,2276.0,1122.0,2758.0,1108.0,864.0,1018.0,957.0,971.0,1352.0,1198.0,1136.0,0.0,0.0,0.0,926.0,1899.0,1698.0,890.0,1635.0,1204.0,0.0,553.0,1707.0,603.0,1248.0,2379.0,695.0,1356.0,1111.0,2271.0,1521.0,1142.0,1267.0,0.0,1308.0,4721.0,4443.0,4812.0,4745.0,4537.0,3003.0,3014.0,1860.0,0.0,960.0,1015.0
2014-12-29,1789.0,2139.0,3595.0,1694.0,2127.0,2029.0,1651.0,3157.0,2536.0,1220.0,2609.0,1256.0,1041.0,1729.0,1563.0,1010.0,1435.0,1380.0,1487.0,0.0,0.0,0.0,1303.0,3098.0,2166.0,1017.0,1540.0,1211.0,0.0,708.0,1825.0,659.0,1279.0,3202.0,656.0,1451.0,1793.0,2107.0,1584.0,1640.0,1440.0,0.0,1534.0,4868.0,4718.0,5076.0,4979.0,4165.0,3201.0,3488.0,2219.0,0.0,1085.0,904.0
2014-12-30,2008.0,2512.0,4277.0,2135.0,2246.0,2521.0,1881.0,3417.0,2814.0,1429.0,3017.0,1422.0,1171.0,1819.0,1587.0,994.0,1538.0,1441.0,1797.0,0.0,0.0,0.0,1512.0,3388.0,2710.0,1393.0,1814.0,1760.0,0.0,998.0,2544.0,785.0,1868.0,3533.0,890.0,2044.0,2021.0,2477.0,1851.0,1834.0,1723.0,0.0,1833.0,5745.0,5276.0,5894.0,5614.0,4801.0,3480.0,3836.0,2789.0,0.0,1519.0,1142.0
2014-12-31,2024.0,3043.0,4379.0,2776.0,2792.0,3296.0,2200.0,3644.0,3055.0,1593.0,3544.0,1606.0,1181.0,1912.0,1672.0,1615.0,1970.0,1140.0,2164.0,0.0,0.0,0.0,1666.0,3334.0,3140.0,2012.0,2340.0,2286.0,0.0,1236.0,3185.0,1444.0,2475.0,3311.0,1363.0,2497.0,2317.0,2555.0,2036.0,1772.0,1888.0,0.0,2312.0,5524.0,4412.0,5242.0,5124.0,4396.0,3625.0,3049.0,2947.0,0.0,2217.0,1641.0
2015-01-01,0.0,0.0,0.0,0.0,0.0,0.0,0.0,0.0,0.0,0.0,0.0,0.0,0.0,0.0,0.0,0.0,0.0,0.0,0.0,0.0,0.0,0.0,0.0,0.0,2202.0,0.0,0.0,0.0,0.0,0.0,0.0,0.0,0.0,0.0,0.0,0.0,0.0,0.0,0.0,0.0,0.0,0.0,0.0,0.0,0.0,0.0,0.0,0.0,0.0,0.0,0.0,0.0,0.0,0.0
2015-01-02,1021.0,1859.0,3429.0,1521.0,1772.0,2061.0,1480.0,2638.0,2403.0,1146.0,2988.0,1364.0,1149.0,1541.0,1380.0,1102.0,1491.0,984.0,1622.0,0.0,0.0,0.0,1133.0,1898.0,3114.0,759.0,1806.0,1224.0,0.0,618.0,1759.0,690.0,1138.0,2708.0,1138.0,1554.0,1744.0,2331.0,1600.0,1278.0,1287.0,0.0,1642.0,4621.0,4950.0,5317.0,4937.0,4474.0,3097.0,3445.0,1492.0,0.0,982.0,1122.0
2015-01-03,1015.0,1833.0,3364.0,1583.0,1642.0,2051.0,1619.0,2570.0,2378.0,1254.0,3021.0,1311.0,1342.0,1832.0,1420.0,1083.0,1462.0,1046.0,2217.0,0.0,0.0,0.0,1126.0,2087.0,2495.0,645.0,1794.0,1245.0,0.0,559.0,1728.0,663.0,1276.0,2503.0,1006.0,1488.0,1619.0,2394.0,1577.0,1475.0,1320.0,0.0,1591.0,4364.0,4767.0,5098.0,4950.0,4306.0,3118.0,3534.0,1585.0,0.0,1003.0,929.0
2015-01-04,484.0,1984.0,3489.0,1850.0,1638.0,2277.0,1626.0,2759.0,2481.0,1114.0,2940.0,1346.0,955.0,1178.0,1118.0,1179.0,1490.0,1294.0,1348.0,0.0,0.0,0.0,1016.0,1876.0,999.0,799.0,2012.0,1530.0,0.0,643.0,1809.0,627.0,1205.0,2290.0,763.0,1276.0,1396.0,2557.0,1653.0,1199.0,1307.0,0.0,1554.0,5061.0,4817.0,5084.0,5083.0,4636.0,3328.0,3325.0,1938.0,0.0,954.0,1209.0
2015-01-05,1956.0,2068.0,3332.0,1516.0,1811.0,1897.0,1943.0,3106.0,2266.0,1123.0,2439.0,1280.0,937.0,1691.0,1515.0,996.0,1377.0,1588.0,1407.0,0.0,0.0,0.0,1091.0,2732.0,981.0,672.0,1481.0,1168.0,0.0,703.0,1501.0,562.0,1155.0,2499.0,670.0,1170.0,1777.0,1792.0,1440.0,1637.0,1091.0,0.0,1471.0,4475.0,4053.0,3674.0,4310.0,3251.0,2963.0,2688.0,1972.0,0.0,775.0,878.0
2015-01-06,1890.0,1982.0,3088.0,1500.0,1621.0,1773.0,1837.0,2881.0,2233.0,1168.0,2496.0,1194.0,942.0,1375.0,1528.0,996.0,1339.0,1502.0,1326.0,0.0,0.0,0.0,1131.0,2664.0,827.0,543.0,1276.0,1114.0,0.0,827.0,1503.0,623.0,1168.0,2196.0,712.0,1273.0,1575.0,1580.0,1313.0,1555.0,963.0,0.0,1450.0,3912.0,3476.0,3336.0,3772.0,2919.0,2684.0,2266.0,1653.0,0.0,757.0,842.0
2015-01-07,1989.0,2133.0,3305.0,1595.0,1677.0,1898.0,1960.0,2979.0,2111.0,1051.0,2255.0,1234.0,879.0,1411.0,1420.0,834.0,1167.0,1423.0,1238.0,0.0,0.0,0.0,1156.0,2582.0,920.0,632.0,1509.0,1021.0,0.0,701.0,1297.0,561.0,1032.0,2034.0,590.0,1073.0,1793.0,1810.0,1388.0,1353.0,1070.0,0.0,1280.0,4674.0,3695.0,3457.0,3892.0,2950.0,2865.0,2448.0,1876.0,0.0,757.0,829.0
2015-01-08,1837.0,1873.0,2957.0,1408.0,1453.0,1719.0,1706.0,2564.0,2161.0,998.0,2267.0,1175.0,850.0,1448.0,1355.0,873.0,1271.0,1523.0,1071.0,0.0,0.0,0.0,992.0,2326.0,764.0,573.0,1390.0,1071.0,0.0,697.0,1374.0,555.0,1022.0,2125.0,616.0,1070.0,1676.0,1508.0,1392.0,1274.0,954.0,0.0,1211.0,4086.0,3159.0,3021.0,3617.0,2692.0,2573.0,2185.0,1542.0,0.0,703.0,797.0
2015-01-09,1925.0,2010.0,3236.0,1465.0,1510.0,1657.0,1890.0,2784.0,1787.0,902.0,2144.0,1124.0,804.0,1316.0,1317.0,819.0,1122.0,1237.0,1078.0,0.0,0.0,0.0,1026.0,2579.0,1048.0,562.0,1453.0,934.0,0.0,638.0,1284.0,543.0,949.0,2315.0,588.0,953.0,1695.0,1656.0,1305.0,1333.0,947.0,0.0,1194.0,4242.0,3647.0,3292.0,3719.0,2722.0,2816.0,2452.0,1771.0,0.0,729.0,860.0
2015-01-10,1534.0,2083.0,3601.0,1689.0,1645.0,2122.0,1748.0,2977.0,2309.0,1121.0,2618.0,1297.0,1210.0,1664.0,1343.0,1003.0,1450.0,1264.0,1747.0,0.0,0.0,0.0,1134.0,2362.0,1311.0,606.0,1770.0,1209.0,0.0,700.0,1485.0,647.0,1150.0,2399.0,652.0,1054.0,1774.0,2167.0,1696.0,1455.0,1109.0,0.0,1304.0,5235.0,4288.0,4433.0,4658.0,3785.0,3121.0,3015.0,1901.0,0.0,893.0,979.0
2015-01-11,507.0,2097.0,3675.0,1799.0,1582.0,2394.0,1507.0,2782.0,2462.0,1022.0,2793.0,1358.0,907.0,1330.0,1109.0,1200.0,1625.0,1427.0,1222.0,0.0,0.0,0.0,1120.0,1850.0,872.0,695.0,2065.0,1562.0,0.0,649.0,1708.0,631.0,1220.0,2214.0,652.0,1109.0,1382.0,2562.0,1720.0,1302.0,1343.0,0.0,1367.0,5434.0,4810.0,5200.0,5045.0,4540.0,3300.0,3223.0,2009.0,0.0,1043.0,1254.0
2015-01-12,1929.0,1922.0,2986.0,1425.0,1498.0,1766.0,1787.0,2764.0,2019.0,1040.0,2136.0,1245.0,953.0,1828.0,1520.0,919.0,1319.0,1375.0,1296.0,0.0,0.0,0.0,995.0,2333.0,759.0,509.0,1442.0,1059.0,0.0,718.0,1294.0,542.0,1037.0,2286.0,564.0,1033.0,1669.0,1515.0,1292.0,1505.0,1001.0,0.0,1296.0,3980.0,3329.0,3105.0,3599.0,2668.0,2508.0,2451.0,1778.0,0.0,718.0,845.0
2015-01-13,1877.0,1857.0,2844.0,1408.0,1515.0,1631.0,1649.0,2464.0,1934.0,1015.0,2219.0,1121.0,871.0,1416.0,1404.0,860.0,1272.0,1392.0,1155.0,0.0,0.0,0.0,1048.0,2249.0,695.0,550.0,1325.0,1111.0,0.0,702.0,1476.0,545.0,1070.0,2077.0,590.0,1058.0,1508.0,1406.0,1342.0,1391.0,986.0,0.0,1232.0,3885.0,3146.0,2941.0,3394.0,2417.0,2439.0,2366.0,1521.0,0.0,698.0,774.0
2015-01-14,1936.0,1935.0,3073.0,1487.0,1416.0,1693.0,1851.0,2815.0,1847.0,824.0,1987.0,1185.0,804.0,1341.0,1280.0,737.0,1162.0,1310.0,1172.0,0.0,0.0,0.0,1060.0,2507.0,832.0,561.0,1460.0,985.0,0.0,625.0,1130.0,478.0,935.0,2008.0,533.0,925.0,1699.0,1651.0,1247.0,1194.0,934.0,0.0,1132.0,4403.0,3384.0,3056.0,3617.0,2626.0,2558.0,2326.0,1852.0,0.0,730.0,700.0
2015-01-15,1796.0,1777.0,2816.0,1332.0,1469.0,1622.0,1665.0,2574.0,2039.0,990.0,2039.0,1143.0,829.0,1318.0,1329.0,764.0,1203.0,1415.0,1055.0,0.0,0.0,0.0,964.0,2301.0,747.0,540.0,1366.0,1046.0,0.0,719.0,1281.0,564.0,911.0,2153.0,611.0,1004.0,1520.0,1446.0,1209.0,1300.0,948.0,0.0,1140.0,3761.0,3070.0,2965.0,3253.0,2515.0,2436.0,2055.0,1543.0,0.0,687.0,719.0
2015-01-16,1713.0,1733.0,2888.0,1379.0,1484.0,1507.0,1740.0,2698.0,1617.0,845.0,2011.0,1098.0,851.0,1182.0,1211.0,809.0,1025.0,1087.0,1039.0,0.0,0.0,0.0,1124.0,2570.0,1072.0,624.0,1462.0,930.0,0.0,672.0,1170.0,581.0,946.0,2404.0,658.0,961.0,1748.0,1577.0,1149.0,1223.0,968.0,0.0,1179.0,3879.0,3529.0,3089.0,3544.0,2688.0,2752.0,2307.0,1880.0,0.0,842.0,688.0
2015-01-17,1473.0,2248.0,3761.0,1761.0,1662.0,2130.0,1870.0,3081.0,2470.0,1102.0,2550.0,1277.0,1219.0,1737.0,1344.0,1011.0,1407.0,1272.0,1814.0,0.0,0.0,0.0,1056.0,2231.0,1603.0,705.0,1922.0,1236.0,0.0,657.0,1518.0,592.0,1221.0,2594.0,740.0,1185.0,1575.0,2365.0,1619.0,1405.0,1228.0,0.0,1361.0,5412.0,4561.0,4775.0,4925.0,3925.0,3703.0,3288.0,1879.0,0.0,896.0,965.0
2015-01-18,517.0,2092.0,3585.0,1852.0,1515.0,2232.0,1466.0,2754.0,2397.0,978.0,2693.0,1226.0,901.0,1026.0,1064.0,1120.0,1437.0,1264.0,1126.0,0.0,0.0,0.0,1058.0,1975.0,877.0,775.0,2030.0,1557.0,0.0,764.0,1734.0,745.0,1269.0,2197.0,742.0,1150.0,1435.0,2373.0,1629.0,1268.0,1266.0,0.0,1432.0,5078.0,4599.0,5077.0,4827.0,4284.0,3475.0,3167.0,1951.0,0.0,963.0,1197.0
2015-01-19,1955.0,1910.0,2923.0,1325.0,1606.0,1698.0,1885.0,2565.0,1999.0,1004.0,2014.0,1204.0,914.0,1462.0,1351.0,905.0,1314.0,1399.0,1180.0,0.0,0.0,0.0,963.0,2403.0,744.0,616.0,1415.0,1084.0,0.0,696.0,1329.0,593.0,1117.0,2340.0,556.0,1054.0,1526.0,1471.0,1208.0,1585.0,905.0,0.0,1296.0,3960.0,3285.0,3083.0,3439.0,2654.0,2534.0,2249.0,1698.0,0.0,742.0,823.0
2015-01-20,1885.0,1838.0,2845.0,1360.0,1482.0,1625.0,1696.0,2566.0,1941.0,984.0,2083.0,1107.0,846.0,1457.0,1468.0,899.0,1211.0,1405.0,1134.0,0.0,0.0,0.0,1021.0,2396.0,707.0,518.0,1298.0,1188.0,0.0,758.0,1306.0,611.0,1080.0,2195.0,637.0,1203.0,1550.0,1463.0,1412.0,1461.0,896.0,0.0,1225.0,3639.0,3133.0,2993.0,3309.0,2424.0,2424.0,2199.0,1509.0,0.0,646.0,777.0
2015-01-21,1955.0,1989.0,3141.0,1552.0,1526.0,1729.0,1909.0,2790.0,1811.0,972.0,1910.0,1148.0,775.0,1367.0,1399.0,766.0,1223.0,1301.0,1033.0,0.0,0.0,0.0,1063.0,2581.0,866.0,483.0,1463.0,949.0,0.0,645.0,1181.0,546.0,925.0,2039.0,589.0,993.0,1645.0,1669.0,1079.0,1295.0,965.0,0.0,1108.0,4201.0,3337.0,3158.0,3564.0,2481.0,2590.0,2346.0,1785.0,0.0,716.0,758.0
2015-01-22,1737.0,1896.0,2732.0,1341.0,1384.0,1510.0,1674.0,2489.0,1923.0,939.0,1934.0,1206.0,867.0,1419.0,1359.0,834.0,1172.0,1245.0,1070.0,0.0,0.0,0.0,1033.0,2338.0,716.0,452.0,1315.0,922.0,0.0,691.0,1243.0,573.0,986.0,2050.0,563.0,1009.0,1509.0,1535.0,1315.0,1294.0,879.0,0.0,1128.0,3767.0,2879.0,2991.0,3258.0,2389.0,2416.0,2240.0,1488.0,0.0,702.0,738.0
2015-01-23,1885.0,1926.0,3004.0,1433.0,1506.0,1658.0,1826.0,2737.0,1654.0,767.0,1890.0,1046.0,800.0,1235.0,1169.0,771.0,1102.0,1190.0,950.0,0.0,0.0,0.0,1075.0,2554.0,1006.0,542.0,1463.0,952.0,0.0,699.0,1242.0,504.0,867.0,2234.0,558.0,953.0,1556.0,1574.0,1127.0,1261.0,994.0,0.0,1092.0,4074.0,3475.0,3137.0,3353.0,2556.0,2809.0,2515.0,1781.0,0.0,844.0,740.0
2015-01-24,1400.0,2197.0,3709.0,1719.0,1558.0,2171.0,1797.0,2824.0,2376.0,1132.0,2397.0,1254.0,1193.0,1675.0,1344.0,992.0,1549.0,1282.0,1858.0,0.0,0.0,0.0,1095.0,2341.0,1517.0,660.0,1955.0,1333.0,0.0,723.0,1451.0,695.0,1146.0,2412.0,769.0,1153.0,1657.0,2241.0,1635.0,1394.0,1252.0,0.0,1250.0,5330.0,4382.0,4669.0,4711.0,3887.0,3272.0,3211.0,1829.0,0.0,915.0,980.0
2015-01-25,516.0,2190.0,3437.0,1821.0,1446.0,2292.0,1523.0,2633.0,2266.0,928.0,2649.0,1157.0,850.0,1051.0,1049.0,1062.0,1527.0,1294.0,1229.0,0.0,0.0,0.0,1030.0,1770.0,878.0,631.0,2028.0,1475.0,0.0,655.0,1424.0,623.0,1137.0,2160.0,663.0,1119.0,1353.0,2431.0,1633.0,1222.0,1321.0,0.0,1286.0,5047.0,4555.0,4838.0,4731.0,4267.0,3256.0,3034.0,1818.0,0.0,1003.0,1110.0
2015-01-26,1864.0,1819.0,2814.0,1431.0,1494.0,1717.0,1778.0,2619.0,1875.0,956.0,1909.0,1148.0,913.0,1397.0,1358.0,834.0,1229.0,1357.0,1079.0,0.0,0.0,0.0,941.0,2242.0,696.0,472.0,1408.0,999.0,0.0,690.0,1289.0,549.0,1015.0,2153.0,624.0,961.0,1573.0,1496.0,1212.0,1468.0,891.0,0.0,1216.0,3792.0,3009.0,2857.0,3214.0,2477.0,2354.0,2270.0,1518.0,0.0,706.0,851.0
2015-01-27,1738.0,1767.0,2682.0,1374.0,1263.0,1548.0,1730.0,2479.0,1749.0,942.0,2026.0,1161.0,829.0,1306.0,1357.0,791.0,1275.0,1363.0,1018.0,0.0,0.0,0.0,904.0,2200.0,693.0,439.0,1358.0,1034.0,0.0,655.0,1209.0,602.0,1004.0,2070.0,576.0,1080.0,1359.0,1343.0,1113.0,1423.0,896.0,0.0,1144.0,3522.0,2810.0,2666.0,3140.0,2213.0,2236.0,2174.0,1467.0,0.0,640.0,650.0
2015-01-28,1901.0,1992.0,2821.0,1398.0,1343.0,1683.0,1808.0,2618.0,1624.0,852.0,1834.0,1171.0,763.0,1315.0,1293.0,703.0,1158.0,1207.0,1127.0,0.0,0.0,0.0,1017.0,2436.0,755.0,482.0,1451.0,907.0,0.0,681.0,1191.0,535.0,916.0,2014.0,572.0,891.0,1679.0,1474.0,1113.0,1212.0,964.0,0.0,1106.0,4082.0,2928.0,2806.0,3246.0,2253.0,2517.0,2235.0,1661.0,0.0,711.0,662.0
2015-01-29,1781.0,1794.0,2703.0,1335.0,1389.0,1458.0,1624.0,2415.0,1841.0,907.0,1863.0,1114.0,796.0,1350.0,1328.0,787.0,1097.0,1334.0,964.0,0.0,0.0,0.0,971.0,2154.0,714.0,413.0,1276.0,1033.0,0.0,672.0,1273.0,547.0,1031.0,1977.0,621.0,958.0,1536.0,1377.0,1237.0,1229.0,871.0,0.0,1108.0,3483.0,2793.0,2587.0,3024.0,2222.0,2211.0,2021.0,1457.0,0.0,607.0,717.0
2015-01-30,1888.0,1953.0,3198.0,1540.0,1490.0,1702.0,1974.0,2837.0,1823.0,869.0,2065.0,1094.0,844.0,1224.0,1278.0,829.0,1112.0,1230.0,1051.0,0.0,0.0,0.0,1060.0,2703.0,1058.0,589.0,1531.0,1038.0,0.0,728.0,1265.0,565.0,937.0,2477.0,614.0,986.0,1706.0,1562.0,1196.0,1246.0,997.0,0.0,1224.0,4138.0,3611.0,3247.0,3673.0,2634.0,2908.0,2404.0,1743.0,0.0,845.0,805.0
2015-01-31,1398.0,2139.0,3585.0,1715.0,1624.0,2250.0,1783.0,2981.0,2522.0,1166.0,2471.0,1353.0,1190.0,1701.0,1331.0,1001.0,1515.0,1338.0,1865.0,0.0,0.0,0.0,1165.0,2389.0,1685.0,710.0,1957.0,1341.0,0.0,733.0,1595.0,733.0,1201.0,2696.0,883.0,1197.0,1668.0,2309.0,1719.0,1520.0,1188.0,0.0,1454.0,5082.0,4516.0,4619.0,4641.0,4008.0,3405.0,3429.0,1835.0,0.0,973.0,1009.0
2015-02-01,502.0,2159.0,3683.0,1929.0,1602.0,2408.0,1572.0,2812.0,2722.0,1089.0,2930.0,1372.0,965.0,1116.0,1102.0,1260.0,1641.0,1458.0,1244.0,0.0,0.0,0.0,1070.0,2020.0,946.0,834.0,2198.0,1756.0,0.0,725.0,1856.0,762.0,1444.0,2362.0,838.0,1368.0,1468.0,2617.0,1710.0,1441.0,1468.0,0.0,1377.0,5303.0,4870.0,5184.0,5163.0,4771.0,3432.0,3404.0,2033.0,0.0,1116.0,1262.0
2015-02-02,1831.0,1947.0,3125.0,1531.0,1624.0,1812.0,1886.0,2765.0,2239.0,1050.0,2446.0,1287.0,1023.0,1589.0,1463.0,990.0,1401.0,1408.0,1271.0,0.0,0.0,0.0,998.0,2588.0,793.0,706.0,1502.0,1195.0,0.0,720.0,1438.0,656.0,1253.0,2485.0,691.0,1151.0,1685.0,1584.0,1436.0,1615.0,984.0,0.0,1406.0,3927.0,3688.0,3562.0,3800.0,3003.0,2708.0,2475.0,1658.0,0.0,752.0,970.0
2015-02-03,1844.0,1946.0,2974.0,1463.0,1541.0,1681.0,1768.0,2563.0,2219.0,1175.0,2370.0,1220.0,1030.0,1484.0,1501.0,933.0,1382.0,1418.0,1140.0,0.0,0.0,0.0,1070.0,2443.0,725.0,601.0,1339.0,1227.0,0.0,766.0,1436.0,635.0,1162.0,2343.0,773.0,1232.0,1572.0,1555.0,1383.0,1596.0,955.0,0.0,1272.0,3805.0,3237.0,3217.0,3578.0,2698.0,2495.0,2474.0,1562.0,0.0,720.0,864.0
2015-02-04,1894.0,2025.0,3140.0,1591.0,1463.0,1798.0,1953.0,2879.0,2025.0,1063.0,2209.0,1205.0,842.0,1288.0,1380.0,894.0,1257.0,1384.0,1232.0,0.0,0.0,0.0,1001.0,2589.0,888.0,546.0,1513.0,1070.0,0.0,713.0,1207.0,601.0,1121.0,2020.0,620.0,1041.0,1715.0,1628.0,1227.0,1335.0,1041.0,0.0,1279.0,4275.0,3384.0,3291.0,3846.0,2681.0,2705.0,2357.0,1763.0,0.0,851.0,735.0
2015-02-05,1774.0,1943.0,2967.0,1343.0,1406.0,1683.0,1869.0,2729.0,2209.0,1017.0,2392.0,1274.0,929.0,1494.0,1410.0,809.0,1312.0,1429.0,1140.0,0.0,0.0,0.0,1021.0,2342.0,713.0,483.0,1387.0,1017.0,0.0,728.0,1438.0,596.0,1074.0,2223.0,620.0,1095.0,1575.0,1487.0,1453.0,1326.0,1003.0,0.0,1210.0,3761.0,3154.0,3214.0,3548.0,2686.0,2523.0,2408.0,1471.0,0.0,694.0,737.0
2015-02-06,1865.0,1927.0,3129.0,1476.0,1559.0,1786.0,1898.0,2777.0,1881.0,809.0,2163.0,1153.0,854.0,1209.0,1277.0,812.0,1093.0,1261.0,1157.0,0.0,0.0,0.0,1051.0,2606.0,1101.0,580.0,1484.0,959.0,0.0,665.0,1331.0,553.0,839.0,2442.0,570.0,954.0,1729.0,1723.0,1288.0,1254.0,971.0,0.0,1243.0,4044.0,3577.0,3251.0,3696.0,2642.0,2888.0,2432.0,1827.0,0.0,720.0,753.0
2015-02-07,1408.0,2085.0,3403.0,1618.0,1587.0,2055.0,1713.0,3005.0,2430.0,1140.0,2607.0,1323.0,1273.0,1738.0,1367.0,1020.0,1483.0,1250.0,1579.0,0.0,0.0,0.0,1105.0,2472.0,1699.0,599.0,1862.0,1226.0,0.0,747.0,1468.0,672.0,1159.0,2406.0,776.0,1231.0,1718.0,2323.0,1721.0,1454.0,1197.0,0.0,1438.0,5119.0,4484.0,4836.0,4810.0,4016.0,3454.0,3202.0,1791.0,0.0,853.0,1069.0
2015-02-08,490.0,1989.0,3346.0,1669.0,1412.0,2037.0,1380.0,2508.0,2405.0,987.0,2754.0,1200.0,872.0,934.0,1052.0,1106.0,1469.0,1347.0,1278.0,0.0,0.0,0.0,954.0,1815.0,967.0,610.0,1894.0,1482.0,0.0,673.0,1650.0,608.0,1166.0,2176.0,664.0,1109.0,1237.0,2325.0,1564.0,1328.0,1308.0,0.0,1322.0,4866.0,4353.0,4863.0,4741.0,4292.0,3190.0,3117.0,1821.0,0.0,926.0,1104.0
2015-02-09,1792.0,1775.0,2840.0,1332.0,1541.0,1601.0,1746.0,2623.0,2018.0,1110.0,2281.0,1218.0,943.0,1426.0,1437.0,957.0,1313.0,1257.0,1417.0,0.0,0.0,0.0,1058.0,2571.0,814.0,539.0,1522.0,1076.0,0.0,701.0,1389.0,553.0,1113.0,2311.0,610.0,1097.0,1557.0,1593.0,1350.0,1521.0,980.0,0.0,1345.0,3981.0,3328.0,3354.0,3705.0,2943.0,2538.0,2628.0,1592.0,0.0,738.0,865.0
2015-02-10,1790.0,1958.0,2890.0,1389.0,1482.0,1481.0,1670.0,2627.0,1996.0,1070.0,2211.0,1124.0,893.0,1458.0,1398.0,870.0,1234.0,1325.0,1343.0,0.0,0.0,0.0,952.0,2266.0,754.0,468.0,1435.0,1112.0,0.0,744.0,1356.0,588.0,1091.0,2333.0,682.0,1164.0,1565.0,1463.0,1386.0,1440.0,1015.0,0.0,1231.0,3681.0,3130.0,3040.0,3358.0,2580.0,2419.0,2492.0,1557.0,0.0,621.0,851.0
2015-02-11,1914.0,1918.0,2940.0,1455.0,1498.0,1644.0,1772.0,2779.0,1827.0,931.0,2154.0,1098.0,818.0,1249.0,1243.0,830.0,1181.0,1169.0,1282.0,0.0,0.0,0.0,1008.0,2596.0,986.0,516.0,1594.0,1017.0,0.0,670.0,1278.0,565.0,1039.0,2171.0,590.0,966.0,1755.0,1711.0,1291.0,1328.0,960.0,0.0,1120.0,4176.0,3320.0,3164.0,3651.0,2531.0,2629.0,2507.0,1767.0,0.0,776.0,734.0
2015-02-12,1816.0,1816.0,2867.0,1361.0,1596.0,1594.0,1658.0,2685.0,2027.0,916.0,2092.0,1165.0,909.0,1386.0,1332.0,869.0,1161.0,1339.0,1279.0,0.0,0.0,0.0,985.0,2531.0,1017.0,525.0,1483.0,1128.0,0.0,807.0,1398.0,603.0,1009.0,2337.0,604.0,1083.0,1648.0,1572.0,1459.0,1311.0,1000.0,0.0,1256.0,3927.0,3197.0,3114.0,3563.0,2618.0,2459.0,2528.0,1580.0,0.0,739.0,788.0
2015-02-13,2099.0,2130.0,3294.0,1562.0,1872.0,1891.0,1954.0,3149.0,2020.0,950.0,2361.0,1176.0,888.0,1329.0,1417.0,922.0,1221.0,1281.0,1530.0,4500.0,0.0,0.0,1211.0,3015.0,1706.0,753.0,1648.0,1046.0,0.0,779.0,1547.0,593.0,1037.0,2868.0,747.0,1285.0,2084.0,1994.0,1651.0,1496.0,1230.0,0.0,1450.0,4812.0,4086.0,3692.0,4049.0,3214.0,3134.0,2963.0,2189.0,0.0,978.0,905.0
2015-02-14,1235.0,1975.0,3227.0,1561.0,2072.0,1997.0,1609.0,2680.0,2467.0,1235.0,2848.0,1384.0,1243.0,1651.0,1478.0,1203.0,1422.0,1102.0,1954.0,3698.0,0.0,0.0,1186.0,2727.0,2913.0,1019.0,2124.0,1534.0,0.0,787.0,1878.0,868.0,1357.0,3421.0,1153.0,1849.0,1764.0,2545.0,2015.0,1655.0,1565.0,0.0,1633.0,4494.0,4446.0,4615.0,4598.0,3945.0,3313.0,3589.0,2007.0,0.0,1530.0,1247.0
2015-02-15,378.0,1532.0,2535.0,1273.0,1176.0,1620.0,1135.0,1951.0,1728.0,704.0,2284.0,1152.0,760.0,836.0,865.0,956.0,1203.0,831.0,1107.0,3181.0,0.0,0.0,869.0,1479.0,3046.0,478.0,1947.0,1250.0,0.0,578.0,1376.0,636.0,971.0,2261.0,1209.0,1682.0,847.0,1613.0,1112.0,971.0,1084.0,0.0,1213.0,3598.0,3482.0,3555.0,3604.0,3145.0,2556.0,2410.0,1320.0,0.0,1018.0,995.0
2015-02-16,449.0,1572.0,2619.0,1315.0,979.0,1655.0,1355.0,1991.0,1770.0,739.0,2110.0,1168.0,776.0,804.0,866.0,827.0,1394.0,919.0,1185.0,2915.0,0.0,0.0,946.0,1484.0,2446.0,462.0,2020.0,1160.0,0.0,572.0,1186.0,553.0,663.0,1798.0,1046.0,1365.0,836.0,1367.0,1025.0,787.0,986.0,0.0,1193.0,3696.0,3712.0,3490.0,3712.0,3119.0,2706.0,2568.0,1463.0,0.0,878.0,792.0
2015-02-17,486.0,1817.0,3104.0,1548.0,1030.0,1804.0,1451.0,2326.0,1924.0,861.0,1897.0,1130.0,881.0,1007.0,759.0,864.0,1505.0,1149.0,1130.0,2826.0,0.0,0.0,807.0,1678.0,1134.0,488.0,2224.0,1586.0,0.0,638.0,1392.0,543.0,741.0,1764.0,739.0,1027.0,1071.0,1696.0,1473.0,817.0,1002.0,0.0,1226.0,4372.0,3844.0,3914.0,4023.0,3325.0,2810.0,2476.0,1614.0,0.0,945.0,775.0
2015-02-18,1942.0,1911.0,3120.0,1503.0,1783.0,1664.0,1934.0,2792.0,1979.0,1011.0,2310.0,1174.0,944.0,1550.0,1464.0,962.0,1284.0,1192.0,1445.0,2184.0,0.0,0.0,1014.0,2586.0,1002.0,648.0,1657.0,1148.0,0.0,696.0,1370.0,618.0,1247.0,2422.0,852.0,1169.0,1762.0,1814.0,1490.0,1729.0,1095.0,0.0,1501.0,4123.0,3459.0,3166.0,3866.0,2575.0,2625.0,2655.0,1718.0,0.0,856.0,981.0
2015-02-19,1554.0,1674.0,2579.0,1262.0,1525.0,1467.0,1583.0,2431.0,1907.0,941.0,2047.0,1128.0,874.0,1511.0,1324.0,910.0,1154.0,1194.0,1266.0,2717.0,0.0,0.0,974.0,2339.0,957.0,542.0,1482.0,1148.0,0.0,715.0,1399.0,621.0,1068.0,2297.0,781.0,1236.0,1719.0,1605.0,1382.0,1418.0,951.0,0.0,1426.0,3416.0,3112.0,2898.0,3472.0,2493.0,2433.0,2448.0,1533.0,0.0,719.0,814.0
2015-02-20,1866.0,1935.0,3178.0,1482.0,1655.0,1724.0,2004.0,2888.0,1860.0,863.0,2254.0,1218.0,888.0,1353.0,1489.0,889.0,1068.0,1273.0,1255.0,2379.0,0.0,0.0,1075.0,2645.0,1178.0,574.0,1502.0,1042.0,0.0,744.0,1349.0,585.0,1002.0,2405.0,692.0,1143.0,1694.0,1843.0,1388.0,1412.0,1010.0,0.0,1276.0,4072.0,3806.0,3330.0,3710.0,2878.0,2758.0,2728.0,1732.0,0.0,774.0,858.0
2015-02-21,1530.0,2050.0,3544.0,1639.0,1463.0,1874.0,1715.0,2953.0,2184.0,1116.0,2528.0,1295.0,1181.0,1635.0,1300.0,920.0,1403.0,1178.0,1897.0,2734.0,0.0,0.0,1047.0,2462.0,1362.0,587.0,1918.0,1242.0,0.0,770.0,1454.0,685.0,1071.0,2413.0,669.0,1168.0,1797.0,2159.0,1636.0,1476.0,1052.0,0.0,1294.0,4925.0,4124.0,3947.0,4363.0,3348.0,3034.0,3089.0,1792.0,0.0,778.0,917.0
2015-02-22,524.0,2060.0,3573.0,1866.0,1522.0,2351.0,1546.0,2903.0,2359.0,944.0,2676.0,1284.0,979.0,1192.0,1094.0,1109.0,1536.0,1405.0,1189.0,3220.0,0.0,0.0,978.0,1907.0,908.0,585.0,2062.0,1583.0,0.0,678.0,1723.0,619.0,1283.0,2362.0,669.0,1119.0,1432.0,2511.0,1656.0,1345.0,1347.0,0.0,1423.0,4957.0,4521.0,4630.0,4854.0,4232.0,3412.0,3007.0,1820.0,0.0,972.0,1147.0
2015-02-23,1763.0,1698.0,2710.0,1295.0,1499.0,1474.0,1707.0,2500.0,1798.0,855.0,2191.0,1211.0,958.0,1554.0,1518.0,870.0,1152.0,1188.0,1266.0,1726.0,0.0,0.0,992.0,2281.0,746.0,542.0,1384.0,943.0,0.0,665.0,1359.0,555.0,880.0,2144.0,713.0,1089.0,1565.0,1560.0,1305.0,1450.0,875.0,0.0,1281.0,3446.0,3121.0,2874.0,3336.0,2515.0,2391.0,2356.0,1505.0,0.0,687.0,862.0
2015-02-24,1756.0,1908.0,2697.0,1363.0,1329.0,1595.0,1698.0,2612.0,1898.0,1091.0,2034.0,1128.0,882.0,1360.0,1409.0,901.0,1313.0,1340.0,1139.0,2039.0,0.0,0.0,942.0,2314.0,690.0,470.0,1335.0,1175.0,0.0,764.0,1391.0,596.0,1104.0,2156.0,610.0,1118.0,1460.0,1430.0,1273.0,1413.0,916.0,0.0,1149.0,3779.0,3051.0,2732.0,3129.0,2301.0,2136.0,2236.0,1507.0,0.0,595.0,801.0
2015-02-25,1923.0,1920.0,2948.0,1478.0,1386.0,1658.0,1703.0,2648.0,1651.0,826.0,1926.0,1218.0,857.0,1297.0,1257.0,724.0,1032.0,1178.0,1098.0,1786.0,0.0,0.0,1013.0,2523.0,820.0,499.0,1468.0,986.0,0.0,682.0,1164.0,511.0,907.0,1925.0,603.0,947.0,1696.0,1607.0,1200.0,1313.0,891.0,0.0,1119.0,4066.0,3047.0,2753.0,3191.0,2267.0,2392.0,2118.0,1604.0,0.0,720.0,707.0
2015-02-26,1746.0,1724.0,2678.0,1342.0,1271.0,1525.0,1647.0,2485.0,1690.0,870.0,1879.0,1141.0,864.0,1324.0,1365.0,821.0,1118.0,1188.0,1109.0,1798.0,0.0,0.0,1034.0,2214.0,682.0,410.0,1359.0,953.0,0.0,644.0,1306.0,550.0,944.0,2005.0,623.0,1022.0,1531.0,1325.0,1236.0,1325.0,923.0,0.0,1135.0,3548.0,2748.0,2599.0,2922.0,2129.0,2184.0,2030.0,1415.0,0.0,652.0,764.0
2015-02-27,1877.0,1941.0,3043.0,1480.0,1578.0,1619.0,1847.0,2769.0,1639.0,827.0,2058.0,1113.0,855.0,1207.0,1288.0,935.0,1063.0,1087.0,1132.0,1697.0,0.0,0.0,1055.0,2748.0,1048.0,598.0,1542.0,1082.0,0.0,693.0,1415.0,610.0,947.0,2365.0,626.0,986.0,1702.0,1591.0,1234.0,1370.0,984.0,0.0,1421.0,3960.0,3587.0,3135.0,3550.0,2619.0,2632.0,2451.0,1706.0,0.0,847.0,836.0
2015-02-28,1425.0,2113.0,3592.0,1726.0,1632.0,2044.0,1762.0,3032.0,2556.0,1097.0,2748.0,1347.0,1205.0,1754.0,1337.0,941.0,1427.0,1295.0,1955.0,2709.0,0.0,0.0,1091.0,2557.0,1521.0,721.0,1839.0,1358.0,0.0,703.0,1551.0,762.0,1207.0,2697.0,794.0,1198.0,1738.0,2335.0,1691.0,1500.0,1120.0,0.0,1380.0,5086.0,4318.0,4463.0,4348.0,3902.0,3315.0,3104.0,1774.0,0.0,955.0,922.0
2015-03-01,522.0,2233.0,3709.0,1911.0,1560.0,2309.0,1590.0,2848.0,2715.0,1080.0,2978.0,1303.0,991.0,1093.0,1183.0,1178.0,1605.0,1393.0,1366.0,3012.0,0.0,0.0,1077.0,2065.0,1039.0,810.0,2075.0,1723.0,0.0,715.0,1819.0,696.0,1326.0,2462.0,782.0,1272.0,1516.0,2612.0,1808.0,1374.0,1392.0,0.0,1380.0,5454.0,4732.0,5133.0,5186.0,4934.0,3411.0,3249.0,1967.0,0.0,1102.0,1195.0
2015-03-02,1823.0,1906.0,3010.0,1404.0,1608.0,1773.0,1780.0,2636.0,2165.0,1096.0,2461.0,1286.0,1000.0,1501.0,1553.0,959.0,1372.0,1250.0,1242.0,1995.0,0.0,0.0,1047.0,2485.0,863.0,723.0,1451.0,1176.0,0.0,742.0,1434.0,684.0,1030.0,2468.0,787.0,1167.0,1490.0,1645.0,1333.0,1649.0,1089.0,0.0,1510.0,3864.0,3662.0,3433.0,3787.0,3019.0,2652.0,2428.0,1616.0,0.0,756.0,839.0
2015-03-03,1791.0,1910.0,2914.0,1446.0,1550.0,1772.0,1741.0,2688.0,2207.0,1039.0,2419.0,1172.0,978.0,1517.0,1459.0,901.0,1418.0,1353.0,1177.0,2229.0,0.0,0.0,1021.0,2418.0,775.0,584.0,1533.0,1272.0,0.0,773.0,1522.0,657.0,1320.0,2439.0,794.0,1269.0,1452.0,1590.0,1335.0,1643.0,971.0,0.0,1280.0,3838.0,3461.0,3252.0,3651.0,2712.0,2374.0,2351.0,1491.0,0.0,759.0,882.0
2015-03-04,1918.0,2033.0,3252.0,1560.0,1592.0,1755.0,1923.0,2881.0,1988.0,948.0,2304.0,1256.0,936.0,1381.0,1400.0,906.0,1193.0,1184.0,1268.0,2412.0,0.0,0.0,1103.0,2648.0,911.0,604.0,1574.0,1091.0,0.0,666.0,1272.0,593.0,1153.0,2302.0,591.0,1034.0,1818.0,1751.0,1254.0,1466.0,1106.0,0.0,1298.0,4278.0,3393.0,3318.0,3763.0,2784.0,2673.0,2324.0,1709.0,0.0,814.0,818.0
2015-03-05,1734.0,1858.0,2912.0,1360.0,1435.0,1608.0,1667.0,2647.0,2128.0,938.0,2359.0,1259.0,909.0,1468.0,1364.0,886.0,1283.0,1281.0,1129.0,1685.0,0.0,0.0,954.0,2310.0,800.0,570.0,1373.0,1121.0,0.0,684.0,1457.0,599.0,1076.0,2321.0,700.0,1097.0,1606.0,1568.0,1303.0,1472.0,979.0,0.0,1297.0,3865.0,3326.0,2971.0,3476.0,2592.0,2476.0,2233.0,1394.0,0.0,718.0,792.0
2015-03-06,1865.0,2000.0,3190.0,1502.0,1535.0,1694.0,1910.0,2791.0,1747.0,856.0,2231.0,1135.0,914.0,1162.0,1327.0,847.0,1093.0,1200.0,1122.0,1445.0,0.0,0.0,1147.0,2550.0,1238.0,593.0,1578.0,1044.0,0.0,686.0,1390.0,601.0,945.0,2566.0,672.0,1155.0,1712.0,1601.0,1309.0,1366.0,1055.0,0.0,1298.0,4269.0,3515.0,3292.0,3739.0,2799.0,2948.0,2509.0,1739.0,0.0,813.0,847.0
2015-03-07,1468.0,2253.0,3824.0,1750.0,1639.0,2325.0,1752.0,2980.0,2597.0,1192.0,2916.0,1353.0,1332.0,1807.0,1401.0,1019.0,1516.0,1372.0,2034.0,2349.0,0.0,0.0,1088.0,2419.0,1742.0,654.0,2009.0,1324.0,0.0,703.0,1581.0,728.0,1206.0,2780.0,867.0,1294.0,1773.0,2602.0,1865.0,1526.0,1170.0,0.0,1413.0,5478.0,4736.0,4758.0,4931.0,4056.0,3412.0,3586.0,1860.0,0.0,1024.0,1052.0
2015-03-08,506.0,2092.0,3728.0,1725.0,1425.0,2356.0,1503.0,2837.0,2494.0,1079.0,2835.0,1254.0,946.0,1089.0,1117.0,1064.0,1527.0,1374.0,1301.0,2455.0,0.0,0.0,1046.0,1882.0,1136.0,653.0,2049.0,1449.0,0.0,642.0,1641.0,623.0,1129.0,2431.0,700.0,1121.0,1392.0,2639.0,1630.0,1158.0,1224.0,0.0,1318.0,5213.0,4670.0,5045.0,5059.0,4462.0,3457.0,3258.0,1902.0,0.0,993.0,1109.0
2015-03-09,1883.0,1943.0,3004.0,1427.0,1638.0,1773.0,1856.0,2812.0,2114.0,984.0,2323.0,1287.0,1012.0,1498.0,1487.0,900.0,1360.0,1471.0,1302.0,1518.0,0.0,0.0,1030.0,2384.0,872.0,572.0,1517.0,1188.0,0.0,746.0,1367.0,664.0,1181.0,2421.0,670.0,1125.0,1569.0,1563.0,1244.0,1583.0,984.0,0.0,1291.0,4233.0,3485.0,3202.0,3656.0,2757.0,2666.0,2401.0,1556.0,0.0,739.0,915.0
2015-03-10,1829.0,1897.0,3048.0,1413.0,1579.0,1732.0,1768.0,2826.0,2054.0,1022.0,2341.0,1222.0,941.0,1415.0,1499.0,905.0,1251.0,1447.0,1206.0,1463.0,0.0,0.0,1051.0,2353.0,835.0,567.0,1475.0,1255.0,0.0,746.0,1568.0,567.0,1236.0,2497.0,729.0,1208.0,1549.0,1455.0,1404.0,1538.0,1008.0,0.0,1335.0,4499.0,3476.0,3090.0,3687.0,2515.0,2714.0,2466.0,1622.0,0.0,759.0,860.0
2015-03-11,1893.0,1933.0,3130.0,1542.0,1546.0,1705.0,1879.0,2974.0,1785.0,939.0,2011.0,1175.0,834.0,1258.0,1330.0,808.0,1155.0,1324.0,1269.0,1438.0,0.0,0.0,1068.0,2396.0,955.0,546.0,1538.0,930.0,0.0,681.0,1300.0,573.0,1012.0,2226.0,633.0,1085.0,1754.0,1607.0,1217.0,1371.0,1065.0,0.0,1263.0,4439.0,3217.0,3048.0,3495.0,2460.0,2647.0,2332.0,1666.0,0.0,815.0,757.0
2015-03-12,1758.0,1749.0,2785.0,1361.0,1380.0,1502.0,1660.0,2676.0,1872.0,866.0,2078.0,1226.0,839.0,1299.0,1324.0,817.0,1153.0,1371.0,1032.0,1471.0,0.0,0.0,981.0,2178.0,873.0,486.0,1506.0,1094.0,0.0,640.0,1355.0,575.0,978.0,2312.0,713.0,1094.0,1542.0,1420.0,1293.0,1352.0,964.0,0.0,1255.0,3877.0,2907.0,2738.0,3235.0,2205.0,2452.0,2214.0,1423.0,0.0,750.0,799.0
2015-03-13,1869.0,1974.0,3079.0,1376.0,1564.0,1663.0,1729.0,2862.0,1692.0,749.0,2034.0,1125.0,806.0,1233.0,1335.0,868.0,1005.0,1226.0,1119.0,1215.0,0.0,0.0,1019.0,2689.0,1273.0,725.0,1680.0,1100.0,0.0,766.0,1351.0,650.0,990.0,2640.0,645.0,1124.0,1763.0,1630.0,1222.0,1286.0,1007.0,0.0,1315.0,4237.0,3354.0,2835.0,3490.0,2417.0,2694.0,2370.0,1685.0,0.0,867.0,853.0
2015-03-14,1377.0,2101.0,3737.0,1715.0,1567.0,2130.0,1762.0,3011.0,2419.0,1095.0,2377.0,1298.0,1183.0,1729.0,1285.0,992.0,1441.0,1264.0,1947.0,2092.0,0.0,0.0,1100.0,2394.0,1761.0,710.0,1976.0,1404.0,0.0,658.0,1685.0,710.0,1272.0,2749.0,947.0,1375.0,1610.0,2240.0,1676.0,1491.0,1233.0,0.0,1432.0,5344.0,4412.0,4556.0,4587.0,3915.0,3345.0,3526.0,1741.0,0.0,1039.0,1058.0
2015-03-15,502.0,2021.0,3689.0,1722.0,1390.0,2275.0,1469.0,2773.0,2401.0,1029.0,2641.0,1247.0,980.0,1097.0,1057.0,1027.0,1558.0,1397.0,1239.0,2403.0,0.0,0.0,966.0,1832.0,1079.0,607.0,1978.0,1502.0,0.0,578.0,1504.0,653.0,1113.0,2332.0,742.0,1083.0,1324.0,2400.0,1656.0,1288.0,1217.0,0.0,1342.0,5270.0,4522.0,4708.0,4969.0,4313.0,3323.0,3154.0,1755.0,0.0,955.0,1041.0
2015-03-16,1833.0,1879.0,2962.0,1318.0,1652.0,1695.0,1873.0,2804.0,2141.0,952.0,2171.0,1220.0,948.0,1416.0,1441.0,851.0,1167.0,1421.0,1267.0,1396.0,0.0,0.0,1034.0,2335.0,909.0,617.0,1552.0,1152.0,0.0,705.0,1378.0,655.0,1095.0,2407.0,767.0,1210.0,1589.0,1559.0,1419.0,1564.0,1060.0,0.0,1318.0,3948.0,3297.0,3125.0,3592.0,2655.0,2530.0,2414.0,1555.0,0.0,745.0,837.0
2015-03-17,1713.0,1737.0,2707.0,1341.0,1460.0,1505.0,1670.0,2604.0,1957.0,957.0,2237.0,1190.0,908.0,1374.0,1356.0,889.0,1393.0,1344.0,1070.0,1391.0,0.0,0.0,1006.0,2311.0,842.0,565.0,1473.0,1322.0,0.0,703.0,1436.0,657.0,1137.0,2419.0,648.0,1209.0,1508.0,1418.0,1285.0,1495.0,995.0,0.0,1324.0,3630.0,3144.0,2888.0,3250.0,2515.0,2407.0,2295.0,1453.0,0.0,691.0,860.0
2015-03-18,1780.0,1776.0,2896.0,1320.0,1501.0,1542.0,1773.0,2795.0,1689.0,771.0,1962.0,1144.0,786.0,1189.0,1245.0,801.0,1131.0,1253.0,1155.0,1288.0,0.0,0.0,996.0,2203.0,919.0,468.0,1495.0,1011.0,0.0,598.0,1238.0,453.0,935.0,2271.0,626.0,1044.0,1601.0,1478.0,1097.0,1285.0,947.0,0.0,1217.0,4037.0,3170.0,2940.0,3410.0,2460.0,2548.0,2261.0,1571.0,0.0,800.0,784.0
2015-03-19,1700.0,1755.0,2852.0,1319.0,1419.0,1571.0,1551.0,2497.0,1824.0,872.0,2060.0,1207.0,815.0,1233.0,1360.0,843.0,1199.0,1221.0,1046.0,1382.0,0.0,0.0,928.0,2200.0,876.0,508.0,1509.0,1104.0,0.0,701.0,1374.0,564.0,1089.0,2289.0,703.0,1122.0,1354.0,1396.0,1271.0,1404.0,930.0,0.0,1306.0,3497.0,3026.0,2738.0,3168.0,2398.0,2328.0,1951.0,1404.0,0.0,728.0,822.0
2015-03-20,1821.0,1941.0,3049.0,1467.0,1496.0,1620.0,1875.0,2989.0,1771.0,816.0,2001.0,1058.0,845.0,1231.0,1278.0,826.0,1156.0,1200.0,1227.0,1282.0,0.0,0.0,1034.0,2570.0,1254.0,547.0,1546.0,995.0,2599.0,686.0,1361.0,657.0,908.0,2489.0,669.0,1159.0,1614.0,1568.0,1162.0,1422.0,1005.0,0.0,1349.0,4176.0,3648.0,3291.0,3764.0,2648.0,2881.0,2517.0,1698.0,0.0,783.0,828.0
2015-03-21,1361.0,2114.0,3648.0,1748.0,1499.0,2155.0,1780.0,2985.0,2314.0,1056.0,2471.0,1253.0,1144.0,1697.0,1412.0,976.0,1435.0,1357.0,2064.0,2128.0,0.0,0.0,1025.0,2357.0,1712.0,556.0,2033.0,1242.0,2242.0,724.0,1443.0,782.0,1151.0,2509.0,786.0,1360.0,1634.0,2287.0,1796.0,1435.0,1130.0,0.0,1443.0,5264.0,4378.0,4589.0,4872.0,3797.0,3186.0,3309.0,1660.0,0.0,935.0,999.0
2015-03-22,534.0,2037.0,3545.0,1809.0,1322.0,2204.0,1595.0,2728.0,2285.0,915.0,2547.0,1240.0,868.0,1125.0,1104.0,1032.0,1554.0,1309.0,1353.0,2333.0,0.0,0.0,970.0,1831.0,1013.0,619.0,2052.0,1528.0,2236.0,617.0,1581.0,643.0,1072.0,2241.0,683.0,1194.0,1305.0,2413.0,1581.0,1132.0,1187.0,0.0,1360.0,5204.0,4430.0,4575.0,4757.0,4118.0,3231.0,3024.0,1797.0,0.0,854.0,1107.0
2015-03-23,1805.0,1874.0,2850.0,1335.0,1481.0,1682.0,1728.0,2657.0,1953.0,939.0,2087.0,1102.0,882.0,1472.0,1389.0,898.0,1354.0,1303.0,1233.0,1350.0,0.0,0.0,1017.0,2366.0,840.0,575.0,1523.0,1067.0,1426.0,671.0,1335.0,555.0,1107.0,2372.0,709.0,1171.0,1552.0,1483.0,1267.0,1683.0,971.0,0.0,1433.0,3806.0,3244.0,3143.0,3444.0,2553.0,2515.0,2199.0,1584.0,0.0,800.0,821.0
2015-03-24,1726.0,1786.0,2701.0,1374.0,1365.0,1521.0,1734.0,2522.0,1836.0,913.0,2179.0,1139.0,877.0,1337.0,1443.0,834.0,1252.0,1314.0,1281.0,1329.0,0.0,0.0,927.0,2258.0,814.0,483.0,1477.0,1187.0,1525.0,772.0,1361.0,599.0,1153.0,2179.0,753.0,1308.0,1494.0,1463.0,1282.0,1558.0,927.0,0.0,1199.0,3832.0,2839.0,2751.0,3055.0,2372.0,2277.0,2043.0,1453.0,0.0,734.0,755.0
2015-03-25,1890.0,1867.0,3028.0,1459.0,1444.0,1684.0,1893.0,2775.0,1729.0,832.0,1881.0,1139.0,870.0,1236.0,1369.0,847.0,1203.0,1283.0,1210.0,1267.0,0.0,0.0,991.0,2281.0,947.0,594.0,1513.0,904.0,1262.0,656.0,1074.0,545.0,970.0,2142.0,666.0,1057.0,1641.0,1495.0,1070.0,1395.0,978.0,0.0,1190.0,4172.0,3092.0,2864.0,3389.0,2317.0,2449.0,2139.0,1566.0,0.0,828.0,749.0
2015-03-26,1607.0,1747.0,2597.0,1259.0,1332.0,1555.0,1585.0,2442.0,1776.0,781.0,1924.0,1164.0,793.0,1311.0,1336.0,799.0,1125.0,1249.0,1148.0,1247.0,0.0,0.0,972.0,2069.0,909.0,475.0,1492.0,992.0,1032.0,648.0,1324.0,588.0,1017.0,2133.0,701.0,1097.0,1525.0,1333.0,1227.0,1276.0,919.0,0.0,1234.0,3561.0,2789.0,2796.0,3037.0,2248.0,2323.0,2259.0,1412.0,0.0,697.0,738.0
2015-03-27,1895.0,1986.0,3095.0,1536.0,1465.0,1694.0,1935.0,2846.0,1753.0,773.0,2002.0,1032.0,836.0,1207.0,1191.0,845.0,1102.0,1184.0,1193.0,1254.0,0.0,0.0,1012.0,2437.0,1322.0,575.0,1696.0,1006.0,1152.0,671.0,1290.0,602.0,911.0,2444.0,672.0,1181.0,1631.0,1530.0,1159.0,1401.0,989.0,0.0,1361.0,4146.0,3481.0,3086.0,3521.0,2474.0,2740.0,2457.0,1617.0,0.0,737.0,826.0
2015-03-28,1279.0,2087.0,3556.0,1783.0,1498.0,2150.0,1785.0,2840.0,2368.0,1121.0,2270.0,1178.0,1149.0,1641.0,1276.0,941.0,1537.0,1252.0,1921.0,1825.0,0.0,0.0,1124.0,1823.0,1668.0,485.0,1832.0,1086.0,1420.0,510.0,1371.0,549.0,1141.0,2533.0,776.0,1260.0,1639.0,2247.0,1634.0,1381.0,1100.0,0.0,1338.0,5087.0,4277.0,4190.0,4674.0,3554.0,3122.0,3211.0,1751.0,0.0,950.0,874.0
2015-03-29,458.0,1929.0,3653.0,1717.0,1339.0,2115.0,1394.0,2686.0,2262.0,900.0,2465.0,925.0,976.0,1000.0,933.0,1002.0,1490.0,1274.0,1300.0,2342.0,0.0,0.0,974.0,1715.0,1019.0,655.0,1989.0,1471.0,1804.0,684.0,1689.0,642.0,1137.0,2136.0,625.0,1095.0,1292.0,2399.0,1663.0,1194.0,1217.0,0.0,1291.0,4935.0,4286.0,4298.0,4565.0,4198.0,3169.0,3084.0,1712.0,0.0,878.0,1128.0
2015-03-30,1753.0,1720.0,2829.0,1313.0,1501.0,1606.0,1648.0,2622.0,1833.0,849.0,1915.0,0.0,1092.0,1439.0,1318.0,878.0,1261.0,1251.0,1230.0,1274.0,0.0,0.0,949.0,2365.0,887.0,520.0,1541.0,1031.0,1252.0,699.0,1274.0,606.0,1143.0,2231.0,683.0,1138.0,1440.0,1418.0,1307.0,1577.0,995.0,0.0,1425.0,3701.0,3255.0,2969.0,3296.0,2514.0,2442.0,2286.0,1481.0,0.0,744.0,817.0
2015-03-31,1901.0,1861.0,2820.0,1442.0,1447.0,1715.0,1702.0,2697.0,2108.0,963.0,2158.0,0.0,1200.0,1399.0,1408.0,834.0,1282.0,1404.0,1242.0,1351.0,0.0,0.0,1007.0,2389.0,836.0,521.0,1496.0,1306.0,1351.0,789.0,1471.0,628.0,1158.0,2315.0,771.0,1283.0,1525.0,1480.0,1324.0,1550.0,966.0,0.0,1381.0,3787.0,3291.0,3144.0,3378.0,2577.0,2496.0,2337.0,1590.0,0.0,738.0,897.0
2015-04-01,1988.0,2190.0,3515.0,1665.0,1496.0,1906.0,1879.0,2962.0,2269.0,1061.0,2457.0,0.0,1125.0,1427.0,1489.0,840.0,1386.0,1408.0,1403.0,1641.0,0.0,0.0,1129.0,2558.0,1152.0,713.0,1668.0,1234.0,1237.0,724.0,1528.0,717.0,1157.0,2530.0,827.0,1332.0,1801.0,1860.0,1397.0,1546.0,1145.0,0.0,1391.0,4538.0,3805.0,3537.0,4018.0,3121.0,2796.0,2640.0,1796.0,0.0,940.0,880.0
2015-04-02,1816.0,2151.0,3536.0,1655.0,1675.0,1957.0,1850.0,2838.0,2431.0,1064.0,2556.0,0.0,1380.0,1442.0,1480.0,1049.0,1423.0,1344.0,1370.0,1694.0,0.0,0.0,1208.0,2330.0,1525.0,511.0,1421.0,1067.0,1088.0,721.0,1526.0,626.0,1300.0,2588.0,833.0,1439.0,1835.0,2061.0,1533.0,1541.0,1063.0,0.0,1524.0,4349.0,3868.0,3631.0,4195.0,3240.0,2871.0,2862.0,1566.0,0.0,905.0,1045.0
2015-04-03,492.0,1844.0,3091.0,1514.0,1207.0,2065.0,1506.0,2347.0,2266.0,856.0,2738.0,0.0,1148.0,1148.0,1024.0,965.0,1474.0,999.0,1244.0,2173.0,0.0,0.0,932.0,1741.0,2452.0,591.0,1995.0,1318.0,1566.0,623.0,1377.0,629.0,752.0,2275.0,989.0,1423.0,1188.0,1951.0,1312.0,903.0,1052.0,0.0,1305.0,4464.0,3670.0,4123.0,4198.0,3658.0,2835.0,3110.0,1642.0,0.0,919.0,852.0
2015-04-04,1151.0,1946.0,3515.0,1660.0,1505.0,2180.0,1733.0,2534.0,2649.0,1266.0,2903.0,0.0,1795.0,1733.0,1382.0,1019.0,1489.0,1109.0,2254.0,2043.0,0.0,0.0,1092.0,2038.0,2299.0,637.0,1990.0,1238.0,1352.0,637.0,1462.0,730.0,1201.0,2059.0,956.0,1561.0,1713.0,2502.0,1858.0,1502.0,1228.0,0.0,1418.0,4955.0,4732.0,4909.0,5105.0,4357.0,3437.0,3663.0,1502.0,0.0,904.0,910.0
2015-04-05,461.0,1912.0,3338.0,1655.0,1350.0,2131.0,1439.0,2525.0,2461.0,974.0,3035.0,0.0,1312.0,1226.0,1123.0,1006.0,1439.0,1255.0,1273.0,2169.0,0.0,0.0,988.0,1580.0,1014.0,539.0,1931.0,1326.0,1517.0,632.0,1562.0,577.0,988.0,1923.0,704.0,1206.0,1278.0,2324.0,1622.0,1126.0,1249.0,0.0,1291.0,4904.0,4493.0,4888.0,4860.0,4436.0,3242.0,3380.0,1581.0,0.0,901.0,1035.0
2015-04-06,1815.0,2019.0,3080.0,1454.0,1695.0,1739.0,1805.0,2829.0,2247.0,1079.0,2387.0,0.0,1222.0,1585.0,1495.0,966.0,1478.0,1419.0,1446.0,1488.0,0.0,0.0,1054.0,2434.0,912.0,612.0,1486.0,1085.0,1183.0,727.0,1285.0,631.0,1122.0,2379.0,719.0,1161.0,1598.0,1668.0,1285.0,1686.0,1022.0,0.0,1483.0,4053.0,3651.0,3521.0,3874.0,3027.0,2710.0,2631.0,1602.0,0.0,727.0,893.0
2015-04-07,1862.0,1891.0,2885.0,1406.0,1484.0,1692.0,1847.0,2686.0,2193.0,1100.0,2426.0,0.0,1264.0,1434.0,1545.0,886.0,1405.0,1498.0,1220.0,1454.0,0.0,0.0,1026.0,2288.0,855.0,549.0,1430.0,1175.0,1238.0,682.0,1441.0,573.0,1209.0,2375.0,773.0,1276.0,1545.0,1570.0,1463.0,1581.0,1049.0,0.0,1337.0,3824.0,3195.0,3084.0,3485.0,2549.0,2437.0,2483.0,1557.0,0.0,789.0,763.0
2015-04-08,1839.0,2015.0,3039.0,1502.0,1576.0,1726.0,1859.0,2795.0,1982.0,949.0,2248.0,0.0,1165.0,1362.0,1385.0,893.0,1258.0,1285.0,1278.0,1340.0,0.0,0.0,1050.0,2498.0,958.0,563.0,1558.0,1017.0,1033.0,673.0,1235.0,569.0,982.0,2188.0,587.0,1154.0,1755.0,1697.0,1207.0,1433.0,1001.0,0.0,1315.0,4096.0,3317.0,3250.0,3788.0,2458.0,2644.0,2518.0,1730.0,0.0,851.0,641.0
2015-04-09,1766.0,1754.0,2843.0,1383.0,1327.0,1575.0,1737.0,2594.0,2042.0,901.0,2073.0,0.0,1114.0,1433.0,1351.0,757.0,1173.0,1402.0,1131.0,1425.0,0.0,0.0,939.0,2187.0,851.0,509.0,1528.0,1017.0,1134.0,635.0,1342.0,598.0,991.0,2268.0,648.0,1144.0,1481.0,1512.0,1252.0,1349.0,955.0,0.0,1273.0,3702.0,2998.0,2874.0,3288.0,2448.0,2487.0,2312.0,1475.0,0.0,706.0,777.0
2015-04-10,1897.0,1965.0,3144.0,1432.0,1477.0,1648.0,1897.0,2833.0,1870.0,828.0,2187.0,0.0,1122.0,1189.0,1252.0,861.0,1095.0,1203.0,1182.0,1233.0,0.0,0.0,961.0,2432.0,1280.0,562.0,1579.0,1014.0,1086.0,628.0,1320.0,599.0,936.0,2510.0,646.0,1137.0,1643.0,1688.0,1236.0,1375.0,988.0,0.0,1345.0,4198.0,3570.0,3293.0,3545.0,2581.0,2925.0,2621.0,1771.0,0.0,843.0,883.0
2015-04-11,1386.0,2174.0,3719.0,1694.0,1366.0,2135.0,1915.0,3010.0,2465.0,1256.0,2499.0,0.0,1598.0,1746.0,1320.0,942.0,1432.0,1388.0,2017.0,2039.0,0.0,0.0,1115.0,2140.0,1710.0,540.0,1947.0,1241.0,1196.0,678.0,1436.0,575.0,1178.0,2549.0,870.0,1358.0,1625.0,2358.0,1556.0,1437.0,1220.0,0.0,1284.0,5083.0,4469.0,4683.0,4743.0,3791.0,3370.0,3660.0,1614.0,0.0,909.0,901.0
2015-04-12,493.0,2113.0,3784.0,1775.0,1350.0,2343.0,1629.0,2856.0,2494.0,1063.0,2885.0,0.0,1270.0,1179.0,1145.0,1021.0,1529.0,1423.0,1370.0,2386.0,0.0,0.0,1050.0,1755.0,934.0,610.0,2037.0,1402.0,1415.0,580.0,1557.0,676.0,1077.0,2141.0,758.0,1129.0,1409.0,2521.0,1686.0,1284.0,1345.0,0.0,1240.0,5192.0,4654.0,4903.0,4931.0,4426.0,3378.0,3620.0,1788.0,0.0,916.0,1156.0
2015-04-13,1846.0,1940.0,2950.0,1432.0,1460.0,1741.0,1889.0,2650.0,2227.0,1035.0,2258.0,0.0,1317.0,1614.0,1614.0,899.0,1408.0,1370.0,1430.0,1458.0,0.0,0.0,1127.0,2279.0,818.0,477.0,1580.0,1044.0,997.0,651.0,1238.0,602.0,1050.0,2283.0,660.0,1147.0,1643.0,1735.0,1395.0,1486.0,933.0,0.0,1362.0,3818.0,3295.0,3292.0,3577.0,2759.0,2471.0,2769.0,1575.0,0.0,683.0,832.0
2015-04-14,1680.0,1693.0,2559.0,1239.0,1335.0,1464.0,1667.0,2333.0,1880.0,993.0,1971.0,0.0,1164.0,1391.0,1396.0,909.0,1294.0,1373.0,1166.0,1225.0,0.0,0.0,949.0,2193.0,711.0,550.0,1516.0,1213.0,1127.0,683.0,1462.0,611.0,1080.0,2258.0,733.0,1254.0,1517.0,1419.0,1284.0,1620.0,1023.0,0.0,1281.0,3432.0,3077.0,2720.0,3129.0,2276.0,2145.0,2397.0,1388.0,0.0,670.0,794.0
2015-04-15,1862.0,1932.0,3147.0,1396.0,1449.0,1725.0,1779.0,2885.0,2043.0,884.0,2090.0,0.0,1059.0,1320.0,1393.0,806.0,1208.0,1255.0,1271.0,1277.0,0.0,0.0,996.0,2463.0,894.0,536.0,1550.0,994.0,1032.0,648.0,1261.0,622.0,1057.0,2120.0,707.0,1134.0,1552.0,1644.0,1173.0,1468.0,1006.0,0.0,1258.0,4192.0,3338.0,3130.0,3839.0,2582.0,2658.0,2313.0,1717.0,0.0,842.0,758.0
2015-04-16,1785.0,1771.0,2680.0,1313.0,1329.0,1618.0,1736.0,2538.0,2084.0,852.0,1982.0,0.0,1082.0,1357.0,1306.0,811.0,1191.0,1314.0,1129.0,1439.0,0.0,0.0,950.0,2260.0,822.0,670.0,1487.0,1204.0,1077.0,717.0,1390.0,674.0,1075.0,2420.0,826.0,1193.0,1550.0,1447.0,1335.0,1398.0,1014.0,0.0,1242.0,3611.0,3236.0,2916.0,3392.0,2536.0,2570.0,2356.0,1431.0,0.0,741.0,780.0
2015-04-17,1727.0,1833.0,2957.0,1355.0,1347.0,1663.0,1863.0,2864.0,1858.0,803.0,2037.0,0.0,1038.0,1216.0,1227.0,832.0,1064.0,1237.0,1046.0,1208.0,0.0,0.0,1056.0,2514.0,1187.0,563.0,1511.0,1028.0,1022.0,655.0,1256.0,629.0,935.0,2513.0,783.0,1129.0,1653.0,1699.0,1271.0,1394.0,1014.0,0.0,1244.0,4191.0,3542.0,3265.0,3910.0,2628.0,2980.0,2625.0,1745.0,0.0,866.0,743.0
2015-04-18,1414.0,2204.0,3759.0,1683.0,1461.0,2085.0,1896.0,3043.0,2561.0,1182.0,2615.0,0.0,1629.0,1469.0,1442.0,948.0,1564.0,1464.0,1988.0,1987.0,0.0,0.0,1051.0,2436.0,1498.0,700.0,1711.0,1295.0,1399.0,726.0,1527.0,777.0,1171.0,2694.0,905.0,1321.0,1694.0,2348.0,1726.0,1423.0,1213.0,0.0,1290.0,5393.0,4443.0,4516.0,4988.0,4052.0,3445.0,3385.0,1838.0,0.0,953.0,992.0
2015-04-19,524.0,1935.0,3663.0,1689.0,1417.0,2206.0,1530.0,2849.0,2509.0,1019.0,2864.0,0.0,1235.0,1083.0,1112.0,1048.0,1622.0,1418.0,1299.0,2283.0,0.0,0.0,958.0,1817.0,858.0,606.0,1728.0,1527.0,1317.0,694.0,1576.0,646.0,1085.0,2312.0,722.0,1198.0,1189.0,2498.0,1667.0,1250.0,1356.0,0.0,1186.0,5228.0,4797.0,4792.0,5256.0,4501.0,3520.0,3157.0,1892.0,0.0,1055.0,1097.0
2015-04-20,1887.0,1904.0,2949.0,1419.0,1521.0,1760.0,1811.0,2772.0,2150.0,1045.0,2115.0,0.0,1224.0,1446.0,1534.0,913.0,1398.0,1429.0,1341.0,1442.0,0.0,0.0,1011.0,2419.0,791.0,585.0,1344.0,1130.0,1017.0,756.0,1398.0,651.0,1090.0,2297.0,718.0,1248.0,1574.0,1559.0,1361.0,1607.0,967.0,0.0,1305.0,3860.0,3478.0,3408.0,3810.0,2804.0,2673.0,2433.0,1662.0,0.0,788.0,811.0
2015-04-21,1780.0,1866.0,2917.0,1441.0,1317.0,1636.0,1775.0,2704.0,2134.0,1029.0,2236.0,0.0,1142.0,1180.0,1461.0,804.0,1356.0,1421.0,1235.0,1412.0,0.0,0.0,1061.0,2190.0,715.0,538.0,1326.0,1158.0,993.0,770.0,1381.0,650.0,1030.0,2300.0,802.0,1238.0,1545.0,1426.0,1446.0,1477.0,904.0,0.0,1340.0,3685.0,3132.0,2883.0,3367.0,2399.0,2450.0,2300.0,1476.0,0.0,657.0,702.0
2015-04-22,1894.0,1964.0,3066.0,1498.0,1367.0,1773.0,1892.0,2846.0,1869.0,887.0,1914.0,0.0,1114.0,1474.0,1432.0,804.0,1197.0,1314.0,1172.0,1300.0,0.0,0.0,1027.0,2333.0,790.0,518.0,1391.0,986.0,851.0,661.0,1243.0,576.0,955.0,2170.0,624.0,1063.0,1693.0,1665.0,1214.0,1379.0,991.0,0.0,1211.0,4178.0,3131.0,3006.0,3571.0,2432.0,2491.0,2257.0,1714.0,0.0,842.0,789.0
2015-04-23,1798.0,1835.0,2764.0,1334.0,1297.0,1590.0,1660.0,2587.0,1938.0,962.0,2024.0,0.0,1077.0,1340.0,1358.0,787.0,1156.0,1360.0,1026.0,1470.0,0.0,0.0,974.0,2115.0,749.0,502.0,1306.0,1027.0,917.0,698.0,1313.0,556.0,1015.0,2183.0,749.0,1159.0,1532.0,1455.0,1274.0,1244.0,963.0,0.0,1164.0,3838.0,2887.0,2792.0,3349.0,2426.0,2463.0,2360.0,1475.0,0.0,738.0,703.0
2015-04-24,1904.0,1889.0,2952.0,1513.0,1418.0,1661.0,1968.0,2786.0,1690.0,750.0,2001.0,0.0,1058.0,1214.0,1282.0,827.0,1104.0,1234.0,1133.0,1239.0,0.0,0.0,1145.0,2424.0,1140.0,560.0,1397.0,926.0,914.0,660.0,1233.0,562.0,933.0,2456.0,653.0,1096.0,1694.0,1669.0,1207.0,1335.0,929.0,0.0,1239.0,4036.0,3412.0,3159.0,3707.0,2623.0,2774.0,2491.0,1715.0,0.0,791.0,798.0
2015-04-25,1344.0,2006.0,3714.0,1616.0,1453.0,2092.0,1724.0,2876.0,2370.0,1121.0,2369.0,0.0,1574.0,1716.0,1270.0,961.0,1405.0,1272.0,1923.0,1949.0,0.0,0.0,1082.0,2281.0,1907.0,560.0,1725.0,1244.0,1252.0,750.0,1414.0,647.0,1094.0,2571.0,821.0,1215.0,1672.0,2197.0,1752.0,1416.0,1090.0,0.0,1344.0,5175.0,4346.0,4417.0,4628.0,3740.0,3263.0,3598.0,1786.0,0.0,904.0,926.0
2015-04-26,513.0,1941.0,3669.0,1737.0,1187.0,2198.0,1585.0,2727.0,2348.0,978.0,2665.0,0.0,1231.0,1078.0,1021.0,1061.0,1565.0,1360.0,1148.0,2192.0,0.0,0.0,979.0,1701.0,888.0,579.0,1765.0,1378.0,1179.0,603.0,1412.0,623.0,1107.0,2255.0,682.0,1133.0,1381.0,2453.0,1653.0,1248.0,1246.0,0.0,1226.0,5080.0,4456.0,4515.0,4634.0,4241.0,3194.0,3163.0,1782.0,0.0,978.0,1046.0
2015-04-27,1822.0,1839.0,2870.0,1347.0,1393.0,1667.0,1811.0,2646.0,2014.0,960.0,2017.0,0.0,1142.0,1403.0,1411.0,831.0,1321.0,1277.0,1234.0,1371.0,0.0,0.0,995.0,2124.0,709.0,498.0,1362.0,1072.0,923.0,684.0,1323.0,605.0,1085.0,2223.0,681.0,1136.0,1554.0,1364.0,1317.0,1559.0,921.0,0.0,1283.0,3901.0,3101.0,2887.0,3341.0,2446.0,2449.0,2277.0,1660.0,0.0,750.0,880.0
2015-04-28,1759.0,1702.0,2656.0,1271.0,1313.0,1533.0,1695.0,2428.0,1797.0,975.0,1963.0,0.0,1037.0,1216.0,1334.0,925.0,1165.0,1352.0,1108.0,1269.0,0.0,0.0,882.0,2167.0,677.0,482.0,1274.0,1086.0,977.0,730.0,1323.0,596.0,1032.0,2155.0,716.0,1174.0,1517.0,1270.0,1265.0,1442.0,893.0,0.0,1223.0,3587.0,2968.0,2532.0,3017.0,2126.0,2277.0,2192.0,1491.0,0.0,673.0,771.0
2015-04-29,1845.0,1858.0,2931.0,1354.0,1305.0,1605.0,1899.0,2689.0,1723.0,834.0,1887.0,0.0,1029.0,1222.0,1292.0,778.0,1082.0,1229.0,1161.0,1178.0,0.0,0.0,1037.0,2411.0,914.0,495.0,1370.0,922.0,843.0,665.0,1157.0,591.0,929.0,2131.0,617.0,1006.0,1583.0,1578.0,1185.0,1282.0,917.0,0.0,1081.0,4059.0,3255.0,2929.0,3186.0,2364.0,2616.0,2470.0,1641.0,0.0,808.0,747.0
2015-04-30,1789.0,1759.0,2938.0,1356.0,1327.0,1641.0,1923.0,2801.0,2086.0,851.0,2162.0,0.0,1085.0,1320.0,1353.0,794.0,1092.0,1273.0,1156.0,1286.0,0.0,0.0,968.0,2241.0,1088.0,459.0,1205.0,940.0,698.0,557.0,1419.0,587.0,1026.0,2511.0,707.0,1268.0,1668.0,1556.0,1410.0,1382.0,938.0,0.0,1277.0,4132.0,3308.0,3156.0,3718.0,2791.0,2810.0,2622.0,1518.0,0.0,812.0,800.0
2015-05-01,476.0,1891.0,3367.0,1547.0,1518.0,2029.0,1705.0,2445.0,2440.0,956.0,2559.0,0.0,1247.0,1197.0,1121.0,968.0,1461.0,1130.0,1265.0,2196.0,0.0,0.0,996.0,2189.0,2156.0,762.0,1926.0,1520.0,1193.0,648.0,1581.0,722.0,989.0,2637.0,988.0,1528.0,1513.0,2208.0,1526.0,1133.0,1260.0,0.0,1373.0,5054.0,4558.0,4673.0,4614.0,4300.0,3443.0,3545.0,2016.0,0.0,1067.0,931.0
2015-05-02,1221.0,2109.0,3730.0,1564.0,1660.0,2077.0,1778.0,2696.0,2628.0,1249.0,3013.0,0.0,1605.0,1877.0,1408.0,1064.0,1516.0,1253.0,2055.0,2017.0,0.0,0.0,1087.0,2322.0,1908.0,581.0,1615.0,1274.0,1098.0,679.0,1574.0,688.0,1231.0,2309.0,962.0,1522.0,1682.0,2311.0,1779.0,1456.0,1311.0,0.0,1540.0,5400.0,4653.0,5095.0,4856.0,4230.0,3494.0,3692.0,1816.0,0.0,1039.0,992.0
2015-05-03,477.0,1940.0,3440.0,1723.0,1486.0,2142.0,1374.0,2615.0,2511.0,983.0,3100.0,0.0,1321.0,1069.0,1102.0,1092.0,1549.0,1282.0,1303.0,2249.0,0.0,0.0,1012.0,1976.0,794.0,648.0,1819.0,1456.0,1275.0,622.0,1849.0,751.0,1257.0,2386.0,730.0,1335.0,1182.0,2395.0,1511.0,1419.0,1357.0,0.0,1490.0,5175.0,4574.0,4843.0,4857.0,4432.0,3323.0,3195.0,1894.0,0.0,1049.0,1254.0
2015-05-04,1810.0,1944.0,3127.0,1372.0,1526.0,1732.0,1776.0,2782.0,2195.0,962.0,2300.0,0.0,1173.0,1577.0,1553.0,936.0,1332.0,1404.0,1315.0,1369.0,0.0,0.0,1051.0,2510.0,688.0,589.0,1374.0,1161.0,1063.0,714.0,1441.0,649.0,1147.0,2389.0,748.0,1209.0,1603.0,1702.0,1388.0,1647.0,1079.0,0.0,1434.0,4044.0,3670.0,3388.0,3763.0,2877.0,2845.0,2427.0,1695.0,0.0,778.0,940.0
2015-05-05,1819.0,1807.0,2968.0,1373.0,1517.0,1602.0,1802.0,2690.0,2195.0,1094.0,2442.0,0.0,1302.0,1492.0,1592.0,989.0,1381.0,1416.0,1243.0,1550.0,0.0,0.0,1036.0,2430.0,643.0,640.0,1376.0,1291.0,1132.0,739.0,1515.0,679.0,1113.0,2226.0,842.0,1220.0,1664.0,1512.0,1486.0,1660.0,1041.0,0.0,1322.0,4021.0,3353.0,3174.0,3501.0,2673.0,2622.0,2346.0,1614.0,0.0,705.0,879.0
2015-05-06,1973.0,2108.0,3197.0,1495.0,1551.0,1844.0,1981.0,2806.0,1979.0,965.0,2546.0,0.0,1179.0,1404.0,1483.0,832.0,1267.0,1296.0,1232.0,1492.0,0.0,0.0,1017.0,2572.0,770.0,536.0,1551.0,1074.0,927.0,658.0,1372.0,619.0,956.0,2074.0,599.0,1119.0,1768.0,1655.0,1200.0,1455.0,1073.0,0.0,1308.0,4439.0,3458.0,3290.0,3717.0,2732.0,2779.0,2484.0,1897.0,0.0,867.0,794.0
2015-05-07,1837.0,1885.0,3015.0,1377.0,1434.0,1574.0,1802.0,2611.0,2118.0,977.0,2387.0,0.0,1208.0,1521.0,1438.0,891.0,1215.0,1396.0,1162.0,1543.0,0.0,0.0,997.0,2304.0,674.0,509.0,1413.0,1096.0,937.0,739.0,1420.0,637.0,1047.0,2173.0,650.0,1195.0,1651.0,1496.0,1368.0,1425.0,1022.0,0.0,1342.0,4272.0,3348.0,3083.0,3452.0,2618.0,2652.0,2444.0,1638.0,0.0,662.0,782.0
2015-05-08,2087.0,1946.0,3361.0,1563.0,1641.0,1817.0,1977.0,3063.0,1848.0,933.0,2238.0,0.0,1179.0,1338.0,1370.0,895.0,1072.0,1271.0,1229.0,1333.0,0.0,0.0,1128.0,2650.0,830.0,596.0,1407.0,982.0,915.0,640.0,1397.0,661.0,876.0,2537.0,555.0,1106.0,1855.0,1714.0,1354.0,1340.0,1129.0,0.0,1333.0,4812.0,3983.0,3466.0,3736.0,2893.0,3252.0,2904.0,1993.0,0.0,879.0,808.0
2015-05-09,1532.0,2438.0,4616.0,2031.0,1986.0,2590.0,2124.0,3473.0,2733.0,1336.0,2952.0,0.0,1741.0,1992.0,1537.0,1189.0,1556.0,1420.0,2192.0,2099.0,0.0,0.0,1269.0,2919.0,1007.0,790.0,1981.0,1451.0,1284.0,806.0,1808.0,803.0,1261.0,3023.0,731.0,1381.0,2140.0,2726.0,2050.0,1690.0,1661.0,0.0,1574.0,6839.0,5327.0,5480.0,5452.0,4661.0,4411.0,4434.0,2655.0,0.0,1305.0,1160.0
2015-05-10,597.0,2127.0,3430.0,1817.0,1775.0,2293.0,1607.0,2422.0,2539.0,1143.0,2899.0,0.0,1354.0,1153.0,1267.0,1241.0,1591.0,1224.0,1384.0,2165.0,0.0,0.0,1133.0,1800.0,714.0,773.0,1913.0,1451.0,1322.0,690.0,2026.0,730.0,1293.0,2190.0,757.0,1417.0,1465.0,2698.0,1583.0,1405.0,1507.0,0.0,1477.0,4526.0,4256.0,4687.0,4503.0,4460.0,3141.0,3472.0,1986.0,0.0,1197.0,1269.0
2015-05-11,1917.0,1877.0,3096.0,1442.0,1579.0,1745.0,1831.0,2707.0,2134.0,997.0,2159.0,0.0,1146.0,1489.0,1473.0,987.0,1383.0,1328.0,1324.0,1442.0,0.0,0.0,978.0,2336.0,622.0,517.0,1354.0,1167.0,974.0,736.0,1421.0,637.0,1129.0,2249.0,662.0,1155.0,1497.0,1572.0,1297.0,1653.0,1059.0,0.0,1409.0,4008.0,3367.0,3207.0,3503.0,2548.0,2513.0,2341.0,1732.0,0.0,770.0,945.0
2015-05-12,1849.0,1745.0,2923.0,1391.0,1438.0,1653.0,1702.0,2504.0,1942.0,999.0,2173.0,0.0,1184.0,1371.0,1525.0,1010.0,1274.0,1435.0,1181.0,1400.0,0.0,0.0,995.0,2236.0,589.0,441.0,1339.0,1200.0,1041.0,729.0,1368.0,584.0,1084.0,2065.0,662.0,1225.0,1577.0,1400.0,1343.0,1512.0,876.0,0.0,1315.0,3721.0,3016.0,2962.0,3283.0,2372.0,2425.0,2290.0,1488.0,0.0,714.0,856.0
2015-05-13,1910.0,1942.0,2943.0,1463.0,1334.0,1651.0,1755.0,2683.0,1803.0,847.0,1911.0,0.0,1048.0,1231.0,1344.0,842.0,1296.0,1314.0,1211.0,1345.0,0.0,0.0,1000.0,2268.0,680.0,437.0,1286.0,863.0,776.0,657.0,1168.0,444.0,945.0,1935.0,532.0,970.0,1627.0,1610.0,1285.0,1341.0,983.0,0.0,1063.0,3907.0,3137.0,3052.0,3414.0,2338.0,2538.0,2211.0,1716.0,0.0,731.0,768.0
2015-05-14,1764.0,1694.0,2651.0,1320.0,1230.0,1504.0,1749.0,2458.0,1890.0,817.0,2053.0,0.0,1084.0,1341.0,1372.0,765.0,1121.0,1255.0,1064.0,1356.0,0.0,0.0,1011.0,2204.0,676.0,367.0,1086.0,889.0,778.0,685.0,1262.0,590.0,934.0,1925.0,643.0,1080.0,1510.0,1438.0,1334.0,1317.0,911.0,0.0,1210.0,3674.0,2862.0,2791.0,3020.0,2296.0,2321.0,1936.0,1487.0,0.0,657.0,661.0
2015-05-15,1785.0,1962.0,3167.0,1444.0,1444.0,1673.0,1940.0,2825.0,1813.0,813.0,1975.0,0.0,1028.0,1206.0,1287.0,813.0,1121.0,1253.0,1143.0,1384.0,0.0,0.0,1082.0,2558.0,876.0,527.0,1481.0,1009.0,888.0,692.0,1287.0,598.0,918.0,2296.0,598.0,1054.0,1692.0,1700.0,1317.0,1340.0,937.0,0.0,1194.0,4129.0,3599.0,3284.0,3493.0,2645.0,2920.0,2496.0,1833.0,0.0,785.0,803.0
2015-05-16,1285.0,2054.0,3712.0,1656.0,1536.0,2144.0,1851.0,2934.0,2507.0,1179.0,2549.0,0.0,1556.0,1740.0,1390.0,1024.0,1581.0,1312.0,1886.0,2133.0,0.0,0.0,1039.0,2522.0,1050.0,711.0,1857.0,1381.0,1205.0,740.0,1542.0,728.0,1105.0,2596.0,874.0,1263.0,1701.0,2243.0,1848.0,1656.0,1216.0,0.0,1418.0,5466.0,4483.0,4983.0,4792.0,3916.0,3426.0,3329.0,1985.0,0.0,1042.0,969.0
2015-05-17,500.0,2043.0,3687.0,1807.0,1508.0,2230.0,1492.0,2862.0,2531.0,1037.0,2687.0,0.0,1256.0,1173.0,1154.0,1170.0,1634.0,1355.0,1241.0,2331.0,0.0,0.0,1083.0,2079.0,764.0,777.0,1918.0,1724.0,1413.0,722.0,1817.0,716.0,1262.0,2329.0,812.0,1289.0,1397.0,2429.0,1634.0,1517.0,1424.0,0.0,1523.0,5189.0,4607.0,4886.0,4891.0,4474.0,3363.0,3217.0,2125.0,0.0,1122.0,1320.0
2015-05-18,1884.0,1821.0,3078.0,1391.0,1469.0,1704.0,1746.0,2643.0,2088.0,1018.0,2109.0,0.0,1215.0,1485.0,1506.0,954.0,1382.0,1411.0,1168.0,1340.0,0.0,0.0,982.0,2454.0,639.0,560.0,1398.0,1116.0,1011.0,676.0,1422.0,601.0,1089.0,2233.0,664.0,1106.0,1514.0,1527.0,1276.0,1631.0,990.0,0.0,1321.0,3924.0,3301.0,3352.0,3515.0,2643.0,2475.0,2353.0,1627.0,0.0,746.0,840.0
2015-05-19,1747.0,1778.0,2783.0,1350.0,1418.0,1654.0,1760.0,2482.0,1960.0,998.0,2136.0,0.0,1200.0,1351.0,1456.0,891.0,1303.0,1421.0,1130.0,1410.0,0.0,0.0,987.0,2246.0,648.0,524.0,1316.0,1185.0,995.0,745.0,1335.0,594.0,1048.0,2145.0,680.0,1206.0,1520.0,1383.0,1344.0,1483.0,929.0,0.0,1188.0,3752.0,3066.0,2931.0,3189.0,2537.0,2374.0,2173.0,1546.0,0.0,664.0,822.0
2015-05-20,1928.0,1950.0,3119.0,1488.0,1461.0,1673.0,1826.0,2789.0,1803.0,888.0,1927.0,0.0,1046.0,1348.0,1540.0,820.0,1202.0,1302.0,1212.0,1293.0,0.0,0.0,1093.0,2598.0,712.0,486.0,1454.0,976.0,927.0,684.0,1229.0,569.0,976.0,2031.0,595.0,1062.0,1716.0,1646.0,1200.0,1368.0,1044.0,0.0,1218.0,4031.0,3249.0,3290.0,3595.0,2474.0,2545.0,2301.0,1669.0,0.0,760.0,666.0
2015-05-21,1738.0,1834.0,2817.0,1332.0,1385.0,1526.0,1722.0,2509.0,1865.0,886.0,1994.0,0.0,1113.0,1288.0,1343.0,894.0,1192.0,1304.0,1094.0,1363.0,0.0,0.0,1045.0,2269.0,641.0,464.0,1229.0,967.0,841.0,734.0,1272.0,594.0,933.0,2049.0,587.0,1085.0,1548.0,1377.0,1330.0,1369.0,873.0,0.0,1204.0,3713.0,2951.0,2924.0,3117.0,2330.0,2434.0,2116.0,1376.0,0.0,700.0,758.0
2015-05-22,1878.0,1924.0,3117.0,1444.0,1411.0,1666.0,1984.0,2904.0,1709.0,797.0,1924.0,0.0,1047.0,1238.0,1376.0,820.0,1103.0,1195.0,1069.0,1192.0,0.0,0.0,1081.0,2465.0,860.0,491.0,1441.0,912.0,821.0,681.0,1157.0,522.0,889.0,2250.0,573.0,973.0,1643.0,1596.0,1227.0,1312.0,886.0,0.0,1193.0,4227.0,3445.0,3143.0,3634.0,2586.0,2771.0,2438.0,1757.0,0.0,806.0,729.0
2015-05-23,1264.0,2138.0,3511.0,1732.0,1568.0,2053.0,1690.0,2836.0,2347.0,1080.0,2546.0,0.0,1558.0,1682.0,1354.0,1045.0,1453.0,1338.0,1765.0,1805.0,0.0,0.0,987.0,2440.0,1047.0,654.0,1838.0,1339.0,1155.0,721.0,1559.0,684.0,1129.0,2323.0,795.0,1246.0,1711.0,2312.0,1745.0,1459.0,1242.0,0.0,1344.0,4864.0,4249.0,4634.0,4593.0,3852.0,3258.0,3374.0,2024.0,0.0,970.0,1038.0
2015-05-24,524.0,1987.0,3644.0,1798.0,1429.0,2264.0,1524.0,2610.0,2294.0,981.0,2474.0,0.0,1218.0,1093.0,1105.0,1161.0,1529.0,1409.0,1251.0,2316.0,0.0,0.0,986.0,1933.0,700.0,690.0,1909.0,1656.0,1361.0,694.0,1726.0,702.0,1211.0,2127.0,751.0,1277.0,1285.0,2309.0,1529.0,1392.0,1390.0,0.0,1375.0,4924.0,4488.0,4999.0,4614.0,4432.0,3279.0,3122.0,2038.0,0.0,1098.0,1208.0
2015-05-25,1853.0,1828.0,2861.0,1393.0,1456.0,1628.0,1760.0,2493.0,1836.0,953.0,2101.0,0.0,1146.0,1431.0,1521.0,934.0,1322.0,1292.0,1204.0,1360.0,0.0,0.0,967.0,2284.0,628.0,535.0,1401.0,1040.0,941.0,668.0,1329.0,561.0,1089.0,2179.0,673.0,1072.0,1489.0,1518.0,1287.0,1581.0,981.0,0.0,1328.0,3810.0,3149.0,3127.0,3340.0,2563.0,2478.0,2206.0,1687.0,0.0,744.0,929.0
2015-05-26,1778.0,1820.0,2737.0,1316.0,1334.0,1548.0,1697.0,2452.0,1803.0,963.0,2018.0,0.0,1109.0,1356.0,1450.0,875.0,1302.0,1353.0,1147.0,1340.0,0.0,0.0,1010.0,2236.0,573.0,447.0,1331.0,1086.0,992.0,697.0,1284.0,569.0,1097.0,2050.0,659.0,1125.0,1541.0,1393.0,1273.0,1421.0,901.0,0.0,1144.0,3599.0,2962.0,2732.0,3027.0,2348.0,2311.0,2092.0,1420.0,0.0,626.0,753.0
2015-05-27,1897.0,1922.0,2947.0,1472.0,1397.0,1721.0,1865.0,2730.0,1696.0,828.0,2006.0,0.0,1060.0,1301.0,1328.0,847.0,1181.0,1242.0,1118.0,1366.0,0.0,0.0,1039.0,2411.0,684.0,481.0,1464.0,1070.0,854.0,703.0,1029.0,520.0,943.0,1826.0,549.0,965.0,1708.0,1567.0,1169.0,1313.0,953.0,0.0,1098.0,4120.0,3063.0,3009.0,3276.0,2327.0,2660.0,2229.0,1729.0,0.0,758.0,723.0
2015-05-28,1737.0,1740.0,2738.0,1316.0,1287.0,1507.0,1708.0,2602.0,1804.0,849.0,2041.0,0.0,1028.0,1323.0,1397.0,869.0,1142.0,1296.0,1126.0,1287.0,0.0,0.0,937.0,2257.0,650.0,425.0,1374.0,1034.0,929.0,718.0,1373.0,620.0,1015.0,1975.0,606.0,1076.0,1506.0,1335.0,1181.0,1363.0,879.0,0.0,1168.0,3614.0,2853.0,2935.0,2964.0,2204.0,2383.0,2079.0,1463.0,0.0,717.0,741.0
2015-05-29,1932.0,1875.0,3118.0,1432.0,1510.0,1673.0,1962.0,2797.0,1789.0,814.0,2075.0,2363.0,859.0,1349.0,1351.0,843.0,1092.0,1288.0,1142.0,1269.0,0.0,0.0,1187.0,2673.0,893.0,564.0,1356.0,1024.0,895.0,692.0,1300.0,617.0,897.0,2416.0,574.0,1062.0,1652.0,1630.0,1211.0,1401.0,956.0,0.0,1241.0,4238.0,3568.0,3372.0,3488.0,2705.0,2900.0,2516.0,1850.0,0.0,898.0,772.0
2015-05-30,1334.0,2206.0,3871.0,1675.0,1671.0,2078.0,1819.0,2939.0,2522.0,1256.0,2660.0,1841.0,1233.0,1882.0,1421.0,1057.0,1548.0,1380.0,1967.0,2086.0,0.0,0.0,1100.0,2563.0,1139.0,691.0,1866.0,1418.0,1233.0,771.0,1767.0,748.0,1284.0,2613.0,880.0,1378.0,1644.0,2527.0,1692.0,1752.0,1278.0,0.0,1567.0,5186.0,4507.0,5018.0,4673.0,4278.0,3264.0,3163.0,2150.0,0.0,1060.0,1072.0
2015-05-31,505.0,2193.0,3760.0,1797.0,1792.0,2302.0,1574.0,2856.0,2755.0,1144.0,3134.0,1840.0,1024.0,1229.0,1232.0,1362.0,1757.0,1498.0,1387.0,2700.0,0.0,0.0,1123.0,2212.0,796.0,939.0,2091.0,2062.0,1710.0,735.0,2202.0,843.0,1465.0,2473.0,974.0,1516.0,1443.0,2624.0,1769.0,1631.0,1600.0,0.0,1955.0,5434.0,4868.0,5435.0,4938.0,5129.0,3640.0,3334.0,2225.0,0.0,1473.0,1577.0
2015-06-01,1861.0,1956.0,3325.0,1515.0,1688.0,1878.0,1835.0,2861.0,2549.0,1179.0,2709.0,1664.0,1105.0,1593.0,1661.0,1146.0,1471.0,1565.0,1446.0,1706.0,0.0,0.0,1111.0,2433.0,641.0,709.0,1341.0,1257.0,976.0,732.0,1508.0,674.0,1212.0,2290.0,708.0,1277.0,1613.0,1847.0,1469.0,1720.0,1113.0,0.0,1540.0,4340.0,3792.0,3958.0,4098.0,3425.0,2963.0,2738.0,1607.0,0.0,869.0,1058.0
2015-06-02,1852.0,1902.0,3015.0,1400.0,1549.0,1764.0,1766.0,2651.0,2199.0,1146.0,2477.0,1501.0,1001.0,1495.0,1623.0,1038.0,1432.0,1480.0,1271.0,1571.0,0.0,0.0,1070.0,2418.0,637.0,573.0,1343.0,1247.0,1109.0,782.0,1530.0,607.0,1220.0,2168.0,809.0,1313.0,1573.0,1578.0,1400.0,1633.0,995.0,0.0,1452.0,4031.0,3423.0,3500.0,3631.0,2778.0,2626.0,2003.0,1591.0,0.0,723.0,864.0
2015-06-03,1964.0,1920.0,3255.0,1539.0,1596.0,1770.0,1949.0,2855.0,2119.0,967.0,2295.0,1427.0,887.0,1367.0,1416.0,901.0,1254.0,1358.0,1301.0,1411.0,0.0,0.0,1076.0,2493.0,721.0,539.0,1444.0,945.0,881.0,698.0,1189.0,563.0,1025.0,1924.0,619.0,1071.0,1651.0,1667.0,1336.0,1395.0,1060.0,0.0,1312.0,4260.0,3448.0,3423.0,3681.0,2763.0,2792.0,1912.0,1836.0,0.0,850.0,791.0
2015-06-04,1871.0,1937.0,2875.0,1339.0,1406.0,1556.0,1774.0,2647.0,2124.0,960.0,2262.0,1356.0,898.0,1424.0,1437.0,933.0,1257.0,1399.0,1114.0,1472.0,0.0,0.0,978.0,2315.0,640.0,477.0,1351.0,1134.0,973.0,711.0,1406.0,605.0,1020.0,2040.0,696.0,1128.0,1531.0,1393.0,1296.0,1478.0,987.0,0.0,1288.0,3754.0,3073.0,3181.0,3350.0,2717.0,2479.0,2595.0,1469.0,0.0,704.0,778.0
2015-06-05,1921.0,1983.0,3164.0,1508.0,1508.0,1793.0,1928.0,2956.0,1820.0,887.0,2357.0,1230.0,967.0,1311.0,1364.0,858.0,1145.0,1246.0,1172.0,1368.0,0.0,0.0,1054.0,2635.0,842.0,557.0,1424.0,969.0,869.0,689.0,1305.0,535.0,833.0,2296.0,600.0,997.0,1623.0,1661.0,1251.0,1407.0,992.0,0.0,1260.0,4268.0,3711.0,3501.0,3776.0,2824.0,2997.0,2823.0,1849.0,0.0,852.0,785.0
2015-06-06,1397.0,2216.0,3675.0,1694.0,1569.0,2220.0,1833.0,2878.0,2648.0,1212.0,2659.0,1463.0,1430.0,1798.0,1393.0,1047.0,1512.0,1362.0,1845.0,2030.0,0.0,0.0,1076.0,2422.0,1035.0,619.0,1849.0,1340.0,1115.0,681.0,1614.0,642.0,1156.0,2362.0,728.0,1275.0,1684.0,2289.0,1731.0,1535.0,1170.0,0.0,1427.0,5035.0,4343.0,4722.0,4726.0,4024.0,3338.0,3671.0,2029.0,0.0,1054.0,1011.0
2015-06-07,475.0,2048.0,3785.0,1754.0,1534.0,2207.0,1614.0,2652.0,2435.0,1090.0,2839.0,1541.0,1113.0,1140.0,1155.0,1202.0,1528.0,1388.0,1263.0,2463.0,0.0,0.0,1011.0,1880.0,756.0,634.0,1875.0,1603.0,1302.0,730.0,1841.0,703.0,1278.0,2327.0,741.0,1361.0,1350.0,2554.0,1689.0,1514.0,1493.0,0.0,1593.0,4717.0,4646.0,5088.0,4882.0,4520.0,3248.0,3624.0,2103.0,0.0,1174.0,1267.0
2015-06-08,1821.0,1819.0,2939.0,1380.0,1570.0,1699.0,1774.0,2647.0,2042.0,1034.0,2130.0,1377.0,961.0,1539.0,1453.0,886.0,1360.0,1261.0,1297.0,1468.0,0.0,0.0,935.0,2428.0,658.0,546.0,1373.0,1135.0,974.0,689.0,1374.0,606.0,1113.0,2114.0,673.0,1081.0,1413.0,1546.0,1268.0,1546.0,982.0,0.0,1477.0,3758.0,3315.0,3202.0,3515.0,2575.0,2525.0,2628.0,1586.0,0.0,740.0,874.0
2015-06-09,1773.0,1776.0,2788.0,1354.0,1488.0,1577.0,1708.0,2541.0,1975.0,1087.0,2196.0,1289.0,849.0,1406.0,1456.0,985.0,1309.0,1353.0,1160.0,1373.0,0.0,0.0,962.0,2312.0,617.0,469.0,1350.0,1165.0,973.0,736.0,1355.0,590.0,1056.0,2103.0,674.0,1162.0,1493.0,1399.0,1375.0,1523.0,936.0,0.0,1297.0,3841.0,3047.0,3031.0,3269.0,2426.0,2377.0,2390.0,1484.0,0.0,669.0,877.0
2015-06-10,1852.0,1935.0,2922.0,1494.0,1524.0,1667.0,1797.0,2588.0,1859.0,805.0,1960.0,1260.0,799.0,1313.0,1302.0,884.0,1114.0,1244.0,1186.0,1227.0,0.0,0.0,953.0,2461.0,707.0,450.0,1465.0,964.0,938.0,660.0,1118.0,534.0,981.0,1882.0,572.0,937.0,1592.0,1586.0,1165.0,1376.0,967.0,0.0,1193.0,4089.0,3126.0,3132.0,3500.0,2466.0,2586.0,2317.0,1724.0,0.0,841.0,761.0
2015-06-11,1789.0,1905.0,2759.0,1327.0,1363.0,1545.0,1801.0,2473.0,1790.0,934.0,2031.0,1199.0,841.0,1336.0,1362.0,865.0,1176.0,1349.0,1107.0,1309.0,0.0,0.0,945.0,2273.0,675.0,416.0,1306.0,954.0,839.0,674.0,1310.0,541.0,916.0,1852.0,631.0,1058.0,1512.0,1382.0,1263.0,1299.0,789.0,0.0,1144.0,3393.0,2804.0,2831.0,2955.0,2467.0,2345.0,2014.0,1471.0,0.0,700.0,703.0
2015-06-12,1849.0,1999.0,3183.0,1434.0,1490.0,1679.0,1943.0,2720.0,1685.0,790.0,1909.0,1189.0,828.0,1181.0,1313.0,792.0,1089.0,1198.0,1013.0,1373.0,0.0,0.0,987.0,2572.0,854.0,496.0,1337.0,920.0,826.0,590.0,1181.0,486.0,879.0,2195.0,532.0,968.0,1716.0,1625.0,1299.0,1302.0,923.0,0.0,1157.0,4206.0,3631.0,3269.0,3535.0,2603.0,2861.0,2499.0,1705.0,0.0,783.0,738.0
2015-06-13,1282.0,2050.0,3635.0,1584.0,1529.0,2050.0,1765.0,2922.0,2237.0,1135.0,2441.0,1400.0,1158.0,1656.0,1385.0,942.0,1434.0,1266.0,1822.0,1896.0,0.0,0.0,1033.0,2473.0,1067.0,559.0,1803.0,1258.0,1092.0,695.0,1541.0,695.0,1052.0,2440.0,851.0,1212.0,1651.0,2441.0,1690.0,1437.0,1187.0,0.0,1365.0,4959.0,4210.0,4562.0,4383.0,3662.0,3129.0,3658.0,1929.0,0.0,993.0,967.0
2015-06-14,524.0,1998.0,3586.0,1723.0,1412.0,2209.0,1520.0,2724.0,2322.0,884.0,2502.0,1324.0,904.0,993.0,1103.0,1181.0,1411.0,1330.0,1216.0,2133.0,0.0,0.0,927.0,1961.0,722.0,632.0,1992.0,1617.0,1262.0,699.0,1654.0,719.0,1317.0,2121.0,760.0,1263.0,1283.0,2366.0,1583.0,1344.0,1312.0,0.0,1563.0,4913.0,4275.0,4636.0,4572.0,4221.0,3181.0,3246.0,1956.0,0.0,1143.0,1213.0
2015-06-15,1800.0,1838.0,2887.0,1409.0,1502.0,1620.0,1784.0,2608.0,2122.0,1002.0,2107.0,1195.0,951.0,1465.0,1445.0,958.0,1365.0,1324.0,1205.0,1534.0,0.0,0.0,982.0,2384.0,621.0,554.0,1455.0,1121.0,925.0,719.0,1265.0,604.0,1095.0,2006.0,635.0,1110.0,1458.0,1410.0,1279.0,1504.0,922.0,0.0,1353.0,3757.0,3244.0,3082.0,3324.0,2469.0,2608.0,2288.0,1520.0,0.0,743.0,865.0
2015-06-16,1835.0,1906.0,2819.0,1360.0,1394.0,1652.0,1793.0,2784.0,2030.0,1093.0,2175.0,1265.0,919.0,1365.0,1440.0,983.0,1345.0,1530.0,1217.0,1426.0,0.0,0.0,1002.0,2474.0,622.0,618.0,1377.0,1265.0,1087.0,745.0,1392.0,630.0,1101.0,2115.0,780.0,1221.0,1444.0,1414.0,1359.0,1643.0,1065.0,0.0,1255.0,3826.0,3143.0,3104.0,3379.0,2556.0,2545.0,2272.0,1570.0,0.0,765.0,848.0
2015-06-17,1888.0,1927.0,3119.0,1488.0,1485.0,1620.0,1862.0,2922.0,1959.0,920.0,2012.0,1209.0,855.0,1315.0,1388.0,826.0,1225.0,1291.0,1193.0,1233.0,0.0,0.0,967.0,2682.0,722.0,584.0,1404.0,1033.0,923.0,685.0,1244.0,577.0,883.0,1988.0,574.0,1004.0,1712.0,1609.0,1260.0,1396.0,1089.0,0.0,1162.0,4219.0,3265.0,3145.0,3522.0,2553.0,2720.0,2312.0,1801.0,0.0,805.0,696.0
2015-06-18,1831.0,1769.0,2876.0,1364.0,1450.0,1550.0,1769.0,2612.0,1914.0,879.0,2097.0,1259.0,853.0,1329.0,1368.0,826.0,1165.0,1303.0,1109.0,1412.0,0.0,0.0,938.0,2383.0,652.0,423.0,1310.0,1052.0,925.0,714.0,1407.0,598.0,1010.0,1907.0,668.0,1063.0,1576.0,1462.0,1252.0,1325.0,898.0,0.0,1175.0,3730.0,3014.0,2989.0,3304.0,2512.0,2656.0,2180.0,1589.0,0.0,724.0,731.0
2015-06-19,1872.0,2063.0,3397.0,1543.0,1456.0,1732.0,1929.0,2999.0,1763.0,855.0,2114.0,1181.0,875.0,1297.0,1340.0,749.0,1183.0,1243.0,1134.0,1235.0,0.0,0.0,1171.0,2715.0,842.0,499.0,1406.0,940.0,793.0,646.0,1244.0,543.0,881.0,2328.0,560.0,1022.0,1808.0,1577.0,1299.0,1270.0,1028.0,0.0,1235.0,4585.0,3915.0,3448.0,3986.0,2689.0,3185.0,2603.0,1947.0,0.0,851.0,739.0
2015-06-20,1391.0,2360.0,4269.0,1918.0,1788.0,2326.0,1991.0,3137.0,2450.0,1312.0,2569.0,1397.0,1279.0,1841.0,1394.0,1134.0,1581.0,1345.0,1959.0,1943.0,0.0,0.0,1232.0,2846.0,977.0,598.0,1788.0,1272.0,1124.0,801.0,1699.0,700.0,1308.0,2714.0,802.0,1245.0,1994.0,2433.0,1919.0,1576.0,1405.0,0.0,1468.0,5857.0,5077.0,5405.0,5209.0,4578.0,4259.0,3884.0,2583.0,0.0,1206.0,1019.0
2015-06-21,518.0,2057.0,3363.0,1825.0,1539.0,2217.0,1612.0,2297.0,2185.0,961.0,2665.0,1274.0,931.0,1122.0,1112.0,1178.0,1506.0,1205.0,1391.0,2141.0,0.0,0.0,1058.0,1845.0,737.0,648.0,1929.0,1483.0,1271.0,779.0,1775.0,764.0,1176.0,2107.0,763.0,1328.0,1303.0,2401.0,1684.0,1235.0,1309.0,0.0,1406.0,4483.0,4044.0,4616.0,4314.0,4066.0,3030.0,3128.0,1945.0,0.0,1132.0,1219.0
2015-06-22,1824.0,1856.0,2982.0,1527.0,1482.0,1757.0,1706.0,2677.0,1952.0,951.0,2156.0,1302.0,945.0,1463.0,1577.0,973.0,1357.0,1353.0,1288.0,1376.0,0.0,0.0,984.0,2380.0,655.0,513.0,1454.0,1096.0,963.0,719.0,1357.0,590.0,1146.0,2168.0,646.0,1087.0,1565.0,1562.0,1421.0,1592.0,1007.0,0.0,1408.0,3970.0,3323.0,3299.0,3483.0,2693.0,2567.0,2273.0,1665.0,0.0,755.0,910.0
2015-06-23,1792.0,1846.0,2890.0,1483.0,1398.0,1683.0,1722.0,2550.0,1985.0,997.0,2152.0,1225.0,950.0,1376.0,1501.0,850.0,1333.0,1403.0,1147.0,1412.0,0.0,0.0,1009.0,2285.0,656.0,483.0,1317.0,1214.0,1075.0,744.0,1428.0,652.0,1106.0,1964.0,764.0,1191.0,1479.0,1350.0,1317.0,1548.0,935.0,0.0,1265.0,3818.0,3048.0,3039.0,3343.0,2512.0,2447.0,2149.0,1495.0,0.0,742.0,788.0
2015-06-24,1792.0,1977.0,3011.0,1548.0,1408.0,1750.0,1843.0,2671.0,1737.0,890.0,1889.0,1146.0,835.0,1313.0,1437.0,870.0,1168.0,1286.0,1133.0,1319.0,0.0,0.0,1037.0,2453.0,664.0,478.0,1406.0,988.0,879.0,673.0,1173.0,550.0,948.0,1811.0,595.0,926.0,1643.0,1509.0,1183.0,1288.0,985.0,0.0,1153.0,4222.0,3206.0,3070.0,765.0,2449.0,2561.0,2141.0,1757.0,0.0,804.0,639.0
2015-06-25,1708.0,1791.0,2838.0,1294.0,1248.0,1577.0,1670.0,2397.0,1755.0,859.0,1916.0,1179.0,808.0,1306.0,1353.0,863.0,1190.0,1271.0,1036.0,1399.0,0.0,0.0,899.0,2078.0,640.0,457.0,1262.0,1008.0,883.0,690.0,1322.0,594.0,899.0,1881.0,647.0,973.0,1509.0,1333.0,1239.0,1247.0,909.0,0.0,1064.0,3387.0,2895.0,2834.0,3038.0,2269.0,2401.0,2005.0,1458.0,0.0,734.0,648.0
2015-06-26,1829.0,2007.0,3181.0,1584.0,1311.0,1695.0,1867.0,2827.0,1690.0,787.0,2049.0,1103.0,868.0,1191.0,1375.0,805.0,1199.0,1204.0,1151.0,1265.0,0.0,0.0,1050.0,2478.0,840.0,463.0,1268.0,890.0,799.0,657.0,1260.0,549.0,872.0,2102.0,519.0,961.0,1622.0,1496.0,1232.0,1230.0,790.0,0.0,1096.0,4025.0,3483.0,3076.0,3397.0,2543.0,2862.0,2328.0,1772.0,0.0,787.0,730.0
2015-06-27,1301.0,1979.0,3474.0,1609.0,1566.0,1990.0,1741.0,2704.0,2129.0,1088.0,2245.0,1335.0,1156.0,1555.0,1293.0,922.0,1525.0,1224.0,1680.0,1794.0,0.0,0.0,1090.0,2452.0,1104.0,566.0,1821.0,1243.0,1041.0,749.0,1547.0,652.0,1139.0,2259.0,770.0,1130.0,1518.0,2133.0,1551.0,1393.0,1120.0,0.0,1319.0,4944.0,4208.0,4297.0,4469.0,3465.0,3007.0,2964.0,1862.0,0.0,963.0,966.0
2015-06-28,539.0,1943.0,3604.0,1761.0,1179.0,2152.0,1484.0,2633.0,2265.0,936.0,2366.0,1294.0,958.0,1016.0,1044.0,1064.0,1530.0,1378.0,1138.0,2296.0,0.0,0.0,972.0,1921.0,718.0,593.0,1967.0,1633.0,1333.0,689.0,1740.0,698.0,1162.0,2042.0,819.0,1217.0,1366.0,2170.0,1555.0,1318.0,1419.0,0.0,1511.0,5182.0,4395.0,4744.0,4711.0,4205.0,3238.0,3085.0,2010.0,0.0,1078.0,1099.0
2015-06-29,1838.0,1816.0,2951.0,1336.0,1403.0,1609.0,1813.0,2660.0,1799.0,957.0,1872.0,1179.0,902.0,1438.0,1482.0,925.0,1355.0,1321.0,1176.0,1313.0,0.0,0.0,935.0,2376.0,590.0,468.0,1374.0,982.0,903.0,660.0,1354.0,554.0,977.0,2000.0,654.0,1037.0,1502.0,1407.0,1232.0,1467.0,883.0,0.0,1287.0,3736.0,3054.0,2990.0,3354.0,2361.0,2497.0,2075.0,1564.0,0.0,683.0,845.0
2015-06-30,1881.0,1811.0,2863.0,1338.0,1393.0,1679.0,1767.0,2614.0,2044.0,994.0,2255.0,1223.0,1004.0,1391.0,1502.0,926.0,1336.0,1376.0,1207.0,1398.0,0.0,0.0,981.0,2479.0,651.0,545.0,1355.0,1226.0,1053.0,742.0,1405.0,632.0,1152.0,2119.0,731.0,1254.0,1490.0,1530.0,1385.0,1559.0,921.0,0.0,1376.0,3706.0,3081.0,3035.0,3343.0,2589.0,2475.0,2404.0,1510.0,0.0,685.0,848.0
2015-07-01,1947.0,2112.0,3486.0,1600.0,1517.0,1888.0,2037.0,2913.0,2261.0,1041.0,2414.0,1274.0,946.0,1424.0,1486.0,923.0,1357.0,1402.0,1343.0,1657.0,0.0,0.0,1083.0,2705.0,811.0,722.0,1568.0,1182.0,1025.0,755.0,1466.0,654.0,1090.0,2108.0,750.0,1222.0,1798.0,1855.0,1322.0,1547.0,1121.0,0.0,1350.0,4450.0,3621.0,3785.0,3975.0,3128.0,2978.0,2418.0,1876.0,0.0,950.0,774.0
2015-07-02,1846.0,2003.0,3169.0,1457.0,1357.0,1771.0,1747.0,2757.0,2358.0,1039.0,2434.0,1266.0,944.0,1454.0,1611.0,808.0,1283.0,1311.0,1257.0,1626.0,0.0,0.0,960.0,2467.0,685.0,583.0,1373.0,1179.0,1000.0,714.0,1508.0,641.0,1068.0,2157.0,724.0,1206.0,1636.0,1561.0,1427.0,1417.0,960.0,0.0,1335.0,3945.0,3281.0,3382.0,3829.0,3005.0,2806.0,2421.0,1604.0,0.0,748.0,742.0
2015-07-03,2012.0,2178.0,3611.0,1637.0,1197.0,1894.0,2059.0,3078.0,2132.0,984.0,2381.0,1220.0,1021.0,1353.0,1515.0,793.0,1275.0,1229.0,1270.0,1516.0,0.0,0.0,1100.0,2753.0,860.0,642.0,1398.0,1027.0,817.0,714.0,1319.0,579.0,949.0,2270.0,677.0,1066.0,1794.0,1723.0,1351.0,1401.0,949.0,0.0,1322.0,4727.0,3937.0,3750.0,4108.0,3153.0,3179.0,2563.0,1930.0,0.0,870.0,818.0
2015-07-04,1264.0,2341.0,3880.0,1779.0,1518.0,2246.0,1793.0,3051.0,2581.0,1239.0,2676.0,1358.0,1249.0,1730.0,1473.0,1032.0,1558.0,1396.0,1902.0,2075.0,0.0,0.0,1076.0,2554.0,1167.0,624.0,1872.0,1510.0,1193.0,772.0,1602.0,766.0,1234.0,2535.0,880.0,1303.0,1647.0,2317.0,1727.0,1580.0,1250.0,0.0,1573.0,5243.0,4314.0,5041.0,4699.0,4140.0,3526.0,3431.0,2240.0,0.0,1096.0,1063.0
2015-07-05,514.0,2156.0,3765.0,1794.0,1400.0,2034.0,1302.0,2482.0,2421.0,965.0,2500.0,1322.0,939.0,1065.0,996.0,1095.0,1396.0,1568.0,1189.0,2208.0,0.0,0.0,971.0,2042.0,1089.0,646.0,1937.0,1820.0,1407.0,752.0,1832.0,722.0,1191.0,2259.0,858.0,1203.0,1302.0,2290.0,1532.0,1304.0,1393.0,0.0,1488.0,3952.0,4247.0,4944.0,4841.0,4493.0,2677.0,3351.0,2435.0,0.0,999.0,1160.0
2015-07-06,1338.0,2154.0,3309.0,1298.0,1655.0,2152.0,1901.0,2131.0,2625.0,969.0,2501.0,1248.0,1033.0,1527.0,1536.0,1053.0,1481.0,843.0,1309.0,1688.0,0.0,0.0,1046.0,1365.0,857.0,514.0,1825.0,1143.0,1164.0,549.0,1567.0,586.0,1191.0,1559.0,743.0,1187.0,1488.0,1932.0,1453.0,1497.0,1163.0,0.0,1420.0,2968.0,4434.0,4159.0,4053.0,3656.0,3289.0,2664.0,989.0,0.0,997.0,938.0
2015-07-07,0.0,1185.0,2213.0,785.0,1404.0,1585.0,1280.0,1360.0,2070.0,906.0,2623.0,1249.0,1040.0,1367.0,1318.0,1021.0,1427.0,704.0,1168.0,1649.0,0.0,0.0,1006.0,2516.0,645.0,608.0,1416.0,1288.0,1152.0,739.0,1455.0,606.0,1207.0,2222.0,754.0,1217.0,1477.0,1563.0,1442.0,1577.0,921.0,0.0,1451.0,2510.0,3775.0,3379.0,3014.0,3526.0,2708.0,2939.0,1645.0,0.0,687.0,917.0
2015-07-08,2015.0,2067.0,3463.0,1545.0,1530.0,1763.0,1807.0,3086.0,2063.0,964.0,2279.0,1149.0,899.0,1299.0,1442.0,873.0,1316.0,1438.0,1192.0,1466.0,0.0,0.0,977.0,2542.0,748.0,530.0,1474.0,997.0,979.0,674.0,1261.0,589.0,920.0,2021.0,639.0,1022.0,1708.0,1618.0,1306.0,1416.0,1025.0,0.0,1285.0,4560.0,3572.0,3542.0,4058.0,2757.0,2612.0,2303.0,1743.0,0.0,820.0,762.0
2015-07-09,1983.0,1880.0,3121.0,1460.0,1498.0,1653.0,1830.0,2751.0,2107.0,938.0,2224.0,1189.0,871.0,1431.0,1448.0,891.0,1196.0,1403.0,1137.0,1531.0,0.0,0.0,957.0,2343.0,676.0,444.0,1235.0,973.0,921.0,664.0,1440.0,604.0,1027.0,1972.0,647.0,1059.0,1571.0,1467.0,1297.0,1293.0,888.0,0.0,1193.0,3858.0,3198.0,3199.0,3405.0,2628.0,2579.0,2208.0,1453.0,0.0,710.0,746.0
2015-07-10,1980.0,1966.0,3295.0,1503.0,1496.0,1763.0,1928.0,2928.0,1795.0,894.0,2195.0,1137.0,877.0,1284.0,1426.0,875.0,1122.0,1251.0,1174.0,1296.0,0.0,0.0,1068.0,2557.0,805.0,496.0,1353.0,945.0,876.0,641.0,1216.0,556.0,879.0,2130.0,616.0,971.0,1660.0,1723.0,1306.0,1291.0,979.0,0.0,1186.0,4299.0,3594.0,3368.0,3721.0,2748.0,2827.0,2437.0,1733.0,0.0,788.0,779.0
2015-07-11,1500.0,1931.0,3585.0,1547.0,1569.0,1929.0,1703.0,2962.0,2162.0,1066.0,2488.0,1280.0,1158.0,1584.0,1369.0,1051.0,1378.0,1251.0,1706.0,1640.0,0.0,0.0,1020.0,2415.0,973.0,512.0,1697.0,1226.0,1048.0,638.0,1506.0,644.0,1108.0,2380.0,746.0,1102.0,1668.0,1982.0,1624.0,1433.0,1161.0,0.0,1443.0,4979.0,3999.0,4225.0,4210.0,3459.0,3094.0,2919.0,1897.0,0.0,913.0,981.0
2015-07-12,492.0,1863.0,3504.0,1610.0,1526.0,2002.0,1460.0,2608.0,2048.0,926.0,2321.0,1101.0,794.0,949.0,1012.0,1150.0,1499.0,1306.0,1213.0,2060.0,0.0,0.0,995.0,1899.0,820.0,580.0,1908.0,1518.0,1261.0,634.0,1765.0,644.0,1205.0,2122.0,771.0,1242.0,1261.0,2336.0,1457.0,1309.0,1306.0,0.0,1441.0,4669.0,4298.0,4497.0,4388.0,4068.0,3128.0,2915.0,1913.0,0.0,1060.0,1150.0
2015-07-13,1930.0,1860.0,2973.0,1317.0,1506.0,1665.0,1736.0,2626.0,1980.0,906.0,2193.0,1164.0,915.0,1439.0,1467.0,965.0,1292.0,1298.0,1267.0,1393.0,0.0,0.0,989.0,2284.0,605.0,527.0,1386.0,979.0,882.0,751.0,1367.0,563.0,1058.0,2081.0,626.0,1139.0,1563.0,1604.0,1346.0,1541.0,955.0,0.0,1426.0,4067.0,3295.0,3123.0,3297.0,2673.0,2627.0,2354.0,1457.0,0.0,763.0,861.0
2015-07-14,1837.0,1749.0,2789.0,1276.0,1455.0,1507.0,1715.0,2526.0,1873.0,1010.0,2120.0,1175.0,955.0,1375.0,1408.0,908.0,1252.0,1356.0,1171.0,1344.0,0.0,0.0,952.0,2364.0,631.0,473.0,1258.0,1132.0,986.0,729.0,1448.0,575.0,1042.0,2049.0,647.0,1230.0,1482.0,1464.0,1394.0,1508.0,927.0,0.0,1236.0,3680.0,3053.0,2788.0,3045.0,2403.0,2361.0,2206.0,1492.0,0.0,681.0,761.0
2015-07-15,1925.0,1893.0,3060.0,1407.0,1479.0,1679.0,1730.0,2798.0,1874.0,885.0,2187.0,1171.0,819.0,1251.0,1393.0,827.0,1137.0,1265.0,1219.0,1309.0,0.0,0.0,953.0,2591.0,799.0,580.0,1479.0,1067.0,925.0,654.0,1139.0,560.0,989.0,1994.0,643.0,1029.0,1655.0,1641.0,1291.0,1378.0,959.0,0.0,1190.0,4219.0,3454.0,3184.0,3542.0,2812.0,2694.0,2245.0,1701.0,0.0,820.0,708.0
2015-07-16,1774.0,1745.0,2882.0,1278.0,1441.0,1619.0,1711.0,2560.0,2020.0,907.0,2224.0,1205.0,907.0,1235.0,1305.0,886.0,1170.0,1282.0,1137.0,1457.0,0.0,0.0,926.0,2468.0,687.0,512.0,1345.0,1055.0,896.0,668.0,1355.0,555.0,940.0,2089.0,772.0,1109.0,1552.0,1425.0,1321.0,1347.0,909.0,0.0,1248.0,3842.0,3071.0,3003.0,3375.0,2568.0,2460.0,2270.0,1530.0,0.0,762.0,678.0
2015-07-17,1830.0,1924.0,3220.0,1414.0,1474.0,1732.0,1835.0,2853.0,1842.0,842.0,2343.0,1120.0,884.0,1217.0,1352.0,799.0,1196.0,1265.0,1090.0,1307.0,0.0,0.0,1030.0,2691.0,951.0,569.0,1420.0,979.0,887.0,698.0,1316.0,564.0,909.0,2239.0,653.0,981.0,1813.0,1685.0,1380.0,1353.0,962.0,0.0,1266.0,4428.0,3595.0,3245.0,3679.0,2741.0,2883.0,2508.0,1799.0,0.0,815.0,822.0
2015-07-18,1156.0,2017.0,3657.0,1647.0,1568.0,2088.0,1655.0,2810.0,2310.0,1090.0,2349.0,1160.0,1171.0,1553.0,1263.0,1010.0,1453.0,1148.0,1764.0,1717.0,0.0,0.0,966.0,2367.0,1106.0,594.0,1763.0,1272.0,1145.0,717.0,1530.0,698.0,1172.0,2434.0,762.0,1252.0,1658.0,2226.0,1577.0,1465.0,1140.0,0.0,1436.0,4895.0,4260.0,4401.0,4362.0,3697.0,3143.0,2952.0,2047.0,0.0,938.0,902.0
2015-07-19,436.0,1861.0,3510.0,1544.0,1436.0,2103.0,1465.0,2559.0,2162.0,900.0,2128.0,1179.0,816.0,983.0,1018.0,1204.0,1395.0,1160.0,1195.0,1911.0,0.0,0.0,931.0,1949.0,814.0,650.0,1843.0,1504.0,1328.0,649.0,1815.0,658.0,1211.0,2135.0,773.0,1215.0,1317.0,2156.0,1501.0,1335.0,1357.0,0.0,1462.0,4882.0,4382.0,4402.0,4341.0,4077.0,3147.0,2811.0,1875.0,0.0,1054.0,1004.0
2015-07-20,1861.0,1798.0,2959.0,1399.0,1527.0,1715.0,1735.0,2623.0,2028.0,932.0,2256.0,1285.0,927.0,1562.0,1550.0,948.0,1346.0,1292.0,1327.0,1363.0,0.0,0.0,1089.0,2464.0,674.0,543.0,1358.0,1061.0,961.0,700.0,1407.0,596.0,1132.0,2132.0,652.0,1115.0,1639.0,1597.0,1433.0,1662.0,980.0,0.0,1382.0,3882.0,3607.0,3375.0,3678.0,2738.0,2600.0,2381.0,1568.0,0.0,777.0,926.0
2015-07-21,1734.0,1836.0,2801.0,1355.0,1410.0,1584.0,1624.0,2485.0,1909.0,1037.0,2393.0,1185.0,915.0,1350.0,1487.0,962.0,1288.0,1231.0,1237.0,1328.0,0.0,0.0,1030.0,2317.0,715.0,450.0,1286.0,1154.0,1038.0,748.0,1364.0,597.0,1065.0,1980.0,703.0,1166.0,1565.0,1434.0,1335.0,1632.0,961.0,0.0,1236.0,3703.0,3192.0,2956.0,3201.0,2462.0,2432.0,2466.0,1465.0,0.0,668.0,844.0
2015-07-22,1810.0,1895.0,3021.0,1422.0,1446.0,1651.0,1718.0,2638.0,1738.0,865.0,1978.0,1190.0,853.0,1321.0,1471.0,825.0,1147.0,1155.0,1251.0,1345.0,0.0,0.0,1017.0,2417.0,727.0,509.0,1468.0,945.0,886.0,666.0,1141.0,533.0,915.0,1897.0,609.0,1017.0,1651.0,1617.0,1252.0,1326.0,896.0,0.0,1131.0,4216.0,3281.0,3109.0,3393.0,2611.0,2490.0,2267.0,1693.0,0.0,789.0,760.0
2015-07-23,1688.0,1725.0,2691.0,1300.0,1330.0,1531.0,1659.0,2456.0,1837.0,864.0,1981.0,1214.0,848.0,1334.0,1357.0,862.0,1130.0,1233.0,1169.0,1421.0,0.0,0.0,1035.0,2137.0,699.0,443.0,1313.0,989.0,905.0,643.0,1333.0,579.0,878.0,1829.0,654.0,998.0,1608.0,1473.0,1337.0,1283.0,876.0,0.0,1123.0,3597.0,3053.0,3044.0,3087.0,2525.0,2374.0,2303.0,1514.0,0.0,723.0,759.0
2015-07-24,1820.0,1979.0,3149.0,1521.0,1282.0,1764.0,1887.0,2862.0,1674.0,799.0,2306.0,1125.0,880.0,1226.0,1428.0,703.0,1200.0,1067.0,1203.0,1420.0,3220.0,0.0,1056.0,2351.0,959.0,528.0,1295.0,913.0,781.0,662.0,1260.0,544.0,826.0,2162.0,584.0,1007.0,1702.0,1703.0,1304.0,1255.0,949.0,0.0,1183.0,4239.0,3703.0,3330.0,3610.0,2881.0,2755.0,2401.0,1749.0,0.0,803.0,774.0
2015-07-25,1192.0,2022.0,3400.0,1548.0,1342.0,1976.0,1612.0,2663.0,2131.0,1084.0,2310.0,1308.0,1203.0,1595.0,1395.0,809.0,1447.0,1217.0,1877.0,1751.0,3109.0,0.0,998.0,2061.0,1200.0,568.0,1712.0,1211.0,1000.0,615.0,1480.0,636.0,1074.0,2143.0,769.0,1093.0,1670.0,2066.0,1665.0,1415.0,1173.0,0.0,1321.0,4701.0,4039.0,4063.0,4020.0,3569.0,2989.0,2960.0,1748.0,0.0,1010.0,946.0
2015-07-26,498.0,1838.0,3345.0,1591.0,1249.0,1969.0,1445.0,2440.0,2051.0,866.0,2196.0,1183.0,789.0,951.0,1013.0,935.0,1448.0,1181.0,1172.0,1842.0,3354.0,0.0,909.0,1954.0,785.0,647.0,1844.0,1597.0,1297.0,635.0,1624.0,666.0,1143.0,2058.0,778.0,1265.0,1237.0,2186.0,1431.0,1391.0,1353.0,0.0,1489.0,4399.0,4145.0,4161.0,4218.0,3910.0,2927.0,2724.0,1809.0,0.0,1061.0,1149.0
2015-07-27,1703.0,1752.0,2873.0,1313.0,1204.0,1585.0,1653.0,2547.0,1849.0,933.0,2104.0,1216.0,945.0,1438.0,1424.0,777.0,1313.0,1195.0,1351.0,1306.0,2143.0,0.0,906.0,2240.0,746.0,482.0,1370.0,1081.0,996.0,749.0,1320.0,622.0,1085.0,2027.0,620.0,1063.0,1548.0,1596.0,1356.0,1595.0,951.0,0.0,1291.0,3801.0,3267.0,2934.0,3329.0,2632.0,2385.0,2391.0,1581.0,0.0,759.0,893.0
2015-07-28,1756.0,1786.0,2742.0,1264.0,1188.0,1546.0,1649.0,2418.0,1777.0,946.0,2079.0,1168.0,874.0,1265.0,1442.0,725.0,1280.0,1234.0,1118.0,1341.0,2045.0,0.0,965.0,2203.0,679.0,429.0,1300.0,1081.0,1053.0,755.0,1337.0,580.0,998.0,1968.0,695.0,1182.0,1600.0,1425.0,1330.0,1534.0,989.0,0.0,1216.0,3601.0,2961.0,2692.0,3135.0,2365.0,2374.0,2161.0,1447.0,0.0,697.0,798.0
2015-07-29,1815.0,1874.0,3025.0,1447.0,1303.0,1574.0,1693.0,2694.0,1769.0,840.0,1933.0,1153.0,812.0,1238.0,1370.0,726.0,1142.0,1138.0,1214.0,1344.0,2225.0,0.0,969.0,2390.0,773.0,416.0,1381.0,975.0,872.0,682.0,1188.0,566.0,908.0,1916.0,615.0,1029.0,1646.0,1566.0,1210.0,1375.0,990.0,0.0,1119.0,4050.0,3108.0,2924.0,3432.0,2392.0,2368.0,2282.0,1702.0,0.0,809.0,742.0
2015-07-30,1687.0,1679.0,2636.0,1251.0,1159.0,1618.0,1528.0,2535.0,1773.0,826.0,2048.0,1090.0,878.0,1304.0,1308.0,664.0,1110.0,1212.0,1080.0,1400.0,1731.0,0.0,996.0,2208.0,658.0,429.0,1238.0,1012.0,901.0,732.0,1316.0,562.0,883.0,1907.0,659.0,1014.0,1483.0,1376.0,1336.0,1321.0,911.0,0.0,1160.0,3646.0,3096.0,2727.0,3256.0,2387.0,2401.0,2079.0,1508.0,0.0,690.0,713.0
2015-07-31,1847.0,1889.0,3130.0,1435.0,1368.0,1802.0,1913.0,2876.0,1901.0,861.0,2251.0,1112.0,845.0,1353.0,1393.0,647.0,1185.0,1191.0,1238.0,1417.0,2003.0,0.0,1037.0,2553.0,984.0,570.0,1415.0,1120.0,945.0,720.0,1307.0,657.0,925.0,2363.0,668.0,1114.0,1639.0,1781.0,1422.0,1366.0,1032.0,0.0,1341.0,4393.0,3840.0,3249.0,3933.0,2872.0,2806.0,2566.0,1869.0,0.0,959.0,804.0
2015-08-01,1287.0,2075.0,3801.0,1669.0,1538.0,2247.0,1811.0,2844.0,2539.0,1204.0,2681.0,1293.0,1289.0,1689.0,1460.0,903.0,1589.0,1273.0,1938.0,2004.0,2645.0,0.0,993.0,2515.0,1267.0,809.0,1812.0,1544.0,1313.0,815.0,1835.0,787.0,1280.0,2870.0,898.0,1448.0,1757.0,2392.0,1719.0,1713.0,1356.0,0.0,1586.0,5237.0,4604.0,4840.0,4833.0,4162.0,3447.0,3347.0,2146.0,0.0,1125.0,1078.0
2015-08-02,503.0,1871.0,3560.0,1716.0,1348.0,2132.0,1425.0,2496.0,2327.0,977.0,2704.0,1197.0,858.0,1030.0,1089.0,1012.0,1526.0,1302.0,1225.0,2154.0,2856.0,0.0,906.0,1960.0,881.0,764.0,1918.0,1827.0,1498.0,756.0,1977.0,680.0,1209.0,2426.0,965.0,1378.0,1243.0,2235.0,1511.0,1472.0,1487.0,0.0,1544.0,4759.0,4501.0,4456.0,4385.0,4278.0,3204.0,3147.0,2057.0,0.0,1132.0,1270.0
2015-08-03,1882.0,2003.0,3121.0,1420.0,1454.0,1704.0,1634.0,2891.0,2340.0,1027.0,2609.0,1273.0,1038.0,1599.0,1628.0,899.0,1378.0,1329.0,1490.0,1582.0,1935.0,0.0,1012.0,2336.0,821.0,628.0,1341.0,1168.0,1072.0,734.0,1520.0,662.0,1197.0,2239.0,768.0,1217.0,1601.0,1728.0,1457.0,1700.0,1046.0,0.0,1502.0,4253.0,3822.0,3423.0,4016.0,3175.0,2839.0,2694.0,1645.0,0.0,850.0,937.0
2015-08-04,1857.0,1870.0,3012.0,1419.0,1319.0,1688.0,1689.0,2589.0,2174.0,1148.0,2583.0,1239.0,1028.0,1483.0,1548.0,808.0,1365.0,1302.0,1286.0,1604.0,1801.0,0.0,972.0,2401.0,803.0,544.0,1292.0,1303.0,1139.0,754.0,1550.0,593.0,1167.0,2193.0,768.0,1292.0,1553.0,1600.0,1516.0,1622.0,1042.0,0.0,1392.0,3945.0,3582.0,3117.0,3668.0,2708.0,2557.0,2532.0,1583.0,0.0,787.0,826.0
2015-08-05,1857.0,1944.0,3160.0,1495.0,1476.0,1717.0,1737.0,2799.0,2205.0,1014.0,2479.0,1146.0,859.0,1392.0,1493.0,749.0,1244.0,1204.0,1351.0,1474.0,1680.0,0.0,1020.0,2498.0,901.0,530.0,1433.0,1008.0,914.0,685.0,1315.0,576.0,1011.0,2011.0,630.0,1051.0,1644.0,1690.0,1344.0,1464.0,1120.0,0.0,1267.0,4215.0,3520.0,3322.0,3779.0,2833.0,2706.0,2513.0,1783.0,0.0,862.0,792.0
2015-08-06,1785.0,1730.0,2842.0,1286.0,1248.0,1548.0,1562.0,2545.0,2121.0,1005.0,2433.0,1127.0,883.0,1399.0,1407.0,742.0,1205.0,1219.0,1176.0,1542.0,1526.0,0.0,936.0,2295.0,765.0,459.0,1290.0,1044.0,981.0,733.0,1441.0,603.0,989.0,2060.0,661.0,1171.0,1594.0,1606.0,1360.0,1386.0,939.0,0.0,1435.0,3775.0,3323.0,2934.0,3318.0,2589.0,2565.0,2372.0,1547.0,0.0,773.0,733.0
2015-08-07,1869.0,1915.0,3257.0,1492.0,1419.0,1801.0,1797.0,2862.0,2001.0,889.0,2525.0,1089.0,890.0,1368.0,1428.0,694.0,1177.0,1142.0,1278.0,1408.0,1564.0,0.0,1053.0,2479.0,1228.0,509.0,1334.0,892.0,872.0,676.0,1303.0,601.0,948.0,2332.0,652.0,1095.0,1683.0,1724.0,1483.0,1373.0,1016.0,0.0,1375.0,4394.0,3753.0,3202.0,3856.0,2872.0,2770.0,2631.0,1805.0,0.0,888.0,797.0
2015-08-08,1087.0,1851.0,3280.0,1485.0,1455.0,1918.0,1462.0,2507.0,2263.0,1120.0,2477.0,1195.0,1190.0,1564.0,1327.0,816.0,1342.0,1068.0,1763.0,1716.0,2191.0,0.0,958.0,2282.0,2208.0,524.0,1708.0,1254.0,1077.0,772.0,1532.0,682.0,1060.0,2678.0,845.0,1270.0,1423.0,2014.0,1563.0,1510.0,1236.0,0.0,1530.0,4513.0,3917.0,3873.0,4140.0,3405.0,2992.0,2909.0,1853.0,0.0,1195.0,1044.0
2015-08-09,376.0,1469.0,2769.0,1236.0,1104.0,1544.0,1184.0,2167.0,1829.0,761.0,2223.0,1073.0,696.0,902.0,960.0,865.0,1131.0,928.0,1087.0,1690.0,2331.0,0.0,823.0,1627.0,1972.0,503.0,1575.0,1203.0,985.0,579.0,1520.0,653.0,1105.0,1939.0,898.0,1191.0,934.0,1816.0,1232.0,1191.0,1223.0,0.0,1293.0,3843.0,3612.0,3583.0,3545.0,3105.0,2629.0,2587.0,1601.0,0.0,1053.0,1088.0
2015-08-10,477.0,1628.0,3171.0,1443.0,1126.0,1904.0,1327.0,2441.0,2110.0,824.0,2244.0,1140.0,874.0,1260.0,1170.0,815.0,1477.0,1028.0,1243.0,1870.0,2049.0,0.0,942.0,1906.0,1159.0,555.0,1899.0,1476.0,1221.0,608.0,1454.0,673.0,1048.0,2126.0,729.0,1196.0,1240.0,1797.0,1304.0,1326.0,1329.0,0.0,1434.0,4586.0,4152.0,4005.0,4049.0,3689.0,2886.0,2995.0,1754.0,0.0,1066.0,902.0
2015-08-11,1802.0,1810.0,2871.0,1345.0,1342.0,1644.0,1655.0,2656.0,1947.0,1034.0,2284.0,1146.0,970.0,1455.0,1535.0,770.0,1366.0,1237.0,1320.0,1354.0,1480.0,0.0,1066.0,2186.0,909.0,450.0,1302.0,1153.0,1073.0,722.0,1370.0,566.0,1095.0,2109.0,817.0,1185.0,1489.0,1524.0,1515.0,1536.0,984.0,0.0,1350.0,3984.0,3501.0,2935.0,3424.0,2566.0,2495.0,2519.0,1612.0,0.0,762.0,896.0
2015-08-12,1827.0,1953.0,3202.0,1427.0,1365.0,1732.0,1730.0,2787.0,1913.0,881.0,2116.0,1215.0,909.0,1372.0,1517.0,763.0,1216.0,1195.0,1317.0,1359.0,1445.0,0.0,1046.0,2482.0,901.0,480.0,1409.0,1001.0,922.0,736.0,1245.0,559.0,994.0,2078.0,630.0,1013.0,1577.0,1618.0,1332.0,1425.0,967.0,0.0,1233.0,4259.0,3459.0,3010.0,3637.0,2510.0,2605.0,2454.0,1715.0,0.0,845.0,841.0
2015-08-13,1499.0,1842.0,2953.0,1330.0,1217.0,1656.0,1615.0,2275.0,2019.0,918.0,2127.0,1255.0,876.0,1312.0,1363.0,732.0,1327.0,1235.0,1140.0,1468.0,1358.0,0.0,896.0,2083.0,833.0,448.0,1370.0,1037.0,997.0,683.0,1263.0,572.0,930.0,1523.0,706.0,1108.0,1454.0,1454.0,1285.0,1297.0,923.0,0.0,1161.0,3398.0,3498.0,2816.0,3497.0,2733.0,2615.0,2167.0,1543.0,0.0,785.0,728.0
2015-08-14,1882.0,1893.0,3339.0,1576.0,1452.0,1753.0,1977.0,2841.0,1941.0,801.0,2203.0,1696.0,1306.0,1244.0,1387.0,701.0,1437.0,1196.0,1213.0,1365.0,1431.0,0.0,1051.0,2515.0,691.0,553.0,1359.0,963.0,788.0,665.0,1211.0,586.0,855.0,2229.0,610.0,1014.0,1571.0,1656.0,1317.0,1376.0,1033.0,0.0,1260.0,4473.0,4120.0,3183.0,3774.0,2764.0,3014.0,2472.0,1728.0,0.0,846.0,757.0
2015-08-15,1379.0,2108.0,3804.0,1618.0,1468.0,2086.0,1885.0,2990.0,2508.0,1233.0,2407.0,1710.0,1273.0,1576.0,1326.0,917.0,1721.0,1328.0,1784.0,1883.0,3018.0,0.0,1052.0,2511.0,1229.0,620.0,1776.0,1412.0,1178.0,738.0,1618.0,738.0,1228.0,2620.0,782.0,1135.0,1556.0,2045.0,1610.0,1589.0,1142.0,0.0,1473.0,5370.0,4011.0,4495.0,4696.0,3830.0,3441.0,3328.0,1917.0,0.0,1008.0,1034.0
2015-08-16,456.0,1866.0,3588.0,1509.0,1299.0,2012.0,1405.0,2562.0,2176.0,861.0,2314.0,1132.0,851.0,954.0,934.0,885.0,1457.0,1234.0,1163.0,2060.0,2297.0,0.0,907.0,1941.0,826.0,610.0,1871.0,1667.0,1346.0,691.0,1730.0,753.0,1170.0,2202.0,761.0,1230.0,1161.0,2074.0,1403.0,1403.0,1410.0,0.0,1585.0,4830.0,4043.0,4267.0,4516.0,4115.0,3074.0,2953.0,1949.0,0.0,1110.0,1197.0
2015-08-17,1683.0,1757.0,3078.0,1461.0,1427.0,1606.0,1625.0,2801.0,2224.0,1028.0,2395.0,1230.0,1003.0,1511.0,1498.0,800.0,1339.0,1304.0,1302.0,1470.0,1442.0,0.0,1044.0,2428.0,729.0,543.0,1354.0,1192.0,1078.0,704.0,1406.0,631.0,1119.0,2222.0,786.0,1022.0,1497.0,1686.0,1357.0,1600.0,990.0,0.0,1420.0,4004.0,3625.0,3259.0,3712.0,2808.0,2608.0,2566.0,1493.0,0.0,733.0,897.0
2015-08-18,1811.0,1727.0,2906.0,1320.0,1316.0,1551.0,1573.0,2658.0,2097.0,1061.0,2327.0,1142.0,971.0,1377.0,1442.0,789.0,1341.0,1389.0,1182.0,1432.0,1354.0,0.0,1044.0,2311.0,697.0,515.0,1337.0,1183.0,1050.0,750.0,1384.0,576.0,1109.0,2075.0,787.0,1200.0,1479.0,1537.0,1387.0,1494.0,976.0,0.0,1355.0,3869.0,3345.0,3053.0,3502.0,2556.0,2481.0,2304.0,1487.0,0.0,689.0,823.0
2015-08-19,1844.0,1860.0,3100.0,1485.0,1399.0,1634.0,1698.0,2826.0,1956.0,913.0,2166.0,1112.0,841.0,1213.0,1402.0,725.0,1281.0,1190.0,1180.0,1395.0,1245.0,0.0,1032.0,2479.0,858.0,520.0,1425.0,986.0,895.0,654.0,1199.0,544.0,951.0,1988.0,602.0,1037.0,1508.0,1853.0,1334.0,1368.0,997.0,0.0,1255.0,4187.0,3361.0,3116.0,3683.0,2590.0,2636.0,2326.0,1829.0,0.0,871.0,769.0
2015-08-20,1752.0,1816.0,2827.0,1308.0,1325.0,1603.0,1580.0,2602.0,2034.0,883.0,2291.0,1117.0,930.0,1342.0,1409.0,681.0,1218.0,1207.0,1195.0,1445.0,1239.0,0.0,926.0,2323.0,769.0,373.0,1294.0,1005.0,941.0,730.0,1423.0,558.0,909.0,2048.0,666.0,1120.0,1477.0,1554.0,1298.0,1401.0,949.0,0.0,1304.0,3693.0,3224.0,3017.0,3567.0,2599.0,2499.0,2339.0,1431.0,0.0,737.0,739.0
2015-08-21,1794.0,1863.0,3165.0,1530.0,1398.0,1729.0,1822.0,2945.0,1885.0,887.0,2305.0,1165.0,838.0,1227.0,1478.0,712.0,1202.0,1183.0,1213.0,1369.0,1243.0,0.0,1029.0,2572.0,994.0,522.0,1454.0,1009.0,852.0,669.0,1262.0,536.0,815.0,2295.0,572.0,1015.0,1490.0,1689.0,1312.0,1356.0,1018.0,2047.0,1335.0,4483.0,3635.0,3111.0,3715.0,2759.0,2841.0,2483.0,1836.0,0.0,851.0,749.0
2015-08-22,1209.0,1890.0,3513.0,1535.0,1316.0,1892.0,1670.0,2736.0,2207.0,1082.0,2574.0,1224.0,1197.0,1540.0,1303.0,872.0,1323.0,1188.0,1768.0,1706.0,1803.0,0.0,1041.0,2381.0,1087.0,520.0,1799.0,1279.0,1129.0,746.0,1522.0,681.0,1119.0,2473.0,817.0,1126.0,1238.0,1967.0,1527.0,1501.0,1229.0,2077.0,1368.0,4955.0,4004.0,4041.0,4072.0,3397.0,3244.0,3087.0,1871.0,0.0,983.0,953.0
2015-08-23,427.0,1747.0,3420.0,1584.0,1153.0,1913.0,1363.0,2497.0,2138.0,846.0,2423.0,1064.0,723.0,936.0,989.0,897.0,1291.0,1225.0,1067.0,1930.0,2077.0,0.0,848.0,1903.0,859.0,560.0,1902.0,1482.0,1261.0,646.0,1723.0,659.0,1113.0,2122.0,806.0,1200.0,883.0,1893.0,1213.0,1358.0,1252.0,2006.0,1467.0,4626.0,4109.0,4146.0,4246.0,3689.0,3073.0,2807.0,1902.0,0.0,1054.0,1123.0
2015-08-24,1801.0,1876.0,2912.0,1421.0,1419.0,1623.0,1730.0,2618.0,1860.0,936.0,2135.0,1082.0,892.0,1469.0,1502.0,772.0,1318.0,1268.0,1235.0,1409.0,1389.0,0.0,963.0,2270.0,721.0,548.0,1398.0,1064.0,913.0,693.0,1329.0,560.0,969.0,2114.0,656.0,1051.0,1326.0,1571.0,1235.0,1640.0,968.0,1372.0,1344.0,3999.0,3445.0,3201.0,3519.0,2682.0,2594.0,2431.0,1571.0,0.0,723.0,925.0
2015-08-25,1749.0,1741.0,2845.0,1219.0,1246.0,1606.0,1645.0,2579.0,1813.0,1004.0,2260.0,1086.0,843.0,1280.0,1440.0,737.0,1303.0,1308.0,1149.0,1337.0,1173.0,0.0,954.0,2216.0,693.0,431.0,1266.0,1126.0,1017.0,716.0,1353.0,560.0,999.0,2040.0,652.0,1059.0,1317.0,1504.0,1371.0,1415.0,940.0,1198.0,1220.0,3870.0,3226.0,2821.0,3304.0,2520.0,2510.0,2409.0,1461.0,0.0,731.0,722.0
2015-08-26,1740.0,1827.0,2947.0,1387.0,1322.0,1617.0,1895.0,2586.0,1649.0,848.0,2092.0,1072.0,805.0,1214.0,1352.0,707.0,1177.0,1190.0,1264.0,1363.0,1116.0,0.0,949.0,2264.0,725.0,444.0,1509.0,967.0,920.0,687.0,1261.0,504.0,879.0,1815.0,575.0,982.0,1332.0,1588.0,1197.0,1298.0,977.0,1222.0,1157.0,4129.0,3110.0,2761.0,3506.0,2368.0,2724.0,2393.0,1757.0,0.0,753.0,700.0
2015-08-27,1679.0,1747.0,2817.0,1257.0,1192.0,1509.0,1592.0,2524.0,1798.0,856.0,2036.0,1070.0,736.0,1305.0,1328.0,707.0,1133.0,1241.0,1052.0,1430.0,1102.0,0.0,970.0,2162.0,705.0,442.0,1253.0,992.0,910.0,760.0,1287.0,535.0,858.0,1892.0,624.0,1014.0,1268.0,1423.0,1289.0,1275.0,914.0,1078.0,1205.0,4073.0,2976.0,2811.0,3100.0,2397.0,2443.0,2258.0,1421.0,0.0,744.0,720.0
2015-08-28,1832.0,1906.0,3131.0,1423.0,1338.0,1622.0,1865.0,2850.0,1687.0,874.0,2157.0,1065.0,785.0,1182.0,1358.0,690.0,1119.0,1179.0,1105.0,1330.0,1103.0,0.0,1045.0,2492.0,940.0,496.0,1428.0,922.0,811.0,649.0,1174.0,518.0,851.0,2296.0,621.0,1011.0,1402.0,1527.0,1325.0,1229.0,1040.0,1026.0,1257.0,4452.0,3498.0,3005.0,3554.0,2752.0,2846.0,2429.0,1833.0,0.0,836.0,802.0
2015-08-29,1253.0,1966.0,3664.0,1450.0,1462.0,1945.0,1778.0,2853.0,2181.0,1176.0,2228.0,1098.0,1100.0,1524.0,1336.0,806.0,1456.0,1279.0,1812.0,1754.0,1585.0,0.0,1094.0,2413.0,1071.0,581.0,1786.0,1399.0,1096.0,708.0,1612.0,672.0,1168.0,2573.0,827.0,1161.0,1227.0,1918.0,1600.0,1422.0,1173.0,1512.0,1461.0,4896.0,4197.0,4331.0,4435.0,3570.0,3400.0,3144.0,1923.0,0.0,1041.0,933.0
2015-08-30,472.0,1819.0,3524.0,1651.0,1195.0,1984.0,1480.0,2664.0,2067.0,902.0,2462.0,1102.0,751.0,967.0,990.0,943.0,1442.0,1227.0,1105.0,2057.0,1863.0,0.0,930.0,1847.0,718.0,556.0,1914.0,1511.0,1271.0,686.0,1740.0,626.0,1159.0,2278.0,778.0,1208.0,960.0,1985.0,1439.0,1330.0,1306.0,1575.0,1507.0,5010.0,4116.0,4396.0,4425.0,4103.0,3473.0,2863.0,1921.0,0.0,1065.0,1139.0
2015-08-31,1785.0,1847.0,3119.0,1398.0,1359.0,1715.0,1789.0,2827.0,2079.0,1046.0,2428.0,1132.0,969.0,1494.0,1469.0,810.0,1413.0,1377.0,1331.0,1451.0,1294.0,0.0,961.0,2263.0,646.0,536.0,1443.0,1122.0,1054.0,706.0,1360.0,605.0,1027.0,2258.0,724.0,1134.0,1369.0,1572.0,1367.0,1614.0,1005.0,1031.0,1412.0,4320.0,3663.0,3463.0,3834.0,2902.0,2933.0,2568.0,1621.0,0.0,795.0,861.0
2015-09-01,1769.0,1905.0,3113.0,1505.0,1303.0,1781.0,1944.0,2712.0,2261.0,1233.0,2649.0,1189.0,1057.0,1467.0,1569.0,935.0,1462.0,1426.0,1378.0,1641.0,1367.0,0.0,1035.0,2423.0,679.0,712.0,1444.0,1359.0,1193.0,755.0,1578.0,672.0,1197.0,2312.0,846.0,1381.0,1401.0,1672.0,1493.0,1685.0,1114.0,1097.0,1408.0,4233.0,3605.0,3496.0,3980.0,3113.0,2993.0,2616.0,1622.0,0.0,826.0,879.0
2015-09-02,1892.0,2013.0,3234.0,1548.0,1408.0,1757.0,1907.0,3016.0,2171.0,1097.0,2404.0,1245.0,915.0,1458.0,1474.0,801.0,1375.0,1390.0,1263.0,1612.0,1326.0,0.0,1040.0,2499.0,802.0,635.0,1465.0,1085.0,1008.0,691.0,1341.0,559.0,1021.0,2195.0,670.0,1139.0,1478.0,1740.0,1340.0,1478.0,1112.0,1076.0,1324.0,4573.0,3608.0,3593.0,4051.0,2914.0,3086.0,2569.0,1836.0,0.0,892.0,827.0
2015-09-03,1744.0,1912.0,2909.0,1304.0,1335.0,1643.0,1839.0,2580.0,2114.0,964.0,2387.0,1174.0,905.0,1455.0,1420.0,755.0,1402.0,1276.0,1191.0,1591.0,1228.0,0.0,1070.0,2315.0,663.0,533.0,1319.0,1146.0,1027.0,765.0,1447.0,626.0,1034.0,2171.0,707.0,1194.0,1308.0,1441.0,1359.0,1455.0,980.0,1004.0,1352.0,3943.0,3439.0,3245.0,3644.0,2855.0,2829.0,2233.0,1516.0,0.0,748.0,696.0
2015-09-04,1771.0,1905.0,3279.0,1503.0,1373.0,1711.0,1976.0,2962.0,1917.0,894.0,2275.0,1100.0,811.0,1214.0,1293.0,765.0,1182.0,1111.0,1181.0,1536.0,1262.0,0.0,1081.0,2444.0,836.0,581.0,1384.0,972.0,912.0,655.0,1306.0,583.0,901.0,2365.0,629.0,1022.0,1477.0,1518.0,1248.0,1381.0,995.0,1017.0,1298.0,4465.0,3609.0,3290.0,3810.0,2831.0,3005.0,2307.0,1816.0,0.0,891.0,779.0
2015-09-05,1265.0,2057.0,3825.0,1720.0,1483.0,2072.0,1978.0,2841.0,2483.0,1258.0,2824.0,1255.0,1204.0,1828.0,1459.0,885.0,1593.0,1369.0,1835.0,2072.0,1728.0,0.0,1073.0,2404.0,1066.0,586.0,1738.0,1365.0,1167.0,726.0,1642.0,681.0,1157.0,2583.0,826.0,1278.0,1353.0,2080.0,1843.0,1581.0,1294.0,1657.0,1509.0,5417.0,4558.0,4808.0,4797.0,4168.0,3695.0,3262.0,1890.0,0.0,1017.0,1053.0
2015-09-06,521.0,2057.0,3790.0,1840.0,1124.0,2312.0,1581.0,2622.0,2686.0,1161.0,3182.0,1230.0,892.0,1218.0,1289.0,948.0,1633.0,1453.0,1241.0,2620.0,1840.0,0.0,920.0,1898.0,676.0,544.0,1802.0,1597.0,1352.0,677.0,1712.0,637.0,1098.0,2180.0,770.0,1277.0,1041.0,2072.0,1734.0,1374.0,1343.0,1693.0,1540.0,5327.0,4515.0,5130.0,4733.0,4754.0,3630.0,3155.0,1864.0,0.0,1051.0,1147.0
2015-09-07,1767.0,1896.0,3086.0,1377.0,1388.0,1782.0,1839.0,2681.0,2188.0,1042.0,2389.0,1247.0,995.0,1618.0,1561.0,813.0,1480.0,1337.0,1381.0,1559.0,1225.0,0.0,1044.0,2282.0,610.0,506.0,1410.0,1123.0,1077.0,686.0,1366.0,618.0,1123.0,2251.0,715.0,1330.0,1312.0,1549.0,1395.0,1592.0,977.0,972.0,1406.0,4036.0,3432.0,3294.0,3927.0,2774.0,2722.0,2301.0,1588.0,0.0,734.0,925.0
2015-09-08,1773.0,1889.0,2857.0,1368.0,1388.0,1626.0,1361.0,2564.0,2108.0,1093.0,2383.0,1225.0,977.0,1466.0,1513.0,800.0,1428.0,1357.0,1173.0,1471.0,1203.0,0.0,1059.0,2162.0,633.0,471.0,1302.0,1173.0,1049.0,724.0,1382.0,580.0,1072.0,2101.0,660.0,1543.0,1285.0,1445.0,1437.0,1541.0,931.0,948.0,1360.0,3779.0,2919.0,2963.0,3396.0,2545.0,2558.0,2239.0,1452.0,0.0,726.0,832.0
2015-09-09,1822.0,1901.0,3056.0,1431.0,1311.0,1660.0,1870.0,2813.0,1994.0,939.0,2080.0,1161.0,795.0,1371.0,1401.0,734.0,1301.0,1217.0,1269.0,1398.0,1089.0,0.0,1070.0,2392.0,755.0,461.0,1380.0,1000.0,799.0,698.0,1208.0,497.0,910.0,1943.0,578.0,1259.0,1461.0,1580.0,1232.0,1370.0,1056.0,977.0,1354.0,4219.0,3157.0,3039.0,3548.0,2423.0,2758.0,2058.0,1743.0,0.0,802.0,743.0
2015-09-10,1670.0,1776.0,2707.0,1245.0,1259.0,1531.0,1744.0,2520.0,1916.0,911.0,2089.0,1157.0,864.0,1343.0,1388.0,754.0,1177.0,1211.0,1095.0,1449.0,1004.0,0.0,962.0,2172.0,666.0,424.0,1308.0,1050.0,883.0,730.0,1347.0,612.0,945.0,1982.0,658.0,1414.0,1260.0,1383.0,1258.0,1284.0,957.0,847.0,1241.0,3552.0,2838.0,2805.0,3295.0,2371.0,2429.0,1976.0,1474.0,0.0,701.0,744.0
2015-09-11,1881.0,1882.0,3216.0,1455.0,1281.0,1654.0,1968.0,2825.0,1752.0,797.0,1955.0,1058.0,803.0,1196.0,1307.0,725.0,1159.0,1173.0,1143.0,1246.0,1051.0,0.0,1072.0,2506.0,800.0,474.0,1385.0,973.0,875.0,653.0,1224.0,543.0,820.0,2250.0,585.0,1312.0,1440.0,1681.0,1224.0,1167.0,1031.0,954.0,1256.0,4148.0,3337.0,2962.0,3525.0,2562.0,2822.0,2166.0,1822.0,0.0,814.0,812.0
2015-09-12,1264.0,2024.0,3819.0,1680.0,1401.0,2182.0,1854.0,2917.0,2291.0,1140.0,2362.0,1156.0,1145.0,1753.0,1338.0,837.0,1456.0,1330.0,1778.0,1804.0,1450.0,0.0,1055.0,2312.0,1002.0,481.0,1713.0,1260.0,1045.0,710.0,1548.0,651.0,1157.0,2465.0,714.0,1482.0,1535.0,2159.0,1678.0,1314.0,996.0,1541.0,1340.0,5046.0,4109.0,4423.0,4365.0,3594.0,3293.0,2922.0,1882.0,0.0,994.0,952.0
2015-09-13,459.0,1974.0,3839.0,1733.0,1135.0,2249.0,1579.0,2570.0,2402.0,1043.0,2825.0,1199.0,816.0,1138.0,1149.0,952.0,1650.0,1386.0,1195.0,2196.0,1765.0,0.0,933.0,1707.0,676.0,520.0,1859.0,1533.0,1245.0,646.0,1660.0,590.0,1017.0,2107.0,690.0,1545.0,1043.0,2032.0,1546.0,1094.0,1317.0,1486.0,1431.0,5015.0,4276.0,4682.0,4621.0,4253.0,3402.0,2759.0,1893.0,0.0,967.0,1073.0
2015-09-14,1762.0,1840.0,2915.0,1393.0,1405.0,1593.0,1775.0,2684.0,2085.0,1038.0,2112.0,1218.0,963.0,1492.0,1520.0,800.0,1396.0,1459.0,1277.0,1362.0,1154.0,0.0,1010.0,2257.0,631.0,446.0,1397.0,1125.0,963.0,691.0,1309.0,594.0,1048.0,2143.0,637.0,1322.0,1281.0,1631.0,1304.0,1349.0,916.0,938.0,1325.0,3754.0,2186.0,3005.0,3374.0,2541.0,2415.0,2133.0,1499.0,0.0,714.0,877.0
2015-09-15,1631.0,1822.0,2761.0,1362.0,1231.0,1648.0,1686.0,2619.0,2118.0,1071.0,2173.0,1167.0,860.0,1389.0,1403.0,788.0,1400.0,1438.0,1218.0,1414.0,1145.0,0.0,1017.0,2238.0,600.0,567.0,1365.0,1282.0,1095.0,755.0,1275.0,597.0,1097.0,2174.0,793.0,1600.0,1391.0,1564.0,1454.0,1394.0,924.0,867.0,1237.0,3563.0,3040.0,2983.0,3230.0,2467.0,2415.0,2012.0,1467.0,0.0,741.0,819.0
2015-09-16,1789.0,1983.0,3097.0,1407.0,1312.0,1649.0,1979.0,2795.0,1962.0,920.0,2141.0,1101.0,803.0,1271.0,1530.0,719.0,1262.0,1351.0,1226.0,1457.0,1058.0,0.0,987.0,2442.0,713.0,595.0,1506.0,1109.0,1003.0,683.0,1208.0,588.0,961.0,2057.0,678.0,1403.0,1461.0,1661.0,1189.0,1297.0,1016.0,1022.0,1202.0,4239.0,3119.0,3035.0,3441.0,2439.0,2624.0,2023.0,1717.0,0.0,890.0,766.0
2015-09-17,1672.0,1744.0,2736.0,1262.0,1279.0,1546.0,1674.0,2591.0,1931.0,933.0,1995.0,1143.0,809.0,1283.0,1313.0,734.0,1149.0,1267.0,1075.0,1207.0,995.0,0.0,975.0,2154.0,691.0,509.0,1298.0,1071.0,953.0,711.0,1310.0,537.0,961.0,2168.0,695.0,1453.0,1335.0,1330.0,1227.0,1229.0,927.0,883.0,1239.0,3623.0,2697.0,2685.0,3130.0,2259.0,2417.0,1868.0,1454.0,0.0,699.0,657.0
2015-09-18,1823.0,1889.0,3186.0,1411.0,1353.0,1661.0,2015.0,2907.0,1696.0,755.0,1970.0,1013.0,893.0,1115.0,1183.0,729.0,1108.0,1188.0,1058.0,1172.0,1100.0,0.0,1016.0,2451.0,830.0,537.0,1405.0,964.0,888.0,725.0,1277.0,571.0,898.0,2365.0,650.0,1297.0,1400.0,1583.0,1243.0,1227.0,1010.0,954.0,1275.0,4170.0,3322.0,2867.0,3455.0,2481.0,2816.0,2259.0,1796.0,0.0,883.0,770.0
2015-09-19,1349.0,2139.0,3772.0,1731.0,1332.0,2157.0,1830.0,2853.0,2320.0,1148.0,2456.0,1260.0,1125.0,1718.0,1335.0,795.0,1533.0,1190.0,1739.0,1768.0,1400.0,0.0,1087.0,2328.0,924.0,559.0,1731.0,1353.0,1109.0,768.0,1487.0,741.0,1121.0,2391.0,750.0,1554.0,1421.0,2273.0,1674.0,1331.0,1212.0,1445.0,1392.0,4984.0,4081.0,4252.0,4605.0,3691.0,3400.0,3085.0,1870.0,0.0,945.0,985.0
2015-09-20,494.0,2039.0,3723.0,1744.0,1162.0,2225.0,1632.0,2733.0,2419.0,962.0,2645.0,1148.0,852.0,1025.0,1111.0,911.0,1605.0,1374.0,1207.0,2005.0,1617.0,0.0,924.0,1783.0,636.0,566.0,1749.0,1576.0,1260.0,657.0,1593.0,651.0,1089.0,2151.0,780.0,1625.0,1068.0,2125.0,1593.0,1119.0,1285.0,1430.0,1465.0,4951.0,4198.0,4604.0,4618.0,4054.0,3259.0,2924.0,1884.0,0.0,960.0,1135.0
2015-09-21,1756.0,1863.0,3000.0,1391.0,1297.0,1715.0,1812.0,2688.0,2055.0,913.0,2177.0,1168.0,942.0,1557.0,1567.0,754.0,1247.0,1248.0,1283.0,1202.0,1129.0,0.0,975.0,2244.0,672.0,455.0,1344.0,1144.0,984.0,678.0,1324.0,603.0,1076.0,2202.0,725.0,1404.0,1371.0,1601.0,1376.0,1394.0,964.0,949.0,1350.0,3596.0,3145.0,3108.0,3512.0,2569.0,2656.0,2058.0,1557.0,0.0,762.0,867.0
2015-09-22,1770.0,1768.0,2787.0,1373.0,1247.0,1535.0,1819.0,2545.0,1831.0,978.0,2238.0,1093.0,907.0,1289.0,1487.0,741.0,1344.0,1433.0,1122.0,1355.0,1010.0,0.0,981.0,2127.0,566.0,440.0,1248.0,1161.0,1075.0,733.0,1282.0,567.0,1027.0,2052.0,682.0,1537.0,1320.0,1438.0,1419.0,1413.0,896.0,830.0,1263.0,3594.0,2920.0,2708.0,3153.0,2282.0,2313.0,1974.0,1369.0,0.0,715.0,851.0
2015-09-23,1844.0,1932.0,3007.0,1502.0,1335.0,1700.0,1870.0,2615.0,1728.0,829.0,1990.0,1108.0,761.0,1277.0,1429.0,703.0,1218.0,1250.0,1204.0,1327.0,937.0,0.0,1073.0,2340.0,710.0,509.0,1443.0,1022.0,913.0,672.0,1035.0,599.0,863.0,1828.0,608.0,1327.0,1487.0,1696.0,1212.0,1257.0,907.0,949.0,1235.0,4089.0,2983.0,2883.0,3349.0,2449.0,2596.0,1987.0,1659.0,0.0,789.0,740.0
2015-09-24,1747.0,1745.0,2772.0,1332.0,1152.0,1518.0,1646.0,2494.0,1835.0,731.0,1993.0,1116.0,796.0,1303.0,1290.0,702.0,1182.0,1267.0,1019.0,1238.0,962.0,0.0,968.0,2062.0,611.0,440.0,1238.0,957.0,853.0,676.0,1159.0,548.0,816.0,1893.0,668.0,1356.0,1302.0,1444.0,1251.0,1195.0,915.0,794.0,1189.0,3627.0,2708.0,2628.0,3033.0,2259.0,2357.0,1920.0,1412.0,0.0,726.0,700.0
2015-09-25,1819.0,1889.0,3055.0,1449.0,1251.0,1669.0,1976.0,2841.0,1708.0,779.0,2073.0,1031.0,789.0,1095.0,1325.0,655.0,1144.0,1147.0,1069.0,1186.0,1005.0,0.0,999.0,2331.0,786.0,472.0,1416.0,915.0,872.0,682.0,1124.0,513.0,852.0,2110.0,591.0,1288.0,1542.0,1555.0,1224.0,1177.0,965.0,969.0,1149.0,4283.0,3309.0,2966.0,3542.0,2520.0,2886.0,2200.0,1760.0,0.0,842.0,712.0
2015-09-26,1297.0,2047.0,3660.0,1726.0,1398.0,2066.0,1953.0,2662.0,2156.0,1020.0,2346.0,1249.0,1124.0,1576.0,1279.0,794.0,1444.0,1247.0,1599.0,1655.0,1395.0,0.0,1087.0,2116.0,981.0,543.0,1745.0,1268.0,1055.0,711.0,1342.0,623.0,1069.0,2124.0,785.0,1513.0,1460.0,2272.0,1616.0,1254.0,1046.0,1391.0,1237.0,5171.0,3942.0,4240.0,4461.0,3645.0,3260.0,2966.0,1839.0,0.0,965.0,968.0
2015-09-27,541.0,2017.0,3687.0,1700.0,1183.0,2264.0,1583.0,2637.0,2192.0,950.0,2446.0,1189.0,794.0,1053.0,911.0,838.0,1598.0,1383.0,1186.0,1975.0,1759.0,0.0,1045.0,1715.0,658.0,513.0,1765.0,1452.0,1190.0,684.0,1519.0,576.0,1075.0,1920.0,748.0,1555.0,972.0,2160.0,1484.0,1148.0,1308.0,1464.0,1443.0,5124.0,4202.0,4439.0,4661.0,4138.0,3351.0,2901.0,1786.0,0.0,938.0,1095.0
2015-09-28,1772.0,1819.0,2770.0,1329.0,1282.0,1582.0,1835.0,2607.0,1740.0,933.0,2020.0,1119.0,849.0,1428.0,1186.0,794.0,1345.0,1282.0,1202.0,1222.0,1014.0,0.0,937.0,2084.0,615.0,449.0,1347.0,970.0,851.0,646.0,1320.0,534.0,1057.0,1979.0,644.0,1405.0,1383.0,1573.0,1289.0,1451.0,904.0,892.0,1279.0,3768.0,2902.0,2738.0,3254.0,2347.0,2354.0,2027.0,1503.0,0.0,736.0,814.0
2015-09-29,1733.0,1711.0,2614.0,1235.0,1175.0,1552.0,1641.0,2409.0,1650.0,900.0,1973.0,1121.0,799.0,1264.0,1441.0,714.0,1289.0,1305.0,1134.0,1161.0,1038.0,0.0,927.0,2112.0,616.0,452.0,1355.0,1104.0,957.0,672.0,1352.0,554.0,992.0,1879.0,620.0,1366.0,1311.0,1391.0,1365.0,1327.0,939.0,807.0,1224.0,3551.0,2744.0,2467.0,3070.0,2070.0,2211.0,2007.0,1396.0,0.0,679.0,789.0
2015-09-30,1785.0,1834.0,2992.0,1496.0,1266.0,1626.0,1889.0,2695.0,1783.0,719.0,1916.0,1148.0,806.0,1229.0,1338.0,748.0,1153.0,1235.0,1177.0,1207.0,1006.0,0.0,965.0,2320.0,659.0,508.0,1440.0,1060.0,925.0,689.0,1202.0,590.0,917.0,1882.0,628.0,1288.0,1460.0,1554.0,1158.0,1229.0,996.0,935.0,1130.0,3945.0,3012.0,2816.0,3395.0,2397.0,2589.0,1890.0,1626.0,0.0,867.0,728.0
2015-10-01,1646.0,1853.0,2812.0,1350.0,1437.0,1613.0,1779.0,2688.0,2159.0,956.0,2325.0,1235.0,850.0,1318.0,1425.0,755.0,1338.0,1343.0,1201.0,1481.0,1123.0,0.0,973.0,2315.0,744.0,642.0,1413.0,1297.0,1118.0,796.0,1523.0,655.0,1071.0,2145.0,805.0,1620.0,1423.0,1656.0,1324.0,1431.0,1075.0,939.0,1425.0,3830.0,3113.0,3176.0,3591.0,2913.0,2621.0,2236.0,1556.0,0.0,864.0,815.0
2015-10-02,1856.0,1996.0,3361.0,1581.0,1474.0,1710.0,2088.0,3026.0,1912.0,859.0,2276.0,1148.0,900.0,1265.0,1419.0,805.0,1166.0,1231.0,1121.0,1344.0,1217.0,0.0,1102.0,2549.0,905.0,596.0,1419.0,1119.0,916.0,714.0,1436.0,578.0,966.0,2436.0,731.0,1627.0,1535.0,1748.0,1274.0,1325.0,1081.0,967.0,1358.0,4466.0,3533.0,3232.0,4034.0,2979.0,3067.0,2411.0,1802.0,0.0,951.0,816.0
2015-10-03,1346.0,2251.0,3751.0,1784.0,1370.0,2235.0,1840.0,3113.0,2739.0,1252.0,2997.0,1407.0,1258.0,1882.0,1418.0,897.0,1632.0,1345.0,1937.0,2002.0,1589.0,0.0,1101.0,2373.0,1061.0,652.0,1716.0,1432.0,1196.0,745.0,1721.0,718.0,1149.0,2604.0,782.0,1740.0,1547.0,2529.0,1842.0,1356.0,1289.0,1425.0,1545.0,5491.0,4460.0,4932.0,4995.0,4368.0,3504.0,3351.0,1938.0,0.0,993.0,972.0
2015-10-04,534.0,2075.0,3827.0,1862.0,1299.0,2323.0,1603.0,2847.0,2704.0,1115.0,3207.0,1345.0,875.0,1173.0,1189.0,902.0,1665.0,1443.0,1392.0,2319.0,1745.0,0.0,1101.0,1752.0,832.0,616.0,1710.0,1393.0,1132.0,612.0,1691.0,644.0,1064.0,2344.0,777.0,1593.0,1158.0,2414.0,1710.0,1145.0,1389.0,1517.0,1413.0,5414.0,4567.0,4851.0,5068.0,4716.0,3501.0,3295.0,1715.0,0.0,930.0,1138.0
2015-10-05,1697.0,1943.0,3156.0,1394.0,1377.0,1719.0,1857.0,2875.0,2238.0,1067.0,2335.0,1185.0,1003.0,1620.0,1546.0,741.0,1438.0,1426.0,1433.0,1511.0,1118.0,0.0,992.0,2266.0,800.0,532.0,1444.0,1091.0,1007.0,649.0,1319.0,593.0,1022.0,2418.0,731.0,1492.0,1365.0,1653.0,1418.0,1517.0,1027.0,879.0,1460.0,4027.0,3460.0,3357.0,3823.0,2794.0,2697.0,2438.0,1594.0,0.0,805.0,871.0
2015-10-06,1749.0,1818.0,2793.0,1376.0,1216.0,1568.0,1733.0,2648.0,2044.0,987.0,2271.0,1100.0,937.0,1403.0,1540.0,716.0,1350.0,1358.0,1211.0,1425.0,1104.0,0.0,1015.0,2210.0,760.0,483.0,1311.0,1152.0,949.0,667.0,1235.0,613.0,916.0,2325.0,767.0,1543.0,1342.0,1528.0,1402.0,1380.0,907.0,909.0,1322.0,3838.0,2972.0,2898.0,3380.0,2439.0,2454.0,2221.0,1431.0,0.0,773.0,841.0
2015-10-07,1815.0,1919.0,3088.0,1428.0,1301.0,1614.0,1942.0,2751.0,1877.0,886.0,2199.0,1187.0,782.0,1389.0,1406.0,689.0,1226.0,1319.0,1175.0,1381.0,1062.0,0.0,1008.0,2358.0,935.0,503.0,1438.0,981.0,825.0,641.0,1139.0,505.0,811.0,2184.0,599.0,1402.0,1474.0,1725.0,1212.0,1285.0,1005.0,1002.0,1327.0,4200.0,3073.0,2905.0,3712.0,2441.0,2679.0,2132.0,1597.0,0.0,814.0,725.0
2015-10-08,1732.0,1845.0,2779.0,1401.0,1295.0,1585.0,1905.0,2550.0,1811.0,819.0,2030.0,1140.0,797.0,1369.0,1326.0,758.0,1188.0,1257.0,1111.0,1246.0,994.0,0.0,1096.0,2160.0,1147.0,490.0,1335.0,964.0,861.0,672.0,1291.0,532.0,993.0,2435.0,681.0,1370.0,1515.0,1551.0,1308.0,1195.0,849.0,917.0,1318.0,3639.0,2826.0,2839.0,3185.0,2376.0,2541.0,2044.0,1535.0,0.0,820.0,749.0
2015-10-09,570.0,1829.0,3367.0,1395.0,1233.0,2000.0,1540.0,2574.0,2071.0,823.0,2478.0,1134.0,818.0,1094.0,1156.0,749.0,1333.0,981.0,1198.0,1538.0,1172.0,2412.0,1016.0,1671.0,2103.0,497.0,1565.0,1139.0,898.0,542.0,1179.0,567.0,850.0,2272.0,847.0,1516.0,1318.0,1986.0,1334.0,985.0,1112.0,1293.0,1329.0,4768.0,4052.0,4183.0,4583.0,3610.0,3209.0,3003.0,1540.0,0.0,971.0,847.0
2015-10-10,1105.0,1841.0,3508.0,1551.0,1275.0,1987.0,1699.0,2581.0,2207.0,1104.0,2249.0,1344.0,1163.0,1720.0,1290.0,787.0,1402.0,1045.0,1931.0,1706.0,1207.0,2008.0,984.0,1963.0,1866.0,482.0,1550.0,1209.0,944.0,590.0,1416.0,607.0,1017.0,2244.0,917.0,1567.0,1289.0,2246.0,1579.0,1233.0,1124.0,1252.0,1358.0,4609.0,4063.0,4227.0,4525.0,3771.0,3147.0,3226.0,1397.0,0.0,903.0,976.0
2015-10-11,488.0,1842.0,3502.0,1609.0,1092.0,2111.0,1454.0,2411.0,2137.0,899.0,2838.0,1208.0,887.0,1019.0,1093.0,839.0,1380.0,1141.0,1307.0,1899.0,1487.0,1725.0,998.0,1586.0,874.0,491.0,1669.0,1415.0,1107.0,581.0,1485.0,622.0,986.0,2346.0,758.0,1498.0,985.0,2070.0,1472.0,1059.0,1186.0,1290.0,1474.0,4618.0,3900.0,4232.0,4379.0,3903.0,3092.0,2922.0,1543.0,0.0,942.0,1030.0
2015-10-12,1730.0,1733.0,2860.0,1312.0,1314.0,1569.0,1758.0,2553.0,1670.0,877.0,2065.0,1288.0,863.0,1433.0,1511.0,774.0,1325.0,1281.0,1309.0,1232.0,1061.0,1559.0,991.0,2242.0,665.0,441.0,1402.0,1025.0,894.0,674.0,1355.0,557.0,1077.0,2098.0,683.0,1410.0,1356.0,1528.0,1269.0,1406.0,941.0,816.0,1375.0,3662.0,3038.0,2765.0,3389.0,2317.0,2352.0,2157.0,1394.0,0.0,739.0,934.0
2015-10-13,1659.0,1685.0,2491.0,1300.0,1184.0,1425.0,1498.0,2261.0,1516.0,814.0,1942.0,1086.0,776.0,1193.0,1319.0,752.0,1125.0,1319.0,1158.0,992.0,942.0,1312.0,979.0,2137.0,615.0,458.0,1367.0,1048.0,985.0,699.0,1357.0,559.0,959.0,1826.0,756.0,1438.0,1248.0,1404.0,1270.0,1286.0,852.0,828.0,1236.0,2699.0,2400.0,2293.0,2881.0,1992.0,2142.0,2002.0,1433.0,0.0,699.0,778.0
2015-10-14,1746.0,1746.0,2865.0,1250.0,1296.0,1540.0,1624.0,2645.0,1608.0,771.0,1791.0,1125.0,801.0,1250.0,1130.0,713.0,1139.0,1190.0,1175.0,1044.0,944.0,1142.0,948.0,2398.0,715.0,463.0,1426.0,970.0,868.0,649.0,1143.0,515.0,924.0,1831.0,581.0,1290.0,1414.0,1612.0,1137.0,1161.0,964.0,867.0,1194.0,3974.0,2905.0,2695.0,3278.0,2194.0,2617.0,2015.0,1632.0,0.0,728.0,752.0
2015-10-15,1725.0,1759.0,2702.0,1261.0,1188.0,1448.0,1643.0,2645.0,1732.0,815.0,1954.0,1138.0,771.0,1210.0,1258.0,637.0,1179.0,1226.0,1056.0,1164.0,945.0,1056.0,902.0,2135.0,662.0,516.0,1332.0,1040.0,932.0,750.0,1249.0,515.0,880.0,1969.0,679.0,1362.0,1310.0,1397.0,1161.0,1131.0,829.0,749.0,1160.0,3561.0,2789.0,2852.0,3190.0,2331.0,2334.0,1913.0,1428.0,0.0,736.0,704.0
2015-10-16,1873.0,1955.0,3236.0,1437.0,1354.0,1611.0,1907.0,2974.0,1662.0,775.0,2097.0,1161.0,690.0,1089.0,1308.0,662.0,1067.0,1186.0,1025.0,1094.0,926.0,1156.0,1022.0,2585.0,871.0,602.0,1430.0,1061.0,872.0,663.0,1350.0,602.0,873.0,2212.0,685.0,1342.0,1550.0,1586.0,1322.0,1240.0,1003.0,935.0,1237.0,4246.0,3382.0,3124.0,3811.0,2623.0,2878.0,2370.0,1667.0,0.0,882.0,758.0
2015-10-17,1371.0,2225.0,3751.0,1740.0,1309.0,2079.0,1841.0,2902.0,2255.0,1129.0,2455.0,1309.0,1134.0,1702.0,1359.0,827.0,1504.0,1428.0,1757.0,1796.0,1390.0,1285.0,1075.0,2258.0,922.0,567.0,1689.0,1310.0,1028.0,691.0,1516.0,661.0,1062.0,2279.0,755.0,1488.0,1486.0,2270.0,1665.0,1315.0,1184.0,1307.0,1386.0,5143.0,4172.0,4422.0,4757.0,3722.0,3424.0,2961.0,1928.0,0.0,976.0,904.0
2015-10-18,590.0,2019.0,3678.0,1684.0,1138.0,2198.0,1580.0,2668.0,2273.0,956.0,2737.0,1315.0,863.0,1049.0,1134.0,872.0,1605.0,1340.0,1246.0,1975.0,1531.0,1213.0,1025.0,1886.0,646.0,555.0,1799.0,1647.0,1241.0,648.0,1657.0,595.0,1126.0,2057.0,764.0,1641.0,1127.0,2235.0,1580.0,1270.0,1378.0,1405.0,1389.0,5072.0,4282.0,4587.0,4777.0,4208.0,3228.0,2943.0,1769.0,0.0,997.0,1033.0
2015-10-19,1798.0,1829.0,2915.0,1296.0,1406.0,1688.0,1752.0,2705.0,1764.0,943.0,2038.0,1230.0,805.0,1364.0,1397.0,761.0,1312.0,1299.0,1165.0,1162.0,1059.0,1034.0,986.0,2305.0,616.0,527.0,1361.0,1073.0,940.0,676.0,1318.0,571.0,1005.0,2126.0,590.0,1285.0,1339.0,1452.0,1182.0,1400.0,902.0,896.0,1337.0,3833.0,2996.0,2803.0,3358.0,2415.0,2525.0,2012.0,1575.0,0.0,746.0,915.0
2015-10-20,1728.0,1815.0,2829.0,1354.0,1229.0,1679.0,1730.0,2557.0,1754.0,947.0,2175.0,1213.0,902.0,1260.0,1464.0,718.0,1256.0,1371.0,1117.0,1209.0,959.0,947.0,1093.0,2318.0,608.0,496.0,1327.0,1152.0,975.0,740.0,1350.0,594.0,1017.0,1969.0,674.0,1481.0,1415.0,1386.0,1261.0,1349.0,900.0,809.0,1250.0,3483.0,2895.0,2744.0,3243.0,2259.0,2300.0,2007.0,1437.0,0.0,723.0,821.0
2015-10-21,1853.0,1918.0,2976.0,1457.0,1316.0,1658.0,1854.0,2681.0,1625.0,829.0,1910.0,1114.0,754.0,1200.0,1299.0,725.0,1076.0,1228.0,1125.0,1224.0,891.0,840.0,1039.0,2418.0,711.0,555.0,1400.0,1010.0,905.0,684.0,1205.0,504.0,874.0,1833.0,569.0,1267.0,1494.0,1503.0,1134.0,1202.0,973.0,911.0,1195.0,4061.0,3025.0,2807.0,3394.0,2228.0,2600.0,1980.0,1713.0,0.0,729.0,697.0
2015-10-22,1654.0,1756.0,2698.0,1269.0,1165.0,1469.0,1710.0,2391.0,1664.0,788.0,1837.0,1102.0,711.0,1325.0,1288.0,651.0,1134.0,1282.0,1061.0,1188.0,832.0,793.0,842.0,2097.0,629.0,514.0,1330.0,977.0,848.0,674.0,1335.0,564.0,892.0,1848.0,596.0,1338.0,1282.0,1272.0,1125.0,1195.0,869.0,819.0,1216.0,3606.0,2702.0,2470.0,3173.0,2200.0,2274.0,1921.0,1346.0,0.0,691.0,682.0
2015-10-23,1805.0,1882.0,3176.0,1541.0,1248.0,1632.0,1956.0,2767.0,1468.0,742.0,1924.0,1001.0,737.0,1075.0,1287.0,648.0,1071.0,1178.0,990.0,1045.0,961.0,598.0,981.0,2367.0,813.0,568.0,1377.0,989.0,776.0,675.0,1142.0,512.0,815.0,2089.0,610.0,1215.0,1407.0,1351.0,1129.0,1171.0,976.0,942.0,1158.0,4125.0,3236.0,2833.0,3410.0,2356.0,2779.0,2193.0,1738.0,0.0,794.0,760.0
2015-10-24,1270.0,2123.0,3705.0,1707.0,1260.0,2152.0,1770.0,2848.0,2055.0,972.0,2332.0,1292.0,1108.0,1626.0,1270.0,710.0,1398.0,1280.0,1644.0,1523.0,1118.0,1012.0,1094.0,2224.0,883.0,588.0,1622.0,1236.0,1049.0,683.0,1311.0,594.0,1002.0,2312.0,726.0,1425.0,1348.0,1854.0,1483.0,1154.0,1228.0,1220.0,1266.0,4909.0,4023.0,4170.0,4457.0,3568.0,3323.0,2960.0,1767.0,0.0,874.0,890.0
2015-10-25,573.0,2039.0,3759.0,1691.0,1244.0,2221.0,1599.0,2551.0,2125.0,848.0,2556.0,1281.0,847.0,1039.0,1094.0,935.0,1461.0,1249.0,1133.0,1833.0,1574.0,1050.0,1053.0,1943.0,666.0,635.0,1876.0,1531.0,1248.0,643.0,1662.0,642.0,1143.0,2017.0,753.0,1495.0,1142.0,1836.0,1596.0,1147.0,1246.0,1252.0,1377.0,4760.0,4197.0,4337.0,4668.0,4088.0,3270.0,2861.0,1867.0,0.0,1031.0,1115.0
2015-10-26,1741.0,1739.0,2886.0,1359.0,1244.0,1570.0,1711.0,2504.0,1632.0,822.0,1920.0,1177.0,863.0,1327.0,1321.0,785.0,1233.0,1221.0,1117.0,1075.0,937.0,797.0,1052.0,2204.0,607.0,428.0,1338.0,1055.0,863.0,658.0,1221.0,574.0,970.0,2064.0,637.0,1315.0,1365.0,1167.0,1189.0,1390.0,937.0,863.0,1299.0,3679.0,2968.0,2627.0,3154.0,2244.0,2306.0,1877.0,1613.0,0.0,654.0,823.0
2015-10-27,1749.0,1773.0,2717.0,1278.0,1120.0,1574.0,1738.0,2511.0,1630.0,845.0,1917.0,1080.0,784.0,1186.0,1314.0,733.0,1264.0,1331.0,1138.0,1184.0,869.0,791.0,884.0,2150.0,598.0,422.0,1297.0,1054.0,944.0,737.0,1281.0,524.0,929.0,1818.0,614.0,1387.0,1335.0,1071.0,1202.0,1263.0,898.0,837.0,1134.0,3659.0,2709.0,2458.0,2899.0,2107.0,2395.0,1918.0,1336.0,0.0,684.0,771.0
2015-10-28,1784.0,1766.0,3012.0,1424.0,1196.0,1600.0,1781.0,2682.0,1587.0,744.0,1744.0,1029.0,763.0,1108.0,1221.0,727.0,1146.0,1173.0,1091.0,1109.0,823.0,717.0,1044.0,2309.0,730.0,450.0,1338.0,870.0,833.0,645.0,1072.0,494.0,809.0,1820.0,516.0,1190.0,1432.0,1170.0,1088.0,1122.0,923.0,893.0,1085.0,3978.0,2789.0,2529.0,3172.0,2116.0,2651.0,1849.0,1667.0,0.0,750.0,688.0
2015-10-29,1658.0,1594.0,2589.0,1212.0,1193.0,1451.0,1631.0,2327.0,1462.0,744.0,1742.0,1099.0,757.0,1200.0,1291.0,600.0,1005.0,1168.0,1013.0,1029.0,833.0,683.0,886.0,2172.0,671.0,443.0,1276.0,920.0,892.0,716.0,1178.0,516.0,832.0,1935.0,635.0,1341.0,1298.0,1103.0,1078.0,1103.0,843.0,787.0,1251.0,3453.0,2692.0,2366.0,3000.0,2011.0,2363.0,1795.0,1436.0,0.0,646.0,653.0
2015-10-30,1871.0,1846.0,3235.0,1407.0,1356.0,1649.0,1918.0,2928.0,1689.0,759.0,1938.0,1035.0,755.0,1108.0,1357.0,687.0,1072.0,1188.0,1084.0,1076.0,890.0,707.0,1038.0,2651.0,1088.0,587.0,1350.0,949.0,866.0,690.0,1254.0,557.0,797.0,2381.0,675.0,1179.0,1556.0,1322.0,1158.0,1232.0,948.0,888.0,1309.0,4327.0,3316.0,2958.0,3649.0,2511.0,2894.0,2040.0,1784.0,0.0,877.0,788.0
2015-10-31,1119.0,1908.0,3676.0,1538.0,1418.0,1971.0,1511.0,2656.0,2342.0,1062.0,2685.0,1231.0,1120.0,1512.0,1391.0,839.0,1462.0,1050.0,1804.0,1604.0,1354.0,980.0,995.0,2477.0,1875.0,661.0,1756.0,1419.0,1086.0,717.0,1701.0,700.0,1251.0,2965.0,916.0,1436.0,1517.0,1888.0,1577.0,1374.0,1276.0,1107.0,1650.0,4426.0,4376.0,4497.0,4777.0,3738.0,3426.0,2717.0,1890.0,0.0,1139.0,1088.0
2015-11-01,369.0,1430.0,2955.0,1333.0,1143.0,1614.0,1293.0,2006.0,1942.0,847.0,2715.0,1010.0,772.0,943.0,1014.0,884.0,1342.0,903.0,1224.0,1642.0,1496.0,837.0,797.0,1565.0,2245.0,549.0,1611.0,1281.0,965.0,561.0,1628.0,654.0,1028.0,2252.0,985.0,1549.0,1077.0,1532.0,1192.0,1109.0,1188.0,975.0,1462.0,4105.0,3668.0,3967.0,3990.0,3464.0,2735.0,2366.0,1406.0,0.0,1085.0,1122.0
2015-11-02,423.0,1733.0,3053.0,1334.0,1118.0,1747.0,1338.0,2086.0,1847.0,722.0,2363.0,945.0,749.0,1158.0,969.0,766.0,1355.0,928.0,1256.0,1511.0,1301.0,728.0,899.0,1524.0,1743.0,464.0,1628.0,1114.0,852.0,550.0,1269.0,568.0,839.0,1766.0,953.0,1256.0,1152.0,1434.0,1150.0,863.0,1017.0,980.0,1275.0,4118.0,3679.0,3624.0,4096.0,3370.0,2758.0,2561.0,1468.0,0.0,944.0,818.0
2015-11-03,499.0,1872.0,3590.0,1581.0,1249.0,2131.0,1509.0,2495.0,2349.0,937.0,2636.0,1276.0,995.0,1325.0,1222.0,888.0,1526.0,1300.0,1410.0,1996.0,1409.0,958.0,1023.0,1867.0,863.0,517.0,1802.0,1572.0,1265.0,643.0,1591.0,604.0,1164.0,1973.0,810.0,1241.0,1180.0,1572.0,1388.0,1179.0,1207.0,1058.0,1422.0,4678.0,4507.0,4364.0,4753.0,3999.0,3175.0,2850.0,1695.0,0.0,836.0,945.0
2015-11-04,1846.0,1883.0,3213.0,1409.0,1478.0,1705.0,1990.0,2850.0,2004.0,893.0,2292.0,1289.0,928.0,1460.0,1496.0,763.0,1334.0,1260.0,1441.0,1184.0,1043.0,816.0,1128.0,2458.0,753.0,550.0,1484.0,1046.0,958.0,693.0,1255.0,547.0,1075.0,2204.0,731.0,1114.0,1576.0,1511.0,1436.0,1358.0,1070.0,1025.0,1358.0,4054.0,3407.0,3185.0,3851.0,2640.0,2830.0,2115.0,1786.0,0.0,937.0,860.0
2015-11-05,1720.0,1779.0,2963.0,1334.0,1303.0,1529.0,1763.0,2619.0,1976.0,886.0,2116.0,1177.0,842.0,1315.0,1349.0,674.0,1199.0,1259.0,1207.0,1175.0,951.0,691.0,977.0,2332.0,635.0,529.0,1316.0,996.0,878.0,738.0,1301.0,592.0,956.0,2056.0,654.0,1079.0,1382.0,1246.0,1308.0,1314.0,925.0,845.0,1230.0,3612.0,3029.0,2818.0,3497.0,2453.0,2545.0,2085.0,1472.0,0.0,705.0,771.0
2015-11-06,1765.0,1807.0,3099.0,1420.0,1242.0,1611.0,1942.0,2829.0,1705.0,793.0,1907.0,1099.0,750.0,1084.0,1248.0,646.0,1055.0,1166.0,1068.0,1055.0,964.0,709.0,1041.0,2460.0,807.0,485.0,1327.0,858.0,844.0,656.0,1299.0,566.0,912.0,2201.0,583.0,1025.0,1545.0,1370.0,1270.0,1255.0,989.0,938.0,1251.0,4125.0,3391.0,3105.0,3638.0,2626.0,2909.0,2225.0,1685.0,0.0,849.0,795.0
2015-11-07,1281.0,2028.0,3589.0,1519.0,1180.0,2024.0,1728.0,3142.0,2247.0,1043.0,2585.0,1171.0,1161.0,1708.0,1288.0,838.0,1416.0,1266.0,1663.0,1659.0,1223.0,947.0,1025.0,2319.0,876.0,550.0,1527.0,1132.0,1085.0,687.0,1440.0,641.0,987.0,2211.0,669.0,1120.0,1517.0,1950.0,1778.0,1333.0,1186.0,1277.0,1329.0,5129.0,4399.0,4558.0,4784.0,3854.0,3516.0,3227.0,1799.0,0.0,962.0,925.0
2015-11-08,546.0,2088.0,3844.0,1739.0,1218.0,2207.0,1659.0,2844.0,2419.0,972.0,2775.0,1353.0,936.0,1092.0,1186.0,912.0,1593.0,1407.0,1404.0,2100.0,1573.0,960.0,1024.0,1797.0,681.0,525.0,1739.0,1445.0,1355.0,683.0,1670.0,619.0,1159.0,2052.0,710.0,1200.0,1024.0,1844.0,1666.0,1194.0,1337.0,1280.0,1393.0,5097.0,4326.0,4663.0,4953.0,4131.0,3345.0,2912.0,1895.0,0.0,1028.0,1118.0
2015-11-09,1744.0,1685.0,2906.0,1323.0,1372.0,1551.0,1739.0,2734.0,1913.0,911.0,2037.0,1237.0,817.0,1338.0,1438.0,785.0,1245.0,1178.0,1311.0,1241.0,1044.0,699.0,967.0,2234.0,636.0,459.0,1329.0,902.0,952.0,655.0,1274.0,571.0,1002.0,2082.0,596.0,955.0,1316.0,1361.0,1137.0,1358.0,961.0,787.0,1300.0,3796.0,3142.0,2981.0,3475.0,2514.0,2621.0,2088.0,1491.0,0.0,787.0,824.0
2015-11-10,1780.0,1782.0,2863.0,1380.0,1214.0,1552.0,1783.0,2730.0,1759.0,963.0,2079.0,1143.0,828.0,1363.0,1387.0,791.0,1297.0,1443.0,1140.0,1209.0,1002.0,654.0,904.0,2243.0,381.0,449.0,1344.0,1040.0,989.0,744.0,1327.0,578.0,946.0,2026.0,594.0,1145.0,1376.0,1241.0,1361.0,1404.0,867.0,895.0,1193.0,3920.0,2987.0,2679.0,3265.0,2209.0,2416.0,2042.0,1382.0,0.0,674.0,725.0
2015-11-11,1872.0,1928.0,3089.0,1449.0,1294.0,1604.0,1902.0,2800.0,1682.0,764.0,1901.0,984.0,657.0,1120.0,1288.0,694.0,1183.0,1322.0,1187.0,1133.0,977.0,661.0,958.0,2435.0,709.0,468.0,1436.0,939.0,831.0,681.0,1170.0,542.0,838.0,1939.0,563.0,967.0,1397.0,1384.0,1168.0,1148.0,941.0,852.0,1153.0,4237.0,2992.0,2683.0,3417.0,2244.0,2701.0,1990.0,1660.0,0.0,783.0,710.0
2015-11-12,1829.0,1815.0,2825.0,1419.0,1179.0,1557.0,1669.0,2473.0,1661.0,832.0,1989.0,1167.0,772.0,1220.0,1307.0,679.0,1114.0,1332.0,1089.0,1128.0,924.0,569.0,859.0,2054.0,610.0,415.0,1379.0,963.0,883.0,752.0,1234.0,544.0,828.0,1725.0,635.0,1003.0,1331.0,1181.0,1128.0,1136.0,911.0,788.0,1172.0,3028.0,2634.0,2526.0,3043.0,2143.0,2250.0,2309.0,1445.0,0.0,700.0,630.0
2015-11-13,1789.0,1901.0,3144.0,1432.0,1308.0,1637.0,2028.0,2804.0,1627.0,780.0,1938.0,1026.0,773.0,1127.0,1253.0,659.0,1043.0,1219.0,1151.0,1150.0,940.0,652.0,1074.0,2482.0,833.0,552.0,1448.0,962.0,851.0,625.0,1181.0,570.0,858.0,2279.0,633.0,1047.0,1444.0,1424.0,1265.0,1232.0,945.0,876.0,1258.0,4295.0,3362.0,2861.0,3567.0,2502.0,2954.0,2299.0,1667.0,0.0,819.0,746.0
2015-11-14,1343.0,2148.0,3895.0,1712.0,1277.0,2081.0,1824.0,2895.0,2193.0,1103.0,2433.0,1187.0,1124.0,1627.0,1257.0,817.0,1460.0,1328.0,1770.0,1685.0,1341.0,748.0,1071.0,2368.0,860.0,560.0,1659.0,1228.0,1056.0,756.0,1457.0,631.0,1058.0,2268.0,782.0,1103.0,1461.0,1849.0,1703.0,1284.0,1209.0,1213.0,1353.0,5267.0,4109.0,4179.0,4519.0,3774.0,3342.0,3032.0,1894.0,0.0,930.0,896.0
2015-11-15,502.0,2042.0,3787.0,1733.0,1256.0,2143.0,1612.0,2797.0,2290.0,1025.0,2707.0,1281.0,825.0,1039.0,1092.0,945.0,1596.0,1325.0,1295.0,1989.0,1849.0,775.0,1032.0,1956.0,704.0,595.0,1853.0,1621.0,1271.0,682.0,1600.0,600.0,1093.0,2104.0,796.0,1168.0,1042.0,1859.0,1506.0,1202.0,1357.0,1273.0,1441.0,5281.0,4448.0,4689.0,4980.0,4379.0,3334.0,2894.0,1955.0,0.0,1045.0,1142.0
2015-11-16,1787.0,1887.0,3008.0,1355.0,1365.0,1641.0,1758.0,2697.0,1942.0,854.0,2007.0,1216.0,817.0,1355.0,1400.0,728.0,1209.0,1303.0,1204.0,1225.0,1073.0,667.0,964.0,2302.0,637.0,535.0,1386.0,1081.0,943.0,645.0,1347.0,596.0,940.0,2176.0,645.0,968.0,1412.0,1260.0,1291.0,1418.0,983.0,878.0,1330.0,3883.0,3242.0,2843.0,3493.0,2558.0,2611.0,2094.0,1577.0,0.0,719.0,881.0
2015-11-17,1727.0,1783.0,2741.0,1381.0,1142.0,1534.0,1829.0,2522.0,1802.0,954.0,1979.0,1180.0,862.0,1163.0,1210.0,743.0,1322.0,1341.0,1124.0,1140.0,975.0,573.0,998.0,2161.0,599.0,497.0,1341.0,1194.0,1018.0,749.0,1233.0,575.0,964.0,2016.0,702.0,1090.0,1293.0,1153.0,1361.0,1287.0,900.0,811.0,1168.0,3678.0,2887.0,2637.0,3107.0,2358.0,2539.0,1919.0,1564.0,0.0,720.0,744.0
2015-11-18,1825.0,1932.0,3060.0,1389.0,1357.0,1626.0,1862.0,2803.0,1632.0,852.0,2012.0,1252.0,754.0,1230.0,1308.0,663.0,1213.0,1157.0,1134.0,1119.0,993.0,603.0,999.0,2466.0,678.0,487.0,1370.0,959.0,928.0,637.0,1177.0,517.0,876.0,1838.0,556.0,908.0,1395.0,1657.0,1176.0,1227.0,951.0,871.0,1095.0,4212.0,3070.0,2818.0,3464.0,2304.0,2804.0,2028.0,1670.0,0.0,735.0,720.0
2015-11-19,1810.0,1781.0,2858.0,1303.0,1263.0,1440.0,1730.0,2535.0,1700.0,833.0,1875.0,1171.0,744.0,1239.0,1311.0,733.0,1104.0,1270.0,1079.0,1234.0,970.0,584.0,926.0,2128.0,610.0,456.0,1251.0,962.0,929.0,696.0,1301.0,538.0,876.0,1862.0,626.0,998.0,1290.0,1286.0,1143.0,1168.0,921.0,829.0,1170.0,3809.0,2861.0,2688.0,3228.0,2149.0,2383.0,2014.0,1365.0,0.0,671.0,709.0
2015-11-20,1817.0,2105.0,3376.0,1577.0,1432.0,1707.0,1990.0,2939.0,1870.0,795.0,2050.0,1148.0,749.0,1169.0,1355.0,695.0,1261.0,1189.0,1135.0,1238.0,957.0,578.0,981.0,2615.0,795.0,523.0,1402.0,904.0,797.0,651.0,1247.0,555.0,906.0,2346.0,638.0,1076.0,1568.0,1433.0,1227.0,1232.0,1014.0,950.0,1215.0,4362.0,3593.0,3122.0,3829.0,2680.0,2891.0,2369.0,1869.0,0.0,802.0,732.0
2015-11-21,1321.0,2096.0,3687.0,1581.0,1277.0,2063.0,1742.0,2872.0,2069.0,984.0,2458.0,1315.0,1095.0,1642.0,1275.0,824.0,1495.0,1148.0,1713.0,1668.0,1308.0,748.0,1064.0,2428.0,878.0,502.0,1702.0,1234.0,1092.0,751.0,1466.0,639.0,1011.0,2301.0,707.0,1079.0,1384.0,1904.0,1528.0,1309.0,1160.0,1170.0,1180.0,5231.0,4157.0,4200.0,4567.0,3593.0,3216.0,3050.0,1936.0,0.0,933.0,907.0
2015-11-22,531.0,2082.0,3781.0,1691.0,1234.0,2244.0,1537.0,2846.0,2230.0,925.0,2376.0,1209.0,882.0,1034.0,1079.0,922.0,1522.0,1376.0,1207.0,1856.0,1725.0,741.0,1035.0,1824.0,661.0,480.0,1756.0,1509.0,1244.0,713.0,1656.0,575.0,1073.0,1960.0,718.0,1128.0,1151.0,1819.0,1629.0,1154.0,1327.0,1248.0,1371.0,5035.0,4098.0,4448.0,4829.0,4116.0,3304.0,2905.0,1801.0,0.0,1014.0,1086.0
2015-11-23,1858.0,1789.0,2974.0,1307.0,1264.0,1662.0,1836.0,2716.0,1708.0,957.0,1978.0,1116.0,834.0,1365.0,1370.0,735.0,1383.0,1227.0,1249.0,1290.0,893.0,688.0,965.0,2159.0,615.0,444.0,1367.0,956.0,1013.0,669.0,1295.0,545.0,971.0,2036.0,654.0,1022.0,1324.0,1272.0,1157.0,1428.0,918.0,780.0,1303.0,3865.0,3076.0,2919.0,3447.0,2482.0,2571.0,2056.0,1534.0,0.0,697.0,847.0
2015-11-24,1789.0,1863.0,2830.0,1350.0,1215.0,1524.0,1809.0,2612.0,1625.0,817.0,2009.0,1144.0,834.0,1293.0,1348.0,689.0,1282.0,1317.0,1086.0,1122.0,924.0,597.0,930.0,2209.0,594.0,459.0,1317.0,1039.0,1020.0,774.0,1275.0,556.0,914.0,1960.0,665.0,1086.0,1361.0,1246.0,1254.0,1316.0,933.0,840.0,1179.0,3966.0,2992.0,2710.0,3329.0,2352.0,2509.0,2024.0,1617.0,0.0,647.0,778.0
2015-11-25,1805.0,1884.0,3192.0,1559.0,1254.0,1719.0,2004.0,2866.0,1673.0,818.0,1791.0,1072.0,748.0,1253.0,1294.0,638.0,1138.0,1197.0,1130.0,1147.0,947.0,528.0,1038.0,2376.0,703.0,533.0,1509.0,922.0,810.0,708.0,1141.0,524.0,803.0,1774.0,566.0,963.0,1468.0,1382.0,1137.0,1100.0,970.0,933.0,1151.0,4709.0,3256.0,2933.0,3509.0,2509.0,2958.0,2137.0,1705.0,0.0,760.0,684.0
2015-11-26,1746.0,1808.0,3005.0,1365.0,1177.0,1529.0,1827.0,2594.0,1604.0,791.0,1833.0,1156.0,825.0,1179.0,1231.0,630.0,1037.0,1268.0,989.0,1163.0,895.0,517.0,933.0,2197.0,637.0,515.0,1299.0,913.0,883.0,638.0,1285.0,529.0,781.0,1788.0,639.0,970.0,1340.0,1287.0,1141.0,1073.0,916.0,782.0,1152.0,3940.0,2915.0,2626.0,3287.0,2324.0,2536.0,2126.0,1669.0,0.0,688.0,608.0
2015-11-27,1862.0,1943.0,3283.0,1422.0,1424.0,1767.0,1954.0,2968.0,1516.0,725.0,1891.0,1061.0,723.0,1174.0,1180.0,680.0,1028.0,1249.0,1065.0,1100.0,1004.0,537.0,1006.0,2549.0,845.0,648.0,1329.0,904.0,780.0,648.0,1313.0,533.0,773.0,2192.0,606.0,949.0,1523.0,1570.0,1129.0,1195.0,1082.0,973.0,1172.0,4704.0,3949.0,3482.0,3938.0,3194.0,3299.0,2663.0,1842.0,0.0,784.0,760.0
2015-11-28,1258.0,1980.0,3532.0,1426.0,1363.0,1910.0,1692.0,2981.0,2087.0,932.0,2267.0,1222.0,1072.0,1528.0,1316.0,750.0,1378.0,1158.0,1635.0,1392.0,1305.0,716.0,1049.0,2412.0,912.0,665.0,1747.0,1178.0,1062.0,661.0,1494.0,630.0,1026.0,2219.0,708.0,1062.0,1867.0,1995.0,1547.0,1195.0,1245.0,1305.0,1267.0,5245.0,4437.0,4418.0,4692.0,4001.0,3544.0,3306.0,2053.0,0.0,919.0,855.0
2015-11-29,509.0,2068.0,3847.0,1867.0,1202.0,2190.0,1626.0,2974.0,2227.0,913.0,2571.0,1294.0,860.0,1052.0,1071.0,865.0,1604.0,1391.0,1284.0,1979.0,1744.0,756.0,956.0,2107.0,717.0,664.0,1833.0,1414.0,1266.0,636.0,1675.0,609.0,1111.0,2126.0,771.0,1179.0,1125.0,2005.0,1503.0,1116.0,1384.0,1266.0,1400.0,5772.0,4760.0,5068.0,5151.0,4787.0,3751.0,3270.0,2146.0,0.0,934.0,1121.0
2015-11-30,1943.0,1844.0,3144.0,1369.0,1304.0,1863.0,1835.0,2970.0,1910.0,935.0,2041.0,1231.0,835.0,1449.0,1488.0,749.0,1370.0,1365.0,1241.0,1354.0,1061.0,646.0,988.0,2360.0,685.0,575.0,1477.0,1059.0,998.0,730.0,1315.0,600.0,944.0,2175.0,689.0,1051.0,1447.0,1457.0,1198.0,1354.0,1131.0,893.0,1328.0,4433.0,3703.0,3288.0,3866.0,2829.0,2804.0,2508.0,1804.0,0.0,785.0,835.0
2015-12-01,1905.0,1915.0,3096.0,1480.0,1386.0,1850.0,1931.0,2919.0,2164.0,1048.0,2447.0,1220.0,999.0,1443.0,1491.0,738.0,1370.0,1513.0,1265.0,1456.0,1051.0,668.0,991.0,2493.0,664.0,654.0,1403.0,1279.0,1212.0,768.0,1571.0,643.0,1157.0,2237.0,748.0,1292.0,1433.0,1443.0,1446.0,1533.0,1099.0,883.0,1291.0,4326.0,3537.0,3296.0,3826.0,2909.0,2880.0,2391.0,1653.0,0.0,803.0,775.0
2015-12-02,1994.0,2142.0,3347.0,1567.0,1420.0,1871.0,1969.0,3067.0,2089.0,990.0,2348.0,1250.0,848.0,1322.0,1487.0,726.0,1340.0,1392.0,1231.0,1531.0,998.0,720.0,1051.0,2543.0,811.0,595.0,1427.0,1047.0,951.0,737.0,1209.0,626.0,977.0,2144.0,651.0,1062.0,1630.0,1537.0,1320.0,1456.0,1108.0,1032.0,1230.0,4938.0,3522.0,3260.0,4037.0,3045.0,3083.0,2318.0,1871.0,0.0,843.0,798.0
2015-12-03,1925.0,2017.0,3194.0,1478.0,1336.0,1761.0,1936.0,2825.0,2054.0,921.0,2415.0,1257.0,829.0,1350.0,1372.0,742.0,1318.0,1409.0,1210.0,1434.0,1014.0,670.0,957.0,2385.0,698.0,583.0,1337.0,1121.0,994.0,751.0,1524.0,588.0,961.0,2261.0,715.0,1125.0,1455.0,1447.0,1331.0,1379.0,988.0,851.0,1407.0,4124.0,3321.0,2975.0,3813.0,2758.0,2905.0,2260.0,1573.0,0.0,803.0,675.0
2015-12-04,2083.0,2065.0,3539.0,1592.0,1450.0,1834.0,2154.0,2939.0,1821.0,890.0,2239.0,1145.0,817.0,1297.0,1347.0,695.0,1215.0,1338.0,1181.0,1319.0,1065.0,630.0,1081.0,2562.0,893.0,553.0,1459.0,995.0,905.0,713.0,1340.0,560.0,902.0,2428.0,614.0,1047.0,1658.0,1577.0,1330.0,1289.0,1054.0,1003.0,1344.0,4234.0,3689.0,3174.0,3779.0,2983.0,3138.0,2500.0,1956.0,0.0,857.0,761.0
2015-12-05,1294.0,2225.0,3869.0,1699.0,1473.0,2124.0,1905.0,3125.0,2326.0,1080.0,2783.0,1304.0,1279.0,1768.0,1303.0,888.0,1504.0,1291.0,1875.0,1781.0,1470.0,774.0,1069.0,2426.0,878.0,623.0,1679.0,1198.0,1164.0,746.0,1574.0,627.0,1105.0,2688.0,741.0,1152.0,1560.0,2090.0,1859.0,1344.0,1328.0,1288.0,1373.0,4772.0,4248.0,4227.0,4620.0,3911.0,3528.0,3708.0,2047.0,0.0,977.0,947.0
2015-12-06,532.0,1993.0,3807.0,1698.0,1312.0,2236.0,1615.0,3028.0,2435.0,974.0,2997.0,1259.0,913.0,1176.0,1199.0,921.0,1493.0,1409.0,1363.0,2098.0,1847.0,815.0,1024.0,2074.0,733.0,643.0,1748.0,1485.0,1341.0,702.0,1690.0,638.0,1110.0,2503.0,687.0,1199.0,1200.0,2008.0,1646.0,1265.0,1413.0,1273.0,1503.0,5358.0,4586.0,4638.0,5119.0,4403.0,3576.0,3348.0,2022.0,0.0,994.0,1209.0
2015-12-07,1945.0,1991.0,3376.0,1513.0,1446.0,1847.0,1985.0,3069.0,2099.0,1023.0,2334.0,1325.0,888.0,1530.0,1500.0,799.0,1416.0,1474.0,1326.0,1383.0,1040.0,703.0,1029.0,2466.0,660.0,535.0,1368.0,1055.0,1036.0,728.0,1412.0,604.0,1016.0,2268.0,651.0,1086.0,1497.0,1407.0,1384.0,1533.0,1079.0,897.0,1318.0,4618.0,3597.0,3410.0,4044.0,2891.0,3050.0,2374.0,1703.0,0.0,732.0,964.0
2015-12-08,1863.0,1923.0,3138.0,1390.0,1297.0,1784.0,1861.0,2802.0,1968.0,930.0,2240.0,1217.0,886.0,1357.0,1437.0,752.0,1334.0,1464.0,1126.0,1243.0,1044.0,668.0,1023.0,2434.0,644.0,528.0,1354.0,1129.0,1060.0,761.0,1423.0,535.0,969.0,2158.0,638.0,1153.0,1472.0,1737.0,1368.0,1408.0,1010.0,864.0,1298.0,4311.0,3247.0,2940.0,3757.0,2517.0,2852.0,2319.0,1563.0,0.0,746.0,764.0
2015-12-09,1988.0,2128.0,3317.0,1528.0,1296.0,1890.0,2029.0,3074.0,1893.0,978.0,2149.0,1223.0,816.0,1223.0,1380.0,738.0,1297.0,1412.0,1181.0,1325.0,952.0,620.0,1111.0,2600.0,756.0,643.0,1414.0,978.0,932.0,734.0,1232.0,539.0,878.0,2059.0,630.0,1064.0,1626.0,1474.0,1287.0,1273.0,1079.0,969.0,1207.0,4944.0,3574.0,3203.0,3985.0,2642.0,3491.0,2278.0,1954.0,0.0,889.0,733.0
2015-12-10,1900.0,1954.0,3172.0,1355.0,1334.0,1601.0,1903.0,2871.0,1891.0,895.0,2142.0,1189.0,812.0,1352.0,1321.0,727.0,1222.0,1437.0,1098.0,1360.0,916.0,698.0,1041.0,2516.0,667.0,575.0,1317.0,1015.0,894.0,750.0,1395.0,542.0,934.0,2140.0,622.0,1136.0,1586.0,1365.0,1419.0,1289.0,975.0,902.0,1262.0,4584.0,3318.0,2976.0,4368.0,2535.0,3017.0,2370.0,1741.0,0.0,752.0,727.0
2015-12-11,2035.0,2225.0,3661.0,1662.0,1461.0,1793.0,2199.0,3205.0,1682.0,803.0,2246.0,1123.0,763.0,1207.0,1428.0,701.0,1122.0,1392.0,1146.0,1195.0,1035.0,699.0,1146.0,2803.0,897.0,615.0,1474.0,1005.0,843.0,710.0,1313.0,593.0,874.0,2379.0,660.0,1054.0,1738.0,1542.0,1387.0,1326.0,1123.0,1002.0,1254.0,5118.0,3911.0,3298.0,4101.0,2851.0,3377.0,2527.0,1946.0,0.0,871.0,830.0
2015-12-12,1463.0,2223.0,4046.0,1722.0,1383.0,2088.0,2039.0,3492.0,2231.0,1082.0,2602.0,1334.0,1127.0,1620.0,1318.0,787.0,1422.0,1408.0,1788.0,1746.0,1332.0,733.0,1108.0,2590.0,940.0,644.0,1745.0,1239.0,1117.0,743.0,1497.0,622.0,1031.0,2470.0,746.0,1116.0,1644.0,2185.0,1763.0,1285.0,1289.0,1270.0,1320.0,5968.0,4862.0,4558.0,4877.0,3985.0,4047.0,3628.0,2203.0,0.0,1008.0,923.0
2015-12-13,557.0,2205.0,4103.0,1772.0,1328.0,2177.0,1757.0,2875.0,2435.0,988.0,2686.0,1340.0,908.0,1175.0,1140.0,900.0,1593.0,1473.0,1221.0,2044.0,1805.0,847.0,982.0,2024.0,738.0,734.0,1826.0,1414.0,1195.0,693.0,1648.0,616.0,1077.0,2288.0,687.0,1197.0,1247.0,1953.0,1651.0,1181.0,1333.0,1205.0,1338.0,5672.0,4837.0,4888.0,5253.0,4599.0,3897.0,3238.0,1985.0,0.0,1026.0,1124.0
2015-12-14,1995.0,2010.0,3482.0,1482.0,1441.0,1800.0,1987.0,3169.0,1990.0,962.0,2137.0,1318.0,861.0,1508.0,1478.0,792.0,1388.0,1437.0,1306.0,1332.0,1088.0,723.0,1021.0,2573.0,667.0,528.0,1364.0,1022.0,946.0,739.0,1332.0,578.0,1070.0,2260.0,594.0,1069.0,1531.0,1455.0,1481.0,1428.0,1049.0,912.0,1233.0,4645.0,3700.0,3333.0,4196.0,2895.0,3367.0,2603.0,1702.0,0.0,706.0,855.0
2015-12-15,2025.0,2049.0,3645.0,1552.0,1132.0,1929.0,1999.0,3108.0,2030.0,989.0,2291.0,1163.0,844.0,1364.0,1469.0,783.0,1416.0,1539.0,1004.0,1469.0,1099.0,707.0,1083.0,2571.0,615.0,581.0,1353.0,1243.0,1094.0,792.0,1572.0,589.0,871.0,2189.0,770.0,1253.0,1513.0,1409.0,1436.0,1470.0,1145.0,845.0,1289.0,4934.0,3794.0,3284.0,4367.0,2823.0,3206.0,2651.0,1698.0,0.0,826.0,854.0
2015-12-16,2241.0,2364.0,3939.0,1756.0,1441.0,2093.0,2251.0,3684.0,2042.0,939.0,2220.0,1226.0,857.0,1406.0,1419.0,726.0,1315.0,1526.0,1162.0,1431.0,1040.0,738.0,1178.0,2850.0,767.0,618.0,1515.0,1131.0,1026.0,826.0,1424.0,600.0,990.0,2268.0,706.0,1113.0,1875.0,1710.0,1455.0,1415.0,1188.0,1069.0,1211.0,5492.0,4097.0,3607.0,4697.0,3051.0,3733.0,2728.0,2053.0,0.0,944.0,820.0
2015-12-17,2169.0,2235.0,3854.0,1790.0,1529.0,2031.0,2135.0,3674.0,2116.0,914.0,2348.0,1363.0,856.0,1416.0,1452.0,828.0,1409.0,1720.0,1240.0,1532.0,1134.0,753.0,1145.0,2824.0,755.0,662.0,1474.0,1182.0,1122.0,782.0,1612.0,696.0,972.0,2400.0,738.0,1260.0,1766.0,1683.0,1540.0,1491.0,1257.0,1006.0,1319.0,5629.0,4164.0,4166.0,4890.0,3092.0,4076.0,2906.0,1883.0,0.0,863.0,879.0
2015-12-18,2252.0,2310.0,4275.0,1856.0,1615.0,2139.0,2364.0,3818.0,1984.0,871.0,2441.0,1252.0,883.0,1322.0,1427.0,795.0,1302.0,1532.0,1148.0,1368.0,1146.0,727.0,1208.0,3026.0,913.0,684.0,1519.0,1217.0,1041.0,814.0,1625.0,611.0,1039.0,2585.0,705.0,1131.0,1903.0,1802.0,1667.0,1455.0,1394.0,1106.0,1239.0,5826.0,4577.0,4061.0,4961.0,3326.0,4197.0,2932.0,2266.0,0.0,1072.0,910.0
2015-12-19,1625.0,2689.0,4605.0,2089.0,1903.0,2563.0,2225.0,3784.0,2859.0,1325.0,2958.0,1468.0,1272.0,1849.0,1504.0,938.0,1618.0,1612.0,1941.0,2139.0,1753.0,865.0,1189.0,3015.0,1106.0,874.0,1986.0,1639.0,1359.0,921.0,1951.0,784.0,1433.0,3146.0,829.0,1345.0,1878.0,2549.0,2174.0,1556.0,1799.0,1448.0,1510.0,7085.0,5564.0,5866.0,6130.0,5081.0,4896.0,4014.0,2614.0,0.0,1316.0,1169.0
2015-12-20,860.0,2436.0,4626.0,2107.0,1657.0,2601.0,1814.0,3468.0,2951.0,1261.0,3263.0,1432.0,996.0,1349.0,1163.0,1022.0,1746.0,1579.0,1409.0,2469.0,1918.0,1040.0,1193.0,2610.0,862.0,896.0,1914.0,1571.0,1328.0,792.0,1984.0,748.0,1354.0,2868.0,762.0,1340.0,1554.0,2674.0,2149.0,1330.0,1769.0,1564.0,1586.0,6889.0,5988.0,6234.0,5751.0,5830.0,4871.0,4210.0,2409.0,0.0,1349.0,1297.0
2015-12-21,2364.0,2848.0,4960.0,2143.0,2017.0,2602.0,2412.0,4292.0,2767.0,1213.0,2962.0,1502.0,1117.0,1832.0,1799.0,965.0,1731.0,1786.0,1768.0,2064.0,1508.0,955.0,1339.0,3432.0,918.0,969.0,1700.0,1407.0,1276.0,899.0,1947.0,787.0,1324.0,2968.0,802.0,1403.0,1985.0,2249.0,1886.0,1819.0,1702.0,1370.0,1536.0,6930.0,5991.0,5435.0,6494.0,4667.0,4956.0,3890.0,2631.0,0.0,1209.0,1183.0
2015-12-22,2612.0,3081.0,5207.0,2450.0,2348.0,2779.0,2639.0,4676.0,3239.0,1414.0,3380.0,1690.0,1189.0,1866.0,1977.0,1271.0,1921.0,1934.0,1753.0,2393.0,1743.0,977.0,1606.0,3790.0,991.0,1252.0,1906.0,1844.0,1603.0,1070.0,2372.0,904.0,1472.0,3138.0,961.0,1732.0,2279.0,2632.0,2175.0,2030.0,1938.0,1494.0,1677.0,7502.0,6336.0,6143.0,6791.0,5139.0,5335.0,4585.0,2841.0,0.0,1527.0,1317.0
2015-12-23,2833.0,3690.0,5811.0,2874.0,2727.0,3282.0,2881.0,5087.0,3462.0,1549.0,3346.0,1855.0,1283.0,2045.0,1969.0,1223.0,2006.0,1994.0,1890.0,2562.0,2082.0,1053.0,1772.0,4353.0,1234.0,1349.0,2049.0,1845.0,1695.0,1068.0,2508.0,883.0,1548.0,3285.0,828.0,1612.0,2806.0,3044.0,2383.0,2060.0,2265.0,1937.0,1647.0,8359.0,7080.0,7048.0,7350.0,6152.0,6203.0,5162.0,3292.0,0.0,1767.0,1250.0
2015-12-24,2775.0,4060.0,5780.0,3434.0,3069.0,4132.0,2934.0,5115.0,4313.0,2003.0,5018.0,2042.0,1601.0,2359.0,2281.0,1528.0,2689.0,2286.0,2002.0,3943.0,2482.0,1286.0,2031.0,4053.0,1329.0,1860.0,2348.0,2439.0,2037.0,1337.0,3594.0,1392.0,2394.0,3384.0,1147.0,2002.0,2710.0,3168.0,2987.0,2166.0,2407.0,2139.0,1991.0,7700.0,6909.0,7594.0,7275.0,7044.0,6266.0,5425.0,2957.0,0.0,2226.0,1726.0
2015-12-26,1149.0,2096.0,3963.0,1854.0,1661.0,2323.0,1858.0,2945.0,2744.0,1399.0,3222.0,1438.0,1308.0,1818.0,1419.0,945.0,1605.0,1153.0,1920.0,2030.0,1670.0,843.0,1245.0,2490.0,1889.0,826.0,1982.0,1379.0,1035.0,756.0,2136.0,708.0,1243.0,2657.0,881.0,1465.0,1608.0,2321.0,2008.0,1521.0,1576.0,1343.0,1570.0,5549.0,5307.0,5400.0,5721.0,4938.0,4195.0,4050.0,2198.0,0.0,1178.0,1056.0
2015-12-27,395.0,1768.0,3249.0,1545.0,1290.0,1882.0,1377.0,2477.0,2225.0,993.0,2772.0,1187.0,894.0,1012.0,1028.0,805.0,1362.0,1128.0,1086.0,1968.0,1566.0,674.0,895.0,1898.0,1384.0,741.0,1679.0,1382.0,1026.0,588.0,1822.0,588.0,1099.0,2527.0,762.0,1289.0,987.0,1851.0,1479.0,1124.0,1339.0,981.0,1385.0,4656.0,4473.0,4720.0,4843.0,4533.0,3280.0,3083.0,1876.0,0.0,977.0,1070.0
2015-12-28,1775.0,2056.0,3542.0,1602.0,1746.0,1986.0,1581.0,3174.0,2303.0,1054.0,2473.0,1218.0,876.0,1586.0,1623.0,780.0,1444.0,1213.0,1310.0,1389.0,1351.0,609.0,1127.0,2527.0,1546.0,719.0,1268.0,909.0,888.0,659.0,1677.0,538.0,1086.0,2453.0,567.0,1085.0,1611.0,1812.0,1540.0,1509.0,1237.0,990.0,1463.0,4485.0,4306.0,4629.0,4676.0,3411.0,3068.0,3061.0,1891.0,0.0,923.0,905.0
2015-12-29,1761.0,2158.0,3577.0,1796.0,1712.0,2105.0,1673.0,3096.0,2510.0,1146.0,2750.0,1331.0,975.0,1535.0,1568.0,799.0,1493.0,1336.0,1441.0,1712.0,1296.0,758.0,1235.0,2817.0,1887.0,859.0,1636.0,1409.0,1313.0,815.0,1945.0,641.0,1326.0,2864.0,789.0,1545.0,1676.0,1796.0,1725.0,1557.0,1447.0,1047.0,1521.0,5143.0,4604.0,4649.0,5001.0,3891.0,3257.0,3259.0,2458.0,0.0,1098.0,885.0
2015-12-30,2091.0,2575.0,4449.0,2173.0,2188.0,2682.0,1902.0,3620.0,2619.0,1217.0,2850.0,1315.0,1072.0,1670.0,1604.0,949.0,1483.0,1364.0,1762.0,1770.0,1472.0,756.0,1404.0,3365.0,2489.0,1167.0,1906.0,1425.0,1289.0,896.0,2574.0,705.0,1532.0,2899.0,889.0,1702.0,1903.0,2120.0,1628.0,1667.0,1705.0,1309.0,1709.0,5938.0,5088.0,5414.0,5729.0,4429.0,3696.0,3495.0,2616.0,0.0,1644.0,1032.0
2015-12-31,2025.0,3128.0,4421.0,2661.0,2185.0,3376.0,1924.0,3602.0,2972.0,1443.0,3443.0,1621.0,1114.0,1896.0,1754.0,1389.0,2012.0,906.0,1545.0,2532.0,1971.0,948.0,1467.0,2942.0,3178.0,1658.0,2306.0,2312.0,1778.0,1168.0,3489.0,1404.0,2227.0,3161.0,1367.0,2409.0,2012.0,2078.0,2147.0,1905.0,1764.0,1553.0,2345.0,5414.0,4402.0,5180.0,5296.0,4456.0,3828.0,2948.0,2892.0,0.0,2300.0,1572.0
2016-01-02,0.0,6.0,0.0,0.0,0.0,0.0,0.0,0.0,0.0,0.0,0.0,0.0,0.0,0.0,0.0,373.0,0.0,0.0,0.0,1816.0,1388.0,849.0,1092.0,1901.0,2582.0,654.0,1651.0,1265.0,1010.0,596.0,1859.0,663.0,1156.0,2364.0,1065.0,1576.0,1536.0,2358.0,1734.0,1323.0,1347.0,1351.0,1340.0,4539.0,4840.0,5256.0,4967.0,4574.0,3375.0,3669.0,1450.0,0.0,1099.0,1004.0
2016-01-04,10.0,0.0,0.0,0.0,1485.0,0.0,0.0,0.0,0.0,0.0,0.0,0.0,0.0,0.0,0.0,0.0,0.0,0.0,0.0,0.0,0.0,0.0,1119.0,2491.0,938.0,660.0,0.0,0.0,0.0,599.0,1510.0,605.0,1122.0,2359.0,0.0,0.0,1655.0,1736.0,1540.0,0.0,0.0,0.0,0.0,0.0,0.0,0.0,0.0,0.0,0.0,0.0,0.0,0.0,0.0,0.0
2016-01-05,1840.0,1903.0,3057.0,1464.0,1379.0,1824.0,1827.0,2838.0,2193.0,977.0,2395.0,1274.0,913.0,1516.0,1514.0,855.0,1414.0,1378.0,1230.0,1333.0,1146.0,678.0,1095.0,2486.0,792.0,579.0,1558.0,1365.0,1114.0,815.0,1511.0,619.0,1123.0,2231.0,728.0,1337.0,1508.0,1531.0,1431.0,1527.0,1113.0,955.0,1319.0,4113.0,3698.0,3402.0,4063.0,2934.0,2967.0,2528.0,1887.0,0.0,875.0,866.0
2016-01-06,1996.0,2058.0,3398.0,1613.0,1482.0,1880.0,1915.0,3102.0,2037.0,889.0,2251.0,1257.0,868.0,1245.0,1449.0,776.0,1308.0,1283.0,1102.0,1312.0,1018.0,631.0,1101.0,2728.0,917.0,636.0,1578.0,1127.0,1086.0,763.0,1411.0,637.0,1019.0,2022.0,635.0,1194.0,1623.0,1698.0,1191.0,1382.0,1136.0,942.0,1297.0,4661.0,3816.0,3325.0,4136.0,2859.0,3083.0,2301.0,1916.0,0.0,948.0,808.0
2016-01-07,1822.0,1821.0,2946.0,1390.0,1242.0,1691.0,1776.0,2762.0,1949.0,872.0,2168.0,1234.0,884.0,1483.0,1324.0,706.0,1207.0,1358.0,1084.0,1438.0,916.0,654.0,981.0,2201.0,724.0,457.0,1346.0,1034.0,966.0,717.0,1394.0,524.0,940.0,1968.0,669.0,1121.0,1445.0,1430.0,1286.0,1269.0,956.0,922.0,1299.0,3866.0,3306.0,2981.0,3528.0,2545.0,2664.0,2070.0,1590.0,0.0,753.0,733.0
2016-01-08,1823.0,1887.0,3205.0,1523.0,1296.0,1768.0,1896.0,2923.0,1807.0,836.0,2131.0,1095.0,776.0,1290.0,1285.0,737.0,1148.0,1148.0,999.0,1226.0,882.0,602.0,1090.0,2416.0,967.0,567.0,1460.0,1033.0,903.0,587.0,1312.0,547.0,897.0,2268.0,662.0,1006.0,1535.0,1503.0,1207.0,1314.0,1067.0,976.0,1259.0,4301.0,3644.0,3133.0,3812.0,2689.0,2991.0,2426.0,1781.0,0.0,840.0,868.0
2016-01-09,1331.0,2141.0,3824.0,1753.0,1350.0,2331.0,1942.0,2988.0,2481.0,1093.0,2493.0,1370.0,1198.0,1700.0,1434.0,769.0,1598.0,1334.0,1641.0,1797.0,1244.0,692.0,1115.0,2378.0,1298.0,617.0,1802.0,1334.0,1237.0,715.0,1530.0,686.0,1022.0,2298.0,669.0,1192.0,1649.0,2191.0,1761.0,1364.0,1191.0,1310.0,1316.0,5186.0,4545.0,4696.0,4971.0,4044.0,3396.0,3198.0,1924.0,0.0,1022.0,814.0
2016-01-10,507.0,2064.0,3740.0,1770.0,1259.0,2219.0,1646.0,2767.0,2389.0,916.0,2887.0,1376.0,941.0,1280.0,1114.0,906.0,1648.0,1266.0,1223.0,2178.0,1513.0,685.0,1050.0,1829.0,895.0,590.0,1835.0,1505.0,1266.0,681.0,1650.0,614.0,1133.0,2096.0,715.0,1222.0,1132.0,2025.0,1578.0,1093.0,1238.0,1275.0,1300.0,5220.0,4551.0,4709.0,4943.0,4395.0,3399.0,2977.0,1909.0,0.0,1070.0,1134.0
2016-01-11,1767.0,1920.0,2926.0,1429.0,1308.0,1696.0,1833.0,2730.0,1906.0,880.0,2118.0,1231.0,905.0,1436.0,1396.0,797.0,1341.0,1208.0,1207.0,1265.0,961.0,659.0,1002.0,2157.0,724.0,442.0,1305.0,911.0,956.0,693.0,1391.0,564.0,999.0,2016.0,660.0,1003.0,1402.0,1439.0,1310.0,1445.0,885.0,929.0,1286.0,3968.0,3262.0,2923.0,3548.0,2396.0,2590.0,2221.0,1534.0,0.0,799.0,827.0
2016-01-12,1744.0,1863.0,2804.0,1367.0,1176.0,1599.0,1706.0,2562.0,1782.0,901.0,2100.0,1134.0,869.0,1407.0,1488.0,759.0,1361.0,1395.0,1068.0,1279.0,916.0,581.0,1040.0,2098.0,645.0,448.0,1366.0,1126.0,973.0,670.0,1314.0,578.0,998.0,2027.0,638.0,1179.0,1359.0,1333.0,1292.0,1385.0,924.0,807.0,1225.0,3743.0,3103.0,2674.0,3268.0,2158.0,2428.0,2066.0,1489.0,0.0,697.0,784.0
2016-01-13,1729.0,1816.0,2985.0,1415.0,1260.0,1546.0,1682.0,2692.0,1656.0,698.0,1854.0,1181.0,755.0,1155.0,1222.0,693.0,1053.0,1087.0,1047.0,1110.0,757.0,534.0,1069.0,2472.0,734.0,469.0,1510.0,984.0,922.0,680.0,1172.0,573.0,827.0,1866.0,567.0,1039.0,1493.0,1346.0,1102.0,1247.0,986.0,881.0,1097.0,3956.0,3078.0,2713.0,3407.0,2238.0,2666.0,1938.0,1760.0,0.0,824.0,674.0
2016-01-14,1782.0,1755.0,2830.0,1308.0,1191.0,1615.0,1774.0,2676.0,1708.0,796.0,1928.0,1159.0,825.0,1267.0,1334.0,678.0,1134.0,1244.0,959.0,1279.0,797.0,549.0,970.0,2214.0,616.0,449.0,1271.0,989.0,955.0,734.0,1252.0,580.0,824.0,1812.0,590.0,1004.0,1429.0,1300.0,1208.0,1201.0,865.0,861.0,1173.0,3784.0,2911.0,2683.0,3130.0,2277.0,2397.0,2047.0,1448.0,0.0,658.0,689.0
2016-01-15,1872.0,1999.0,3251.0,1510.0,1337.0,1759.0,2035.0,2843.0,1839.0,762.0,2032.0,1162.0,716.0,1126.0,1278.0,708.0,1127.0,1202.0,1068.0,1272.0,906.0,570.0,1030.0,2523.0,1006.0,589.0,1437.0,1084.0,932.0,726.0,1332.0,524.0,850.0,2311.0,628.0,1078.0,1615.0,1418.0,1305.0,1255.0,1014.0,1005.0,1220.0,4416.0,3741.0,2977.0,3393.0,2660.0,2884.0,2290.0,1799.0,0.0,925.0,764.0
2016-01-16,1329.0,2157.0,3869.0,1724.0,1349.0,2268.0,1884.0,2955.0,2349.0,1054.0,2516.0,1369.0,1178.0,1678.0,1296.0,814.0,1593.0,1215.0,1586.0,1646.0,1164.0,693.0,1095.0,2349.0,1380.0,649.0,1918.0,1370.0,1244.0,692.0,1510.0,698.0,1095.0,2490.0,771.0,1194.0,1590.0,2155.0,1700.0,1367.0,1151.0,1289.0,1248.0,5207.0,4564.0,4349.0,4885.0,3763.0,3469.0,2913.0,1967.0,0.0,1118.0,822.0
2016-01-17,513.0,2153.0,3712.0,1788.0,1173.0,2260.0,1632.0,2634.0,2286.0,902.0,2627.0,1287.0,892.0,1032.0,1034.0,940.0,1642.0,1306.0,1172.0,2159.0,1440.0,702.0,972.0,1794.0,793.0,541.0,1801.0,1657.0,1329.0,691.0,1631.0,661.0,1079.0,2119.0,788.0,1127.0,1130.0,1897.0,1574.0,1221.0,1238.0,1176.0,1373.0,5009.0,4508.0,4470.0,5034.0,4016.0,3337.0,2904.0,1810.0,0.0,1059.0,1130.0
2016-01-18,1854.0,1852.0,3079.0,1340.0,1343.0,1710.0,1893.0,2592.0,1995.0,926.0,2051.0,1229.0,923.0,1400.0,1442.0,787.0,1307.0,1230.0,1129.0,1241.0,938.0,622.0,931.0,2320.0,696.0,528.0,1437.0,1163.0,959.0,712.0,1357.0,566.0,975.0,2102.0,697.0,1032.0,1412.0,1393.0,1318.0,1454.0,1010.0,909.0,1243.0,4025.0,3433.0,2972.0,3619.0,2477.0,2614.0,2080.0,1512.0,0.0,793.0,864.0
2016-01-19,1718.0,1831.0,2699.0,1358.0,1177.0,1632.0,1706.0,2451.0,1868.0,886.0,2074.0,1144.0,849.0,1362.0,1425.0,733.0,1272.0,1315.0,1057.0,1173.0,843.0,624.0,1014.0,1942.0,661.0,396.0,1307.0,1032.0,938.0,585.0,1382.0,503.0,940.0,1904.0,717.0,1176.0,1305.0,1238.0,1276.0,1393.0,880.0,845.0,1172.0,3844.0,2875.0,2563.0,3360.0,2308.0,2502.0,1984.0,1390.0,0.0,680.0,783.0
2016-01-20,1885.0,2029.0,3079.0,1598.0,1329.0,1859.0,2024.0,2866.0,1848.0,889.0,2009.0,1129.0,796.0,1334.0,1413.0,693.0,1276.0,1265.0,1079.0,1256.0,836.0,593.0,1037.0,2609.0,806.0,547.0,1579.0,1149.0,1015.0,776.0,1220.0,582.0,943.0,1997.0,589.0,1042.0,1528.0,1513.0,1218.0,1357.0,1047.0,1066.0,1147.0,4337.0,3435.0,2987.0,3620.0,2576.0,2800.0,2075.0,1824.0,0.0,817.0,666.0
2016-01-21,1667.0,1716.0,2693.0,1332.0,1222.0,1531.0,1684.0,2393.0,1728.0,752.0,1945.0,1178.0,776.0,1329.0,1361.0,724.0,1134.0,1191.0,1000.0,1171.0,805.0,595.0,943.0,2242.0,692.0,430.0,1343.0,1017.0,973.0,722.0,1204.0,604.0,843.0,1940.0,638.0,993.0,1424.0,1277.0,1245.0,1163.0,902.0,918.0,1275.0,3534.0,2833.0,2615.0,3200.0,2186.0,2420.0,1857.0,1462.0,0.0,670.0,649.0
2016-01-22,1763.0,1938.0,3161.0,1403.0,1285.0,1636.0,1973.0,2772.0,1614.0,727.0,1963.0,1101.0,818.0,1168.0,1370.0,695.0,1149.0,1169.0,896.0,1238.0,822.0,534.0,1038.0,2373.0,998.0,506.0,1394.0,986.0,819.0,710.0,1332.0,569.0,857.0,2238.0,568.0,1004.0,1465.0,1441.0,1204.0,1236.0,950.0,1024.0,1213.0,4195.0,3446.0,2953.0,3508.0,2038.0,2922.0,2192.0,1826.0,0.0,812.0,748.0
2016-01-23,1322.0,2273.0,3779.0,1777.0,1215.0,2219.0,1926.0,2800.0,2194.0,1054.0,2115.0,1388.0,1029.0,1657.0,1305.0,834.0,1584.0,1243.0,1652.0,1663.0,1073.0,653.0,1067.0,2257.0,1315.0,593.0,1758.0,1302.0,1120.0,721.0,1528.0,660.0,979.0,2252.0,784.0,1204.0,1523.0,1955.0,1602.0,1377.0,1177.0,1297.0,1264.0,4982.0,4288.0,4257.0,4449.0,3530.0,3269.0,2621.0,1838.0,0.0,963.0,947.0
2016-01-24,541.0,2019.0,3623.0,1792.0,1183.0,2257.0,1624.0,2641.0,2270.0,891.0,2515.0,1292.0,878.0,905.0,503.0,885.0,1537.0,1210.0,1119.0,1953.0,1388.0,702.0,986.0,1616.0,780.0,544.0,1800.0,1405.0,1206.0,647.0,1559.0,635.0,882.0,1885.0,695.0,1066.0,1111.0,1801.0,1440.0,1107.0,1216.0,1279.0,1218.0,4766.0,4332.0,4343.0,4284.0,3929.0,3124.0,2771.0,1761.0,0.0,914.0,956.0
2016-01-25,1726.0,1787.0,2830.0,1344.0,1186.0,1623.0,1844.0,2501.0,1787.0,826.0,1935.0,1209.0,819.0,1391.0,1369.0,722.0,1368.0,1189.0,1086.0,1127.0,832.0,583.0,919.0,1997.0,687.0,459.0,1380.0,970.0,981.0,664.0,1260.0,572.0,947.0,1880.0,634.0,964.0,1402.0,1417.0,1281.0,1397.0,957.0,920.0,806.0,3773.0,2987.0,2666.0,3228.0,2283.0,2556.0,2001.0,1579.0,0.0,629.0,762.0
2016-01-26,1765.0,1679.0,2654.0,1301.0,1227.0,1599.0,1783.0,2507.0,1694.0,932.0,1934.0,1162.0,794.0,1353.0,1344.0,765.0,1270.0,1299.0,1113.0,1169.0,884.0,603.0,987.0,2217.0,671.0,417.0,1408.0,1091.0,1106.0,741.0,1295.0,571.0,999.0,1962.0,669.0,1067.0,1315.0,1282.0,1283.0,1319.0,911.0,888.0,1165.0,3618.0,2874.0,2734.0,2967.0,2108.0,2285.0,1959.0,1451.0,0.0,660.0,788.0
2016-01-27,1884.0,1897.0,3074.0,1441.0,1239.0,1704.0,1827.0,2771.0,1633.0,840.0,1749.0,1222.0,714.0,1246.0,1319.0,773.0,1090.0,1233.0,1118.0,1172.0,804.0,561.0,992.0,2367.0,736.0,466.0,1454.0,961.0,927.0,751.0,1236.0,583.0,934.0,1800.0,563.0,1001.0,1532.0,1323.0,1146.0,1208.0,919.0,877.0,1182.0,3986.0,2989.0,2638.0,2962.0,2233.0,2680.0,1933.0,1681.0,0.0,804.0,737.0
2016-01-28,1753.0,1756.0,2715.0,1296.0,1160.0,1522.0,1724.0,2394.0,1595.0,796.0,1845.0,1185.0,802.0,1275.0,1251.0,705.0,1208.0,1193.0,1032.0,1149.0,850.0,558.0,992.0,2070.0,684.0,425.0,1315.0,970.0,954.0,699.0,1314.0,540.0,889.0,1817.0,531.0,1056.0,1307.0,1207.0,1206.0,1240.0,860.0,887.0,1228.0,3669.0,2726.0,2518.0,2997.0,2050.0,2413.0,1825.0,1410.0,0.0,801.0,746.0
2016-01-29,1761.0,1913.0,3125.0,1484.0,1384.0,1726.0,2036.0,2754.0,1680.0,752.0,1939.0,1151.0,735.0,1084.0,1071.0,782.0,1083.0,1190.0,958.0,1106.0,843.0,572.0,948.0,2538.0,1002.0,580.0,1529.0,1102.0,934.0,747.0,1365.0,628.0,908.0,2297.0,693.0,1079.0,1534.0,1381.0,1267.0,1353.0,1025.0,885.0,1219.0,4072.0,3521.0,2862.0,3553.0,2315.0,2955.0,2162.0,1734.0,0.0,931.0,833.0
2016-01-30,1339.0,2106.0,3789.0,1680.0,1281.0,2147.0,1885.0,2936.0,2444.0,1029.0,2374.0,1355.0,1170.0,1623.0,1356.0,858.0,1580.0,1256.0,1390.0,1789.0,1163.0,695.0,978.0,2349.0,1266.0,600.0,1729.0,1320.0,1227.0,787.0,1516.0,710.0,1116.0,2480.0,854.0,1168.0,1412.0,2154.0,1618.0,1444.0,1175.0,1220.0,1403.0,5043.0,4322.0,4379.0,4772.0,3868.0,3367.0,2755.0,1837.0,0.0,1118.0,969.0
2016-01-31,529.0,2060.0,3695.0,1761.0,1251.0,2291.0,1628.0,2698.0,2349.0,918.0,2575.0,1274.0,931.0,1030.0,1081.0,932.0,1562.0,1321.0,1296.0,2231.0,1423.0,717.0,957.0,1813.0,854.0,576.0,1920.0,1565.0,1349.0,676.0,1644.0,651.0,1034.0,2209.0,756.0,1105.0,1117.0,2006.0,1645.0,1227.0,1267.0,1244.0,1383.0,4907.0,4464.0,4667.0,4917.0,4120.0,3307.0,2835.0,1898.0,0.0,972.0,1033.0
2016-02-01,1787.0,1920.0,3220.0,1517.0,1438.0,1877.0,1846.0,2785.0,2162.0,1001.0,2356.0,1284.0,935.0,1465.0,1531.0,790.0,1446.0,1268.0,1402.0,1524.0,1022.0,746.0,1021.0,2341.0,823.0,677.0,1502.0,1142.0,1102.0,769.0,1502.0,655.0,1136.0,2271.0,777.0,1131.0,1535.0,1521.0,1387.0,1672.0,1022.0,1053.0,1317.0,4132.0,3648.0,3255.0,3785.0,2877.0,2744.0,2297.0,1666.0,0.0,825.0,920.0
2016-02-02,1782.0,1872.0,3002.0,1429.0,1307.0,1729.0,1875.0,2572.0,2197.0,1004.0,2369.0,1264.0,945.0,1412.0,1501.0,828.0,1383.0,1367.0,1297.0,1488.0,1031.0,692.0,1034.0,2254.0,778.0,597.0,1427.0,1237.0,1199.0,788.0,1429.0,656.0,1135.0,2298.0,778.0,1321.0,1510.0,1366.0,1445.0,1666.0,1009.0,923.0,1338.0,3757.0,3289.0,3095.0,3656.0,2675.0,2582.0,2241.0,1498.0,0.0,784.0,817.0
2016-02-03,1878.0,1975.0,3230.0,1463.0,1256.0,1804.0,1988.0,2905.0,2042.0,877.0,2271.0,1235.0,860.0,1330.0,1468.0,660.0,1288.0,1181.0,1217.0,1419.0,817.0,660.0,1045.0,2473.0,916.0,595.0,1539.0,1095.0,1020.0,780.0,1343.0,606.0,969.0,2064.0,669.0,1152.0,1618.0,1542.0,1346.0,1449.0,1059.0,1016.0,1290.0,4147.0,3351.0,3001.0,3639.0,2590.0,2874.0,2301.0,1751.0,0.0,895.0,745.0
2016-02-04,1811.0,1933.0,3065.0,1405.0,1257.0,1710.0,1890.0,2580.0,2158.0,915.0,2386.0,1261.0,838.0,1399.0,1387.0,713.0,1339.0,1362.0,1100.0,1541.0,866.0,699.0,1026.0,2096.0,946.0,445.0,1332.0,1031.0,991.0,705.0,1297.0,628.0,892.0,2142.0,710.0,1151.0,1490.0,1540.0,1498.0,1378.0,975.0,993.0,1275.0,3842.0,3313.0,3060.0,3673.0,2524.0,2620.0,2259.0,1471.0,0.0,776.0,752.0
2016-02-05,1934.0,2060.0,3410.0,1532.0,1371.0,1746.0,2100.0,2986.0,1984.0,847.0,2205.0,1141.0,817.0,1311.0,1274.0,649.0,1155.0,1188.0,1422.0,1182.0,898.0,675.0,1119.0,2711.0,1663.0,620.0,1480.0,1125.0,1010.0,756.0,1358.0,692.0,919.0,2701.0,778.0,1238.0,1866.0,1671.0,1595.0,1351.0,1141.0,1144.0,1333.0,4418.0,3844.0,3204.0,3968.0,2671.0,3077.0,2327.0,1845.0,0.0,1012.0,831.0
2016-02-06,1190.0,1885.0,3521.0,1503.0,1455.0,2038.0,1767.0,2624.0,2390.0,1033.0,2875.0,1328.0,1050.0,1604.0,1265.0,929.0,1554.0,1114.0,1690.0,1790.0,1284.0,758.0,1173.0,2230.0,2864.0,677.0,1686.0,1438.0,1255.0,739.0,1630.0,819.0,1108.0,2831.0,1098.0,1637.0,1597.0,2148.0,1855.0,1428.0,1372.0,1308.0,1550.0,4444.0,4431.0,4213.0,4486.0,3579.0,3323.0,2999.0,1816.0,0.0,1253.0,1007.0
2016-02-07,401.0,1556.0,2739.0,1298.0,1054.0,1659.0,1418.0,2066.0,1824.0,728.0,2676.0,1221.0,809.0,893.0,942.0,840.0,1289.0,843.0,1083.0,1506.0,1188.0,657.0,791.0,1318.0,3056.0,439.0,1587.0,1191.0,987.0,568.0,1254.0,623.0,879.0,2122.0,1053.0,1524.0,763.0,1299.0,1139.0,1005.0,1030.0,812.0,1263.0,3604.0,3549.0,3392.0,3647.0,2948.0,2754.0,2143.0,1398.0,0.0,1066.0,990.0
2016-02-08,417.0,1624.0,2733.0,1323.0,926.0,1673.0,1489.0,2006.0,1736.0,732.0,2289.0,1206.0,833.0,867.0,966.0,386.0,1391.0,889.0,1075.0,1520.0,1009.0,608.0,997.0,1251.0,2409.0,353.0,1553.0,1025.0,898.0,556.0,1011.0,578.0,656.0,1542.0,945.0,1172.0,763.0,1182.0,898.0,800.0,932.0,752.0,1052.0,3810.0,3768.0,3463.0,3786.0,2985.0,2832.0,2334.0,1365.0,0.0,933.0,748.0
2016-02-09,502.0,1765.0,3088.0,1513.0,888.0,1902.0,1495.0,2261.0,2003.0,823.0,2162.0,1100.0,875.0,1044.0,749.0,583.0,1467.0,1165.0,1222.0,1676.0,921.0,685.0,833.0,1403.0,1088.0,357.0,1662.0,1254.0,1071.0,620.0,1221.0,572.0,640.0,1545.0,759.0,999.0,1062.0,1386.0,1487.0,751.0,929.0,984.0,1034.0,4311.0,3982.0,3693.0,3938.0,3246.0,2891.0,2445.0,1559.0,0.0,877.0,734.0
2016-02-10,1859.0,1915.0,3174.0,1380.0,1431.0,1720.0,1951.0,2757.0,1975.0,873.0,2430.0,1192.0,899.0,1600.0,1481.0,820.0,1293.0,1176.0,1435.0,1223.0,896.0,707.0,1066.0,2412.0,1099.0,496.0,1555.0,1095.0,976.0,719.0,1390.0,643.0,1092.0,2282.0,803.0,1151.0,1680.0,1589.0,1467.0,1576.0,1056.0,1145.0,1296.0,4020.0,3490.0,3217.0,3888.0,2528.0,2755.0,2599.0,1703.0,0.0,849.0,896.0
2016-02-11,1679.0,1752.0,2921.0,1307.0,1291.0,1614.0,1786.0,2575.0,1938.0,848.0,2252.0,1200.0,885.0,1328.0,1368.0,764.0,1227.0,1225.0,1234.0,1289.0,928.0,638.0,992.0,2273.0,979.0,449.0,1390.0,1065.0,1082.0,719.0,1290.0,649.0,1039.0,2149.0,838.0,1208.0,1542.0,1416.0,1429.0,1518.0,1019.0,1000.0,1348.0,3840.0,3140.0,2926.0,3440.0,2512.0,2585.0,2470.0,1464.0,0.0,803.0,821.0
2016-02-12,1934.0,2020.0,3214.0,1452.0,1421.0,1756.0,2114.0,2988.0,1836.0,830.0,2332.0,1158.0,845.0,1355.0,1395.0,783.0,1162.0,1123.0,1193.0,1324.0,869.0,667.0,1021.0,2573.0,1285.0,582.0,1502.0,1007.0,1013.0,797.0,1445.0,728.0,962.0,2433.0,759.0,1096.0,1741.0,1566.0,1382.0,1331.0,1010.0,1075.0,1340.0,4218.0,3850.0,3241.0,3850.0,2760.0,2930.0,2604.0,1822.0,0.0,913.0,844.0
2016-02-13,1561.0,2241.0,3758.0,1737.0,1581.0,2235.0,1949.0,3202.0,2316.0,1001.0,2701.0,1329.0,1180.0,1611.0,1326.0,877.0,1499.0,1188.0,1597.0,1581.0,1177.0,665.0,1071.0,2664.0,1487.0,703.0,1846.0,1440.0,1292.0,860.0,1568.0,804.0,1029.0,2744.0,817.0,1322.0,1679.0,1977.0,1774.0,1497.0,1305.0,1321.0,1357.0,5153.0,4302.0,4310.0,4781.0,3692.0,3477.0,3137.0,1987.0,0.0,1146.0,995.0
2016-02-14,558.0,2110.0,3682.0,1739.0,1520.0,2182.0,1741.0,2935.0,2284.0,1006.0,2810.0,1326.0,889.0,1166.0,1126.0,1031.0,1564.0,1265.0,1244.0,2187.0,1436.0,749.0,1029.0,1895.0,952.0,641.0,1796.0,1514.0,1275.0,669.0,1734.0,737.0,1079.0,2333.0,745.0,1203.0,1210.0,2163.0,1649.0,1217.0,1411.0,1263.0,1373.0,5131.0,4530.0,4865.0,5051.0,4522.0,3504.0,3318.0,1806.0,0.0,1194.0,1103.0
2016-02-15,1810.0,1865.0,3081.0,1431.0,1287.0,1732.0,1862.0,2679.0,2148.0,989.0,2326.0,1277.0,929.0,1468.0,1486.0,745.0,1441.0,1288.0,1330.0,1368.0,939.0,699.0,937.0,2236.0,783.0,499.0,1422.0,1105.0,1000.0,698.0,1356.0,708.0,1048.0,2252.0,757.0,1156.0,1464.0,1358.0,1382.0,1462.0,1031.0,1001.0,1315.0,3819.0,3428.0,3020.0,3468.0,2475.0,2629.0,2099.0,1485.0,0.0,899.0,821.0
2016-02-16,1671.0,1887.0,2795.0,1369.0,1280.0,1662.0,1759.0,2528.0,2103.0,999.0,2288.0,1207.0,836.0,1292.0,1429.0,821.0,1334.0,1310.0,1129.0,1312.0,903.0,653.0,988.0,2209.0,773.0,602.0,1427.0,1320.0,1243.0,777.0,1427.0,738.0,1059.0,2224.0,861.0,1239.0,1445.0,1289.0,1424.0,1532.0,981.0,913.0,1237.0,3793.0,3037.0,2759.0,3305.0,2356.0,2468.0,2122.0,1570.0,0.0,764.0,743.0
2016-02-17,1888.0,2013.0,3101.0,1457.0,1290.0,1791.0,1971.0,2766.0,1773.0,851.0,2085.0,1176.0,788.0,1178.0,1412.0,753.0,1228.0,1139.0,1067.0,1251.0,878.0,586.0,1020.0,2499.0,884.0,580.0,1455.0,1052.0,1001.0,766.0,1237.0,687.0,877.0,2014.0,665.0,1044.0,1474.0,1443.0,1226.0,1429.0,1030.0,951.0,1123.0,4115.0,3310.0,2919.0,3516.0,2363.0,2638.0,2024.0,1646.0,0.0,826.0,740.0
2016-02-18,1746.0,1658.0,2681.0,1268.0,1132.0,1532.0,1775.0,2493.0,1774.0,827.0,2053.0,1194.0,781.0,1273.0,1305.0,731.0,1229.0,1145.0,1004.0,1305.0,785.0,619.0,959.0,2201.0,820.0,459.0,1406.0,1073.0,965.0,738.0,1234.0,653.0,879.0,2032.0,700.0,1030.0,1360.0,1221.0,1185.0,1269.0,943.0,887.0,1175.0,3460.0,2869.0,2526.0,3133.0,2204.0,2357.0,1910.0,1422.0,0.0,750.0,667.0
2016-02-19,1856.0,1944.0,3250.0,1492.0,1317.0,1751.0,1988.0,2890.0,1645.0,831.0,2011.0,1148.0,748.0,1162.0,1356.0,713.0,1115.0,1114.0,1121.0,1139.0,775.0,662.0,1062.0,2466.0,1177.0,537.0,1515.0,1059.0,998.0,762.0,1292.0,650.0,911.0,2388.0,704.0,1064.0,1579.0,1356.0,1225.0,1297.0,921.0,997.0,1224.0,4192.0,3577.0,2868.0,3676.0,2492.0,2755.0,2373.0,1786.0,0.0,863.0,770.0
2016-02-20,1553.0,2168.0,3681.0,1629.0,1291.0,2096.0,1914.0,2930.0,2276.0,1014.0,2662.0,1267.0,1095.0,1636.0,1343.0,827.0,1484.0,1193.0,1581.0,1703.0,1019.0,658.0,1070.0,2292.0,1506.0,488.0,1642.0,1213.0,1152.0,738.0,1526.0,720.0,995.0,2451.0,844.0,1187.0,1506.0,1878.0,1592.0,1434.0,1076.0,1322.0,1285.0,4760.0,4320.0,4084.0,4447.0,3421.0,3140.0,2892.0,1704.0,0.0,982.0,846.0
2016-02-21,506.0,2002.0,3755.0,1815.0,1156.0,2205.0,1648.0,2583.0,2073.0,850.0,2618.0,1225.0,924.0,1082.0,1038.0,836.0,1607.0,1184.0,1229.0,1935.0,1202.0,678.0,984.0,1776.0,979.0,407.0,1740.0,1358.0,1273.0,695.0,1517.0,633.0,964.0,2059.0,625.0,1022.0,1129.0,1895.0,1594.0,1115.0,1237.0,1180.0,1228.0,4917.0,4404.0,4340.0,4789.0,3942.0,3161.0,2862.0,1643.0,0.0,969.0,945.0
2016-02-22,1758.0,1773.0,2950.0,1324.0,1299.0,1630.0,1751.0,2555.0,1831.0,964.0,2060.0,1249.0,905.0,1385.0,1498.0,763.0,1330.0,1244.0,1231.0,1261.0,865.0,687.0,990.0,2189.0,812.0,455.0,1491.0,1108.0,983.0,637.0,1263.0,634.0,895.0,2071.0,705.0,1118.0,1407.0,1389.0,1308.0,1520.0,976.0,935.0,1289.0,3690.0,3141.0,2939.0,3452.0,2422.0,2487.0,2087.0,1492.0,0.0,733.0,844.0
2016-02-23,1768.0,1858.0,2839.0,1436.0,1163.0,1589.0,1685.0,2441.0,1887.0,930.0,2146.0,1171.0,849.0,1348.0,1479.0,706.0,1367.0,1319.0,1124.0,1276.0,808.0,637.0,933.0,2216.0,700.0,518.0,1435.0,1180.0,1156.0,813.0,1314.0,668.0,955.0,2057.0,727.0,1168.0,1326.0,1256.0,1317.0,1414.0,911.0,891.0,1204.0,3654.0,2932.0,2666.0,2992.0,2274.0,2314.0,1938.0,1491.0,0.0,690.0,736.0
2016-02-24,1833.0,1823.0,2979.0,1501.0,1241.0,1631.0,1877.0,2688.0,1650.0,829.0,2014.0,1164.0,779.0,1165.0,1319.0,676.0,1190.0,1148.0,1086.0,1207.0,775.0,609.0,985.0,2417.0,827.0,478.0,1442.0,943.0,973.0,688.0,1276.0,657.0,903.0,1960.0,685.0,1069.0,1536.0,1389.0,1177.0,1290.0,965.0,1009.0,1192.0,4167.0,3096.0,2906.0,3466.0,2236.0,2444.0,1882.0,1570.0,0.0,817.0,735.0
2016-02-25,1689.0,1744.0,2676.0,1266.0,1102.0,1540.0,1732.0,2430.0,1699.0,846.0,1942.0,1243.0,797.0,1294.0,1286.0,622.0,1161.0,1140.0,1013.0,1263.0,772.0,617.0,905.0,2020.0,768.0,465.0,1293.0,977.0,929.0,765.0,1338.0,609.0,899.0,1983.0,689.0,1091.0,1278.0,1288.0,1204.0,1329.0,867.0,862.0,1209.0,3657.0,2938.0,2557.0,3143.0,2078.0,2334.0,1820.0,1416.0,0.0,702.0,742.0
2016-02-26,1774.0,1943.0,3126.0,1401.0,1292.0,1690.0,2028.0,2813.0,1605.0,760.0,2061.0,1105.0,735.0,1075.0,1343.0,715.0,1097.0,1134.0,994.0,1149.0,821.0,603.0,1023.0,2358.0,1225.0,513.0,1459.0,1013.0,973.0,656.0,1326.0,723.0,834.0,2354.0,632.0,1037.0,1425.0,1355.0,1198.0,1044.0,783.0,966.0,1242.0,4243.0,3352.0,2870.0,3578.0,2359.0,2779.0,2208.0,1737.0,0.0,837.0,834.0
2016-02-27,1314.0,2054.0,3699.0,1707.0,1250.0,2229.0,1969.0,2836.0,2166.0,1014.0,2471.0,1310.0,1186.0,1593.0,1279.0,815.0,1552.0,1214.0,1670.0,1667.0,1122.0,658.0,1072.0,2195.0,1545.0,552.0,1642.0,1270.0,1184.0,756.0,1545.0,793.0,1019.0,2314.0,868.0,1251.0,1499.0,1987.0,1691.0,1290.0,1067.0,1310.0,1228.0,4909.0,4146.0,4089.0,4469.0,3463.0,3215.0,2967.0,1645.0,0.0,938.0,965.0
2016-02-28,463.0,1970.0,3681.0,1718.0,1074.0,2149.0,1560.0,2594.0,2076.0,889.0,2630.0,1261.0,915.0,1034.0,1027.0,756.0,1539.0,1294.0,1147.0,2090.0,1228.0,747.0,990.0,1585.0,967.0,536.0,1633.0,1361.0,1159.0,592.0,1601.0,769.0,1008.0,1933.0,781.0,998.0,1096.0,1843.0,1495.0,1140.0,1143.0,1134.0,1184.0,4833.0,4213.0,4156.0,4647.0,3906.0,3210.0,2842.0,1677.0,0.0,878.0,907.0
2016-02-29,1731.0,1791.0,2893.0,1349.0,1283.0,1655.0,1835.0,2594.0,1905.0,937.0,2160.0,1163.0,913.0,1357.0,1400.0,709.0,1361.0,1222.0,1216.0,1339.0,932.0,660.0,915.0,2218.0,760.0,484.0,1386.0,1003.0,1013.0,749.0,1368.0,771.0,966.0,2154.0,692.0,1075.0,1352.0,1357.0,1391.0,1522.0,942.0,838.0,1196.0,3747.0,3285.0,2923.0,3463.0,2502.0,2526.0,2104.0,1493.0,0.0,754.0,798.0
2016-03-01,1751.0,1953.0,3032.0,1476.0,1341.0,1710.0,1894.0,2617.0,2192.0,1077.0,2812.0,1209.0,1017.0,1425.0,1565.0,778.0,1458.0,1434.0,1329.0,1617.0,915.0,813.0,975.0,2273.0,836.0,590.0,1380.0,1299.0,1167.0,758.0,1694.0,996.0,1180.0,2223.0,823.0,1411.0,1436.0,1497.0,1478.0,1574.0,1010.0,1009.0,1424.0,4028.0,3441.0,3179.0,3708.0,2945.0,2739.0,2100.0,1551.0,0.0,811.0,809.0
2016-03-02,1914.0,2066.0,3320.0,1602.0,1321.0,1817.0,2074.0,2874.0,2085.0,925.0,2730.0,1253.0,884.0,1432.0,1417.0,710.0,1400.0,1375.0,1280.0,1552.0,747.0,737.0,1019.0,2431.0,906.0,559.0,1526.0,1120.0,1011.0,727.0,1767.0,839.0,981.0,2197.0,712.0,1209.0,1541.0,1640.0,1354.0,1667.0,1166.0,1034.0,1296.0,4364.0,3535.0,3369.0,4039.0,2877.0,2827.0,2184.0,1706.0,0.0,907.0,754.0
2016-03-03,1728.0,1851.0,2847.0,1301.0,1217.0,1642.0,1811.0,2525.0,2100.0,937.0,2315.0,1205.0,876.0,1448.0,1401.0,792.0,1284.0,1271.0,1081.0,1406.0,812.0,719.0,914.0,2217.0,805.0,481.0,1283.0,1064.0,987.0,711.0,1360.0,631.0,950.0,2129.0,700.0,1138.0,1366.0,1388.0,1288.0,1258.0,975.0,926.0,1309.0,3745.0,3054.0,2892.0,3395.0,2641.0,2617.0,1957.0,1493.0,0.0,816.0,728.0
2016-03-04,1781.0,2001.0,3318.0,1564.0,1447.0,1880.0,1990.0,2832.0,1876.0,827.0,2275.0,1130.0,885.0,1206.0,1340.0,756.0,1115.0,1107.0,1087.0,1172.0,779.0,701.0,1071.0,2668.0,1309.0,622.0,1544.0,1200.0,1103.0,776.0,1444.0,634.0,984.0,2437.0,665.0,1114.0,1473.0,1539.0,1280.0,1439.0,1025.0,947.0,1342.0,4281.0,3771.0,3184.0,3892.0,2813.0,3063.0,2332.0,1740.0,0.0,872.0,860.0
2016-03-05,1349.0,2129.0,3854.0,1688.0,1309.0,2268.0,1789.0,3066.0,2542.0,1042.0,2820.0,1429.0,1245.0,1604.0,1418.0,850.0,1480.0,1292.0,1819.0,1860.0,1034.0,885.0,1099.0,2446.0,1581.0,607.0,1801.0,1377.0,1236.0,716.0,1556.0,733.0,1050.0,2551.0,787.0,1280.0,1654.0,2106.0,1789.0,1555.0,1182.0,1346.0,1402.0,5248.0,4457.0,4627.0,4961.0,4013.0,3418.0,3065.0,1793.0,0.0,970.0,992.0
2016-03-06,541.0,2024.0,3845.0,1789.0,1136.0,2257.0,1573.0,2686.0,2448.0,972.0,2879.0,1282.0,916.0,1057.0,1131.0,877.0,1610.0,1321.0,1259.0,2253.0,1243.0,803.0,1002.0,1640.0,890.0,572.0,1752.0,1460.0,1279.0,624.0,1499.0,580.0,1029.0,2055.0,660.0,1124.0,1162.0,1901.0,1677.0,1195.0,1256.0,1220.0,1210.0,5212.0,4512.0,4696.0,4901.0,4361.0,3469.0,2788.0,1639.0,0.0,907.0,1004.0
2016-03-07,1762.0,1929.0,2963.0,1408.0,1372.0,1680.0,1834.0,2702.0,2085.0,967.0,2352.0,1284.0,991.0,1444.0,1567.0,765.0,1465.0,1402.0,1342.0,1443.0,947.0,786.0,975.0,2299.0,846.0,503.0,1493.0,1147.0,1182.0,717.0,1426.0,626.0,1049.0,2207.0,747.0,1133.0,1390.0,1482.0,1368.0,1553.0,967.0,911.0,1313.0,3953.0,3440.0,3181.0,3653.0,2655.0,2760.0,2067.0,1499.0,0.0,781.0,868.0
2016-03-08,1820.0,1876.0,2891.0,1488.0,1388.0,1732.0,1803.0,2817.0,2129.0,1054.0,2469.0,1163.0,983.0,1430.0,1526.0,787.0,1286.0,1469.0,1184.0,1402.0,838.0,713.0,1055.0,2179.0,871.0,573.0,1419.0,1252.0,1132.0,762.0,1322.0,601.0,1009.0,2122.0,720.0,1255.0,1385.0,1563.0,1277.0,1475.0,982.0,860.0,1316.0,3883.0,3355.0,3127.0,3606.0,2638.0,2630.0,2334.0,1491.0,0.0,838.0,831.0
2016-03-09,1768.0,1885.0,3108.0,1390.0,1264.0,1638.0,1839.0,2638.0,1758.0,830.0,1965.0,1176.0,802.0,1228.0,1351.0,722.0,1225.0,1228.0,1198.0,1308.0,699.0,701.0,1040.0,2387.0,916.0,482.0,1387.0,1035.0,1026.0,679.0,1257.0,596.0,981.0,2053.0,612.0,1077.0,1445.0,1452.0,1219.0,1442.0,1001.0,971.0,1197.0,4109.0,3019.0,2785.0,3367.0,2239.0,2837.0,1974.0,1643.0,0.0,877.0,754.0
2016-03-10,1700.0,1821.0,2735.0,1345.0,1218.0,1567.0,1721.0,2449.0,1892.0,786.0,2157.0,1153.0,784.0,1335.0,1280.0,694.0,1216.0,1211.0,1080.0,1252.0,721.0,677.0,905.0,2157.0,793.0,434.0,1282.0,1105.0,1018.0,676.0,1403.0,591.0,864.0,2045.0,705.0,1149.0,1475.0,1310.0,1323.0,1265.0,936.0,885.0,1278.0,3708.0,2859.0,2715.0,3265.0,2266.0,2666.0,2023.0,1543.0,0.0,770.0,671.0
2016-03-11,1833.0,1882.0,3231.0,1483.0,1370.0,1716.0,1861.0,2844.0,1704.0,823.0,1946.0,1096.0,796.0,1155.0,1341.0,737.0,1213.0,1135.0,1083.0,1170.0,806.0,649.0,1048.0,2384.0,1218.0,563.0,1485.0,1045.0,981.0,691.0,1269.0,645.0,859.0,2325.0,681.0,1088.0,1570.0,1470.0,1255.0,1371.0,956.0,987.0,1279.0,4483.0,3543.0,2912.0,3614.0,2543.0,3042.0,2337.0,1828.0,0.0,823.0,793.0
2016-03-12,1354.0,2051.0,3795.0,1680.0,1383.0,2076.0,1932.0,2896.0,2206.0,1072.0,2508.0,1294.0,1126.0,1669.0,1298.0,806.0,1636.0,1273.0,1742.0,1847.0,1068.0,796.0,1046.0,2197.0,1541.0,576.0,1740.0,1244.0,1156.0,734.0,1413.0,711.0,1049.0,2431.0,811.0,1189.0,1484.0,1975.0,1713.0,1365.0,1090.0,1312.0,1272.0,5215.0,4211.0,4206.0,4492.0,3492.0,3385.0,3050.0,1729.0,0.0,1024.0,914.0
2016-03-13,491.0,1972.0,3609.0,1685.0,1130.0,2095.0,1589.0,2598.0,2255.0,897.0,2417.0,1239.0,898.0,983.0,975.0,874.0,1641.0,1250.0,1076.0,1935.0,1193.0,769.0,951.0,1688.0,943.0,491.0,1760.0,1455.0,1274.0,630.0,1501.0,596.0,985.0,2101.0,732.0,1047.0,1104.0,1942.0,1740.0,1106.0,1130.0,1359.0,1214.0,4941.0,4123.0,4190.0,4455.0,3790.0,3212.0,2819.0,1683.0,0.0,938.0,964.0
2016-03-14,1761.0,1808.0,2707.0,1357.0,1263.0,1583.0,1629.0,2553.0,1831.0,870.0,2015.0,1154.0,845.0,1388.0,1453.0,736.0,1386.0,1214.0,1196.0,1314.0,802.0,738.0,994.0,2169.0,848.0,442.0,1447.0,1088.0,1027.0,718.0,1292.0,586.0,1041.0,2048.0,646.0,1120.0,1376.0,1354.0,1335.0,1442.0,926.0,897.0,1291.0,3827.0,3147.0,2808.0,3318.0,2367.0,2600.0,2037.0,1558.0,0.0,753.0,819.0
2016-03-15,1642.0,1804.0,2958.0,1313.0,1257.0,1644.0,1691.0,2553.0,1928.0,958.0,2231.0,1164.0,833.0,1269.0,1427.0,732.0,1437.0,1453.0,1087.0,1391.0,784.0,674.0,980.0,2153.0,747.0,569.0,1407.0,1281.0,1166.0,743.0,1380.0,600.0,980.0,2095.0,800.0,1223.0,1375.0,1295.0,1300.0,1461.0,942.0,868.0,1190.0,3640.0,3034.0,2879.0,3372.0,2450.0,2539.0,1957.0,1442.0,0.0,800.0,753.0
2016-03-16,1851.0,1917.0,3111.0,1513.0,1348.0,1777.0,1901.0,2722.0,1898.0,922.0,2053.0,1158.0,800.0,1139.0,1324.0,738.0,1332.0,1250.0,1068.0,1326.0,739.0,617.0,1033.0,2382.0,972.0,575.0,1474.0,1090.0,1066.0,740.0,1236.0,607.0,962.0,2096.0,782.0,1088.0,1522.0,1578.0,1224.0,1416.0,1051.0,973.0,1075.0,4132.0,3252.0,2903.0,3612.0,2282.0,2866.0,2063.0,1649.0,0.0,860.0,693.0
2016-03-17,1660.0,1752.0,2724.0,1333.0,1168.0,1594.0,1725.0,2507.0,1791.0,846.0,2054.0,1117.0,741.0,1258.0,1296.0,680.0,1295.0,1283.0,1048.0,1314.0,678.0,652.0,909.0,2174.0,873.0,547.0,1453.0,1119.0,1056.0,781.0,1329.0,650.0,933.0,2100.0,732.0,1141.0,1325.0,1224.0,1182.0,1283.0,943.0,873.0,1181.0,3693.0,2911.0,2558.0,3237.0,2196.0,2505.0,1872.0,1488.0,0.0,766.0,718.0
2016-03-18,1861.0,1915.0,3357.0,1526.0,1339.0,1787.0,2011.0,2869.0,1725.0,776.0,2128.0,1147.0,749.0,1167.0,1319.0,706.0,1208.0,1205.0,1068.0,1261.0,712.0,668.0,1007.0,2512.0,1231.0,520.0,1499.0,1074.0,975.0,670.0,1301.0,667.0,887.0,2417.0,654.0,1086.0,1491.0,1413.0,1233.0,1382.0,981.0,976.0,1245.0,4274.0,3462.0,2987.0,3666.0,2444.0,2968.0,2204.0,1777.0,0.0,830.0,842.0
2016-03-19,1362.0,2030.0,3706.0,1676.0,1285.0,2098.0,1846.0,2818.0,2292.0,1059.0,2453.0,1256.0,1059.0,1516.0,1311.0,820.0,1662.0,1252.0,1692.0,1798.0,965.0,737.0,1021.0,2389.0,1662.0,587.0,1845.0,1363.0,1225.0,744.0,1429.0,674.0,1052.0,2465.0,804.0,1248.0,1558.0,2008.0,1783.0,1415.0,1132.0,1304.0,1280.0,4854.0,4186.0,4226.0,4591.0,3472.0,3175.0,2914.0,1701.0,0.0,1076.0,907.0
2016-03-20,498.0,1949.0,3576.0,1681.0,1126.0,2145.0,1580.0,2620.0,2195.0,857.0,2486.0,1200.0,797.0,980.0,1008.0,835.0,1736.0,1321.0,1133.0,1959.0,1180.0,769.0,910.0,1749.0,1049.0,473.0,1765.0,1456.0,1180.0,658.0,1417.0,620.0,922.0,2087.0,727.0,1054.0,1172.0,1854.0,1541.0,1135.0,1201.0,1271.0,1192.0,4835.0,4015.0,4126.0,4530.0,3677.0,3057.0,2755.0,1692.0,0.0,999.0,1019.0
2016-03-21,1767.0,1883.0,2983.0,1460.0,1248.0,1770.0,1766.0,2604.0,1799.0,904.0,2140.0,1161.0,862.0,1307.0,1520.0,733.0,1496.0,1256.0,1247.0,1289.0,716.0,770.0,985.0,2197.0,944.0,468.0,1486.0,1069.0,982.0,760.0,1365.0,617.0,999.0,2117.0,791.0,1148.0,1419.0,1400.0,1376.0,1512.0,1011.0,979.0,1386.0,3709.0,3240.0,2948.0,3586.0,2439.0,2593.0,1942.0,1452.0,0.0,846.0,738.0
2016-03-22,1687.0,1746.0,2871.0,1376.0,1293.0,1643.0,1847.0,2410.0,1835.0,918.0,1997.0,1143.0,831.0,1275.0,1475.0,770.0,0.0,1314.0,1086.0,1310.0,880.0,674.0,916.0,2141.0,924.0,407.0,1443.0,1249.0,1128.0,734.0,1383.0,602.0,991.0,2260.0,756.0,1229.0,1308.0,1302.0,1369.0,1440.0,952.0,895.0,1233.0,3639.0,2980.0,2672.0,3204.0,2165.0,2436.0,2130.0,1493.0,0.0,746.0,901.0
2016-03-23,1799.0,1814.0,3320.0,1574.0,1271.0,1850.0,1789.0,2740.0,1869.0,828.0,2068.0,1235.0,907.0,1284.0,1446.0,769.0,0.0,1245.0,1321.0,1361.0,713.0,645.0,1076.0,2407.0,1227.0,555.0,1489.0,1050.0,1030.0,761.0,1187.0,595.0,974.0,2232.0,742.0,1096.0,1518.0,1451.0,1167.0,1426.0,1025.0,1012.0,1185.0,4299.0,3297.0,3187.0,3753.0,2380.0,2772.0,2198.0,1698.0,0.0,886.0,808.0
2016-03-24,1822.0,2008.0,3391.0,1722.0,1397.0,2064.0,1842.0,2654.0,1902.0,893.0,2152.0,1294.0,954.0,1288.0,1345.0,864.0,1892.0,1292.0,1302.0,1453.0,843.0,665.0,1150.0,2136.0,1599.0,476.0,1577.0,1111.0,1027.0,774.0,1296.0,728.0,1072.0,2434.0,785.0,1244.0,1647.0,1614.0,1433.0,1298.0,1040.0,1177.0,1257.0,3407.0,3400.0,3145.0,3664.0,2770.0,2610.0,2385.0,1671.0,0.0,944.0,924.0
2016-03-25,521.0,1665.0,2964.0,1463.0,1051.0,1875.0,1522.0,2142.0,1791.0,684.0,2060.0,1202.0,921.0,1004.0,873.0,825.0,1562.0,920.0,1200.0,1564.0,951.0,771.0,891.0,1449.0,2383.0,400.0,1665.0,1174.0,1030.0,667.0,1248.0,632.0,853.0,1692.0,1031.0,1228.0,1081.0,1370.0,1176.0,900.0,996.0,903.0,1066.0,4438.0,3316.0,3256.0,3488.0,2781.0,2651.0,2367.0,1456.0,0.0,894.0,819.0
2016-03-26,1041.0,1874.0,3423.0,1519.0,1106.0,1957.0,1760.0,2478.0,2137.0,1006.0,2504.0,1356.0,1153.0,1434.0,1186.0,749.0,1695.0,1024.0,1666.0,1602.0,1018.0,827.0,987.0,1914.0,2249.0,412.0,1652.0,1190.0,1030.0,594.0,1377.0,588.0,1018.0,1823.0,951.0,1334.0,1455.0,1859.0,1610.0,1291.0,1074.0,1156.0,1236.0,4528.0,4319.0,3959.0,4198.0,3434.0,3129.0,3073.0,1457.0,0.0,949.0,871.0
2016-03-27,475.0,1759.0,3216.0,1661.0,991.0,2084.0,1450.0,2436.0,1997.0,843.0,2288.0,1287.0,815.0,941.0,918.0,771.0,1721.0,1119.0,1079.0,1924.0,1068.0,657.0,863.0,1380.0,1061.0,397.0,1599.0,1229.0,1017.0,580.0,1293.0,516.0,778.0,1845.0,685.0,980.0,990.0,1663.0,1480.0,1005.0,1057.0,1115.0,1057.0,4243.0,3984.0,3780.0,4092.0,3393.0,3025.0,2504.0,1375.0,0.0,844.0,975.0
2016-03-28,1594.0,1686.0,2700.0,1274.0,1284.0,1545.0,1763.0,2427.0,1714.0,814.0,2027.0,1195.0,857.0,1331.0,1401.0,661.0,1491.0,1194.0,1242.0,1150.0,752.0,769.0,960.0,2228.0,856.0,435.0,1485.0,1040.0,958.0,707.0,1222.0,598.0,860.0,2125.0,745.0,1064.0,1377.0,1361.0,1181.0,1400.0,944.0,901.0,1223.0,3477.0,2953.0,2611.0,3232.0,2297.0,2538.0,1983.0,1512.0,0.0,737.0,766.0
2016-03-29,1743.0,1753.0,2822.0,1368.0,1147.0,1541.0,1825.0,2337.0,1661.0,918.0,1955.0,1217.0,837.0,1232.0,1416.0,788.0,1570.0,1374.0,1118.0,1228.0,780.0,626.0,1026.0,2060.0,724.0,421.0,1363.0,1108.0,1125.0,788.0,1237.0,591.0,953.0,1944.0,659.0,1152.0,1431.0,1246.0,1318.0,1381.0,871.0,916.0,1122.0,3494.0,2734.0,2477.0,3016.0,2167.0,2306.0,1947.0,1474.0,0.0,746.0,729.0
2016-03-30,1654.0,1665.0,2754.0,1315.0,1196.0,1472.0,1703.0,2539.0,1539.0,756.0,1808.0,1150.0,745.0,1236.0,1265.0,675.0,1259.0,1138.0,1120.0,1095.0,732.0,629.0,984.0,2348.0,867.0,482.0,1497.0,1094.0,966.0,689.0,1102.0,617.0,867.0,1940.0,681.0,969.0,1500.0,1425.0,1174.0,1364.0,992.0,937.0,1024.0,3832.0,3009.0,2762.0,3323.0,2121.0,2552.0,1945.0,1669.0,0.0,800.0,679.0
2016-03-31,1714.0,1808.0,2859.0,1352.0,1169.0,1630.0,1831.0,2516.0,1917.0,871.0,2074.0,1106.0,800.0,1240.0,1341.0,688.0,1459.0,1311.0,1032.0,1330.0,776.0,625.0,942.0,2077.0,822.0,462.0,1345.0,1136.0,1080.0,687.0,1248.0,592.0,813.0,1966.0,759.0,1143.0,1353.0,1250.0,1231.0,1296.0,884.0,874.0,1187.0,3716.0,2942.0,2765.0,3369.0,2328.0,2597.0,1925.0,1373.0,0.0,750.0,663.0
2016-04-01,1797.0,1883.0,3394.0,1444.0,1421.0,1838.0,1972.0,2858.0,1933.0,842.0,2322.0,1122.0,979.0,1196.0,1522.0,770.0,1415.0,1191.0,1205.0,1361.0,874.0,760.0,1049.0,2502.0,1237.0,677.0,1626.0,1238.0,1028.0,745.0,1511.0,696.0,1039.0,2500.0,775.0,1257.0,1565.0,1586.0,1347.0,1472.0,1093.0,1003.0,1398.0,4208.0,3893.0,3350.0,3991.0,3052.0,3081.0,2443.0,1752.0,0.0,1007.0,835.0
2016-04-02,1295.0,2076.0,3763.0,1662.0,1351.0,2213.0,1763.0,3264.0,2702.0,1071.0,2799.0,1381.0,1176.0,1662.0,1313.0,839.0,1861.0,1295.0,1911.0,1883.0,1104.0,920.0,1093.0,2326.0,1439.0,659.0,1859.0,1563.0,1247.0,731.0,1673.0,784.0,1180.0,2641.0,910.0,1329.0,1449.0,2227.0,1675.0,1394.0,1146.0,1437.0,1455.0,5352.0,4585.0,4818.0,5154.0,4358.0,3632.0,3294.0,1729.0,0.0,1078.0,930.0
2016-04-03,598.0,2268.0,4055.0,1766.0,1264.0,2284.0,1638.0,2903.0,2701.0,1105.0,3208.0,1346.0,912.0,1198.0,1249.0,943.0,2047.0,1557.0,1365.0,2529.0,1385.0,935.0,1043.0,1699.0,921.0,552.0,1793.0,1588.0,1341.0,677.0,1704.0,612.0,1030.0,2212.0,773.0,1182.0,1194.0,2137.0,1852.0,1316.0,1358.0,1405.0,1351.0,5502.0,4688.0,5016.0,5258.0,4838.0,3785.0,3161.0,1825.0,0.0,1025.0,1136.0
2016-04-04,1721.0,1828.0,3018.0,1355.0,1349.0,1730.0,1861.0,2646.0,2174.0,948.0,2389.0,1209.0,879.0,1519.0,1384.0,719.0,1547.0,1308.0,1360.0,1389.0,856.0,791.0,966.0,2219.0,753.0,538.0,1482.0,1153.0,1115.0,699.0,1379.0,610.0,1015.0,2287.0,739.0,1125.0,1454.0,1425.0,1437.0,1692.0,1064.0,971.0,1373.0,3807.0,3610.0,3253.0,3779.0,2874.0,2776.0,2264.0,1522.0,0.0,829.0,827.0
2016-04-05,1753.0,1916.0,2968.0,1297.0,1307.0,1705.0,1783.0,2673.0,2130.0,916.0,2356.0,1129.0,871.0,1527.0,1516.0,814.0,1562.0,1485.0,1224.0,1351.0,912.0,734.0,972.0,2127.0,727.0,457.0,1411.0,1230.0,1174.0,747.0,1430.0,580.0,1102.0,2095.0,777.0,1304.0,1373.0,1347.0,1393.0,1501.0,1009.0,843.0,1321.0,3826.0,3153.0,2883.0,3577.0,2675.0,2451.0,2342.0,1350.0,0.0,736.0,787.0
2016-04-06,1764.0,1870.0,2973.0,1395.0,1279.0,1726.0,1974.0,2712.0,1889.0,880.0,2189.0,1186.0,799.0,1367.0,1400.0,694.0,1387.0,1226.0,1122.0,1358.0,792.0,744.0,1010.0,2271.0,863.0,549.0,1472.0,1061.0,1033.0,642.0,1246.0,568.0,851.0,1982.0,639.0,1079.0,1625.0,1462.0,1273.0,1447.0,1039.0,966.0,1155.0,4150.0,3165.0,3101.0,3700.0,2442.0,2697.0,2079.0,1555.0,0.0,872.0,682.0
2016-04-07,1708.0,1790.0,2787.0,1369.0,1197.0,1614.0,1723.0,2514.0,1959.0,900.0,2181.0,1207.0,798.0,1259.0,1327.0,629.0,1406.0,1292.0,1171.0,1409.0,708.0,697.0,1000.0,2123.0,782.0,436.0,1324.0,1061.0,977.0,737.0,1313.0,591.0,879.0,2009.0,645.0,1059.0,1284.0,1318.0,1250.0,1207.0,852.0,896.0,1192.0,3594.0,3022.0,2749.0,3328.0,2267.0,2479.0,1898.0,1390.0,0.0,722.0,707.0
2016-04-08,1763.0,2065.0,3263.0,1483.0,1349.0,1815.0,2088.0,2797.0,1737.0,759.0,2159.0,1086.0,781.0,1185.0,1327.0,751.0,1281.0,1242.0,1075.0,1173.0,813.0,698.0,1101.0,2345.0,1184.0,559.0,1523.0,1020.0,906.0,661.0,1279.0,602.0,861.0,2193.0,690.0,1080.0,1527.0,1513.0,1241.0,1253.0,974.0,974.0,1347.0,4346.0,3571.0,3036.0,3727.0,2585.0,3086.0,2338.0,1657.0,0.0,868.0,796.0
2016-04-09,1277.0,2105.0,3637.0,1653.0,1338.0,2194.0,1818.0,2924.0,2370.0,1045.0,2530.0,1331.0,1219.0,1588.0,1297.0,803.0,1659.0,1313.0,1794.0,1779.0,1163.0,859.0,1126.0,2241.0,1729.0,564.0,1716.0,1316.0,1137.0,693.0,1411.0,654.0,1020.0,2309.0,791.0,1213.0,1548.0,1991.0,1605.0,1270.0,1183.0,1209.0,1252.0,5062.0,4254.0,4267.0,4592.0,3766.0,3234.0,3008.0,1726.0,0.0,1014.0,857.0
2016-04-10,534.0,1940.0,3537.0,1740.0,1106.0,2265.0,1642.0,2832.0,2395.0,935.0,2607.0,1320.0,816.0,1035.0,1029.0,835.0,1836.0,1314.0,1151.0,1999.0,1196.0,705.0,1002.0,1621.0,941.0,462.0,1670.0,1396.0,1134.0,609.0,1480.0,598.0,934.0,1935.0,713.0,1042.0,1166.0,1973.0,1491.0,1067.0,1164.0,1211.0,1206.0,5041.0,4276.0,4463.0,4769.0,4113.0,3372.0,2890.0,1618.0,0.0,845.0,1006.0
2016-04-11,1656.0,1694.0,2860.0,1244.0,1287.0,1609.0,1778.0,2538.0,1846.0,861.0,2063.0,1162.0,903.0,1455.0,1246.0,741.0,1462.0,1209.0,1143.0,1216.0,807.0,726.0,982.0,2057.0,772.0,458.0,1352.0,1042.0,932.0,666.0,1251.0,594.0,905.0,2056.0,591.0,1041.0,1407.0,1306.0,1171.0,1478.0,918.0,852.0,1207.0,3634.0,3113.0,2964.0,3536.0,2528.0,2563.0,2030.0,1409.0,0.0,752.0,787.0
2016-04-12,1768.0,1819.0,2891.0,1428.0,1158.0,1793.0,1794.0,2654.0,1969.0,1019.0,2392.0,1330.0,959.0,1445.0,1657.0,651.0,1690.0,1478.0,1248.0,1539.0,734.0,704.0,1101.0,2190.0,740.0,465.0,1368.0,1198.0,1106.0,699.0,1284.0,546.0,1001.0,2049.0,761.0,1172.0,1256.0,1398.0,1198.0,1348.0,984.0,934.0,1137.0,3855.0,3283.0,3087.0,3669.0,2549.0,2681.0,2265.0,1512.0,0.0,717.0,811.0
2016-04-13,1826.0,1906.0,2949.0,1400.0,1272.0,1647.0,1830.0,2644.0,1782.0,875.0,2074.0,1195.0,836.0,1334.0,1397.0,738.0,1310.0,1248.0,1265.0,1109.0,773.0,747.0,1019.0,2346.0,856.0,499.0,1484.0,1006.0,954.0,643.0,1132.0,554.0,866.0,1942.0,647.0,943.0,1603.0,1430.0,1222.0,1230.0,982.0,968.0,1108.0,3990.0,3068.0,3011.0,3514.0,2374.0,2677.0,2149.0,1704.0,0.0,865.0,714.0
2016-04-14,1662.0,1637.0,2692.0,1256.0,1202.0,1611.0,1827.0,2304.0,1837.0,799.0,1830.0,1120.0,748.0,1237.0,1235.0,654.0,1319.0,1225.0,1110.0,1240.0,757.0,689.0,910.0,2103.0,784.0,417.0,1354.0,1025.0,922.0,700.0,1317.0,596.0,872.0,1993.0,609.0,1076.0,1305.0,1277.0,1247.0,1261.0,881.0,840.0,1101.0,3657.0,2793.0,2654.0,3219.0,2204.0,2443.0,1902.0,1341.0,0.0,777.0,720.0
2016-04-15,1771.0,1790.0,3180.0,1440.0,1320.0,1698.0,1965.0,2833.0,1808.0,795.0,2176.0,1081.0,791.0,1105.0,1247.0,695.0,1290.0,1116.0,1081.0,1135.0,853.0,707.0,1121.0,2318.0,1122.0,593.0,1511.0,1079.0,983.0,639.0,1281.0,664.0,845.0,2293.0,714.0,1054.0,1532.0,1444.0,1194.0,1311.0,953.0,955.0,1200.0,4100.0,3547.0,3155.0,3701.0,2639.0,3139.0,2313.0,1712.0,0.0,956.0,806.0
2016-04-16,1333.0,2088.0,3648.0,1613.0,1113.0,2080.0,1885.0,2929.0,2261.0,1039.0,2647.0,1264.0,1040.0,1391.0,1236.0,710.0,1679.0,1288.0,1624.0,1400.0,906.0,746.0,1079.0,1958.0,1328.0,498.0,1359.0,1321.0,1043.0,632.0,1476.0,660.0,919.0,2092.0,872.0,1105.0,1522.0,2043.0,1609.0,1381.0,1082.0,1249.0,1126.0,4137.0,3349.0,3463.0,4468.0,3083.0,3206.0,2994.0,1630.0,0.0,908.0,801.0
2016-04-17,575.0,2175.0,3610.0,1805.0,861.0,2401.0,1854.0,2823.0,2536.0,1039.0,2710.0,1472.0,1043.0,1171.0,1111.0,977.0,2087.0,1629.0,1154.0,2524.0,1155.0,776.0,1090.0,823.0,821.0,729.0,2236.0,1962.0,1570.0,776.0,1622.0,872.0,947.0,1022.0,830.0,1152.0,1264.0,1918.0,1814.0,1258.0,1200.0,1369.0,594.0,5242.0,3386.0,4327.0,4320.0,3698.0,3454.0,2694.0,1914.0,0.0,33.0,593.0
2016-04-18,2133.0,2447.0,3621.0,1685.0,1297.0,2203.0,2327.0,3255.0,2780.0,1279.0,3030.0,1808.0,1322.0,2010.0,1987.0,1045.0,2112.0,1922.0,1505.0,2082.0,1246.0,997.0,1270.0,2481.0,736.0,729.0,1863.0,1757.0,1741.0,978.0,1666.0,814.0,1141.0,2294.0,782.0,1471.0,1668.0,1552.0,1935.0,1921.0,1057.0,1191.0,1562.0,5091.0,3895.0,3608.0,4222.0,2983.0,3386.0,2547.0,1933.0,0.0,54.0,1138.0
2016-04-19,2079.0,2512.0,3438.0,1668.0,1284.0,2178.0,2247.0,3079.0,2674.0,1532.0,2803.0,1797.0,1148.0,1866.0,1826.0,1004.0,2065.0,1845.0,1560.0,2274.0,1310.0,893.0,1253.0,2577.0,659.0,676.0,1748.0,1625.0,1569.0,919.0,1538.0,786.0,1093.0,2313.0,833.0,1511.0,1566.0,1376.0,1599.0,1870.0,1062.0,978.0,1441.0,4563.0,3622.0,3467.0,3750.0,2836.0,3108.0,2303.0,1693.0,0.0,798.0,1075.0
2016-04-20,2073.0,2371.0,3569.0,1654.0,1302.0,2064.0,2185.0,3160.0,2439.0,1159.0,2409.0,1384.0,963.0,1516.0,1666.0,882.0,1815.0,1601.0,1595.0,1877.0,1083.0,802.0,1152.0,2560.0,773.0,615.0,1688.0,1425.0,1244.0,839.0,1357.0,770.0,926.0,2299.0,746.0,1271.0,1537.0,1485.0,1436.0,1609.0,1010.0,1019.0,1353.0,4789.0,3647.0,3594.0,4006.0,2798.0,2985.0,2191.0,1810.0,0.0,1587.0,989.0
2016-04-21,1852.0,2019.0,3048.0,1521.0,1152.0,1817.0,1899.0,2761.0,2209.0,975.0,2201.0,1304.0,863.0,1260.0,1515.0,854.0,1692.0,1472.0,1262.0,1692.0,924.0,754.0,1007.0,2359.0,717.0,500.0,1501.0,1345.0,1175.0,878.0,1427.0,756.0,944.0,2156.0,756.0,1267.0,1429.0,1370.0,1487.0,1545.0,930.0,893.0,1289.0,4013.0,3079.0,2931.0,3381.0,2446.0,2716.0,2160.0,1557.0,0.0,1592.0,881.0
2016-04-22,1916.0,2091.0,3353.0,1507.0,1111.0,1865.0,2157.0,2978.0,2007.0,898.0,2124.0,1149.0,830.0,1245.0,1454.0,729.0,1443.0,1303.0,1113.0,1404.0,870.0,710.0,1078.0,2518.0,843.0,645.0,1630.0,1359.0,1237.0,864.0,1233.0,760.0,877.0,2202.0,657.0,1150.0,1541.0,1421.0,1336.0,1501.0,1002.0,1011.0,1304.0,4373.0,3570.0,3031.0,3640.0,2533.0,3017.0,2152.0,1842.0,0.0,1319.0,759.0
2016-04-23,1357.0,2145.0,3727.0,1732.0,1296.0,2245.0,2046.0,3001.0,2430.0,1123.0,2498.0,1373.0,1217.0,1634.0,1351.0,909.0,1768.0,1332.0,1855.0,1954.0,1175.0,811.0,1095.0,2336.0,886.0,598.0,1820.0,1495.0,1291.0,686.0,1443.0,803.0,1008.0,2276.0,784.0,1238.0,1630.0,2071.0,1835.0,1423.0,1200.0,1329.0,1188.0,5042.0,4345.0,4441.0,4437.0,3786.0,3405.0,3358.0,1933.0,0.0,1358.0,949.0
2016-04-24,513.0,2121.0,3669.0,1672.0,1131.0,2175.0,1709.0,2627.0,2324.0,980.0,2619.0,1334.0,971.0,1023.0,1103.0,849.0,1910.0,1371.0,1185.0,2208.0,1377.0,772.0,1026.0,1797.0,622.0,469.0,1854.0,1517.0,1284.0,659.0,1666.0,626.0,1027.0,1956.0,705.0,1113.0,1163.0,1912.0,1650.0,1180.0,1240.0,1304.0,1176.0,4898.0,4217.0,4476.0,4350.0,3902.0,3310.0,2884.0,1858.0,0.0,1365.0,1144.0
2016-04-25,1624.0,1704.0,2893.0,1318.0,1263.0,1684.0,1793.0,2496.0,1830.0,874.0,2111.0,1253.0,799.0,1388.0,1280.0,771.0,1445.0,1189.0,1270.0,1195.0,845.0,723.0,890.0,2122.0,650.0,480.0,1446.0,1119.0,964.0,672.0,1231.0,566.0,889.0,2188.0,667.0,1057.0,1242.0,1369.0,1259.0,1452.0,980.0,853.0,1279.0,3477.0,3059.0,2719.0,3270.0,2383.0,2528.0,2056.0,1524.0,0.0,1314.0,848.0
2016-04-26,1727.0,1778.0,2755.0,1215.0,1143.0,1549.0,1743.0,2521.0,1900.0,901.0,2104.0,1147.0,822.0,1291.0,1429.0,704.0,1545.0,1337.0,1128.0,1298.0,835.0,660.0,941.0,2085.0,600.0,434.0,1338.0,1197.0,1084.0,752.0,1290.0,630.0,1028.0,2007.0,646.0,1144.0,1277.0,1193.0,1296.0,1451.0,876.0,856.0,1145.0,3568.0,2933.0,2595.0,3020.0,2260.0,2417.0,2023.0,1448.0,0.0,1318.0,834.0
2016-04-27,1761.0,1854.0,2908.0,1395.0,1178.0,1672.0,1955.0,2656.0,1755.0,885.0,1813.0,1172.0,764.0,1229.0,1339.0,650.0,1264.0,1290.0,1087.0,1177.0,768.0,665.0,1026.0,2117.0,729.0,408.0,1310.0,883.0,899.0,651.0,1117.0,643.0,798.0,1933.0,594.0,868.0,1500.0,1340.0,1137.0,1323.0,898.0,959.0,1113.0,4089.0,3156.0,2783.0,3225.0,2282.0,2625.0,1981.0,1616.0,0.0,1377.0,752.0
2016-04-28,1718.0,1710.0,2540.0,1258.0,1072.0,1384.0,1774.0,2468.0,1736.0,822.0,1742.0,1184.0,790.0,1242.0,1293.0,621.0,1394.0,1178.0,955.0,1276.0,720.0,640.0,869.0,2045.0,665.0,406.0,1414.0,1079.0,977.0,680.0,1148.0,613.0,841.0,1904.0,654.0,919.0,1368.0,1237.0,1142.0,1185.0,874.0,946.0,1081.0,3495.0,2726.0,2607.0,2920.0,2127.0,2314.0,1848.0,1448.0,0.0,1200.0,708.0
2016-04-29,1903.0,1889.0,3211.0,1438.0,1236.0,1621.0,1995.0,2776.0,1785.0,757.0,2079.0,1147.0,766.0,1148.0,1304.0,664.0,1253.0,1165.0,1028.0,1316.0,783.0,636.0,1051.0,2399.0,892.0,559.0,1491.0,1067.0,984.0,642.0,1251.0,606.0,982.0,2226.0,684.0,1022.0,1479.0,1465.0,1263.0,1369.0,979.0,997.0,1141.0,4243.0,3513.0,3058.0,3687.0,2478.0,3090.0,2287.0,1728.0,0.0,1402.0,776.0
2016-04-30,1314.0,2031.0,3737.0,1639.0,1451.0,2057.0,1889.0,3014.0,2460.0,1085.0,2642.0,1409.0,1223.0,1738.0,1422.0,834.0,1688.0,1290.0,1826.0,1846.0,1209.0,907.0,1129.0,2401.0,1084.0,597.0,1754.0,1373.0,1229.0,717.0,1597.0,738.0,1076.0,2388.0,815.0,1214.0,1484.0,2187.0,1775.0,1433.0,1275.0,1305.0,1349.0,5204.0,4496.0,4602.0,4836.0,4095.0,3577.0,3428.0,2044.0,0.0,1931.0,956.0
2016-05-01,550.0,2065.0,3732.0,1681.0,1415.0,2162.0,1714.0,2838.0,2468.0,997.0,3084.0,1402.0,981.0,1178.0,1223.0,943.0,1905.0,1284.0,1268.0,2164.0,1537.0,837.0,1012.0,1971.0,738.0,626.0,1844.0,1649.0,1396.0,639.0,1912.0,730.0,1134.0,2195.0,853.0,1335.0,1190.0,2114.0,1749.0,1431.0,1393.0,1373.0,1338.0,5208.0,4569.0,4744.0,4909.0,4375.0,3599.0,3362.0,2098.0,0.0,1976.0,1122.0
2016-05-02,1722.0,1905.0,3017.0,1374.0,1321.0,1689.0,1929.0,2665.0,2035.0,858.0,2394.0,1298.0,928.0,1558.0,1513.0,774.0,1509.0,1259.0,1207.0,1451.0,942.0,821.0,975.0,2205.0,627.0,579.0,1451.0,1116.0,1080.0,664.0,1478.0,604.0,1035.0,2213.0,717.0,1100.0,1418.0,1445.0,1413.0,1553.0,1030.0,996.0,1236.0,3842.0,3422.0,3199.0,3747.0,2767.0,2847.0,2185.0,1676.0,0.0,1544.0,926.0
2016-05-03,1726.0,1937.0,3113.0,1391.0,1327.0,1707.0,1846.0,2649.0,2223.0,989.0,2590.0,1248.0,887.0,1402.0,1477.0,791.0,1607.0,1441.0,1251.0,1531.0,996.0,732.0,1051.0,2235.0,630.0,520.0,1389.0,1207.0,1202.0,716.0,1466.0,662.0,1048.0,2225.0,777.0,1300.0,1456.0,1326.0,1451.0,1596.0,1022.0,963.0,1270.0,3859.0,3284.0,3055.0,3591.0,2671.0,2621.0,2118.0,1573.0,0.0,1505.0,850.0
2016-05-04,1876.0,2046.0,3271.0,1420.0,1369.0,1763.0,1925.0,2850.0,2095.0,984.0,2477.0,1153.0,874.0,1321.0,1431.0,781.0,1543.0,1252.0,1183.0,1494.0,885.0,763.0,992.0,2306.0,759.0,515.0,1600.0,1149.0,1085.0,658.0,1259.0,608.0,860.0,1948.0,635.0,1110.0,1618.0,1539.0,1281.0,1397.0,1001.0,1030.0,1231.0,4309.0,3343.0,3151.0,3908.0,2670.0,3015.0,2199.0,1809.0,0.0,1618.0,848.0
2016-05-05,1810.0,1875.0,2946.0,1347.0,1269.0,1662.0,1878.0,2652.0,2102.0,881.0,2422.0,1267.0,859.0,1480.0,1426.0,680.0,1458.0,1293.0,1200.0,1527.0,798.0,717.0,1008.0,2254.0,653.0,515.0,1396.0,1115.0,1054.0,731.0,1399.0,592.0,931.0,2059.0,704.0,1110.0,1380.0,1333.0,1357.0,1310.0,968.0,997.0,1226.0,4010.0,3065.0,2947.0,3474.0,2461.0,2706.0,2216.0,1582.0,0.0,1455.0,641.0
2016-05-06,2076.0,2048.0,3599.0,1547.0,1448.0,1855.0,2181.0,3141.0,1940.0,842.0,2358.0,1206.0,953.0,1236.0,1481.0,779.0,1292.0,1263.0,1152.0,1419.0,918.0,745.0,1133.0,2614.0,831.0,617.0,1585.0,1118.0,979.0,679.0,1448.0,611.0,850.0,2421.0,582.0,1065.0,1652.0,1596.0,1304.0,1405.0,1148.0,1128.0,1168.0,4720.0,3843.0,3416.0,4089.0,2975.0,3476.0,2675.0,2040.0,0.0,1692.0,820.0
2016-05-07,1486.0,2497.0,4464.0,1946.0,1646.0,2519.0,2275.0,3498.0,2623.0,1271.0,3088.0,1432.0,1339.0,1829.0,1538.0,945.0,1991.0,1412.0,2131.0,2026.0,1350.0,806.0,1308.0,2841.0,941.0,731.0,2002.0,1433.0,1437.0,762.0,1891.0,727.0,1200.0,2945.0,770.0,1393.0,1880.0,2308.0,2025.0,1632.0,1681.0,1695.0,1478.0,6194.0,5139.0,5184.0,5344.0,4500.0,4587.0,4047.0,2626.0,0.0,2409.0,1000.0
2016-05-08,586.0,1927.0,3329.0,1722.0,1517.0,2254.0,1762.0,2336.0,2389.0,1027.0,3002.0,1404.0,1018.0,1196.0,1143.0,993.0,1794.0,1033.0,1316.0,2041.0,1385.0,734.0,1122.0,1788.0,760.0,669.0,1898.0,1630.0,1331.0,734.0,1969.0,755.0,1113.0,2236.0,773.0,1487.0,1273.0,2178.0,1617.0,1320.0,1470.0,1284.0,1442.0,4402.0,4024.0,4141.0,4156.0,4052.0,3177.0,2980.0,1929.0,0.0,2281.0,1233.0
2016-05-09,1692.0,1904.0,2829.0,1342.0,1335.0,1730.0,1836.0,2580.0,1908.0,973.0,2226.0,1200.0,788.0,1348.0,1360.0,782.0,1544.0,1282.0,1220.0,1321.0,993.0,796.0,962.0,2232.0,649.0,489.0,1455.0,1126.0,1146.0,689.0,1327.0,610.0,951.0,2140.0,691.0,1089.0,1360.0,1362.0,1395.0,1534.0,1014.0,951.0,1333.0,3824.0,3227.0,2828.0,3401.0,2440.0,2729.0,2124.0,1590.0,0.0,1405.0,981.0
2016-05-10,1596.0,1628.0,2740.0,1249.0,1179.0,1482.0,1600.0,2469.0,1830.0,883.0,2090.0,1228.0,864.0,1293.0,1468.0,775.0,1410.0,1293.0,1211.0,1281.0,881.0,739.0,990.0,2148.0,602.0,480.0,1332.0,1277.0,1183.0,726.0,1380.0,628.0,1081.0,1979.0,696.0,1284.0,1357.0,1323.0,1410.0,1537.0,958.0,957.0,1110.0,3417.0,2927.0,2727.0,3156.0,2210.0,2441.0,1963.0,1496.0,0.0,1381.0,849.0
2016-05-11,1828.0,1976.0,3131.0,1428.0,1329.0,1681.0,1928.0,2731.0,1794.0,835.0,2053.0,1144.0,777.0,1188.0,1417.0,727.0,1407.0,1266.0,1151.0,1236.0,917.0,713.0,960.0,2176.0,701.0,424.0,1474.0,1063.0,1073.0,671.0,1199.0,561.0,871.0,1817.0,603.0,948.0,1571.0,1401.0,1267.0,1347.0,986.0,1035.0,1120.0,4333.0,3074.0,2951.0,3440.0,2301.0,2799.0,1924.0,1668.0,0.0,1509.0,837.0
2016-05-12,1682.0,1767.0,2764.0,1283.0,1175.0,1555.0,1765.0,2349.0,1815.0,859.0,2078.0,1234.0,747.0,1223.0,1319.0,718.0,1292.0,1260.0,1059.0,1399.0,789.0,675.0,919.0,2084.0,657.0,448.0,1374.0,1042.0,968.0,708.0,1247.0,543.0,837.0,1936.0,645.0,1060.0,1450.0,1256.0,1251.0,1245.0,903.0,989.0,1076.0,3830.0,2943.0,2736.0,3074.0,2216.0,2536.0,1885.0,1425.0,0.0,1342.0,667.0
2016-05-13,1829.0,1862.0,3278.0,1453.0,1310.0,1615.0,2035.0,2881.0,1767.0,784.0,2030.0,1093.0,809.0,1190.0,1324.0,719.0,1231.0,1195.0,1103.0,1188.0,829.0,708.0,1149.0,2381.0,814.0,528.0,1449.0,1012.0,882.0,630.0,1151.0,578.0,744.0,2131.0,592.0,963.0,1653.0,1445.0,1317.0,1290.0,992.0,1064.0,1104.0,4482.0,3528.0,2874.0,3603.0,2438.0,3037.0,2263.0,1744.0,0.0,1455.0,739.0
2016-05-14,1289.0,2057.0,3581.0,1521.0,1442.0,2103.0,1859.0,2907.0,2284.0,1104.0,2427.0,1350.0,1143.0,1587.0,1325.0,818.0,1681.0,1317.0,1783.0,1806.0,1125.0,736.0,1070.0,2372.0,1027.0,600.0,1846.0,1397.0,1238.0,702.0,1458.0,708.0,1011.0,2228.0,761.0,1168.0,1457.0,1965.0,1655.0,1529.0,1262.0,1195.0,1216.0,5123.0,4244.0,4045.0,4377.0,3584.0,3246.0,3128.0,2022.0,0.0,1967.0,909.0
2016-05-15,543.0,2046.0,3579.0,1580.0,1230.0,2152.0,1603.0,2864.0,2246.0,953.0,2589.0,1386.0,989.0,1050.0,1051.0,956.0,1866.0,1336.0,1304.0,2103.0,1414.0,738.0,976.0,1848.0,679.0,557.0,1901.0,1604.0,1400.0,637.0,1655.0,699.0,995.0,2116.0,803.0,1208.0,1174.0,1932.0,1571.0,1267.0,1465.0,1280.0,1321.0,5146.0,4264.0,4099.0,4495.0,3890.0,3308.0,2830.0,1979.0,0.0,2026.0,1207.0
2016-05-16,1794.0,1940.0,3059.0,1374.0,1282.0,1678.0,1776.0,2670.0,2018.0,897.0,2213.0,1232.0,841.0,1296.0,1374.0,785.0,1498.0,1276.0,1186.0,1279.0,891.0,714.0,993.0,2261.0,637.0,493.0,1450.0,1115.0,1069.0,675.0,1279.0,606.0,889.0,2041.0,686.0,992.0,1353.0,1286.0,1306.0,1555.0,1055.0,938.0,1129.0,3970.0,3305.0,2813.0,3339.0,2450.0,2623.0,2016.0,1543.0,0.0,1434.0,755.0
2016-05-17,1688.0,1732.0,2722.0,1217.0,1185.0,1587.0,1802.0,2503.0,1856.0,951.0,2177.0,1179.0,840.0,1250.0,1384.0,753.0,1466.0,1329.0,1058.0,1288.0,905.0,659.0,971.0,2056.0,614.0,471.0,1440.0,1270.0,1187.0,694.0,1356.0,641.0,949.0,1983.0,713.0,1159.0,1364.0,1152.0,1299.0,1536.0,934.0,903.0,1162.0,3573.0,2909.0,2630.0,3248.0,2240.0,2475.0,2095.0,1471.0,0.0,1477.0,869.0
2016-05-18,1687.0,1942.0,3006.0,1391.0,721.0,1736.0,1838.0,2544.0,1745.0,866.0,2003.0,1228.0,771.0,1171.0,1251.0,238.0,1346.0,1176.0,1120.0,1193.0,612.0,624.0,1051.0,2130.0,728.0,467.0,1466.0,1072.0,972.0,644.0,1090.0,558.0,741.0,1642.0,575.0,953.0,1546.0,1412.0,1199.0,1290.0,941.0,993.0,448.0,3884.0,3032.0,2692.0,3117.0,2168.0,2575.0,1941.0,1742.0,0.0,1095.0,179.0
2016-05-19,1697.0,1666.0,2747.0,1218.0,1216.0,1586.0,1695.0,2491.0,1797.0,882.0,1938.0,1109.0,814.0,1243.0,1284.0,734.0,1297.0,1221.0,1025.0,1341.0,858.0,654.0,921.0,2073.0,614.0,407.0,1304.0,1061.0,928.0,655.0,1237.0,591.0,852.0,1756.0,660.0,940.0,1356.0,1216.0,1197.0,1198.0,910.0,866.0,1085.0,3908.0,2840.0,2585.0,2998.0,2162.0,2388.0,1769.0,1497.0,0.0,1570.0,769.0
2016-05-20,1843.0,1922.0,3312.0,1435.0,1330.0,1797.0,1995.0,2810.0,1736.0,811.0,2143.0,1107.0,839.0,1190.0,1454.0,754.0,1324.0,1224.0,1148.0,1282.0,815.0,670.0,1106.0,2508.0,864.0,472.0,1407.0,968.0,1020.0,639.0,1242.0,615.0,782.0,2235.0,676.0,987.0,1528.0,1435.0,1347.0,1323.0,1028.0,1023.0,1149.0,4405.0,3641.0,3099.0,3677.0,2524.0,3225.0,2250.0,1741.0,0.0,1546.0,782.0
2016-05-21,1320.0,2139.0,3564.0,1617.0,1264.0,2074.0,1896.0,2908.0,2198.0,1069.0,2411.0,1280.0,1108.0,1646.0,1337.0,764.0,1725.0,1245.0,1699.0,1726.0,1089.0,794.0,1100.0,2329.0,975.0,557.0,1807.0,1443.0,1227.0,686.0,1447.0,710.0,1025.0,2286.0,763.0,1116.0,1502.0,1992.0,1704.0,1471.0,1365.0,1248.0,1206.0,5180.0,4087.0,4087.0,4239.0,3474.0,3430.0,3014.0,1865.0,0.0,1887.0,958.0
2016-05-22,516.0,2048.0,3590.0,1630.0,1168.0,2098.0,1623.0,2702.0,2157.0,949.0,2640.0,1240.0,969.0,1073.0,1021.0,929.0,1832.0,1255.0,1218.0,2037.0,1411.0,676.0,974.0,1845.0,676.0,534.0,1946.0,1755.0,1379.0,721.0,1631.0,718.0,1043.0,1544.0,753.0,1213.0,1028.0,1768.0,1577.0,1322.0,1534.0,1305.0,1212.0,4764.0,4081.0,4225.0,4352.0,3707.0,3383.0,2783.0,1873.0,0.0,2001.0,1200.0
2016-05-23,1756.0,1860.0,2926.0,1385.0,1291.0,1747.0,1781.0,2600.0,1822.0,945.0,2114.0,1188.0,845.0,1440.0,1387.0,781.0,1458.0,1221.0,1161.0,1262.0,880.0,672.0,988.0,2073.0,614.0,496.0,1401.0,1108.0,1018.0,650.0,1198.0,587.0,914.0,1982.0,713.0,970.0,1416.0,1344.0,1290.0,1508.0,926.0,910.0,1174.0,3942.0,3053.0,2843.0,3256.0,2439.0,2456.0,2016.0,1522.0,0.0,1376.0,890.0
2016-05-24,1709.0,1749.0,2632.0,1250.0,1153.0,1540.0,1612.0,2363.0,1692.0,894.0,2055.0,1177.0,801.0,1209.0,1392.0,756.0,1442.0,1274.0,1047.0,1199.0,891.0,630.0,926.0,2084.0,539.0,436.0,1361.0,1130.0,1074.0,729.0,1281.0,599.0,918.0,1861.0,701.0,1039.0,1261.0,1194.0,1309.0,1414.0,887.0,871.0,991.0,3451.0,2714.0,2459.0,2773.0,2018.0,2331.0,1857.0,1430.0,0.0,1304.0,816.0
2016-05-25,1745.0,1774.0,2814.0,1290.0,1169.0,1590.0,1767.0,2501.0,1551.0,742.0,2010.0,1168.0,794.0,1141.0,1259.0,595.0,1270.0,1156.0,1075.0,1119.0,765.0,622.0,962.0,2283.0,665.0,445.0,1471.0,917.0,882.0,617.0,1059.0,577.0,794.0,1767.0,599.0,852.0,1527.0,1324.0,1171.0,1185.0,889.0,1003.0,1055.0,3849.0,2887.0,2549.0,3240.0,2130.0,2697.0,1883.0,1618.0,0.0,1496.0,729.0
2016-05-26,1669.0,1817.0,2766.0,1251.0,1194.0,1516.0,1761.0,2504.0,1621.0,727.0,1918.0,1149.0,784.0,1086.0,1284.0,663.0,1222.0,1177.0,1111.0,1139.0,671.0,604.0,982.0,2121.0,816.0,467.0,1244.0,969.0,867.0,686.0,1112.0,588.0,825.0,2062.0,633.0,950.0,1412.0,1249.0,1234.0,1100.0,904.0,896.0,939.0,3589.0,2981.0,2588.0,3084.0,2213.0,2619.0,2076.0,1431.0,0.0,1381.0,676.0
2016-05-27,612.0,1889.0,3324.0,1456.0,1255.0,1995.0,1785.0,2517.0,1780.0,665.0,2223.0,1085.0,837.0,1131.0,1206.0,701.0,1498.0,981.0,1072.0,1551.0,895.0,701.0,1059.0,1936.0,1976.0,573.0,1954.0,1277.0,1114.0,643.0,1164.0,650.0,812.0,2023.0,856.0,1213.0,1339.0,1696.0,1359.0,1018.0,1301.0,1095.0,1064.0,4779.0,4237.0,3910.0,4249.0,3472.0,3325.0,2920.0,1824.0,0.0,1798.0,785.0
2016-05-28,1091.0,1742.0,3271.0,1440.0,1286.0,1919.0,1728.0,2255.0,1894.0,989.0,2347.0,1280.0,1102.0,1556.0,1210.0,825.0,1577.0,958.0,1616.0,1499.0,1010.0,787.0,1021.0,1992.0,1620.0,505.0,1789.0,1267.0,1030.0,634.0,1487.0,694.0,966.0,1916.0,892.0,1218.0,1221.0,1739.0,1439.0,1281.0,1237.0,1095.0,1157.0,4196.0,4031.0,3689.0,3948.0,3428.0,3024.0,2833.0,1582.0,0.0,1883.0,890.0
2016-05-29,474.0,1764.0,3237.0,1478.0,1178.0,1937.0,1399.0,2519.0,1774.0,783.0,2363.0,1267.0,868.0,929.0,974.0,871.0,1534.0,1034.0,1087.0,1779.0,1305.0,693.0,952.0,1668.0,823.0,520.0,1843.0,1514.0,1250.0,663.0,1620.0,765.0,918.0,2054.0,801.0,1124.0,1018.0,1650.0,1504.0,1115.0,1358.0,1095.0,1209.0,4407.0,3944.0,4052.0,4218.0,3692.0,3104.0,2635.0,1775.0,0.0,1839.0,1229.0
2016-05-30,1724.0,1844.0,2987.0,1258.0,1321.0,1696.0,1789.0,2616.0,1738.0,866.0,1981.0,1200.0,880.0,1301.0,1350.0,758.0,1538.0,1189.0,1216.0,1320.0,925.0,695.0,982.0,2221.0,614.0,556.0,1427.0,1132.0,1060.0,671.0,1240.0,687.0,974.0,2000.0,706.0,975.0,1261.0,1299.0,1141.0,1470.0,1003.0,864.0,1219.0,3771.0,3201.0,2902.0,3413.0,2462.0,2658.0,2184.0,1591.0,0.0,1492.0,881.0
2016-05-31,1769.0,1898.0,3089.0,1482.0,1439.0,1898.0,1728.0,2712.0,2217.0,1004.0,2603.0,1366.0,1025.0,1533.0,1653.0,963.0,1635.0,1383.0,1231.0,1553.0,1200.0,719.0,1111.0,2507.0,701.0,719.0,1584.0,1669.0,1446.0,904.0,1516.0,984.0,1087.0,2243.0,868.0,1454.0,1405.0,1535.0,1554.0,1620.0,1200.0,1054.0,1340.0,4100.0,3820.0,3376.0,3884.0,2847.0,3119.0,2567.0,1719.0,0.0,1950.0,1004.0
2016-06-01,1898.0,1961.0,3239.0,1391.0,1333.0,1843.0,1958.0,2856.0,2252.0,961.0,2637.0,1209.0,878.0,1330.0,1450.0,830.0,1471.0,1372.0,1197.0,1453.0,1014.0,787.0,1064.0,2389.0,709.0,638.0,1503.0,1249.0,1033.0,695.0,1364.0,803.0,948.0,1980.0,802.0,1108.0,1590.0,1648.0,1254.0,1378.0,1121.0,1046.0,1241.0,4361.0,3443.0,3233.0,3949.0,2968.0,2979.0,2426.0,1675.0,0.0,1787.0,870.0
2016-06-02,1637.0,1775.0,2792.0,1253.0,1219.0,1507.0,1790.0,2608.0,2088.0,861.0,2532.0,1135.0,841.0,1315.0,1338.0,699.0,1400.0,1232.0,1079.0,1393.0,796.0,792.0,916.0,2216.0,601.0,568.0,1364.0,1207.0,973.0,721.0,1342.0,572.0,1012.0,2018.0,688.0,1139.0,1396.0,1291.0,1284.0,1381.0,927.0,992.0,1116.0,3652.0,3014.0,2795.0,3311.0,2409.0,2630.0,2086.0,1412.0,0.0,1548.0,730.0
2016-06-03,1804.0,1923.0,3389.0,1372.0,1339.0,1754.0,2031.0,2826.0,1794.0,778.0,2284.0,1083.0,838.0,1132.0,1306.0,707.0,1382.0,1146.0,1127.0,1322.0,831.0,668.0,1097.0,2547.0,863.0,594.0,1497.0,1025.0,920.0,733.0,1321.0,560.0,843.0,2300.0,598.0,990.0,1461.0,1486.0,1317.0,1284.0,1028.0,999.0,1198.0,4323.0,3651.0,3247.0,3737.0,2634.0,3074.0,2364.0,1867.0,0.0,1530.0,823.0
2016-06-04,1261.0,2098.0,3641.0,1583.0,1403.0,2179.0,1867.0,2990.0,2414.0,1038.0,2709.0,1358.0,1186.0,1753.0,1368.0,829.0,1725.0,1288.0,1785.0,1914.0,1235.0,762.0,1045.0,2372.0,962.0,618.0,1776.0,1451.0,1302.0,732.0,1587.0,661.0,1119.0,2400.0,744.0,1239.0,1531.0,2172.0,1820.0,1511.0,1274.0,1370.0,1324.0,4733.0,4385.0,4241.0,4494.0,3738.0,3373.0,3193.0,2061.0,0.0,1993.0,1000.0
2016-06-05,489.0,1982.0,3511.0,1679.0,1342.0,2099.0,1576.0,2681.0,2402.0,943.0,2710.0,1342.0,933.0,1058.0,1113.0,930.0,1875.0,1343.0,1208.0,2141.0,1521.0,740.0,946.0,1837.0,673.0,727.0,1843.0,1671.0,1382.0,688.0,1675.0,675.0,1097.0,2213.0,769.0,1254.0,1178.0,2053.0,1653.0,1304.0,1495.0,1303.0,1405.0,4903.0,4367.0,4412.0,4530.0,4213.0,3273.0,3009.0,1879.0,0.0,2170.0,1203.0
2016-06-06,1759.0,1857.0,2887.0,1325.0,1395.0,1691.0,1757.0,2548.0,1882.0,933.0,2289.0,1212.0,899.0,1349.0,1387.0,807.0,1506.0,1236.0,1178.0,1346.0,815.0,707.0,990.0,2175.0,610.0,519.0,1405.0,1095.0,1024.0,638.0,1258.0,548.0,927.0,1978.0,615.0,956.0,1388.0,1369.0,1334.0,1513.0,962.0,937.0,1165.0,3874.0,3275.0,2846.0,3620.0,2551.0,2713.0,2055.0,1501.0,0.0,1408.0,826.0
2016-06-07,1743.0,1706.0,2854.0,1242.0,1252.0,1548.0,1707.0,2386.0,1912.0,966.0,2295.0,1159.0,827.0,1316.0,1437.0,790.0,1386.0,1313.0,1044.0,1372.0,817.0,641.0,989.0,2098.0,596.0,461.0,1333.0,1174.0,1107.0,698.0,1326.0,560.0,993.0,1971.0,599.0,1126.0,1399.0,1160.0,1364.0,1409.0,882.0,892.0,1164.0,3595.0,3131.0,2659.0,3165.0,2322.0,2429.0,2207.0,1496.0,0.0,1340.0,768.0
2016-06-08,1811.0,1858.0,3089.0,1458.0,1262.0,1781.0,1911.0,2688.0,1853.0,816.0,2070.0,1124.0,827.0,1185.0,1334.0,729.0,1487.0,1197.0,1015.0,1338.0,771.0,646.0,1031.0,2275.0,671.0,510.0,1536.0,962.0,1026.0,641.0,1123.0,538.0,839.0,1813.0,574.0,980.0,1590.0,1418.0,1301.0,1338.0,1010.0,1018.0,999.0,3992.0,3202.0,2815.0,3413.0,2320.0,2793.0,2072.0,1742.0,0.0,1522.0,683.0
2016-06-09,1577.0,1764.0,2687.0,1194.0,1171.0,1519.0,1708.0,2442.0,1802.0,866.0,2180.0,1165.0,773.0,1256.0,1328.0,630.0,1328.0,1152.0,1021.0,1318.0,726.0,633.0,941.0,2060.0,577.0,509.0,1314.0,1019.0,960.0,628.0,1201.0,522.0,816.0,1714.0,573.0,963.0,1383.0,1220.0,1258.0,1231.0,847.0,920.0,1031.0,3566.0,2801.0,2519.0,3052.0,2255.0,2406.0,1922.0,1380.0,0.0,1274.0,683.0
2016-06-10,1817.0,1859.0,3188.0,1465.0,1209.0,1730.0,1992.0,2687.0,1686.0,763.0,2071.0,1099.0,789.0,1116.0,1304.0,617.0,1350.0,1185.0,973.0,1243.0,764.0,664.0,992.0,2255.0,816.0,476.0,1343.0,904.0,960.0,636.0,1148.0,548.0,774.0,2079.0,530.0,915.0,1507.0,1407.0,1352.0,1279.0,940.0,991.0,1064.0,4102.0,3668.0,2888.0,3634.0,2361.0,2995.0,2386.0,1775.0,0.0,1277.0,733.0
2016-06-11,1237.0,2225.0,3504.0,1572.0,1330.0,2006.0,1870.0,2820.0,2129.0,974.0,2276.0,1173.0,1040.0,1677.0,1250.0,784.0,1663.0,1242.0,1613.0,1731.0,1081.0,722.0,972.0,2235.0,904.0,632.0,1810.0,1308.0,1096.0,680.0,1395.0,649.0,955.0,2173.0,646.0,1083.0,1501.0,1967.0,1648.0,1366.0,1267.0,1296.0,1171.0,4600.0,4109.0,4060.0,4108.0,3374.0,3190.0,2997.0,1798.0,0.0,1671.0,893.0
2016-06-12,506.0,2016.0,3433.0,1610.0,1205.0,2095.0,1634.0,2509.0,2059.0,890.0,2383.0,1209.0,845.0,987.0,1043.0,973.0,1825.0,1174.0,1060.0,1919.0,1367.0,699.0,1010.0,1709.0,700.0,591.0,1964.0,1545.0,1340.0,657.0,1598.0,668.0,1004.0,2009.0,672.0,1102.0,1049.0,1800.0,1563.0,1210.0,1306.0,1228.0,1249.0,4540.0,3919.0,3909.0,4000.0,3609.0,2965.0,2566.0,1832.0,0.0,1804.0,1181.0
2016-06-13,1755.0,1749.0,2812.0,1323.0,1228.0,1613.0,1807.0,2502.0,1718.0,869.0,1957.0,1141.0,845.0,1248.0,1314.0,730.0,1485.0,1156.0,1145.0,1200.0,811.0,720.0,906.0,2069.0,648.0,458.0,1382.0,1061.0,951.0,628.0,1214.0,523.0,891.0,1997.0,601.0,940.0,1192.0,1260.0,1199.0,1468.0,954.0,842.0,1218.0,3785.0,3115.0,2595.0,3153.0,2159.0,2581.0,2025.0,1454.0,0.0,1278.0,773.0
2016-06-14,1746.0,1716.0,2713.0,1234.0,1272.0,1603.0,1705.0,2399.0,1814.0,910.0,1890.0,1157.0,747.0,1220.0,1377.0,758.0,1484.0,1297.0,1008.0,1344.0,842.0,663.0,967.0,2074.0,591.0,431.0,1352.0,1140.0,1072.0,730.0,1233.0,559.0,895.0,1976.0,605.0,1136.0,1397.0,1166.0,1341.0,1436.0,931.0,909.0,1123.0,3561.0,2877.0,2422.0,2985.0,2111.0,2441.0,2048.0,1486.0,0.0,1211.0,769.0
2016-06-15,1837.0,1881.0,3117.0,1403.0,1305.0,1603.0,1939.0,2688.0,1820.0,808.0,1956.0,1156.0,763.0,1192.0,1312.0,639.0,1288.0,1137.0,1048.0,1258.0,787.0,619.0,1031.0,2396.0,744.0,616.0,1429.0,1088.0,1089.0,656.0,1164.0,571.0,853.0,1969.0,604.0,936.0,1407.0,1306.0,1242.0,1313.0,1027.0,981.0,1050.0,4120.0,3220.0,2939.0,3549.0,2279.0,2780.0,2091.0,1686.0,0.0,1473.0,740.0
2016-06-16,1788.0,2011.0,3020.0,1475.0,1298.0,1736.0,1837.0,2751.0,1864.0,859.0,2048.0,1203.0,792.0,1325.0,1329.0,746.0,1411.0,1278.0,1006.0,1439.0,773.0,707.0,1041.0,2168.0,671.0,593.0,1538.0,1165.0,1090.0,701.0,1390.0,609.0,911.0,2049.0,693.0,1086.0,1506.0,1208.0,1250.0,1327.0,1019.0,1023.0,1097.0,3776.0,3116.0,2731.0,3334.0,2313.0,2710.0,2158.0,1597.0,0.0,1327.0,712.0
2016-06-17,1831.0,1988.0,3389.0,1490.0,1368.0,1835.0,2085.0,2834.0,1822.0,788.0,1960.0,1123.0,775.0,1183.0,1290.0,753.0,1372.0,1176.0,1122.0,1299.0,801.0,681.0,1088.0,2495.0,744.0,648.0,1500.0,1064.0,946.0,684.0,1329.0,619.0,832.0,2285.0,619.0,936.0,1579.0,1358.0,1288.0,1268.0,1025.0,1100.0,1088.0,4492.0,3948.0,3136.0,3898.0,2600.0,3285.0,2537.0,1959.0,0.0,1523.0,776.0
2016-06-18,1386.0,2335.0,4169.0,1789.0,1530.0,2336.0,2051.0,3117.0,2406.0,1020.0,2467.0,1320.0,1156.0,1625.0,1345.0,878.0,1764.0,1301.0,1805.0,1848.0,1170.0,778.0,1172.0,2659.0,892.0,721.0,1958.0,1444.0,1364.0,753.0,1610.0,684.0,1089.0,2642.0,790.0,1189.0,1741.0,2099.0,1789.0,1532.0,1472.0,1437.0,1302.0,5626.0,4780.0,4608.0,5227.0,3919.0,4133.0,3682.0,2333.0,0.0,2096.0,1079.0
2016-06-19,570.0,2044.0,3259.0,1694.0,1375.0,2238.0,1689.0,2378.0,2123.0,943.0,2487.0,1192.0,887.0,1012.0,984.0,1026.0,1793.0,1154.0,1125.0,2046.0,1330.0,736.0,1048.0,1766.0,685.0,600.0,1947.0,1604.0,1324.0,703.0,1641.0,729.0,1001.0,2050.0,715.0,1314.0,1174.0,1886.0,1534.0,1196.0,1497.0,1250.0,1276.0,4412.0,3997.0,3957.0,4364.0,3824.0,3073.0,2843.0,1805.0,0.0,1931.0,1238.0
2016-06-20,1787.0,1828.0,2910.0,1294.0,1256.0,1710.0,1800.0,2624.0,1921.0,880.0,2012.0,1172.0,772.0,1310.0,1421.0,783.0,1501.0,1247.0,1137.0,1322.0,916.0,652.0,943.0,2169.0,597.0,633.0,1433.0,1157.0,1107.0,687.0,1312.0,595.0,877.0,2169.0,642.0,1048.0,1367.0,1342.0,1267.0,1516.0,1035.0,888.0,1164.0,3781.0,3255.0,2914.0,3445.0,2384.0,2613.0,1989.0,1500.0,0.0,1310.0,832.0
2016-06-21,1623.0,1759.0,2925.0,1326.0,1260.0,1628.0,1740.0,2419.0,1898.0,917.0,2041.0,1129.0,799.0,1284.0,1417.0,757.0,1500.0,1329.0,1088.0,1363.0,779.0,671.0,964.0,2112.0,594.0,445.0,1433.0,1254.0,1224.0,735.0,1372.0,608.0,949.0,1949.0,647.0,1162.0,1404.0,1196.0,1398.0,1491.0,1019.0,948.0,1064.0,3517.0,3077.0,2605.0,3103.0,2208.0,2406.0,2147.0,1556.0,0.0,1235.0,804.0
2016-06-22,1846.0,1895.0,2971.0,1376.0,1258.0,1679.0,1874.0,2624.0,1631.0,777.0,1888.0,1109.0,762.0,1214.0,1362.0,660.0,1364.0,1203.0,1095.0,1179.0,689.0,659.0,1003.0,2308.0,704.0,469.0,1488.0,1026.0,978.0,707.0,1144.0,511.0,803.0,1814.0,547.0,971.0,1423.0,1361.0,1102.0,1335.0,1153.0,935.0,1016.0,3851.0,2943.0,2761.0,3348.0,2189.0,2619.0,1910.0,1690.0,0.0,1315.0,721.0
2016-06-23,1609.0,1722.0,2622.0,1309.0,1130.0,1541.0,1665.0,2389.0,1655.0,721.0,1913.0,1116.0,731.0,1229.0,1310.0,670.0,1304.0,1163.0,987.0,1283.0,724.0,588.0,905.0,2018.0,619.0,451.0,1329.0,1041.0,999.0,610.0,1179.0,522.0,767.0,1763.0,577.0,1009.0,1320.0,1136.0,1178.0,1198.0,869.0,898.0,963.0,3522.0,2873.0,2580.0,2987.0,2132.0,2396.0,1953.0,1388.0,0.0,1143.0,650.0
2016-06-24,1705.0,1866.0,3029.0,1375.0,1224.0,1745.0,1901.0,2625.0,1577.0,732.0,1883.0,1080.0,735.0,1072.0,1213.0,663.0,1338.0,1123.0,969.0,1111.0,747.0,679.0,1005.0,2276.0,775.0,556.0,1406.0,913.0,937.0,613.0,1103.0,505.0,772.0,2038.0,560.0,938.0,1501.0,1366.0,1306.0,1193.0,1061.0,1054.0,1074.0,4092.0,3321.0,2997.0,3465.0,2366.0,2985.0,2169.0,1695.0,0.0,1353.0,730.0
2016-06-25,1241.0,2088.0,3424.0,1556.0,1156.0,2014.0,1758.0,2823.0,2003.0,947.0,2167.0,1220.0,1057.0,1372.0,1189.0,773.0,1663.0,1156.0,1499.0,1680.0,1052.0,702.0,1034.0,2074.0,1021.0,568.0,1737.0,1337.0,1105.0,670.0,1373.0,655.0,958.0,2117.0,626.0,1090.0,1485.0,1800.0,1569.0,1307.0,1147.0,1240.0,1118.0,4700.0,4056.0,3812.0,4096.0,3339.0,3260.0,2910.0,1824.0,0.0,1621.0,905.0
2016-06-26,485.0,2017.0,3337.0,1674.0,1180.0,2120.0,1606.0,2636.0,1974.0,820.0,2124.0,1211.0,910.0,906.0,1002.0,846.0,1789.0,1144.0,925.0,1836.0,1279.0,737.0,988.0,1703.0,732.0,484.0,1850.0,1531.0,1316.0,658.0,1599.0,595.0,934.0,1879.0,703.0,1132.0,1094.0,1715.0,1496.0,1200.0,1312.0,1229.0,1224.0,4660.0,3922.0,3797.0,4048.0,3596.0,3036.0,2634.0,1783.0,0.0,1692.0,1109.0
2016-06-27,1775.0,1807.0,2894.0,1309.0,1220.0,1620.0,1773.0,2408.0,1568.0,852.0,1942.0,1191.0,823.0,1279.0,1322.0,741.0,1476.0,1239.0,1145.0,1156.0,781.0,719.0,932.0,2046.0,608.0,410.0,1393.0,1018.0,948.0,654.0,1120.0,542.0,862.0,1798.0,621.0,932.0,1371.0,1205.0,1202.0,1376.0,968.0,920.0,1175.0,3693.0,2932.0,2649.0,3097.0,2225.0,2541.0,2034.0,1426.0,0.0,1209.0,834.0
2016-06-28,1699.0,1706.0,2688.0,1236.0,1156.0,1501.0,1684.0,2414.0,1800.0,849.0,1823.0,1170.0,793.0,1225.0,1269.0,708.0,1439.0,1365.0,975.0,1247.0,755.0,637.0,913.0,2079.0,582.0,410.0,1335.0,1109.0,1068.0,641.0,1200.0,529.0,834.0,1814.0,615.0,1082.0,1355.0,1046.0,1263.0,1419.0,877.0,894.0,1095.0,3552.0,2791.0,2429.0,3031.0,1948.0,2446.0,1911.0,1434.0,0.0,1149.0,797.0
2016-06-29,1765.0,1808.0,2974.0,1400.0,1152.0,1786.0,1882.0,2579.0,1716.0,809.0,1678.0,1221.0,810.0,1201.0,1260.0,642.0,1445.0,1179.0,1091.0,1255.0,719.0,656.0,968.0,2268.0,683.0,439.0,1399.0,901.0,927.0,618.0,1062.0,566.0,801.0,1773.0,498.0,857.0,1497.0,1310.0,1174.0,1173.0,942.0,1018.0,1003.0,4011.0,3068.0,2694.0,3353.0,2105.0,2618.0,1965.0,1608.0,0.0,1310.0,713.0
2016-06-30,1622.0,1699.0,2632.0,1208.0,1074.0,1510.0,1652.0,2413.0,1824.0,779.0,2012.0,1178.0,724.0,1179.0,1236.0,624.0,1274.0,1174.0,968.0,1255.0,757.0,644.0,940.0,2106.0,610.0,492.0,1359.0,1082.0,979.0,640.0,1165.0,594.0,816.0,1859.0,646.0,1040.0,1388.0,1205.0,1214.0,1171.0,870.0,934.0,1039.0,3657.0,2923.0,2584.0,3043.0,2310.0,2510.0,1970.0,1343.0,0.0,1209.0,730.0
2016-07-01,1876.0,2009.0,3450.0,1567.0,1321.0,1855.0,2049.0,2871.0,2036.0,882.0,2302.0,1126.0,884.0,1212.0,1359.0,719.0,1403.0,1180.0,1100.0,1399.0,856.0,694.0,1113.0,2481.0,896.0,697.0,1504.0,1129.0,1024.0,699.0,1476.0,623.0,961.0,2289.0,721.0,1162.0,1717.0,1611.0,1424.0,1394.0,1072.0,1156.0,1291.0,4534.0,3883.0,3422.0,4116.0,3018.0,3315.0,2519.0,1935.0,0.0,1594.0,785.0
2016-07-02,1253.0,2104.0,3588.0,1612.0,1354.0,2051.0,1800.0,2823.0,2433.0,1027.0,2849.0,1282.0,1197.0,1676.0,1341.0,831.0,1727.0,1273.0,1698.0,1925.0,1280.0,860.0,1075.0,2358.0,1080.0,701.0,1808.0,1476.0,1377.0,778.0,1617.0,801.0,1139.0,2500.0,809.0,1347.0,1559.0,2014.0,1829.0,1577.0,1339.0,1330.0,1375.0,5165.0,4225.0,4316.0,4743.0,4063.0,3528.0,3077.0,1865.0,0.0,2034.0,1013.0
2016-07-03,500.0,2028.0,3414.0,1557.0,1082.0,2098.0,1566.0,2696.0,2305.0,946.0,2328.0,1201.0,882.0,934.0,968.0,857.0,1829.0,1301.0,1122.0,2069.0,1377.0,758.0,997.0,1844.0,699.0,679.0,1895.0,1745.0,1456.0,684.0,1830.0,753.0,1133.0,2153.0,799.0,1363.0,1192.0,1899.0,1712.0,1344.0,1404.0,1278.0,1510.0,4952.0,4407.0,4306.0,4564.0,4191.0,3279.0,2998.0,1895.0,0.0,2064.0,1198.0
2016-07-04,1790.0,1865.0,3058.0,1392.0,1446.0,1660.0,1808.0,2686.0,2119.0,930.0,2458.0,1263.0,948.0,1412.0,1453.0,796.0,1481.0,1286.0,1264.0,1398.0,986.0,740.0,954.0,2148.0,661.0,498.0,1386.0,1166.0,1133.0,693.0,1369.0,592.0,980.0,2071.0,697.0,1074.0,1497.0,1347.0,1368.0,1511.0,1016.0,983.0,1373.0,3946.0,3496.0,3186.0,3838.0,2741.0,2852.0,2346.0,1562.0,0.0,1369.0,900.0
2016-07-05,1655.0,1780.0,2852.0,1274.0,1281.0,1624.0,1806.0,2633.0,2034.0,922.0,2499.0,1104.0,891.0,1288.0,1494.0,771.0,1512.0,1362.0,1114.0,1376.0,984.0,711.0,969.0,2172.0,610.0,474.0,1376.0,1201.0,1197.0,770.0,1334.0,604.0,1084.0,2012.0,693.0,1224.0,1426.0,1299.0,1427.0,1522.0,981.0,929.0,1109.0,3747.0,3222.0,2927.0,3472.0,2566.0,2632.0,2555.0,1443.0,0.0,1301.0,844.0
2016-07-06,1826.0,1841.0,3174.0,1388.0,1344.0,1711.0,1869.0,2789.0,1916.0,822.0,2364.0,1120.0,812.0,1266.0,1308.0,796.0,1359.0,1207.0,1147.0,1341.0,904.0,712.0,1052.0,2363.0,742.0,492.0,1480.0,1087.0,925.0,706.0,1299.0,542.0,845.0,1850.0,546.0,1005.0,1582.0,1418.0,1311.0,1291.0,954.0,1014.0,1124.0,4434.0,3468.0,3179.0,3810.0,2699.0,2872.0,2104.0,1672.0,0.0,1471.0,782.0
2016-07-07,1712.0,1716.0,2801.0,1264.0,1192.0,1532.0,1688.0,2437.0,1880.0,831.0,2136.0,1133.0,763.0,1263.0,1312.0,724.0,1476.0,1227.0,1060.0,1387.0,887.0,655.0,975.0,2089.0,635.0,509.0,1296.0,1058.0,989.0,688.0,1212.0,533.0,827.0,1839.0,604.0,1062.0,1454.0,1310.0,1217.0,1245.0,893.0,1074.0,1148.0,3285.0,3059.0,2722.0,3212.0,2227.0,2509.0,2051.0,1439.0,0.0,1177.0,693.0
2016-07-08,1780.0,1909.0,3224.0,1477.0,1328.0,1722.0,1990.0,2888.0,1861.0,801.0,2252.0,1070.0,781.0,1216.0,1370.0,726.0,1367.0,1191.0,1087.0,1340.0,834.0,747.0,1071.0,2286.0,811.0,515.0,1381.0,944.0,979.0,630.0,1241.0,554.0,801.0,2169.0,552.0,940.0,1647.0,1356.0,1390.0,1248.0,970.0,1067.0,1217.0,4271.0,3776.0,3120.0,3789.0,2606.0,3082.0,2331.0,1687.0,0.0,1400.0,761.0
2016-07-09,1276.0,1962.0,3326.0,1553.0,1394.0,1966.0,1790.0,2889.0,2194.0,1024.0,2387.0,1271.0,1008.0,1560.0,1240.0,834.0,1707.0,1155.0,1755.0,1687.0,1153.0,677.0,1017.0,2222.0,1020.0,533.0,1792.0,1352.0,1244.0,716.0,1449.0,650.0,950.0,2232.0,711.0,1113.0,1480.0,1859.0,1587.0,1333.0,1194.0,1250.0,1259.0,4707.0,4196.0,4020.0,4145.0,3461.0,3250.0,2988.0,1878.0,0.0,1650.0,960.0
2016-07-10,530.0,1791.0,3388.0,1529.0,1215.0,1907.0,1509.0,2471.0,2077.0,824.0,2203.0,1174.0,849.0,938.0,1014.0,926.0,1699.0,1223.0,1075.0,1873.0,1456.0,741.0,912.0,1675.0,744.0,502.0,1844.0,1528.0,1389.0,610.0,1594.0,642.0,1064.0,2053.0,682.0,1217.0,1107.0,1636.0,1460.0,1156.0,1181.0,1144.0,1301.0,4516.0,3952.0,3978.0,4024.0,3630.0,3119.0,2756.0,1881.0,0.0,1846.0,1197.0
2016-07-11,1712.0,1740.0,2910.0,1285.0,1249.0,1563.0,1666.0,2616.0,1933.0,838.0,2094.0,1141.0,904.0,1285.0,1338.0,773.0,1506.0,1173.0,1143.0,1270.0,886.0,729.0,982.0,2041.0,607.0,474.0,1427.0,1094.0,998.0,603.0,1239.0,570.0,911.0,1949.0,577.0,1014.0,1405.0,1239.0,1323.0,1460.0,952.0,910.0,1117.0,3785.0,3431.0,2909.0,3309.0,2447.0,2621.0,2092.0,1502.0,0.0,1289.0,911.0
2016-07-12,1648.0,1663.0,2745.0,1282.0,1170.0,1504.0,1641.0,2467.0,1788.0,899.0,2057.0,1078.0,832.0,1242.0,1363.0,769.0,1492.0,1246.0,1081.0,1272.0,874.0,732.0,973.0,2048.0,613.0,395.0,1405.0,1120.0,1099.0,715.0,1287.0,552.0,931.0,1926.0,612.0,1041.0,1359.0,1205.0,1395.0,1418.0,919.0,921.0,1106.0,3645.0,3017.0,2508.0,3076.0,2173.0,2473.0,2093.0,1409.0,0.0,1244.0,744.0
2016-07-13,1792.0,1833.0,2934.0,1398.0,1189.0,1597.0,1823.0,2625.0,1695.0,750.0,1813.0,1104.0,744.0,1105.0,1310.0,654.0,1287.0,1158.0,1045.0,1193.0,819.0,635.0,984.0,2187.0,718.0,407.0,1376.0,881.0,958.0,668.0,1150.0,508.0,804.0,1778.0,560.0,919.0,1546.0,1251.0,1208.0,1269.0,898.0,1001.0,976.0,3935.0,3045.0,2727.0,3410.0,2243.0,2686.0,2006.0,1557.0,0.0,1304.0,710.0
2016-07-14,1719.0,1777.0,2772.0,1271.0,1176.0,1469.0,1715.0,2419.0,1670.0,726.0,1837.0,1130.0,822.0,1271.0,1174.0,699.0,1322.0,1181.0,979.0,1198.0,734.0,668.0,965.0,2079.0,649.0,416.0,1330.0,1020.0,945.0,666.0,1209.0,514.0,779.0,1805.0,541.0,970.0,1374.0,1216.0,1322.0,1143.0,873.0,988.0,1099.0,3452.0,2789.0,2493.0,3064.0,2115.0,2378.0,1916.0,1407.0,0.0,1161.0,687.0
2016-07-15,1673.0,1866.0,3252.0,1421.0,1323.0,1785.0,1977.0,2825.0,1831.0,736.0,2161.0,1126.0,763.0,1195.0,1275.0,722.0,1284.0,1163.0,1000.0,1168.0,806.0,597.0,1065.0,2421.0,901.0,560.0,1473.0,994.0,973.0,626.0,1160.0,547.0,791.0,2311.0,653.0,997.0,1555.0,1392.0,1318.0,1282.0,995.0,1076.0,1130.0,4070.0,3573.0,3064.0,3574.0,2513.0,2986.0,2278.0,1805.0,0.0,1433.0,679.0
2016-07-16,1339.0,1971.0,3506.0,1532.0,1382.0,2079.0,1803.0,2699.0,2160.0,1002.0,2292.0,1243.0,1010.0,1491.0,1219.0,793.0,1693.0,1141.0,1581.0,1529.0,1175.0,716.0,1084.0,2160.0,1062.0,608.0,1799.0,1444.0,1274.0,710.0,1516.0,682.0,1138.0,2423.0,784.0,1192.0,1495.0,1821.0,1639.0,1434.0,1287.0,1231.0,1200.0,4816.0,4190.0,3949.0,4326.0,3356.0,3195.0,2790.0,1823.0,0.0,1817.0,902.0
2016-07-17,470.0,1805.0,3368.0,1485.0,1183.0,1923.0,1507.0,2515.0,1923.0,829.0,2117.0,1119.0,771.0,931.0,885.0,975.0,1700.0,1129.0,960.0,1812.0,1405.0,677.0,848.0,1698.0,736.0,564.0,1870.0,1705.0,1313.0,632.0,1589.0,683.0,988.0,2016.0,805.0,1228.0,1030.0,1682.0,1484.0,1228.0,1376.0,1135.0,1327.0,4597.0,4065.0,3824.0,4112.0,3507.0,3142.0,2528.0,1786.0,0.0,1809.0,1077.0
2016-07-18,1766.0,1672.0,3059.0,1321.0,1304.0,1727.0,1700.0,2611.0,1830.0,867.0,2121.0,1207.0,816.0,1291.0,1445.0,763.0,1426.0,1131.0,1202.0,1266.0,860.0,675.0,971.0,2102.0,722.0,512.0,1497.0,1145.0,1071.0,679.0,1240.0,566.0,928.0,2093.0,620.0,1028.0,1457.0,1299.0,1374.0,1479.0,1015.0,1049.0,1250.0,3841.0,3250.0,2839.0,3338.0,2471.0,2603.0,2181.0,1461.0,0.0,1351.0,836.0
2016-07-19,1749.0,1636.0,2774.0,1239.0,1273.0,1508.0,1652.0,2430.0,1812.0,831.0,2141.0,1096.0,812.0,1213.0,1360.0,727.0,1413.0,1167.0,989.0,1247.0,906.0,671.0,907.0,1995.0,657.0,457.0,1359.0,1183.0,1149.0,640.0,1239.0,573.0,931.0,1887.0,649.0,1192.0,1457.0,1155.0,1311.0,1448.0,960.0,1002.0,1131.0,3554.0,3169.0,2625.0,3159.0,2228.0,2499.0,2403.0,1425.0,0.0,1294.0,739.0
2016-07-20,1816.0,2074.0,3274.0,1636.0,1333.0,1855.0,1928.0,2694.0,1780.0,791.0,2113.0,1208.0,805.0,1293.0,1342.0,724.0,1518.0,1127.0,1160.0,1196.0,848.0,704.0,1124.0,2410.0,790.0,474.0,1588.0,1011.0,1040.0,670.0,1093.0,570.0,782.0,1863.0,562.0,1011.0,1608.0,1335.0,1257.0,1305.0,1129.0,1094.0,1072.0,3047.0,3445.0,2987.0,3693.0,2457.0,2751.0,2150.0,1633.0,0.0,1407.0,689.0
2016-07-21,1654.0,1639.0,2728.0,1253.0,1124.0,1548.0,1602.0,2365.0,1674.0,796.0,1958.0,1096.0,721.0,1250.0,1292.0,709.0,1268.0,1099.0,1015.0,1296.0,801.0,617.0,933.0,2126.0,677.0,405.0,1411.0,1028.0,1004.0,718.0,1208.0,557.0,780.0,1925.0,584.0,980.0,1445.0,1251.0,1298.0,1237.0,904.0,956.0,996.0,3656.0,3051.0,2693.0,3014.0,2248.0,2389.0,1953.0,1387.0,0.0,1234.0,711.0
2016-07-22,1798.0,1860.0,3206.0,1449.0,1331.0,1767.0,1911.0,2707.0,1700.0,729.0,2022.0,1022.0,785.0,1082.0,1336.0,631.0,1292.0,1095.0,1032.0,1202.0,910.0,666.0,1027.0,2323.0,964.0,493.0,1375.0,919.0,943.0,693.0,1202.0,575.0,722.0,2266.0,583.0,936.0,1531.0,1357.0,1210.0,1195.0,998.0,1099.0,1121.0,4072.0,3603.0,2842.0,3498.0,2407.0,2837.0,2333.0,1757.0,0.0,1413.0,704.0
2016-07-23,1243.0,1949.0,3373.0,1540.0,1290.0,1884.0,1672.0,2643.0,1991.0,924.0,2075.0,1137.0,1067.0,1528.0,1262.0,802.0,1628.0,1158.0,1578.0,1507.0,1162.0,722.0,1127.0,1929.0,1548.0,500.0,1632.0,1225.0,1124.0,661.0,1363.0,612.0,876.0,2333.0,816.0,1180.0,1461.0,1854.0,1568.0,1368.0,1103.0,1285.0,1154.0,4743.0,3992.0,3738.0,4227.0,3311.0,3187.0,3055.0,1602.0,0.0,1716.0,876.0
2016-07-24,501.0,1803.0,3278.0,1570.0,1189.0,1904.0,1464.0,2535.0,1853.0,764.0,2033.0,1105.0,802.0,919.0,967.0,890.0,1556.0,1164.0,1025.0,1795.0,1459.0,712.0,874.0,1403.0,1381.0,415.0,1753.0,1178.0,1029.0,593.0,1503.0,574.0,886.0,1811.0,758.0,1152.0,1051.0,1613.0,1398.0,1169.0,1258.0,1108.0,1154.0,4549.0,4039.0,3843.0,4022.0,3611.0,3057.0,2611.0,1417.0,0.0,1569.0,1039.0
2016-07-25,1697.0,1747.0,2877.0,1297.0,1304.0,1682.0,1681.0,2566.0,1763.0,812.0,2086.0,1141.0,855.0,1326.0,1382.0,724.0,1454.0,1132.0,1235.0,1258.0,942.0,671.0,977.0,1588.0,864.0,433.0,1764.0,1271.0,1113.0,564.0,1263.0,541.0,918.0,1800.0,730.0,1083.0,1413.0,1256.0,1345.0,1311.0,948.0,1003.0,1166.0,3773.0,3367.0,2843.0,3231.0,2528.0,2565.0,2177.0,1530.0,0.0,1320.0,886.0
2016-07-26,1615.0,1571.0,2705.0,1261.0,1155.0,1541.0,1623.0,2452.0,1847.0,832.0,2273.0,1139.0,826.0,1234.0,1340.0,662.0,1386.0,1187.0,1136.0,1197.0,893.0,672.0,981.0,2138.0,697.0,414.0,1448.0,1172.0,1119.0,717.0,1203.0,571.0,874.0,2048.0,625.0,1074.0,1401.0,1314.0,1388.0,1322.0,917.0,1011.0,1132.0,3532.0,3122.0,2559.0,3119.0,2189.0,2399.0,2122.0,1397.0,0.0,1226.0,746.0
2016-07-27,1787.0,1851.0,3071.0,1447.0,1218.0,1734.0,1852.0,2546.0,1672.0,734.0,1999.0,1133.0,832.0,1123.0,1249.0,668.0,1346.0,1120.0,1126.0,1153.0,794.0,669.0,1074.0,2228.0,780.0,461.0,1498.0,1017.0,981.0,666.0,1089.0,545.0,756.0,1773.0,557.0,881.0,1545.0,1263.0,1233.0,1254.0,1044.0,1018.0,1007.0,3765.0,3273.0,2833.0,3384.0,2366.0,2655.0,2071.0,1602.0,0.0,1275.0,713.0
2016-07-28,1609.0,1621.0,2680.0,1196.0,1097.0,1458.0,1603.0,2369.0,1646.0,738.0,2028.0,1116.0,756.0,1150.0,1146.0,663.0,1294.0,1097.0,1061.0,1180.0,738.0,649.0,967.0,2030.0,662.0,401.0,1309.0,979.0,940.0,665.0,1131.0,516.0,751.0,1749.0,589.0,936.0,1445.0,1127.0,1217.0,1068.0,842.0,962.0,1029.0,3403.0,2866.0,2635.0,3041.0,2194.0,2382.0,2015.0,1367.0,0.0,1150.0,672.0
2016-07-29,1734.0,1800.0,3206.0,1405.0,1278.0,1880.0,1874.0,2715.0,1700.0,764.0,2174.0,1100.0,815.0,1115.0,1262.0,639.0,1315.0,1076.0,1118.0,1233.0,819.0,661.0,1028.0,2310.0,920.0,521.0,1585.0,1018.0,942.0,665.0,1256.0,560.0,791.0,2364.0,592.0,1035.0,1540.0,1405.0,1356.0,1280.0,1058.0,1060.0,1098.0,4110.0,3739.0,3048.0,3538.0,2532.0,2900.0,2388.0,1761.0,0.0,1298.0,759.0
2016-07-30,1280.0,1916.0,3337.0,1593.0,1390.0,1981.0,1742.0,2612.0,2175.0,1052.0,2347.0,1284.0,1130.0,1523.0,1261.0,768.0,1777.0,1121.0,1747.0,1746.0,1369.0,794.0,1028.0,2378.0,1041.0,616.0,1755.0,1418.0,1289.0,694.0,1571.0,686.0,1061.0,2573.0,868.0,1220.0,1385.0,1866.0,1704.0,1517.0,1370.0,1219.0,1273.0,4694.0,4186.0,4028.0,4420.0,3555.0,3238.0,3071.0,1872.0,0.0,1710.0,998.0
2016-07-31,458.0,1727.0,3220.0,1488.0,1298.0,1986.0,1407.0,2585.0,2115.0,810.0,2214.0,1222.0,849.0,919.0,971.0,941.0,1714.0,1244.0,982.0,1870.0,1561.0,742.0,879.0,1796.0,796.0,582.0,1981.0,1604.0,1473.0,705.0,1678.0,700.0,1000.0,2230.0,819.0,1241.0,1027.0,1762.0,1395.0,1240.0,1359.0,1156.0,1414.0,4747.0,4288.0,4207.0,4456.0,3760.0,3088.0,2775.0,1808.0,0.0,1691.0,1202.0
2016-08-01,1750.0,1828.0,3271.0,1408.0,1437.0,1715.0,1643.0,2674.0,2125.0,958.0,2567.0,1251.0,972.0,1389.0,1396.0,806.0,1613.0,1267.0,1323.0,1431.0,1075.0,717.0,986.0,2170.0,744.0,597.0,1534.0,1258.0,1134.0,682.0,1410.0,624.0,1018.0,2274.0,578.0,1189.0,1397.0,1558.0,1448.0,1521.0,1134.0,1101.0,1338.0,4160.0,3853.0,3254.0,3814.0,2956.0,2774.0,2498.0,1633.0,0.0,1419.0,965.0
2016-08-02,1705.0,1765.0,2952.0,1383.0,1260.0,1706.0,1727.0,2632.0,2093.0,957.0,2641.0,1191.0,926.0,1396.0,1362.0,790.0,1549.0,1316.0,1057.0,1493.0,1011.0,695.0,1013.0,2262.0,760.0,564.0,1439.0,1282.0,1293.0,751.0,1430.0,635.0,1017.0,2111.0,756.0,1240.0,1536.0,1306.0,1531.0,1577.0,1017.0,958.0,1254.0,3850.0,3443.0,3092.0,3588.0,2782.0,2705.0,2576.0,1531.0,0.0,1289.0,849.0
2016-08-03,1843.0,1905.0,3139.0,1409.0,1459.0,1667.0,1803.0,2699.0,1946.0,879.0,2465.0,1193.0,891.0,1253.0,1421.0,706.0,1395.0,1185.0,1135.0,1437.0,930.0,718.0,1021.0,2357.0,817.0,517.0,1536.0,1187.0,1083.0,703.0,1241.0,604.0,866.0,1986.0,620.0,1048.0,1527.0,1401.0,1319.0,1419.0,1090.0,988.0,1146.0,4290.0,3584.0,3178.0,3734.0,2783.0,2908.0,2310.0,1690.0,0.0,1353.0,748.0
2016-08-04,1707.0,1724.0,2812.0,1282.0,1259.0,1491.0,1554.0,2536.0,1934.0,793.0,2259.0,1179.0,861.0,1265.0,1228.0,730.0,1327.0,1133.0,1023.0,1432.0,906.0,626.0,924.0,2229.0,739.0,421.0,1342.0,1097.0,1065.0,707.0,1328.0,567.0,846.0,1992.0,619.0,1082.0,1323.0,1304.0,1361.0,1331.0,968.0,1000.0,1103.0,3611.0,3270.0,2964.0,3379.0,2699.0,2581.0,2237.0,1428.0,0.0,1247.0,691.0
2016-08-05,1814.0,1907.0,3335.0,1542.0,1383.0,1802.0,1894.0,2863.0,1948.0,809.0,2382.0,1096.0,837.0,1151.0,1344.0,666.0,1269.0,1095.0,1114.0,1320.0,970.0,663.0,1087.0,2347.0,933.0,480.0,1460.0,1009.0,982.0,636.0,1296.0,538.0,782.0,2289.0,625.0,936.0,1510.0,1456.0,1381.0,1272.0,1017.0,1046.0,1151.0,4204.0,3776.0,3283.0,3697.0,2894.0,2963.0,2548.0,1712.0,0.0,1307.0,795.0
2016-08-06,1246.0,1973.0,3306.0,1493.0,1354.0,1970.0,1589.0,2694.0,2134.0,1022.0,2446.0,1162.0,1059.0,1537.0,1238.0,884.0,1619.0,1165.0,1547.0,1629.0,1229.0,709.0,958.0,2206.0,1021.0,510.0,1757.0,1411.0,1241.0,682.0,1510.0,659.0,917.0,2368.0,761.0,1159.0,1337.0,1851.0,1548.0,1441.0,1244.0,1148.0,1105.0,4715.0,4370.0,3852.0,4334.0,3476.0,3236.0,2962.0,1816.0,0.0,1611.0,935.0
2016-08-07,474.0,1910.0,3161.0,1418.0,1127.0,1866.0,1436.0,2512.0,1970.0,818.0,2182.0,1098.0,811.0,916.0,950.0,939.0,1604.0,1131.0,984.0,1761.0,1437.0,673.0,837.0,1812.0,779.0,511.0,1960.0,1551.0,1413.0,645.0,1566.0,688.0,872.0,2104.0,710.0,1177.0,941.0,1625.0,1332.0,1165.0,1311.0,1051.0,1336.0,4642.0,4111.0,3904.0,4202.0,3724.0,3029.0,2630.0,1865.0,0.0,1638.0,1094.0
2016-08-08,1749.0,1765.0,3034.0,1319.0,1304.0,1543.0,1686.0,2565.0,1941.0,882.0,2192.0,1144.0,852.0,1372.0,1344.0,756.0,1472.0,1178.0,1132.0,1293.0,963.0,702.0,918.0,2235.0,792.0,450.0,1503.0,1010.0,975.0,690.0,1271.0,534.0,870.0,2123.0,645.0,1009.0,1399.0,1391.0,1344.0,1463.0,998.0,931.0,1271.0,3932.0,3476.0,3070.0,3546.0,2542.0,2686.0,2405.0,1448.0,0.0,1145.0,812.0
2016-08-09,1662.0,1667.0,2708.0,1183.0,1274.0,1509.0,1619.0,2435.0,1860.0,882.0,2151.0,1142.0,873.0,1336.0,1322.0,750.0,1401.0,1229.0,1055.0,1299.0,909.0,645.0,949.0,2153.0,764.0,425.0,1351.0,1198.0,1083.0,708.0,1356.0,525.0,954.0,1958.0,630.0,1114.0,1338.0,1260.0,1369.0,1415.0,985.0,868.0,1154.0,3584.0,3141.0,2730.0,3324.0,2214.0,2032.0,2260.0,1506.0,0.0,1098.0,776.0
2016-08-10,1843.0,1700.0,2876.0,1284.0,1245.0,1561.0,1693.0,2652.0,1899.0,779.0,2272.0,1111.0,818.0,1259.0,1279.0,654.0,1282.0,1099.0,1147.0,1185.0,825.0,650.0,980.0,2147.0,897.0,446.0,1461.0,966.0,948.0,689.0,1120.0,571.0,822.0,1891.0,586.0,937.0,1461.0,1399.0,1285.0,1297.0,1004.0,990.0,1123.0,3999.0,3324.0,2980.0,3621.0,2493.0,2671.0,2262.0,1606.0,0.0,1248.0,669.0
2016-08-11,1697.0,1736.0,2851.0,1392.0,1205.0,1549.0,1715.0,2480.0,1887.0,845.0,2096.0,1114.0,783.0,1252.0,1310.0,652.0,1328.0,1115.0,1049.0,1270.0,884.0,687.0,1004.0,2168.0,974.0,405.0,1378.0,1017.0,908.0,638.0,1178.0,540.0,821.0,2188.0,617.0,1023.0,1436.0,1288.0,1365.0,1215.0,921.0,988.0,1087.0,3751.0,3284.0,2794.0,3486.0,2458.0,2645.0,2165.0,1474.0,0.0,1142.0,690.0
2016-08-12,515.0,1630.0,2956.0,1288.0,1202.0,1719.0,1472.0,2299.0,1976.0,723.0,2298.0,981.0,759.0,1103.0,987.0,741.0,1445.0,866.0,1060.0,1508.0,1029.0,571.0,921.0,1998.0,2068.0,514.0,1874.0,1295.0,1167.0,590.0,1237.0,581.0,780.0,2374.0,831.0,1227.0,1135.0,1452.0,1163.0,1051.0,1137.0,1078.0,1158.0,4340.0,3990.0,3643.0,3910.0,3058.0,3093.0,2641.0,1708.0,0.0,1460.0,823.0
2016-08-13,1001.0,1674.0,3030.0,1352.0,1133.0,1545.0,1563.0,2358.0,1882.0,991.0,2217.0,1082.0,982.0,1458.0,1067.0,753.0,1468.0,944.0,1508.0,1487.0,1167.0,746.0,835.0,1980.0,1929.0,410.0,1700.0,1250.0,1080.0,630.0,1306.0,686.0,882.0,1946.0,904.0,1342.0,1121.0,1560.0,1297.0,1254.0,1162.0,994.0,1153.0,4000.0,3871.0,3509.0,3922.0,3019.0,2835.0,2746.0,1499.0,0.0,1504.0,951.0
2016-08-14,423.0,1600.0,2896.0,1283.0,1008.0,1627.0,1352.0,2240.0,1812.0,778.0,1934.0,1057.0,683.0,822.0,882.0,796.0,1472.0,957.0,937.0,1586.0,1200.0,633.0,776.0,1620.0,1006.0,429.0,1772.0,1471.0,1244.0,593.0,1360.0,529.0,834.0,2049.0,709.0,1156.0,874.0,1392.0,1102.0,1128.0,1253.0,897.0,1326.0,4044.0,3707.0,3332.0,3597.0,3059.0,2841.0,2347.0,1567.0,0.0,1476.0,1004.0
2016-08-15,1776.0,1789.0,2938.0,1348.0,1361.0,1601.0,1646.0,2633.0,1999.0,864.0,2308.0,1106.0,846.0,1295.0,1415.0,836.0,1500.0,0.0,1140.0,1426.0,917.0,702.0,978.0,2122.0,840.0,494.0,1480.0,1200.0,1115.0,677.0,1274.0,584.0,895.0,2227.0,662.0,1086.0,1331.0,1301.0,1287.0,1506.0,1047.0,972.0,1274.0,3857.0,3625.0,3042.0,3578.0,2643.0,2831.0,2385.0,1489.0,0.0,1248.0,883.0
2016-08-16,1648.0,1798.0,2908.0,1344.0,1254.0,1598.0,1724.0,2601.0,2119.0,989.0,2375.0,1115.0,852.0,1302.0,1458.0,732.0,1530.0,0.0,1053.0,1349.0,1025.0,649.0,973.0,2244.0,817.0,528.0,1402.0,1261.0,1204.0,724.0,1305.0,605.0,999.0,2169.0,673.0,1222.0,1358.0,1356.0,1446.0,1517.0,973.0,927.0,1157.0,3941.0,3482.0,2877.0,3570.0,2504.0,2631.0,2280.0,1481.0,0.0,1210.0,804.0
2016-08-17,1807.0,1827.0,3056.0,1424.0,1287.0,1742.0,1762.0,2714.0,1934.0,876.0,2270.0,1152.0,814.0,1273.0,1342.0,683.0,1438.0,0.0,1144.0,1250.0,915.0,663.0,1050.0,2394.0,779.0,498.0,1537.0,1080.0,1007.0,684.0,1237.0,570.0,820.0,2000.0,639.0,942.0,1507.0,1415.0,1229.0,1292.0,1123.0,1012.0,1043.0,4256.0,3606.0,3143.0,3716.0,2644.0,2810.0,2287.0,1739.0,0.0,1294.0,679.0
2016-08-18,1580.0,1622.0,2722.0,1197.0,1214.0,1523.0,1648.0,2480.0,1826.0,824.0,2097.0,1097.0,726.0,1240.0,1279.0,647.0,1360.0,0.0,951.0,1268.0,843.0,713.0,925.0,2117.0,777.0,437.0,1360.0,1061.0,1007.0,644.0,1274.0,567.0,836.0,1982.0,708.0,1002.0,1306.0,1299.0,1345.0,1263.0,914.0,916.0,1019.0,3776.0,3221.0,2870.0,3243.0,2395.0,2596.0,2158.0,1436.0,0.0,1139.0,709.0
2016-08-19,1654.0,1856.0,3138.0,1450.0,1294.0,1640.0,1852.0,2711.0,1802.0,777.0,2236.0,1044.0,836.0,1154.0,1336.0,709.0,1348.0,0.0,1145.0,1253.0,883.0,634.0,1092.0,2452.0,999.0,550.0,1543.0,1079.0,999.0,655.0,1189.0,563.0,769.0,2317.0,572.0,1051.0,1410.0,1440.0,1339.0,1315.0,1163.0,1001.0,1099.0,4185.0,3754.0,3114.0,3688.0,2651.0,2931.0,2538.0,1767.0,0.0,1292.0,752.0
2016-08-20,1191.0,1982.0,3454.0,1502.0,1337.0,1985.0,1761.0,2753.0,2239.0,1078.0,2419.0,1132.0,1045.0,1463.0,1165.0,821.0,1633.0,0.0,1565.0,1621.0,1174.0,659.0,986.0,2354.0,980.0,520.0,1856.0,1345.0,1251.0,694.0,1453.0,650.0,967.0,2459.0,718.0,1183.0,1216.0,1612.0,1571.0,1393.0,1187.0,1131.0,1170.0,4830.0,4362.0,3779.0,4406.0,3379.0,3252.0,2857.0,1843.0,0.0,1499.0,916.0
2016-08-21,484.0,1770.0,3386.0,1490.0,1158.0,1905.0,1554.0,2612.0,1991.0,890.0,2236.0,1107.0,744.0,854.0,900.0,866.0,1610.0,0.0,967.0,1816.0,1413.0,670.0,900.0,1776.0,809.0,506.0,1913.0,1617.0,1399.0,685.0,1519.0,641.0,891.0,2164.0,690.0,1249.0,928.0,1619.0,1330.0,1128.0,1345.0,1012.0,1335.0,4825.0,4237.0,4085.0,4309.0,3555.0,3194.0,2570.0,1802.0,0.0,1602.0,1130.0
2016-08-22,1682.0,1800.0,3060.0,1414.0,1241.0,1646.0,1860.0,2592.0,1947.0,882.0,2208.0,1154.0,893.0,1385.0,1437.0,742.0,1603.0,0.0,1200.0,1350.0,936.0,719.0,1005.0,2229.0,0.0,429.0,1428.0,1065.0,1033.0,683.0,1305.0,559.0,870.0,2103.0,611.0,1108.0,1432.0,1360.0,1302.0,1458.0,1026.0,957.0,1283.0,3933.0,3656.0,3077.0,3626.0,2664.0,2792.0,2330.0,1528.0,0.0,1150.0,871.0
2016-08-23,1736.0,1735.0,2879.0,1334.0,1174.0,1633.0,1740.0,2449.0,1910.0,891.0,2294.0,1134.0,862.0,1286.0,1395.0,727.0,1509.0,0.0,1098.0,1286.0,1008.0,677.0,1020.0,2124.0,0.0,464.0,1354.0,1181.0,1119.0,739.0,1215.0,584.0,873.0,2013.0,683.0,1261.0,1380.0,1380.0,1376.0,1438.0,974.0,998.0,1102.0,3847.0,3346.0,2975.0,3310.0,2565.0,2650.0,2466.0,1493.0,0.0,1089.0,755.0
2016-08-24,1831.0,1842.0,2972.0,1472.0,1217.0,1710.0,1825.0,2650.0,1744.0,817.0,2130.0,1105.0,777.0,1186.0,1368.0,677.0,1391.0,0.0,1090.0,1203.0,769.0,634.0,982.0,2240.0,0.0,471.0,1506.0,969.0,1065.0,676.0,1176.0,532.0,787.0,1874.0,579.0,1098.0,1410.0,1394.0,1239.0,1259.0,1101.0,1000.0,1047.0,4244.0,3727.0,3054.0,3506.0,2534.0,2752.0,2196.0,1637.0,0.0,1259.0,710.0
2016-08-25,1600.0,1658.0,2688.0,1258.0,1205.0,1548.0,1730.0,2427.0,1808.0,797.0,2007.0,1109.0,730.0,1177.0,1312.0,661.0,1354.0,0.0,976.0,1336.0,826.0,669.0,991.0,2019.0,0.0,477.0,1382.0,1020.0,992.0,691.0,1173.0,546.0,699.0,1944.0,626.0,1162.0,1346.0,1221.0,1233.0,1218.0,900.0,932.0,1044.0,4236.0,3029.0,2736.0,3125.0,2368.0,2563.0,2061.0,1422.0,0.0,1083.0,631.0
2016-08-26,1730.0,1874.0,3083.0,1430.0,1270.0,1777.0,1953.0,2573.0,1754.0,809.0,2159.0,1105.0,807.0,1073.0,1304.0,698.0,1341.0,0.0,1038.0,1242.0,841.0,639.0,980.0,2344.0,0.0,482.0,1494.0,1008.0,947.0,681.0,1205.0,540.0,743.0,2143.0,602.0,1079.0,1461.0,1284.0,1270.0,1258.0,936.0,985.0,1055.0,4692.0,3808.0,2993.0,3487.0,2556.0,2990.0,2266.0,1734.0,0.0,1232.0,786.0
2016-08-27,1137.0,1952.0,3498.0,1531.0,1351.0,1941.0,1755.0,2537.0,1935.0,1033.0,2396.0,1134.0,1018.0,1430.0,1184.0,816.0,1657.0,0.0,1498.0,1575.0,1158.0,702.0,944.0,2028.0,0.0,489.0,1712.0,1335.0,1282.0,708.0,1318.0,615.0,928.0,2148.0,754.0,1203.0,1331.0,1569.0,1497.0,1342.0,1275.0,1139.0,1206.0,4643.0,4142.0,3631.0,4075.0,3103.0,3253.0,2824.0,1650.0,0.0,1530.0,929.0
2016-08-28,504.0,1803.0,3387.0,1455.0,1100.0,2041.0,1542.0,2556.0,1831.0,794.0,2314.0,1067.0,691.0,750.0,865.0,856.0,1643.0,0.0,877.0,1738.0,1310.0,640.0,789.0,1611.0,0.0,510.0,1811.0,1492.0,1317.0,637.0,1528.0,669.0,989.0,1959.0,707.0,1271.0,915.0,1462.0,1302.0,1074.0,1385.0,1042.0,1263.0,4705.0,4046.0,3769.0,4127.0,3311.0,3366.0,2563.0,1667.0,0.0,1518.0,1077.0
2016-08-29,1631.0,1662.0,2875.0,1250.0,1208.0,1490.0,1709.0,2513.0,1819.0,801.0,2023.0,1105.0,857.0,1322.0,1339.0,810.0,1428.0,0.0,1120.0,1229.0,911.0,724.0,939.0,2159.0,0.0,435.0,1404.0,1034.0,1031.0,660.0,1111.0,547.0,816.0,1995.0,552.0,1087.0,1322.0,1282.0,1317.0,1393.0,877.0,924.0,1140.0,3779.0,3288.0,2796.0,3355.0,2328.0,2848.0,2172.0,1461.0,0.0,1077.0,843.0
2016-08-30,1660.0,1639.0,2858.0,1302.0,1158.0,1460.0,1754.0,2523.0,1852.0,903.0,1958.0,1103.0,835.0,1142.0,1359.0,746.0,1531.0,0.0,985.0,1253.0,922.0,661.0,973.0,1986.0,0.0,420.0,1403.0,1100.0,1089.0,733.0,1214.0,586.0,810.0,1880.0,604.0,1222.0,1329.0,1270.0,1373.0,1346.0,930.0,924.0,1105.0,3739.0,3179.0,2686.0,3185.0,2276.0,2635.0,2195.0,1400.0,0.0,1048.0,799.0
2016-08-31,1835.0,1795.0,3094.0,1328.0,1251.0,1680.0,1926.0,2732.0,1954.0,893.0,1991.0,1096.0,783.0,1159.0,1323.0,720.0,1415.0,0.0,1072.0,1287.0,851.0,662.0,997.0,2355.0,0.0,508.0,1541.0,1094.0,1050.0,727.0,1292.0,561.0,798.0,2024.0,585.0,1101.0,1461.0,1406.0,1253.0,1341.0,1419.0,971.0,1052.0,4251.0,3431.0,3162.0,3725.0,2547.0,2923.0,2152.0,1644.0,0.0,1273.0,771.0
2016-09-01,1783.0,1848.0,2965.0,1417.0,1252.0,1676.0,1791.0,2512.0,1936.0,937.0,2360.0,1165.0,886.0,1303.0,1313.0,734.0,1349.0,0.0,1090.0,1423.0,1054.0,809.0,1053.0,2121.0,0.0,583.0,1578.0,1255.0,1237.0,681.0,1476.0,673.0,979.0,2128.0,776.0,1395.0,1441.0,1326.0,1383.0,1425.0,1059.0,975.0,1203.0,3113.0,3399.0,3037.0,3469.0,2833.0,2811.0,2320.0,1584.0,0.0,1165.0,782.0
2016-09-02,1869.0,1985.0,3511.0,1536.0,1360.0,1847.0,2050.0,2905.0,2087.0,866.0,2404.0,1087.0,935.0,1222.0,1486.0,724.0,1457.0,0.0,1107.0,1452.0,952.0,726.0,1033.0,2511.0,0.0,669.0,1524.0,1124.0,1094.0,780.0,1432.0,594.0,885.0,2403.0,657.0,1281.0,1590.0,1465.0,1432.0,1376.0,1090.0,1070.0,1284.0,4620.0,4168.0,3590.0,4027.0,3070.0,3354.0,2524.0,1862.0,0.0,1203.0,788.0
2016-09-03,1292.0,2030.0,3781.0,1565.0,1430.0,2097.0,1827.0,2947.0,2397.0,1173.0,2916.0,1215.0,1215.0,1641.0,1305.0,906.0,1819.0,0.0,1612.0,1906.0,1378.0,831.0,996.0,2299.0,0.0,521.0,1913.0,1483.0,1333.0,720.0,1642.0,682.0,1081.0,2487.0,775.0,1496.0,1384.0,1766.0,1710.0,1515.0,1268.0,1401.0,1404.0,5418.0,4443.0,4487.0,4778.0,4019.0,3762.0,3176.0,1833.0,0.0,1492.0,1044.0
2016-09-04,492.0,1905.0,3516.0,1555.0,1258.0,1993.0,1581.0,2716.0,2246.0,991.0,3018.0,1315.0,910.0,1058.0,1147.0,947.0,1657.0,0.0,1054.0,1999.0,1617.0,761.0,939.0,1730.0,0.0,563.0,1942.0,1614.0,1477.0,725.0,1623.0,660.0,910.0,2189.0,722.0,1350.0,1126.0,1647.0,1596.0,1253.0,1351.0,1253.0,1396.0,4761.0,4252.0,4266.0,4805.0,4232.0,3500.0,3022.0,1879.0,0.0,1498.0,1118.0
2016-09-05,1697.0,1858.0,3121.0,1405.0,1321.0,1674.0,1836.0,2602.0,2071.0,857.0,2510.0,1104.0,956.0,1451.0,1489.0,735.0,1519.0,0.0,1229.0,1204.0,966.0,763.0,1032.0,2134.0,0.0,539.0,1445.0,1175.0,1062.0,670.0,1248.0,567.0,1002.0,2128.0,686.0,1179.0,1373.0,1387.0,1353.0,1504.0,1040.0,957.0,1224.0,4202.0,3810.0,3352.0,3968.0,2795.0,3170.0,2470.0,1496.0,0.0,1026.0,913.0
2016-09-06,1767.0,1838.0,3024.0,1409.0,1317.0,1695.0,1859.0,2656.0,2116.0,1001.0,2526.0,1166.0,920.0,1392.0,1526.0,763.0,1689.0,0.0,1196.0,1672.0,1067.0,867.0,1109.0,2130.0,0.0,450.0,1508.0,1193.0,1141.0,759.0,1403.0,581.0,912.0,2028.0,649.0,1358.0,1454.0,1350.0,1554.0,1580.0,1007.0,1017.0,1113.0,4014.0,3741.0,3193.0,3703.0,2704.0,2868.0,2336.0,1444.0,0.0,966.0,773.0
2016-09-07,1833.0,1916.0,3110.0,1405.0,1227.0,1664.0,1871.0,2838.0,2005.0,887.0,2249.0,1113.0,871.0,1260.0,1500.0,668.0,1485.0,0.0,1081.0,1545.0,919.0,779.0,1086.0,2182.0,0.0,435.0,1476.0,1012.0,1114.0,652.0,1195.0,569.0,797.0,1894.0,601.0,1112.0,1528.0,1341.0,1303.0,1285.0,1010.0,1039.0,5.0,4330.0,3473.0,3189.0,3749.0,2623.0,3012.0,2204.0,1549.0,0.0,1038.0,690.0
2016-09-08,1672.0,1742.0,2808.0,1351.0,1135.0,1607.0,1694.0,2456.0,1939.0,895.0,2151.0,1164.0,846.0,1288.0,1308.0,624.0,1368.0,0.0,1021.0,1489.0,905.0,685.0,966.0,2066.0,0.0,392.0,1303.0,1096.0,1035.0,651.0,1247.0,564.0,800.0,1981.0,609.0,1131.0,1382.0,1106.0,1321.0,1283.0,861.0,897.0,1158.0,3775.0,3155.0,2942.0,3330.0,2450.0,2619.0,1988.0,1350.0,0.0,946.0,710.0
2016-09-09,1795.0,1876.0,3289.0,1424.0,1257.0,1735.0,2052.0,2760.0,1785.0,786.0,2095.0,1007.0,811.0,1167.0,1229.0,682.0,1332.0,0.0,996.0,1212.0,881.0,648.0,1074.0,2363.0,0.0,471.0,1444.0,964.0,980.0,631.0,1160.0,555.0,769.0,2371.0,589.0,1130.0,1588.0,1349.0,1286.0,1259.0,1168.0,1026.0,1062.0,4261.0,3619.0,2929.0,3529.0,2520.0,3056.0,2148.0,1662.0,0.0,1079.0,743.0
2016-09-10,1274.0,2184.0,3590.0,1592.0,1316.0,2114.0,1905.0,2734.0,2323.0,1003.0,2602.0,1308.0,1132.0,1758.0,1325.0,796.0,1670.0,0.0,1579.0,1760.0,1200.0,759.0,1024.0,2079.0,0.0,484.0,1728.0,1332.0,1212.0,706.0,1330.0,565.0,1009.0,2363.0,760.0,1320.0,1518.0,1770.0,1685.0,1354.0,1130.0,1380.0,1174.0,5149.0,4301.0,4120.0,4600.0,3643.0,3508.0,3048.0,1689.0,0.0,1274.0,936.0
2016-09-11,481.0,1975.0,3712.0,1636.0,1099.0,2048.0,1754.0,2519.0,2363.0,1040.0,2733.0,1269.0,869.0,1109.0,1079.0,790.0,1886.0,0.0,1096.0,2219.0,1324.0,772.0,931.0,1594.0,0.0,442.0,1846.0,1530.0,1364.0,670.0,1524.0,616.0,917.0,1968.0,660.0,1320.0,1107.0,1617.0,1670.0,1136.0,1337.0,1243.0,1282.0,4712.0,4466.0,4334.0,4770.0,3984.0,3673.0,2895.0,1847.0,0.0,1304.0,1078.0
2016-09-12,1741.0,1778.0,2815.0,1318.0,1252.0,1634.0,1770.0,2446.0,1829.0,908.0,2218.0,1134.0,831.0,1496.0,1463.0,741.0,1473.0,0.0,1150.0,1369.0,922.0,824.0,996.0,2063.0,0.0,412.0,1330.0,1030.0,1048.0,668.0,1250.0,506.0,893.0,2018.0,612.0,1085.0,1417.0,1276.0,1259.0,1360.0,1021.0,903.0,1155.0,3844.0,3305.0,2858.0,3274.0,2415.0,2678.0,2043.0,1433.0,0.0,987.0,874.0
2016-09-13,1670.0,1691.0,2727.0,1244.0,1152.0,1505.0,1735.0,2392.0,1808.0,951.0,2136.0,1080.0,830.0,1338.0,1425.0,748.0,1450.0,0.0,1063.0,1257.0,946.0,725.0,1001.0,2001.0,0.0,404.0,1376.0,1132.0,1079.0,692.0,1286.0,536.0,832.0,1959.0,565.0,1266.0,1295.0,1239.0,1358.0,1434.0,972.0,947.0,1006.0,3475.0,2983.0,2572.0,3099.0,2197.0,2484.0,2022.0,1279.0,0.0,916.0,752.0
2016-09-14,1694.0,1745.0,2796.0,1252.0,1280.0,1622.0,1790.0,2525.0,1712.0,724.0,1899.0,1067.0,728.0,1024.0,1515.0,676.0,1352.0,0.0,986.0,1130.0,855.0,614.0,955.0,2125.0,0.0,400.0,1466.0,980.0,965.0,610.0,1056.0,480.0,755.0,1836.0,516.0,1072.0,1325.0,1125.0,1052.0,1230.0,968.0,886.0,962.0,3996.0,3267.0,2682.0,3234.0,2239.0,2657.0,1989.0,1618.0,0.0,959.0,705.0
2016-09-15,1658.0,1729.0,2750.0,1197.0,1250.0,1461.0,1712.0,2535.0,1863.0,821.0,2131.0,1121.0,796.0,1336.0,1195.0,645.0,1323.0,0.0,1004.0,1381.0,802.0,694.0,960.0,2113.0,0.0,456.0,1418.0,1130.0,1131.0,671.0,1290.0,561.0,809.0,1843.0,659.0,1220.0,1416.0,1166.0,1315.0,1267.0,891.0,956.0,1065.0,3621.0,3060.0,2875.0,3266.0,2345.0,2714.0,1980.0,1459.0,0.0,968.0,712.0
2016-09-16,1755.0,1964.0,3131.0,1392.0,1333.0,1731.0,1993.0,2835.0,1814.0,773.0,2080.0,1090.0,774.0,1154.0,1223.0,688.0,1286.0,0.0,1056.0,1188.0,899.0,649.0,1025.0,2356.0,0.0,522.0,1483.0,1023.0,1060.0,704.0,1270.0,583.0,805.0,2368.0,665.0,1173.0,1624.0,1343.0,1208.0,1306.0,1077.0,1090.0,1082.0,4274.0,3675.0,2941.0,3610.0,2512.0,3129.0,2284.0,1861.0,0.0,1150.0,778.0
2016-09-17,1325.0,2222.0,3569.0,1620.0,1298.0,2037.0,1916.0,2992.0,2321.0,1066.0,2501.0,1196.0,1072.0,1577.0,1302.0,819.0,1772.0,0.0,1570.0,1716.0,1233.0,753.0,958.0,2234.0,0.0,490.0,1743.0,1379.0,1275.0,719.0,1423.0,662.0,974.0,2324.0,801.0,1294.0,1517.0,1741.0,1695.0,1349.0,1223.0,1305.0,1168.0,5000.0,4397.0,4140.0,4537.0,3559.0,3462.0,2940.0,1831.0,0.0,1327.0,954.0
2016-09-18,541.0,2127.0,3554.0,1669.0,1093.0,2173.0,1588.0,2745.0,2280.0,972.0,2725.0,1204.0,854.0,1037.0,1130.0,864.0,1888.0,0.0,1054.0,2191.0,1436.0,749.0,908.0,1685.0,0.0,491.0,1827.0,1639.0,1381.0,629.0,1556.0,655.0,923.0,2075.0,774.0,1337.0,1187.0,1607.0,1608.0,1165.0,1340.0,1331.0,1293.0,4904.0,4584.0,4305.0,4549.0,4085.0,3495.0,2810.0,1861.0,0.0,1406.0,1091.0
2016-09-19,1595.0,1662.0,2851.0,1231.0,1206.0,1539.0,1728.0,2528.0,1942.0,844.0,2052.0,1044.0,829.0,1261.0,1417.0,686.0,1451.0,0.0,1077.0,1259.0,900.0,657.0,916.0,2102.0,0.0,438.0,1414.0,1129.0,1041.0,649.0,1246.0,556.0,844.0,2065.0,606.0,1132.0,1387.0,1218.0,1186.0,1447.0,982.0,925.0,1133.0,3863.0,3340.0,2941.0,3411.0,2512.0,2748.0,1927.0,1523.0,0.0,968.0,847.0
2016-09-20,1729.0,1736.0,2803.0,1305.0,1108.0,1590.0,1716.0,2587.0,1993.0,910.0,2194.0,1098.0,818.0,1336.0,1430.0,685.0,1519.0,0.0,1036.0,1403.0,903.0,718.0,983.0,2149.0,0.0,408.0,1394.0,1176.0,1138.0,752.0,1278.0,544.0,945.0,1962.0,692.0,1250.0,1331.0,1228.0,1404.0,1387.0,878.0,948.0,1015.0,3706.0,3215.0,2877.0,3317.0,2345.0,2609.0,1976.0,1317.0,0.0,971.0,760.0
2016-09-21,1786.0,1887.0,3037.0,1456.0,1170.0,1727.0,1858.0,2540.0,1801.0,767.0,2060.0,1160.0,769.0,1228.0,1412.0,617.0,1428.0,0.0,1098.0,1304.0,790.0,642.0,1041.0,2293.0,0.0,417.0,1414.0,992.0,985.0,683.0,1091.0,501.0,743.0,1872.0,525.0,1098.0,1485.0,1322.0,1157.0,1296.0,1088.0,1024.0,956.0,4262.0,3144.0,2821.0,3510.0,2274.0,2650.0,1897.0,1543.0,0.0,1001.0,638.0
2016-09-22,1652.0,1746.0,2681.0,1222.0,1152.0,1478.0,1807.0,2359.0,1760.0,756.0,1911.0,1126.0,791.0,1231.0,1257.0,663.0,1333.0,0.0,1030.0,1230.0,841.0,610.0,928.0,2046.0,0.0,382.0,1324.0,1010.0,995.0,680.0,1159.0,526.0,753.0,1838.0,597.0,1158.0,1439.0,1208.0,1226.0,1216.0,958.0,914.0,1005.0,3619.0,2807.0,2518.0,2996.0,2068.0,2518.0,1906.0,1341.0,0.0,886.0,625.0
2016-09-23,1779.0,1962.0,3144.0,1498.0,1282.0,1649.0,2043.0,2722.0,1752.0,758.0,2081.0,985.0,681.0,1089.0,1332.0,652.0,1252.0,0.0,972.0,1245.0,916.0,634.0,1104.0,2236.0,0.0,512.0,1444.0,949.0,916.0,635.0,1104.0,524.0,727.0,2160.0,598.0,1044.0,1495.0,1360.0,1236.0,1239.0,1018.0,1040.0,1037.0,4232.0,3632.0,2803.0,3560.0,2444.0,3159.0,2168.0,1762.0,0.0,1103.0,753.0
2016-09-24,1277.0,2113.0,3462.0,1650.0,1221.0,2014.0,1877.0,2894.0,2085.0,1000.0,2361.0,1110.0,1022.0,1588.0,1285.0,816.0,1732.0,0.0,1473.0,1599.0,1238.0,746.0,1095.0,2112.0,0.0,518.0,1720.0,1311.0,1181.0,711.0,1201.0,628.0,952.0,2126.0,752.0,1242.0,1502.0,1751.0,1562.0,1329.0,1139.0,1365.0,1042.0,4901.0,4260.0,3853.0,4456.0,3448.0,3250.0,3035.0,1790.0,0.0,1264.0,921.0
2016-09-25,502.0,1876.0,3535.0,1620.0,1109.0,2133.0,1608.0,2554.0,1995.0,852.0,2430.0,1246.0,895.0,974.0,973.0,796.0,1864.0,0.0,1041.0,1931.0,1390.0,750.0,950.0,1572.0,0.0,459.0,1833.0,1347.0,1271.0,644.0,1301.0,577.0,878.0,1932.0,696.0,1172.0,1074.0,1747.0,1513.0,1147.0,1306.0,1265.0,1199.0,4929.0,4304.0,4152.0,4343.0,3844.0,3352.0,2718.0,1706.0,0.0,1337.0,1045.0
2016-09-26,1725.0,1694.0,2707.0,1353.0,1202.0,1595.0,1808.0,2398.0,1774.0,854.0,2113.0,1149.0,894.0,1339.0,1366.0,719.0,1473.0,0.0,1140.0,1252.0,927.0,706.0,995.0,1990.0,0.0,405.0,1362.0,996.0,975.0,630.0,1201.0,508.0,840.0,1825.0,634.0,1020.0,1425.0,1343.0,1256.0,1378.0,952.0,969.0,1084.0,3767.0,3203.0,2701.0,3307.0,2397.0,2451.0,2102.0,1416.0,0.0,945.0,785.0
2016-09-27,1566.0,1659.0,2692.0,1222.0,1167.0,1513.0,0.0,2332.0,1699.0,846.0,1905.0,1130.0,807.0,1244.0,1350.0,722.0,1450.0,0.0,1007.0,1239.0,841.0,658.0,0.0,1823.0,0.0,379.0,1322.0,1093.0,1074.0,672.0,1191.0,528.0,871.0,1792.0,624.0,1073.0,1260.0,1207.0,1284.0,1344.0,879.0,873.0,963.0,3593.0,2821.0,2408.0,2939.0,2040.0,2396.0,1936.0,1303.0,0.0,915.0,723.0
2016-09-28,1724.0,1827.0,2925.0,1276.0,1166.0,1579.0,1782.0,2628.0,1616.0,757.0,1886.0,1072.0,738.0,1122.0,1149.0,715.0,1322.0,0.0,963.0,1232.0,834.0,658.0,923.0,2082.0,0.0,401.0,1457.0,955.0,957.0,637.0,1158.0,507.0,710.0,1655.0,500.0,1045.0,1509.0,1317.0,1122.0,1180.0,875.0,1013.0,927.0,3973.0,3007.0,2657.0,3246.0,2175.0,2688.0,1877.0,1579.0,0.0,977.0,692.0
2016-09-29,1548.0,1589.0,2536.0,1202.0,1133.0,1444.0,1504.0,2321.0,1567.0,684.0,1910.0,1101.0,780.0,1196.0,1261.0,753.0,1178.0,0.0,914.0,1138.0,868.0,632.0,911.0,2021.0,0.0,392.0,1448.0,1052.0,970.0,660.0,1206.0,535.0,789.0,1749.0,581.0,1079.0,1305.0,1140.0,1127.0,1200.0,861.0,901.0,990.0,3545.0,2701.0,2392.0,2988.0,2006.0,2401.0,1894.0,1307.0,0.0,888.0,674.0
2016-09-30,1677.0,1800.0,3136.0,1416.0,1297.0,1667.0,1946.0,2722.0,1683.0,695.0,1975.0,1061.0,805.0,1184.0,1142.0,734.0,1222.0,0.0,949.0,1152.0,954.0,668.0,941.0,2250.0,0.0,564.0,1439.0,1043.0,1015.0,651.0,1264.0,584.0,772.0,2271.0,665.0,1175.0,1496.0,1349.0,1139.0,1306.0,949.0,1062.0,1124.0,4238.0,3654.0,3099.0,3656.0,2547.0,3180.0,2240.0,1634.0,0.0,1154.0,779.0
2016-10-01,1341.0,2116.0,3782.0,1655.0,1358.0,2162.0,1866.0,3105.0,2535.0,1090.0,2840.0,1306.0,1224.0,1642.0,1357.0,858.0,1753.0,0.0,1806.0,2108.0,1363.0,906.0,1037.0,2302.0,0.0,677.0,1792.0,1500.0,1353.0,731.0,1606.0,751.0,1100.0,2629.0,877.0,1512.0,1499.0,2111.0,1825.0,1522.0,1278.0,1425.0,1415.0,5482.0,4789.0,4796.0,4941.0,4374.0,3858.0,3440.0,1825.0,0.0,1470.0,975.0
2016-10-02,528.0,2164.0,3791.0,1772.0,1163.0,2237.0,1725.0,3024.0,2736.0,1081.0,3256.0,1287.0,864.0,1170.0,1184.0,820.0,1943.0,0.0,1240.0,2458.0,1406.0,861.0,992.0,1690.0,0.0,537.0,1844.0,1479.0,1366.0,666.0,1682.0,622.0,970.0,2300.0,694.0,1334.0,1211.0,2138.0,1699.0,1118.0,1373.0,1419.0,1402.0,5674.0,4742.0,4798.0,5015.0,4679.0,3881.0,3180.0,1719.0,0.0,1462.0,990.0
2016-10-03,1794.0,1863.0,3280.0,1347.0,1304.0,1777.0,1929.0,2813.0,2129.0,989.0,2362.0,1217.0,921.0,1501.0,1491.0,708.0,1645.0,0.0,1288.0,1512.0,977.0,772.0,1075.0,2037.0,0.0,469.0,1420.0,1193.0,1175.0,624.0,1355.0,557.0,980.0,2403.0,676.0,1236.0,1388.0,1466.0,1342.0,1563.0,1019.0,983.0,1228.0,4189.0,3526.0,3222.0,3758.0,2956.0,2973.0,2390.0,1368.0,0.0,1078.0,818.0
2016-10-04,1713.0,1708.0,2884.0,1381.0,1189.0,1605.0,1735.0,2649.0,2194.0,933.0,2421.0,1191.0,934.0,1377.0,1461.0,733.0,1574.0,0.0,1134.0,1401.0,944.0,761.0,1000.0,2081.0,0.0,454.0,1438.0,1206.0,1111.0,693.0,1301.0,564.0,918.0,2293.0,681.0,1308.0,1365.0,1278.0,1397.0,1455.0,936.0,967.0,1129.0,3740.0,3301.0,2886.0,3426.0,2454.0,2708.0,2263.0,1359.0,0.0,976.0,770.0
2016-10-05,1758.0,1896.0,3214.0,1386.0,1184.0,1646.0,1892.0,2738.0,1966.0,805.0,2231.0,1180.0,865.0,1266.0,1383.0,619.0,1389.0,0.0,1107.0,1362.0,959.0,732.0,993.0,2198.0,0.0,505.0,1467.0,1045.0,987.0,631.0,1182.0,467.0,748.0,2215.0,578.0,1099.0,1479.0,1445.0,1144.0,1357.0,1026.0,979.0,1035.0,4219.0,3257.0,3013.0,3644.0,2591.0,2973.0,2281.0,1535.0,0.0,1018.0,714.0
2016-10-06,1719.0,1713.0,2919.0,1351.0,1074.0,1604.0,1791.0,2505.0,1916.0,815.0,2260.0,1134.0,830.0,1291.0,1285.0,609.0,1297.0,0.0,923.0,1357.0,883.0,726.0,956.0,1900.0,0.0,416.0,1401.0,1035.0,935.0,658.0,1164.0,550.0,732.0,2019.0,663.0,1204.0,1372.0,1216.0,1120.0,1306.0,1247.0,972.0,1004.0,3198.0,2919.0,2771.0,3240.0,2441.0,2496.0,2063.0,1282.0,0.0,943.0,667.0
2016-10-07,1743.0,1830.0,3172.0,1434.0,1217.0,1687.0,2028.0,2917.0,1770.0,686.0,2043.0,1078.0,765.0,1134.0,1279.0,681.0,1287.0,0.0,1055.0,1212.0,932.0,700.0,1035.0,2166.0,0.0,488.0,1451.0,1048.0,975.0,615.0,1227.0,504.0,661.0,2489.0,686.0,1127.0,1528.0,1464.0,1295.0,1299.0,948.0,1037.0,1094.0,4255.0,3506.0,3017.0,3624.0,2530.0,3183.0,2353.0,1670.0,0.0,1067.0,745.0
2016-10-08,1294.0,1913.0,3706.0,1551.0,1172.0,2004.0,1933.0,2893.0,2207.0,1003.0,2657.0,1200.0,1094.0,1691.0,1257.0,727.0,1672.0,0.0,1695.0,1786.0,1152.0,775.0,1064.0,2069.0,0.0,417.0,1663.0,1250.0,1140.0,628.0,1342.0,614.0,915.0,2392.0,730.0,1365.0,1612.0,1964.0,1760.0,1356.0,1212.0,1359.0,1220.0,5155.0,4343.0,4211.0,4657.0,3732.0,3525.0,3286.0,1607.0,0.0,1255.0,917.0
2016-10-09,539.0,1994.0,3770.0,1671.0,1099.0,2171.0,1655.0,2708.0,2373.0,953.0,2808.0,1272.0,940.0,941.0,1188.0,829.0,1928.0,0.0,1234.0,2212.0,1307.0,766.0,971.0,1556.0,0.0,492.0,1762.0,1462.0,1329.0,621.0,1510.0,529.0,902.0,2048.0,734.0,1263.0,1264.0,1872.0,1717.0,1167.0,1373.0,1397.0,1449.0,5286.0,4500.0,4476.0,4915.0,4014.0,3513.0,2972.0,1683.0,0.0,1307.0,1120.0
2016-10-10,1700.0,1811.0,2950.0,1371.0,1213.0,1547.0,1792.0,2589.0,1879.0,837.0,2180.0,1170.0,860.0,1442.0,1431.0,751.0,1473.0,0.0,1194.0,1265.0,989.0,654.0,972.0,1957.0,0.0,433.0,1418.0,1117.0,1018.0,703.0,1305.0,572.0,864.0,2114.0,626.0,1181.0,1388.0,1251.0,1273.0,1444.0,968.0,968.0,1187.0,3996.0,3150.0,2850.0,3419.0,2444.0,2568.0,2102.0,1519.0,0.0,967.0,819.0
2016-10-11,1654.0,1646.0,2661.0,1223.0,1207.0,1487.0,1770.0,2372.0,1737.0,851.0,1950.0,1075.0,826.0,1290.0,1353.0,713.0,1458.0,0.0,1055.0,1237.0,984.0,646.0,973.0,1944.0,0.0,437.0,1379.0,1178.0,1152.0,676.0,1261.0,583.0,916.0,1957.0,628.0,1266.0,1338.0,1182.0,1318.0,1299.0,867.0,905.0,1057.0,3405.0,2955.0,2534.0,3044.0,2186.0,2424.0,2038.0,1435.0,0.0,981.0,785.0
2016-10-12,1792.0,1688.0,2813.0,1304.0,1252.0,1502.0,1785.0,2607.0,1578.0,760.0,1931.0,1118.0,794.0,1176.0,1335.0,721.0,1288.0,0.0,1036.0,1250.0,899.0,661.0,1080.0,2103.0,0.0,448.0,1476.0,977.0,1025.0,670.0,1179.0,512.0,753.0,1628.0,501.0,1082.0,1383.0,1364.0,1070.0,1243.0,1001.0,956.0,909.0,3919.0,3136.0,2741.0,3230.0,2087.0,2732.0,1985.0,1569.0,0.0,1003.0,669.0
2016-10-13,1667.0,1568.0,2664.0,1183.0,1109.0,1380.0,1738.0,2357.0,1656.0,767.0,1839.0,1083.0,780.0,1162.0,1105.0,615.0,1277.0,0.0,944.0,1406.0,775.0,634.0,925.0,1893.0,0.0,422.0,1257.0,1036.0,1034.0,686.0,1290.0,521.0,699.0,1815.0,573.0,1114.0,1356.0,1093.0,1226.0,1219.0,898.0,897.0,1135.0,3827.0,2921.0,2549.0,3095.0,2089.0,2565.0,1833.0,1397.0,0.0,930.0,639.0
2016-10-14,1809.0,1887.0,3276.0,1420.0,1248.0,1659.0,2026.0,2827.0,1686.0,715.0,2012.0,1000.0,796.0,1095.0,1293.0,685.0,1252.0,0.0,997.0,1264.0,886.0,692.0,1080.0,2270.0,0.0,573.0,1405.0,980.0,976.0,635.0,1296.0,534.0,785.0,2202.0,613.0,1167.0,1584.0,1338.0,1252.0,1227.0,1277.0,1049.0,1092.0,4319.0,3354.0,2794.0,3720.0,2265.0,3016.0,2273.0,1743.0,0.0,1076.0,726.0
2016-10-15,1263.0,2152.0,3500.0,1596.0,1274.0,2020.0,1775.0,2860.0,2170.0,935.0,2543.0,1244.0,1115.0,1626.0,1244.0,823.0,1637.0,0.0,1612.0,1693.0,1208.0,754.0,1113.0,2185.0,0.0,609.0,1764.0,1340.0,1158.0,679.0,1391.0,668.0,946.0,2292.0,756.0,1304.0,1514.0,1857.0,1716.0,1392.0,1326.0,1374.0,1192.0,4878.0,4175.0,3937.0,4376.0,3355.0,3241.0,3159.0,1773.0,0.0,1327.0,927.0
2016-10-16,583.0,2021.0,3740.0,1678.0,1188.0,2195.0,1641.0,2961.0,2215.0,943.0,2716.0,1189.0,959.0,1051.0,1069.0,864.0,1878.0,0.0,1127.0,2125.0,1500.0,814.0,915.0,1649.0,0.0,650.0,1868.0,1530.0,1412.0,632.0,1659.0,652.0,981.0,2056.0,719.0,1333.0,1156.0,1841.0,1573.0,1206.0,1376.0,1398.0,1386.0,5275.0,4403.0,4341.0,4654.0,3970.0,3532.0,2931.0,1875.0,0.0,1379.0,1142.0
2016-10-17,1791.0,1816.0,2873.0,1333.0,1257.0,1628.0,1822.0,2558.0,1908.0,813.0,2035.0,1107.0,887.0,1339.0,1361.0,676.0,1430.0,0.0,1168.0,1161.0,960.0,673.0,969.0,2056.0,0.0,468.0,1490.0,1082.0,1090.0,695.0,1269.0,541.0,834.0,1989.0,648.0,1094.0,1362.0,1212.0,1308.0,1499.0,955.0,906.0,1201.0,3674.0,3218.0,2793.0,3455.0,2335.0,2656.0,2013.0,1436.0,0.0,964.0,806.0
2016-10-18,1655.0,1643.0,2651.0,1232.0,1148.0,1428.0,1702.0,2339.0,1809.0,917.0,2101.0,1084.0,810.0,1273.0,1335.0,727.0,1476.0,0.0,1064.0,1217.0,980.0,672.0,1049.0,1999.0,0.0,400.0,1366.0,1212.0,1166.0,711.0,1361.0,545.0,853.0,1961.0,635.0,1269.0,1328.0,1008.0,1234.0,1457.0,888.0,852.0,1134.0,3725.0,2905.0,2474.0,3106.0,2207.0,2453.0,2022.0,1399.0,0.0,872.0,778.0
2016-10-19,1785.0,1745.0,2914.0,1359.0,1210.0,1615.0,1918.0,2561.0,1586.0,755.0,1846.0,1032.0,774.0,1157.0,1327.0,643.0,1345.0,0.0,1021.0,1133.0,904.0,688.0,1009.0,2072.0,0.0,424.0,1458.0,918.0,954.0,663.0,1203.0,521.0,800.0,1763.0,518.0,1051.0,1499.0,1147.0,1116.0,1279.0,961.0,996.0,950.0,3943.0,2918.0,2559.0,3021.0,2159.0,2579.0,1842.0,1646.0,0.0,966.0,678.0
2016-10-20,1707.0,1813.0,2760.0,1281.0,1100.0,1559.0,1714.0,2493.0,1735.0,801.0,2061.0,1085.0,790.0,1219.0,1307.0,618.0,1319.0,0.0,1016.0,1300.0,898.0,702.0,986.0,2055.0,0.0,402.0,1361.0,1062.0,988.0,660.0,1288.0,525.0,812.0,1883.0,630.0,1199.0,1376.0,997.0,1219.0,1312.0,936.0,935.0,1111.0,3572.0,3051.0,2714.0,3265.0,2253.0,2498.0,1899.0,1271.0,0.0,940.0,718.0
2016-10-21,1777.0,1933.0,3150.0,1469.0,1179.0,1708.0,2015.0,2804.0,1681.0,733.0,1910.0,1096.0,782.0,1109.0,1243.0,646.0,1331.0,0.0,1015.0,1215.0,896.0,650.0,1065.0,2312.0,0.0,469.0,1430.0,1024.0,923.0,678.0,1214.0,527.0,747.0,2069.0,555.0,1052.0,1506.0,1175.0,1194.0,1269.0,992.0,1053.0,1059.0,4374.0,3667.0,2904.0,3628.0,2276.0,3129.0,2283.0,1569.0,0.0,1032.0,728.0
2016-10-22,1323.0,1992.0,3413.0,1587.0,1143.0,2063.0,1839.0,2842.0,2030.0,923.0,2312.0,1190.0,1001.0,1517.0,1267.0,823.0,1684.0,0.0,1627.0,1540.0,1352.0,768.0,1051.0,2121.0,0.0,451.0,1618.0,1240.0,1191.0,691.0,1349.0,631.0,971.0,2132.0,670.0,1183.0,1478.0,1645.0,1610.0,1293.0,1148.0,1237.0,1125.0,5016.0,4114.0,3985.0,4350.0,3384.0,3421.0,2937.0,1537.0,0.0,1153.0,889.0
2016-10-23,562.0,1946.0,3688.0,1632.0,1064.0,2152.0,1659.0,2681.0,2113.0,841.0,2540.0,1265.0,890.0,1032.0,1055.0,842.0,1849.0,0.0,1210.0,1999.0,1535.0,783.0,945.0,1775.0,0.0,564.0,1797.0,1510.0,1341.0,651.0,1524.0,609.0,921.0,1962.0,779.0,1195.0,1112.0,1738.0,1501.0,1182.0,1339.0,1299.0,1316.0,4996.0,4462.0,4380.0,4596.0,3767.0,3371.0,2895.0,1720.0,0.0,1219.0,1062.0
2016-10-24,1589.0,1715.0,2735.0,1181.0,1211.0,1435.0,1681.0,2407.0,1602.0,792.0,1962.0,1188.0,829.0,1167.0,1369.0,698.0,1349.0,0.0,1120.0,1186.0,926.0,690.0,918.0,1916.0,0.0,444.0,1410.0,1030.0,1041.0,673.0,1242.0,586.0,869.0,1935.0,585.0,1035.0,1377.0,1092.0,1144.0,1393.0,1322.0,962.0,1181.0,3611.0,3027.0,2651.0,3158.0,2205.0,2611.0,1977.0,1367.0,0.0,950.0,810.0
2016-10-25,1763.0,1784.0,2722.0,1312.0,1172.0,1631.0,1748.0,2561.0,1790.0,853.0,1988.0,1109.0,823.0,1205.0,1298.0,720.0,1524.0,0.0,990.0,1301.0,917.0,614.0,957.0,1866.0,0.0,368.0,1291.0,1117.0,1106.0,750.0,1326.0,540.0,863.0,1965.0,563.0,1158.0,1372.0,971.0,1301.0,1349.0,887.0,904.0,1074.0,3619.0,2925.0,2612.0,3052.0,2068.0,2515.0,1932.0,1214.0,0.0,856.0,728.0
2016-10-26,1835.0,1894.0,2950.0,1377.0,1153.0,1645.0,1905.0,2616.0,1637.0,760.0,1784.0,1148.0,791.0,1150.0,1282.0,602.0,1296.0,0.0,1062.0,1220.0,872.0,633.0,982.0,1932.0,0.0,390.0,1515.0,951.0,945.0,649.0,1098.0,460.0,690.0,1751.0,502.0,1017.0,1474.0,1120.0,1123.0,1153.0,902.0,1017.0,994.0,4039.0,3000.0,2662.0,3128.0,2012.0,2653.0,1922.0,1452.0,0.0,974.0,699.0
2016-10-27,1701.0,1698.0,2677.0,1215.0,1154.0,1555.0,1821.0,2392.0,1731.0,772.0,1886.0,1075.0,712.0,1201.0,1234.0,625.0,1304.0,0.0,922.0,1211.0,818.0,614.0,1018.0,1936.0,1481.0,427.0,1292.0,1013.0,1008.0,652.0,1262.0,510.0,749.0,1835.0,540.0,941.0,1396.0,954.0,1134.0,1141.0,903.0,935.0,1025.0,3569.0,2854.0,2439.0,2974.0,1969.0,2612.0,1838.0,1236.0,0.0,875.0,670.0
2016-10-28,1812.0,1920.0,3200.0,1353.0,1186.0,1638.0,1930.0,2659.0,1617.0,723.0,1874.0,1019.0,653.0,956.0,1164.0,541.0,1237.0,0.0,1024.0,1113.0,821.0,569.0,1005.0,2316.0,1248.0,538.0,1409.0,942.0,943.0,661.0,1202.0,534.0,735.0,2050.0,533.0,850.0,1498.0,1197.0,1056.0,1187.0,952.0,1008.0,1024.0,4178.0,3505.0,2814.0,3494.0,2240.0,3035.0,2220.0,1645.0,0.0,1092.0,756.0
2016-10-29,1347.0,1914.0,3670.0,1633.0,1161.0,1966.0,1730.0,2817.0,2114.0,952.0,2396.0,1214.0,1095.0,1512.0,1271.0,770.0,1679.0,0.0,1640.0,1548.0,1163.0,733.0,996.0,2161.0,1304.0,477.0,1667.0,1192.0,1174.0,692.0,1417.0,621.0,944.0,2012.0,653.0,982.0,1431.0,1644.0,1534.0,1283.0,1212.0,1296.0,1189.0,4887.0,3993.0,4118.0,4297.0,3041.0,3384.0,2734.0,1659.0,0.0,1230.0,879.0
2016-10-30,549.0,1948.0,3560.0,1588.0,1102.0,2053.0,1679.0,2634.0,2058.0,829.0,2280.0,1212.0,855.0,891.0,1026.0,787.0,1730.0,0.0,1075.0,1870.0,1303.0,657.0,866.0,1662.0,1171.0,515.0,1855.0,1384.0,1286.0,639.0,1566.0,604.0,951.0,1727.0,640.0,1038.0,1148.0,1656.0,1492.0,1131.0,1258.0,1278.0,1350.0,5159.0,4278.0,4243.0,4471.0,3588.0,3472.0,2601.0,1687.0,0.0,1298.0,1044.0
2016-10-31,1532.0,1751.0,2917.0,1232.0,1166.0,1519.0,1799.0,2468.0,1902.0,753.0,1874.0,1122.0,771.0,1148.0,1335.0,744.0,1283.0,0.0,1144.0,1127.0,861.0,643.0,882.0,2050.0,1004.0,541.0,1368.0,997.0,959.0,664.0,1095.0,564.0,839.0,2127.0,677.0,998.0,1460.0,1124.0,1186.0,1286.0,962.0,987.0,1117.0,3768.0,3218.0,2806.0,3489.0,2334.0,2994.0,2143.0,1394.0,0.0,1051.0,813.0
2016-11-01,1805.0,1793.0,3134.0,1343.0,1325.0,1603.0,1967.0,2654.0,2020.0,842.0,2272.0,1075.0,836.0,1197.0,1422.0,789.0,1409.0,0.0,1249.0,1324.0,978.0,721.0,1011.0,2139.0,1106.0,606.0,1491.0,1254.0,1113.0,675.0,1462.0,592.0,1004.0,2432.0,730.0,1350.0,1573.0,1429.0,1373.0,1501.0,1171.0,1077.0,1297.0,4240.0,3651.0,3221.0,3903.0,2559.0,3056.0,2279.0,1607.0,0.0,1377.0,1013.0
2016-11-02,505.0,1795.0,3198.0,1453.0,1186.0,1939.0,1594.0,2459.0,2146.0,834.0,2682.0,1097.0,782.0,1214.0,1008.0,782.0,1644.0,0.0,1323.0,1628.0,1167.0,842.0,968.0,1850.0,2408.0,610.0,1837.0,1413.0,1113.0,709.0,1423.0,621.0,819.0,2666.0,936.0,1338.0,1481.0,1711.0,1090.0,1020.0,1295.0,1169.0,1378.0,5341.0,4140.0,4031.0,4356.0,3352.0,3243.0,2739.0,1717.0,0.0,1559.0,843.0
2016-11-03,445.0,1552.0,2830.0,1187.0,1044.0,1583.0,1308.0,1987.0,1960.0,695.0,2320.0,1027.0,806.0,1102.0,1180.0,697.0,1504.0,0.0,1234.0,1630.0,1139.0,714.0,890.0,1612.0,2738.0,450.0,1657.0,1235.0,1012.0,601.0,1313.0,601.0,869.0,2025.0,1015.0,1246.0,1277.0,1507.0,1115.0,1032.0,1183.0,1032.0,1290.0,4186.0,3992.0,4069.0,4127.0,3280.0,2772.0,2934.0,1397.0,0.0,1309.0,815.0
2016-11-04,923.0,1685.0,3033.0,1377.0,989.0,1757.0,1529.0,2284.0,1919.0,746.0,2497.0,1469.0,1091.0,1094.0,1187.0,795.0,1444.0,0.0,1283.0,1496.0,1042.0,779.0,1010.0,1776.0,2575.0,531.0,1672.0,1142.0,942.0,603.0,1251.0,558.0,851.0,1876.0,875.0,1197.0,1325.0,1626.0,1194.0,1129.0,1202.0,1192.0,1268.0,4421.0,4294.0,4104.0,4179.0,3151.0,2965.0,2921.0,1423.0,0.0,1244.0,846.0
2016-11-05,915.0,1632.0,3169.0,1373.0,1213.0,1779.0,1467.0,2339.0,2038.0,877.0,2903.0,1065.0,955.0,1477.0,1223.0,736.0,1522.0,0.0,1694.0,1607.0,1088.0,819.0,980.0,1809.0,1965.0,486.0,1634.0,1191.0,1118.0,560.0,1254.0,547.0,920.0,1975.0,898.0,1154.0,1386.0,1673.0,1394.0,1225.0,1195.0,1186.0,1243.0,4725.0,4396.0,4300.0,4464.0,3556.0,3158.0,3005.0,1346.0,0.0,1288.0,898.0
2016-11-06,478.0,1887.0,3474.0,1652.0,1138.0,2108.0,1551.0,2546.0,2118.0,863.0,2884.0,1353.0,1023.0,988.0,1073.0,851.0,1739.0,0.0,1269.0,2106.0,1323.0,869.0,939.0,1690.0,837.0,556.0,1900.0,1411.0,1277.0,640.0,1457.0,578.0,891.0,1934.0,705.0,851.0,1200.0,1856.0,1468.0,1121.0,1369.0,1208.0,1368.0,5325.0,4544.0,4719.0,4724.0,4022.0,3391.0,2956.0,1623.0,0.0,1281.0,1016.0
2016-11-07,1755.0,1883.0,3029.0,1343.0,1412.0,1621.0,1833.0,2718.0,2166.0,811.0,2141.0,1235.0,950.0,1459.0,1534.0,762.0,1441.0,0.0,1290.0,1194.0,1058.0,755.0,1030.0,2140.0,806.0,514.0,1485.0,1093.0,1099.0,661.0,1243.0,525.0,955.0,2182.0,630.0,1155.0,1488.0,1342.0,1329.0,1392.0,1260.0,1171.0,1308.0,3952.0,3564.0,3160.0,3848.0,2592.0,3076.0,2376.0,1504.0,0.0,984.0,860.0
2016-11-08,1810.0,1817.0,2841.0,1337.0,1229.0,1629.0,1868.0,2685.0,2109.0,910.0,2072.0,1208.0,923.0,1278.0,1423.0,714.0,1510.0,0.0,1148.0,1355.0,1043.0,708.0,1062.0,2064.0,751.0,442.0,1412.0,1225.0,1142.0,696.0,1341.0,596.0,917.0,2078.0,662.0,1170.0,1390.0,1215.0,1481.0,1454.0,953.0,933.0,1119.0,3874.0,3249.0,2985.0,3587.0,2432.0,2779.0,2212.0,1360.0,0.0,929.0,790.0
2016-11-09,1918.0,1907.0,3196.0,1432.0,1310.0,1658.0,1963.0,2743.0,1871.0,838.0,2196.0,1194.0,860.0,1251.0,1307.0,750.0,1358.0,0.0,1079.0,1267.0,928.0,672.0,1040.0,2156.0,815.0,532.0,1498.0,972.0,954.0,659.0,1167.0,498.0,764.0,1890.0,582.0,916.0,1576.0,1343.0,1179.0,1304.0,1048.0,1043.0,1124.0,4337.0,3383.0,3045.0,3582.0,2409.0,2900.0,2214.0,1624.0,0.0,1048.0,777.0
2016-11-10,1712.0,1747.0,2721.0,1296.0,1218.0,1497.0,1742.0,2325.0,1861.0,746.0,1933.0,1016.0,731.0,1203.0,1264.0,678.0,1301.0,0.0,1076.0,1188.0,881.0,704.0,1032.0,2073.0,715.0,530.0,1420.0,1028.0,1040.0,679.0,1232.0,514.0,797.0,1831.0,600.0,966.0,1363.0,1034.0,1163.0,1216.0,900.0,937.0,1153.0,3586.0,2928.0,2593.0,3163.0,2173.0,2430.0,1914.0,1350.0,0.0,936.0,632.0
2016-11-11,1670.0,1677.0,3016.0,1367.0,1282.0,1574.0,1920.0,2702.0,1760.0,679.0,2027.0,1086.0,835.0,1077.0,1273.0,694.0,1162.0,0.0,984.0,1114.0,898.0,673.0,1000.0,2392.0,766.0,645.0,1560.0,955.0,919.0,611.0,1187.0,550.0,733.0,2066.0,582.0,945.0,1452.0,1436.0,1210.0,1215.0,1071.0,1094.0,1158.0,4068.0,3634.0,3048.0,3556.0,2397.0,3115.0,2410.0,1727.0,0.0,1072.0,771.0
2016-11-12,1448.0,2152.0,3572.0,1592.0,1261.0,2050.0,1811.0,3087.0,2177.0,930.0,2275.0,1215.0,1061.0,1458.0,1274.0,774.0,1543.0,0.0,1602.0,1646.0,1161.0,719.0,1075.0,2266.0,985.0,703.0,1744.0,1304.0,1174.0,720.0,1350.0,654.0,909.0,2277.0,633.0,1035.0,1511.0,1733.0,1482.0,1342.0,1199.0,1307.0,1162.0,5191.0,4186.0,4138.0,4453.0,3280.0,3242.0,3057.0,1696.0,0.0,1274.0,826.0
2016-11-13,574.0,2123.0,3963.0,1805.0,1290.0,2264.0,1789.0,2984.0,2299.0,881.0,2706.0,1280.0,884.0,1076.0,1150.0,949.0,1917.0,0.0,1236.0,2220.0,1576.0,762.0,990.0,1861.0,835.0,667.0,1958.0,1618.0,1360.0,687.0,1606.0,633.0,964.0,1932.0,708.0,1159.0,1113.0,2019.0,1604.0,1185.0,1485.0,1377.0,1404.0,5690.0,4605.0,5010.0,5018.0,4082.0,3607.0,3095.0,1934.0,0.0,1356.0,1119.0
2016-11-14,1814.0,1808.0,2970.0,1339.0,1235.0,1606.0,1848.0,2617.0,1872.0,853.0,2018.0,1182.0,881.0,1351.0,1397.0,761.0,1442.0,0.0,1160.0,1313.0,951.0,696.0,934.0,1972.0,720.0,527.0,1456.0,1093.0,1065.0,674.0,1227.0,533.0,825.0,2039.0,582.0,954.0,1436.0,1307.0,1305.0,1432.0,998.0,1032.0,0.0,4032.0,3258.0,2934.0,3387.0,2276.0,2784.0,2128.0,1435.0,0.0,1026.0,832.0
2016-11-15,1811.0,1786.0,2882.0,1341.0,1169.0,1579.0,1805.0,2481.0,2062.0,870.0,2208.0,1133.0,802.0,1208.0,1424.0,694.0,1480.0,0.0,1073.0,1461.0,954.0,730.0,977.0,2146.0,663.0,531.0,1480.0,1259.0,1221.0,804.0,1314.0,575.0,842.0,1997.0,700.0,1089.0,1428.0,1273.0,1347.0,1388.0,936.0,935.0,0.0,3387.0,2959.0,2876.0,3259.0,2398.0,2491.0,2192.0,1388.0,0.0,1045.0,798.0
2016-11-16,1901.0,1879.0,3294.0,1541.0,1332.0,1780.0,2008.0,2835.0,1987.0,826.0,2103.0,1157.0,849.0,1181.0,1311.0,613.0,1353.0,0.0,1102.0,1368.0,913.0,675.0,1076.0,2205.0,837.0,636.0,1643.0,1140.0,1034.0,728.0,1226.0,553.0,834.0,1996.0,643.0,1030.0,1599.0,1374.0,1231.0,1328.0,1275.0,1101.0,0.0,4236.0,3485.0,3219.0,3696.0,2584.0,3006.0,2303.0,1657.0,0.0,1179.0,741.0
2016-11-17,1732.0,1927.0,2816.0,1301.0,1059.0,1569.0,1773.0,2619.0,2003.0,897.0,2066.0,1187.0,779.0,1094.0,1196.0,587.0,1395.0,0.0,1025.0,1406.0,822.0,621.0,950.0,1982.0,643.0,489.0,1423.0,1192.0,1079.0,722.0,1251.0,593.0,830.0,1970.0,627.0,1000.0,1435.0,1179.0,1180.0,1218.0,990.0,937.0,0.0,3940.0,3044.0,2790.0,3495.0,2441.0,2647.0,2039.0,1401.0,0.0,933.0,705.0
2016-11-18,1805.0,1847.0,3210.0,1511.0,1193.0,1693.0,1963.0,2841.0,1862.0,729.0,2211.0,1101.0,758.0,989.0,1168.0,625.0,1224.0,0.0,1049.0,1236.0,915.0,634.0,1007.0,2414.0,956.0,591.0,1510.0,1078.0,955.0,692.0,1213.0,586.0,719.0,2316.0,637.0,954.0,1567.0,1377.0,1218.0,1337.0,1110.0,1075.0,1746.0,4491.0,3623.0,3057.0,3620.0,2407.0,3169.0,2397.0,1686.0,0.0,1068.0,714.0
2016-11-19,1341.0,1924.0,3629.0,1581.0,1235.0,1948.0,1854.0,2867.0,2171.0,980.0,2557.0,1220.0,1070.0,1556.0,1314.0,757.0,1673.0,0.0,1573.0,1666.0,1229.0,791.0,1032.0,2191.0,1041.0,547.0,1794.0,1311.0,1268.0,703.0,1400.0,624.0,1037.0,2143.0,680.0,1090.0,1579.0,1808.0,1615.0,1456.0,1318.0,1328.0,1579.0,5332.0,4470.0,4209.0,4562.0,3322.0,3393.0,3291.0,1633.0,0.0,1205.0,894.0
2016-11-20,534.0,2015.0,3913.0,1732.0,1091.0,2174.0,1690.0,2809.0,2327.0,919.0,2549.0,1251.0,925.0,1017.0,1012.0,830.0,1911.0,0.0,1144.0,2100.0,1363.0,733.0,1041.0,1907.0,841.0,526.0,1933.0,1570.0,1354.0,668.0,1551.0,672.0,943.0,2054.0,713.0,1151.0,1148.0,1748.0,1587.0,1180.0,1381.0,1304.0,1809.0,5539.0,4645.0,4780.0,4942.0,4138.0,3602.0,3380.0,1796.0,0.0,1346.0,1080.0
2016-11-21,1862.0,1886.0,3029.0,1369.0,1248.0,1741.0,1915.0,2662.0,2054.0,862.0,2114.0,1267.0,900.0,1372.0,1514.0,792.0,1559.0,0.0,1223.0,1353.0,943.0,753.0,917.0,2128.0,689.0,462.0,1459.0,1040.0,1092.0,697.0,1289.0,545.0,938.0,2124.0,627.0,1006.0,1440.0,1320.0,1279.0,1455.0,1045.0,1036.0,1574.0,4124.0,3413.0,3070.0,3589.0,2398.0,2873.0,2220.0,1427.0,0.0,1026.0,816.0
2016-11-22,1825.0,1815.0,2979.0,1317.0,1208.0,1657.0,1758.0,2699.0,1957.0,874.0,2192.0,1196.0,847.0,1287.0,1432.0,752.0,1431.0,0.0,1157.0,1332.0,930.0,698.0,971.0,2080.0,660.0,462.0,1369.0,1173.0,1110.0,729.0,1262.0,549.0,919.0,2014.0,632.0,1132.0,1409.0,1201.0,1341.0,1498.0,1037.0,977.0,1403.0,4328.0,3536.0,2984.0,3464.0,2549.0,2675.0,2478.0,1758.0,0.0,906.0,799.0
2016-11-23,1907.0,1937.0,3327.0,1495.0,1221.0,1752.0,1993.0,2785.0,1850.0,783.0,2140.0,1144.0,811.0,1185.0,1409.0,735.0,1332.0,0.0,1052.0,1262.0,927.0,706.0,1029.0,2271.0,761.0,719.0,1579.0,990.0,1054.0,683.0,1227.0,542.0,735.0,1854.0,566.0,971.0,1632.0,1320.0,1167.0,1299.0,1047.0,1045.0,1278.0,4771.0,3620.0,3215.0,3629.0,2587.0,3187.0,2277.0,1819.0,0.0,985.0,778.0
2016-11-24,1728.0,1741.0,2864.0,1318.0,1175.0,1593.0,1857.0,2577.0,1860.0,767.0,2040.0,1130.0,791.0,1274.0,1249.0,604.0,1248.0,0.0,993.0,1325.0,913.0,647.0,928.0,2003.0,644.0,577.0,1371.0,990.0,938.0,714.0,1230.0,521.0,765.0,1951.0,559.0,995.0,1484.0,1101.0,1188.0,1199.0,846.0,878.0,1268.0,4239.0,3133.0,2907.0,3437.0,2528.0,2871.0,2245.0,1663.0,0.0,922.0,690.0
2016-11-25,1833.0,1849.0,3256.0,1411.0,1300.0,1591.0,1956.0,2758.0,1756.0,683.0,2166.0,1028.0,690.0,1240.0,1233.0,690.0,1191.0,0.0,971.0,1167.0,1213.0,692.0,977.0,2298.0,848.0,779.0,1403.0,986.0,936.0,675.0,1236.0,527.0,780.0,2362.0,567.0,910.0,1581.0,1540.0,1248.0,1262.0,1256.0,1123.0,1348.0,4988.0,4494.0,3846.0,4261.0,3209.0,3689.0,3469.0,1958.0,0.0,996.0,755.0
2016-11-26,1260.0,2010.0,3661.0,1558.0,1320.0,1963.0,1865.0,2872.0,2077.0,921.0,2368.0,1207.0,1024.0,1552.0,1216.0,807.0,1556.0,0.0,1677.0,1686.0,1372.0,786.0,1033.0,2329.0,967.0,809.0,1687.0,1332.0,1130.0,731.0,1389.0,653.0,960.0,2360.0,763.0,1048.0,1436.0,1725.0,1627.0,1347.0,1295.0,1350.0,1453.0,5423.0,4519.0,4665.0,4654.0,4057.0,3766.0,3471.0,1905.0,0.0,1229.0,877.0
2016-11-27,545.0,1939.0,3780.0,1696.0,1190.0,2091.0,1617.0,2903.0,2085.0,821.0,2466.0,1204.0,948.0,1003.0,1036.0,811.0,1799.0,0.0,1089.0,1954.0,1558.0,818.0,998.0,1940.0,736.0,814.0,1937.0,1431.0,1253.0,659.0,1479.0,633.0,998.0,1936.0,698.0,1154.0,1143.0,1945.0,1407.0,1126.0,1433.0,1337.0,1550.0,5616.0,4679.0,4779.0,5079.0,4315.0,3786.0,3298.0,1838.0,0.0,1244.0,1034.0
2016-11-28,1810.0,1789.0,2946.0,1334.0,1249.0,1614.0,1884.0,2547.0,1824.0,814.0,2012.0,1224.0,779.0,1304.0,1365.0,674.0,1433.0,0.0,1189.0,1268.0,956.0,689.0,960.0,2083.0,617.0,548.0,1477.0,1152.0,1093.0,719.0,1188.0,584.0,821.0,2037.0,633.0,989.0,1435.0,1296.0,1218.0,1365.0,992.0,965.0,1295.0,4168.0,3356.0,3169.0,3676.0,2565.0,2904.0,2355.0,1591.0,0.0,936.0,826.0
2016-11-29,1672.0,1737.0,2658.0,1237.0,1156.0,1513.0,1725.0,2450.0,1808.0,796.0,2107.0,1181.0,859.0,1164.0,1322.0,696.0,1436.0,0.0,991.0,1171.0,905.0,689.0,916.0,2012.0,577.0,454.0,1399.0,1230.0,1085.0,803.0,1283.0,570.0,839.0,1912.0,610.0,1093.0,1322.0,1165.0,1340.0,1398.0,933.0,884.0,1295.0,3733.0,2941.0,2597.0,3145.0,2048.0,2562.0,2010.0,1419.0,0.0,869.0,732.0
2016-11-30,1903.0,1860.0,3174.0,1362.0,1242.0,1682.0,1895.0,2876.0,1975.0,829.0,2011.0,1121.0,743.0,1158.0,1242.0,624.0,1409.0,0.0,1047.0,1291.0,835.0,709.0,1039.0,2240.0,740.0,576.0,1517.0,1121.0,1013.0,696.0,1105.0,603.0,731.0,2037.0,643.0,1042.0,1537.0,1310.0,1174.0,1298.0,1037.0,1011.0,1238.0,4575.0,3434.0,2972.0,3732.0,2464.0,3117.0,2237.0,1659.0,0.0,1086.0,708.0
2016-12-01,1868.0,1854.0,3079.0,1419.0,1243.0,1693.0,1926.0,2644.0,2111.0,858.0,2466.0,1183.0,845.0,1298.0,1419.0,656.0,1469.0,0.0,1050.0,1498.0,1036.0,819.0,921.0,2202.0,708.0,630.0,1574.0,1364.0,1179.0,740.0,1505.0,680.0,979.0,2241.0,757.0,1263.0,1526.0,1315.0,1380.0,1472.0,1003.0,1051.0,1563.0,4264.0,3458.0,3177.0,3691.0,2732.0,3188.0,2319.0,1505.0,0.0,1083.0,743.0
2016-12-02,1909.0,1892.0,3307.0,1390.0,1409.0,1652.0,2009.0,2893.0,1880.0,744.0,2265.0,1144.0,825.0,1138.0,1177.0,669.0,1324.0,0.0,1097.0,1212.0,1057.0,712.0,1063.0,2448.0,917.0,687.0,1614.0,1174.0,1130.0,740.0,1483.0,625.0,878.0,2577.0,618.0,1087.0,1654.0,1518.0,1304.0,1504.0,1123.0,1186.0,1515.0,4469.0,3913.0,3232.0,3930.0,2779.0,3455.0,2611.0,1764.0,0.0,1231.0,841.0
2016-12-03,1215.0,2072.0,3786.0,1654.0,1356.0,2111.0,1731.0,3029.0,2416.0,896.0,3063.0,1225.0,1168.0,1628.0,1341.0,848.0,1657.0,1580.0,1710.0,1607.0,1455.0,769.0,1076.0,2346.0,994.0,629.0,1795.0,1465.0,1446.0,739.0,1639.0,733.0,1135.0,2641.0,786.0,1274.0,1404.0,2138.0,1715.0,1437.0,1305.0,1436.0,1799.0,5020.0,4505.0,4361.0,4837.0,3862.0,3911.0,3484.0,1825.0,0.0,1436.0,939.0
2016-12-04,568.0,2099.0,3914.0,1681.0,1187.0,2267.0,1724.0,2930.0,2421.0,1065.0,3083.0,1366.0,969.0,1174.0,1210.0,877.0,1920.0,1649.0,1280.0,2163.0,1716.0,917.0,996.0,1937.0,790.0,615.0,1986.0,1625.0,1546.0,711.0,1582.0,678.0,1012.0,2281.0,805.0,1245.0,1321.0,2086.0,1839.0,1271.0,1518.0,1457.0,1777.0,5697.0,4787.0,4848.0,5002.0,4427.0,4009.0,3487.0,1855.0,0.0,1391.0,1146.0
2016-12-05,1887.0,2023.0,3317.0,1511.0,1309.0,1795.0,1887.0,2859.0,2069.0,887.0,2416.0,1273.0,1039.0,1554.0,1644.0,821.0,1518.0,1342.0,1305.0,1342.0,1079.0,898.0,935.0,2143.0,710.0,564.0,1523.0,1196.0,1123.0,691.0,1434.0,651.0,983.0,2241.0,623.0,1109.0,1436.0,1413.0,1322.0,1654.0,1110.0,1028.0,1566.0,4339.0,3787.0,3308.0,4035.0,2895.0,3317.0,2628.0,1488.0,0.0,985.0,935.0
2016-12-06,523.0,1858.0,3462.0,1499.0,1228.0,1930.0,1630.0,2650.0,2447.0,935.0,2677.0,1262.0,959.0,1346.0,1773.0,766.0,1675.0,1375.0,1122.0,1974.0,1111.0,793.0,1069.0,2167.0,606.0,478.0,1461.0,1328.0,1182.0,841.0,1446.0,569.0,939.0,2196.0,671.0,1186.0,1435.0,1397.0,1388.0,1602.0,1069.0,1024.0,1442.0,5167.0,4516.0,4564.0,4584.0,3988.0,3533.0,2570.0,1489.0,0.0,962.0,836.0
2016-12-07,2004.0,2016.0,3399.0,1519.0,1336.0,1754.0,2014.0,2979.0,2141.0,845.0,2385.0,1224.0,878.0,1317.0,1453.0,772.0,1396.0,1277.0,1198.0,1347.0,1065.0,807.0,1106.0,2267.0,745.0,580.0,1543.0,1139.0,1113.0,716.0,1269.0,553.0,757.0,2064.0,606.0,985.0,1714.0,1464.0,1396.0,1839.0,1195.0,1160.0,1356.0,4707.0,3752.0,3280.0,4162.0,2702.0,3415.0,2416.0,1783.0,0.0,1053.0,736.0
2016-12-08,1828.0,1859.0,2986.0,1384.0,1216.0,1694.0,1860.0,2697.0,1942.0,833.0,2143.0,1132.0,776.0,1286.0,1319.0,642.0,1424.0,1190.0,1017.0,1451.0,956.0,777.0,1023.0,2186.0,629.0,454.0,1413.0,1102.0,1120.0,712.0,1437.0,597.0,855.0,2046.0,641.0,1023.0,1568.0,1394.0,1383.0,1298.0,980.0,1060.0,1277.0,4362.0,3396.0,3060.0,3753.0,2566.0,3237.0,2302.0,1550.0,0.0,988.0,726.0
2016-12-09,1881.0,2037.0,3622.0,1635.0,1372.0,1785.0,2218.0,3239.0,2008.0,784.0,2199.0,1078.0,845.0,1146.0,1265.0,681.0,1314.0,1261.0,1042.0,1278.0,945.0,730.0,1056.0,2460.0,842.0,589.0,1579.0,1079.0,1127.0,728.0,1315.0,533.0,782.0,2288.0,650.0,1019.0,1771.0,1808.0,1553.0,1306.0,1110.0,1154.0,1436.0,5252.0,4157.0,3506.0,4358.0,2771.0,3754.0,2681.0,1821.0,0.0,1080.0,793.0
2016-12-10,1376.0,2043.0,3894.0,1487.0,1277.0,2066.0,2022.0,3034.0,2383.0,1043.0,2515.0,1300.0,1107.0,1609.0,1320.0,788.0,1670.0,1374.0,1613.0,1742.0,1241.0,826.0,1068.0,2346.0,1005.0,581.0,1763.0,1337.0,1259.0,737.0,1461.0,687.0,957.0,2459.0,692.0,1124.0,1585.0,1941.0,1845.0,1322.0,1282.0,1452.0,1517.0,5389.0,4773.0,4411.0,4699.0,3802.0,4011.0,3308.0,1833.0,0.0,1351.0,891.0
2016-12-11,572.0,1956.0,3984.0,1606.0,1235.0,2180.0,1734.0,2945.0,2372.0,923.0,2766.0,1280.0,923.0,1097.0,1121.0,902.0,1861.0,1478.0,1184.0,2144.0,1500.0,843.0,1025.0,2125.0,829.0,637.0,1971.0,1601.0,1486.0,649.0,1621.0,606.0,964.0,2361.0,729.0,1215.0,1287.0,2013.0,1733.0,1260.0,1431.0,1348.0,1793.0,5559.0,4686.0,4827.0,4905.0,4213.0,3997.0,3211.0,1927.0,0.0,1350.0,1112.0
2016-12-12,1847.0,1842.0,3326.0,1342.0,1315.0,1808.0,1916.0,2821.0,2027.0,900.0,2223.0,1236.0,877.0,1369.0,1430.0,692.0,1493.0,1207.0,1178.0,1333.0,1007.0,753.0,1004.0,2314.0,737.0,547.0,1501.0,1183.0,1090.0,769.0,1379.0,583.0,942.0,2163.0,654.0,1076.0,1479.0,1351.0,1350.0,1506.0,1113.0,1037.0,1343.0,4509.0,3658.0,3127.0,3964.0,2546.0,3297.0,2452.0,1614.0,0.0,993.0,870.0
2016-12-13,1836.0,1811.0,3278.0,1375.0,1249.0,1560.0,1837.0,2822.0,1997.0,911.0,2297.0,1228.0,837.0,1365.0,1449.0,739.0,1488.0,1367.0,1152.0,1371.0,979.0,768.0,1015.0,2324.0,682.0,553.0,1451.0,1208.0,1188.0,794.0,1457.0,589.0,913.0,2185.0,636.0,1201.0,1611.0,1372.0,1533.0,1463.0,1115.0,1107.0,1273.0,4604.0,3667.0,3126.0,3794.0,2441.0,3283.0,2407.0,1512.0,0.0,946.0,761.0
2016-12-14,2076.0,2011.0,3590.0,1553.0,1315.0,1746.0,2133.0,3132.0,1977.0,843.0,2097.0,1171.0,798.0,1281.0,1386.0,672.0,1457.0,1393.0,1165.0,1396.0,1031.0,783.0,1082.0,2619.0,759.0,638.0,1601.0,1082.0,1060.0,720.0,1312.0,541.0,749.0,2123.0,585.0,1036.0,1670.0,1532.0,1353.0,1387.0,1178.0,1135.0,1275.0,5186.0,3801.0,3274.0,4078.0,2685.0,3671.0,2572.0,1843.0,0.0,1118.0,746.0
2016-12-15,2039.0,2093.0,3504.0,1600.0,1380.0,1815.0,2020.0,3108.0,2174.0,836.0,2292.0,1203.0,853.0,1348.0,1320.0,691.0,1380.0,1444.0,1049.0,1361.0,1073.0,813.0,1081.0,2520.0,819.0,603.0,1479.0,1251.0,1196.0,729.0,1485.0,609.0,864.0,2106.0,705.0,1216.0,1750.0,1505.0,1495.0,1470.0,1233.0,1117.0,1436.0,5125.0,4127.0,3337.0,4254.0,2870.0,3517.0,2702.0,1668.0,0.0,1131.0,729.0
2016-12-16,2103.0,2286.0,3930.0,1724.0,1497.0,1963.0,2291.0,3508.0,2144.0,850.0,2443.0,1095.0,759.0,1272.0,1320.0,788.0,1353.0,1368.0,1025.0,1452.0,1113.0,853.0,1166.0,2651.0,881.0,706.0,1617.0,1252.0,1201.0,838.0,1554.0,644.0,958.0,2505.0,664.0,1108.0,1894.0,1683.0,1519.0,1488.0,1265.0,1352.0,1475.0,5473.0,4895.0,4528.0,4714.0,3093.0,4314.0,3008.0,2028.0,0.0,1244.0,862.0
2016-12-17,1453.0,2436.0,4383.0,1808.0,1491.0,2425.0,2141.0,3626.0,2695.0,1150.0,2777.0,1345.0,1123.0,1589.0,1357.0,855.0,1807.0,1570.0,1635.0,1867.0,1540.0,906.0,1132.0,2721.0,1101.0,751.0,1944.0,1623.0,1503.0,818.0,1735.0,767.0,1181.0,2824.0,850.0,1379.0,1773.0,2335.0,1946.0,1472.0,1552.0,1603.0,1623.0,6379.0,5360.0,5074.0,5597.0,4439.0,4645.0,3719.0,2172.0,0.0,1484.0,984.0
2016-12-18,864.0,2361.0,4618.0,1834.0,1485.0,2456.0,1943.0,3523.0,2720.0,1116.0,3046.0,1399.0,859.0,1199.0,1268.0,848.0,1868.0,1778.0,1242.0,2224.0,1844.0,941.0,1112.0,2465.0,940.0,746.0,2140.0,1834.0,1555.0,762.0,1802.0,755.0,1155.0,2703.0,859.0,1310.0,1364.0,2496.0,1865.0,1397.0,1744.0,1579.0,1901.0,6558.0,5628.0,5613.0,5987.0,4838.0,4839.0,3845.0,2267.0,0.0,1629.0,1165.0
2016-12-19,2144.0,2314.0,4237.0,1771.0,1586.0,2105.0,2225.0,3774.0,2464.0,1054.0,2578.0,1354.0,983.0,1611.0,1599.0,801.0,1720.0,1506.0,1383.0,1689.0,1308.0,843.0,1123.0,2949.0,860.0,725.0,1672.0,1468.0,1270.0,836.0,1755.0,672.0,1020.0,2728.0,737.0,1288.0,1751.0,1807.0,1637.0,1668.0,1444.0,1237.0,1411.0,5800.0,5069.0,4339.0,5175.0,3645.0,4375.0,3063.0,1960.0,0.0,1297.0,930.0
2016-12-20,2221.0,2474.0,4693.0,1967.0,1684.0,2242.0,2395.0,4125.0,2732.0,1188.0,2958.0,1365.0,1009.0,1729.0,1603.0,771.0,1760.0,1677.0,1480.0,1865.0,1413.0,1051.0,1235.0,3053.0,951.0,893.0,1623.0,1659.0,1394.0,929.0,2042.0,725.0,1158.0,2735.0,762.0,1426.0,2015.0,1777.0,1907.0,1793.0,1610.0,1416.0,1633.0,6241.0,5471.0,4844.0,5680.0,3935.0,4875.0,3557.0,2223.0,0.0,1350.0,1078.0
2016-12-21,2555.0,2923.0,5074.0,2323.0,1982.0,2679.0,2595.0,4694.0,3077.0,1214.0,3228.0,1517.0,1091.0,1759.0,1778.0,835.0,1997.0,1832.0,1606.0,2004.0,1650.0,1115.0,1525.0,3352.0,1007.0,978.0,1950.0,1768.0,1669.0,922.0,2178.0,872.0,1218.0,2890.0,774.0,1400.0,2404.0,2484.0,2092.0,1882.0,1890.0,1659.0,1703.0,7597.0,6367.0,5572.0,6586.0,4615.0,5643.0,4181.0,2607.0,0.0,1707.0,1040.0
2016-12-22,2760.0,3021.0,5204.0,2385.0,2194.0,2808.0,2585.0,4728.0,3351.0,1301.0,3392.0,1675.0,1174.0,1843.0,1828.0,1042.0,2055.0,2039.0,1528.0,2406.0,1946.0,1276.0,1617.0,3505.0,956.0,1017.0,1993.0,1911.0,1714.0,986.0,2264.0,901.0,1455.0,3069.0,874.0,1611.0,2396.0,2477.0,2229.0,1980.0,1934.0,1820.0,1757.0,7275.0,6596.0,6348.0,6664.0,4941.0,5680.0,4467.0,2732.0,0.0,1839.0,1343.0
2016-12-23,3023.0,3525.0,6038.0,2898.0,2520.0,3209.0,2930.0,5261.0,3605.0,1512.0,3623.0,1892.0,1322.0,2116.0,2032.0,1212.0,2382.0,2151.0,1805.0,2618.0,2190.0,1193.0,1920.0,3714.0,1296.0,1252.0,2060.0,1987.0,1768.0,1054.0,2623.0,921.0,1427.0,3541.0,829.0,1591.0,2707.0,3056.0,2424.0,2062.0,2373.0,2177.0,2161.0,8307.0,7293.0,7351.0,7286.0,6274.0,6600.0,5079.0,3235.0,0.0,2237.0,1270.0
2016-12-24,1993.0,3711.0,6085.0,3221.0,2704.0,3762.0,2723.0,4429.0,4624.0,2160.0,4541.0,1932.0,1746.0,2367.0,2255.0,1549.0,3176.0,2268.0,2370.0,3560.0,2730.0,1524.0,1969.0,3365.0,1410.0,1715.0,2455.0,2498.0,2261.0,1231.0,3332.0,1418.0,2093.0,3257.0,1170.0,1915.0,2375.0,3385.0,2931.0,2177.0,2413.0,2368.0,2482.0,7430.0,6637.0,7528.0,6923.0,6965.0,6123.0,4767.0,2975.0,0.0,2737.0,1807.0
2016-12-26,488.0,2044.0,3865.0,1595.0,1395.0,2117.0,1662.0,2868.0,2712.0,1226.0,2815.0,1205.0,946.0,1457.0,1278.0,804.0,1802.0,1223.0,1272.0,2170.0,1566.0,792.0,1081.0,1971.0,1558.0,780.0,1852.0,1500.0,1264.0,599.0,1650.0,596.0,1011.0,2390.0,793.0,1405.0,1332.0,2060.0,1643.0,1344.0,1451.0,1333.0,1637.0,5665.0,5262.0,5508.0,5536.0,4999.0,4140.0,3719.0,1868.0,0.0,1334.0,941.0
2016-12-27,1845.0,2036.0,3463.0,1491.0,1426.0,1789.0,1746.0,3122.0,2432.0,1123.0,2663.0,1175.0,1026.0,1516.0,1553.0,710.0,1649.0,1273.0,1366.0,1477.0,1308.0,835.0,1123.0,2304.0,1346.0,614.0,1410.0,1231.0,1086.0,701.0,1639.0,630.0,1070.0,2436.0,750.0,1299.0,1547.0,1699.0,1601.0,1536.0,1190.0,1107.0,1563.0,4675.0,4244.0,4096.0,4323.0,3590.0,3250.0,2878.0,1639.0,0.0,1161.0,881.0
2016-12-28,1834.0,2247.0,3705.0,1730.0,1573.0,2055.0,1828.0,3267.0,2447.0,997.0,2828.0,1207.0,1000.0,1478.0,1533.0,700.0,1438.0,1285.0,1382.0,1644.0,1255.0,781.0,1176.0,2702.0,1893.0,837.0,1744.0,1305.0,1214.0,708.0,1638.0,649.0,1041.0,2681.0,709.0,1415.0,1721.0,1956.0,1518.0,1474.0,1391.0,1244.0,1675.0,5196.0,4790.0,4643.0,4892.0,3961.0,3722.0,3265.0,2070.0,0.0,1406.0,867.0
2016-12-29,1733.0,2111.0,3730.0,1716.0,1711.0,2147.0,1726.0,3046.0,2505.0,1115.0,2568.0,1273.0,922.0,1587.0,1389.0,732.0,1587.0,1177.0,1352.0,1803.0,1310.0,773.0,1263.0,2691.0,1948.0,846.0,1481.0,1356.0,1254.0,860.0,2062.0,715.0,1061.0,2681.0,761.0,1459.0,1662.0,1863.0,1585.0,1517.0,1471.0,1219.0,1742.0,4802.0,4444.0,4508.0,4701.0,4003.0,3342.0,3051.0,2017.0,0.0,1402.0,885.0
2016-12-30,2119.0,2700.0,4722.0,2202.0,2025.0,2683.0,2083.0,3822.0,2662.0,1214.0,3040.0,1399.0,1082.0,1745.0,1613.0,844.0,1850.0,1314.0,1520.0,2087.0,1475.0,996.0,1470.0,3381.0,2870.0,1207.0,2069.0,1821.0,1687.0,991.0,2558.0,833.0,1583.0,3403.0,1017.0,1850.0,1985.0,2011.0,1791.0,1773.0,1719.0,1497.0,2216.0,6360.0,5798.0,5684.0,5998.0,4810.0,4290.0,3826.0,2860.0,0.0,2097.0,1119.0
2016-12-31,1526.0,2941.0,4608.0,2611.0,2237.0,3067.0,2124.0,3400.0,2998.0,1557.0,3384.0,1564.0,1313.0,1882.0,1624.0,1365.0,2327.0,1115.0,2105.0,2556.0,2341.0,1106.0,1563.0,2709.0,3401.0,1478.0,2370.0,2335.0,2042.0,1121.0,3398.0,1417.0,2232.0,3068.0,1472.0,2369.0,1775.0,2283.0,2218.0,1942.0,1910.0,1826.0,2850.0,5598.0,4701.0,5304.0,5259.0,4630.0,4051.0,3388.0,2742.0,0.0,2718.0,1647.0
2017-01-01,0.0,0.0,0.0,0.0,0.0,0.0,0.0,0.0,0.0,0.0,0.0,0.0,0.0,0.0,0.0,0.0,0.0,0.0,0.0,0.0,0.0,0.0,0.0,0.0,1642.0,0.0,0.0,0.0,0.0,0.0,0.0,0.0,0.0,0.0,0.0,0.0,0.0,0.0,0.0,0.0,0.0,0.0,0.0,0.0,0.0,0.0,0.0,0.0,0.0,0.0,0.0,0.0,0.0,0.0
2017-01-02,516.0,2083.0,3918.0,1682.0,1293.0,2268.0,1681.0,2995.0,2646.0,1039.0,3094.0,1314.0,1120.0,1402.0,1336.0,864.0,2170.0,1364.0,1400.0,2316.0,1804.0,941.0,1003.0,1808.0,1519.0,600.0,2040.0,1573.0,1314.0,595.0,1834.0,627.0,984.0,2497.0,862.0,1315.0,1437.0,2250.0,1788.0,1312.0,1420.0,1503.0,1928.0,5701.0,5218.0,5537.0,5156.0,4836.0,4014.0,3835.0,1606.0,0.0,1345.0,1015.0
2017-01-03,1946.0,1922.0,3406.0,1560.0,1410.0,1939.0,1894.0,3026.0,2443.0,1106.0,2656.0,1270.0,939.0,1533.0,1479.0,811.0,1760.0,1489.0,1326.0,1735.0,1320.0,951.0,1114.0,2244.0,1006.0,620.0,1673.0,1409.0,1353.0,806.0,1587.0,591.0,1111.0,2672.0,844.0,1348.0,1657.0,1734.0,1638.0,1725.0,1236.0,1264.0,1800.0,4639.0,4129.0,3720.0,4346.0,3110.0,3286.0,2725.0,1762.0,0.0,1157.0,958.0
2017-01-04,1905.0,2007.0,3382.0,1551.0,1379.0,1840.0,1951.0,3034.0,2142.0,834.0,2505.0,1254.0,908.0,1352.0,1454.0,722.0,1381.0,1304.0,1226.0,1401.0,1103.0,788.0,1110.0,2299.0,1036.0,616.0,1644.0,1190.0,1180.0,704.0,1380.0,516.0,926.0,2128.0,702.0,1127.0,1776.0,1663.0,1471.0,1589.0,1270.0,1290.0,1545.0,4569.0,4016.0,3586.0,4178.0,2905.0,3193.0,2620.0,1880.0,0.0,1177.0,818.0
2017-01-05,1807.0,1741.0,3109.0,1439.0,1300.0,1533.0,1693.0,2685.0,2157.0,842.0,2280.0,1146.0,774.0,1368.0,1417.0,703.0,1539.0,1278.0,1054.0,1525.0,1018.0,754.0,1002.0,2411.0,855.0,528.0,1656.0,1229.0,1180.0,790.0,1517.0,582.0,913.0,2042.0,751.0,1157.0,1358.0,1366.0,1269.0,1451.0,1068.0,1028.0,1528.0,4105.0,3575.0,3259.0,3856.0,2707.0,2834.0,2335.0,1621.0,0.0,1018.0,777.0
2017-01-06,1856.0,2092.0,3455.0,1530.0,1437.0,1836.0,2076.0,2936.0,1855.0,780.0,2229.0,1095.0,777.0,1122.0,1328.0,636.0,1363.0,1184.0,1007.0,1338.0,958.0,743.0,1139.0,2499.0,1045.0,591.0,1618.0,1115.0,1143.0,759.0,1390.0,593.0,839.0,2329.0,660.0,1142.0,1567.0,1658.0,1274.0,1436.0,1106.0,1172.0,1388.0,4881.0,4348.0,3606.0,4197.0,3058.0,3361.0,2634.0,1884.0,0.0,1147.0,751.0
2017-01-07,1303.0,2154.0,3813.0,1733.0,1359.0,2218.0,1868.0,2983.0,2549.0,1027.0,2647.0,1265.0,1127.0,1602.0,1365.0,747.0,1736.0,1355.0,1560.0,1782.0,1335.0,780.0,1059.0,2163.0,1331.0,535.0,1957.0,1433.0,1283.0,713.0,1533.0,606.0,960.0,2272.0,783.0,1191.0,1642.0,2108.0,1914.0,1416.0,1308.0,1539.0,1552.0,5608.0,4783.0,4864.0,4905.0,4090.0,3725.0,3416.0,1742.0,0.0,1335.0,880.0
2017-01-08,558.0,1958.0,3613.0,1658.0,1062.0,2146.0,1543.0,2706.0,2187.0,936.0,2627.0,1235.0,842.0,1028.0,1071.0,678.0,1816.0,1341.0,1066.0,2131.0,1292.0,850.0,955.0,1743.0,917.0,593.0,1987.0,1621.0,1376.0,604.0,1572.0,615.0,1057.0,2136.0,743.0,1235.0,1226.0,2001.0,1648.0,1230.0,1355.0,1401.0,1483.0,5305.0,4691.0,4834.0,4983.0,4174.0,3578.0,3167.0,1856.0,0.0,1428.0,926.0
2017-01-09,1798.0,1805.0,2977.0,1394.0,1250.0,1771.0,1958.0,2677.0,2073.0,879.0,2132.0,1154.0,797.0,1279.0,1439.0,737.0,1485.0,1212.0,1047.0,1374.0,1072.0,781.0,943.0,2087.0,741.0,445.0,1351.0,926.0,1009.0,618.0,1269.0,549.0,876.0,2009.0,620.0,1054.0,1400.0,1240.0,1302.0,1473.0,1017.0,1018.0,1453.0,4115.0,3497.0,3281.0,3728.0,2695.0,2835.0,2286.0,1430.0,0.0,940.0,813.0
2017-01-10,1732.0,1765.0,2767.0,1179.0,1240.0,1555.0,1847.0,2473.0,1921.0,881.0,2303.0,1131.0,852.0,1298.0,1381.0,667.0,1414.0,1256.0,1068.0,1361.0,1007.0,648.0,936.0,2139.0,702.0,503.0,1513.0,1270.0,1238.0,747.0,1380.0,506.0,940.0,2063.0,613.0,1167.0,1408.0,1169.0,1332.0,1420.0,875.0,988.0,1406.0,3899.0,3218.0,2816.0,3406.0,2354.0,2710.0,2216.0,1489.0,0.0,972.0,791.0
2017-01-11,1868.0,1794.0,3009.0,1407.0,1266.0,1658.0,1829.0,2776.0,1810.0,726.0,1904.0,1180.0,718.0,1281.0,1222.0,658.0,1231.0,1110.0,987.0,1159.0,1005.0,800.0,955.0,2215.0,851.0,520.0,1654.0,1043.0,1079.0,745.0,1229.0,552.0,854.0,1969.0,585.0,989.0,1597.0,1433.0,1201.0,1327.0,1085.0,1099.0,1303.0,4271.0,3402.0,2991.0,3496.0,2358.0,2893.0,2168.0,1732.0,0.0,995.0,703.0
2017-01-12,1688.0,1721.0,2669.0,1183.0,1148.0,1473.0,1709.0,2514.0,1808.0,785.0,1906.0,1091.0,734.0,1244.0,1325.0,603.0,1244.0,1124.0,872.0,1206.0,873.0,702.0,949.0,2089.0,770.0,506.0,1324.0,1068.0,1053.0,685.0,1297.0,555.0,828.0,2027.0,631.0,1108.0,1469.0,1203.0,1119.0,1259.0,957.0,967.0,1234.0,3838.0,3073.0,2755.0,3163.0,2403.0,2668.0,2076.0,1408.0,0.0,909.0,678.0
2017-01-13,1831.0,2049.0,3273.0,1479.0,1330.0,1775.0,1942.0,2922.0,1790.0,703.0,1886.0,1106.0,740.0,1138.0,1248.0,677.0,1219.0,1121.0,880.0,1186.0,901.0,660.0,1037.0,2356.0,1111.0,631.0,1471.0,983.0,1015.0,716.0,1257.0,580.0,798.0,2211.0,657.0,971.0,1526.0,1412.0,1281.0,1294.0,1066.0,1183.0,1273.0,4550.0,3810.0,3215.0,3724.0,2596.0,3301.0,2489.0,1846.0,0.0,1086.0,766.0
2017-01-14,1307.0,2153.0,3777.0,1759.0,1390.0,2195.0,1902.0,3034.0,2327.0,974.0,2290.0,1311.0,1143.0,1519.0,1234.0,809.0,1570.0,1318.0,1499.0,1803.0,1259.0,779.0,1106.0,1998.0,1561.0,577.0,1780.0,1421.0,1167.0,704.0,1435.0,653.0,1030.0,2374.0,837.0,1241.0,1603.0,1924.0,1752.0,1395.0,1260.0,1512.0,1453.0,5168.0,4549.0,4450.0,4796.0,3852.0,3631.0,3270.0,1705.0,0.0,1407.0,958.0
2017-01-15,537.0,1936.0,3738.0,1679.0,1201.0,2193.0,1635.0,2773.0,2256.0,918.0,2655.0,1188.0,873.0,1002.0,1073.0,827.0,1763.0,1284.0,1086.0,2122.0,1506.0,794.0,930.0,1827.0,1005.0,651.0,1990.0,1663.0,1408.0,659.0,1608.0,659.0,962.0,2134.0,728.0,1090.0,1140.0,1911.0,1633.0,1134.0,1421.0,1412.0,1613.0,5459.0,4529.0,4530.0,4854.0,4138.0,3653.0,3086.0,1823.0,0.0,1389.0,1029.0
2017-01-16,1848.0,1826.0,3040.0,1394.0,1237.0,1690.0,1829.0,2738.0,2078.0,855.0,2139.0,1156.0,871.0,1356.0,1391.0,723.0,1536.0,1289.0,1082.0,1294.0,1036.0,726.0,970.0,2187.0,819.0,563.0,1523.0,1187.0,1170.0,782.0,1366.0,615.0,975.0,2216.0,699.0,1109.0,1541.0,1309.0,1349.0,1457.0,1007.0,1025.0,1478.0,4063.0,3502.0,3080.0,3679.0,2565.0,2944.0,2203.0,1561.0,0.0,1056.0,904.0
2017-01-17,1753.0,1694.0,2744.0,1224.0,1246.0,1575.0,1788.0,2487.0,1964.0,845.0,2043.0,1084.0,807.0,1275.0,1296.0,678.0,1441.0,1292.0,972.0,1275.0,1059.0,704.0,1008.0,2095.0,721.0,550.0,1498.0,1355.0,1250.0,826.0,1425.0,642.0,980.0,2168.0,744.0,1205.0,1483.0,1307.0,1372.0,1504.0,995.0,1051.0,1269.0,3787.0,3171.0,2809.0,3341.0,2354.0,2573.0,2075.0,1600.0,0.0,944.0,745.0
2017-01-18,1871.0,1851.0,3030.0,1501.0,1164.0,1716.0,2027.0,2760.0,1871.0,784.0,1989.0,1124.0,724.0,1107.0,1288.0,596.0,1302.0,1161.0,984.0,1255.0,1004.0,683.0,946.0,2246.0,831.0,570.0,1617.0,1070.0,1084.0,789.0,1161.0,555.0,836.0,1967.0,609.0,1005.0,1644.0,1381.0,1263.0,1283.0,1089.0,1183.0,1238.0,4237.0,3300.0,2872.0,3533.0,2379.0,2882.0,2107.0,1750.0,0.0,1089.0,676.0
2017-01-19,1623.0,1694.0,2632.0,1180.0,1156.0,1487.0,1731.0,2430.0,1744.0,677.0,1841.0,1141.0,751.0,1224.0,1235.0,602.0,1261.0,1104.0,928.0,1261.0,958.0,637.0,938.0,2113.0,752.0,461.0,1406.0,1099.0,1097.0,716.0,1283.0,583.0,868.0,2013.0,628.0,1024.0,1495.0,1131.0,1182.0,1225.0,1188.0,1028.0,1216.0,3470.0,3023.0,2576.0,3074.0,2163.0,2500.0,1909.0,1373.0,0.0,876.0,681.0
2017-01-20,1546.0,1616.0,2978.0,1272.0,1231.0,1410.0,1767.0,2675.0,1584.0,615.0,1831.0,992.0,750.0,1186.0,1194.0,579.0,1126.0,1001.0,888.0,992.0,859.0,598.0,965.0,2336.0,1075.0,573.0,1537.0,1082.0,1036.0,729.0,1244.0,621.0,673.0,2266.0,614.0,1039.0,1576.0,1311.0,1269.0,1308.0,1047.0,1134.0,1236.0,3997.0,3733.0,3039.0,3686.0,2389.0,3191.0,2297.0,1725.0,0.0,932.0,599.0
2017-01-21,1419.0,2212.0,3920.0,1709.0,1304.0,2208.0,1836.0,3176.0,2370.0,872.0,2534.0,1301.0,1079.0,1550.0,1312.0,834.0,1726.0,1381.0,1533.0,1652.0,1321.0,796.0,1030.0,2284.0,1530.0,616.0,1853.0,1378.0,1297.0,751.0,1541.0,696.0,1070.0,2358.0,786.0,1215.0,1646.0,2074.0,1659.0,1417.0,1263.0,1495.0,1506.0,5486.0,4666.0,4511.0,4874.0,3880.0,3739.0,3204.0,1656.0,0.0,1363.0,924.0
2017-01-22,534.0,2179.0,3826.0,1734.0,1128.0,2187.0,1691.0,2901.0,2187.0,876.0,2640.0,1234.0,913.0,1026.0,1143.0,805.0,1973.0,1309.0,1231.0,2234.0,1413.0,664.0,945.0,1706.0,953.0,563.0,2032.0,1600.0,1320.0,694.0,1538.0,638.0,873.0,2126.0,716.0,1207.0,1251.0,1818.0,1519.0,1193.0,1329.0,1362.0,1534.0,5286.0,4513.0,4669.0,4872.0,4221.0,3625.0,2956.0,1772.0,0.0,1369.0,971.0
2017-01-23,1836.0,1901.0,3000.0,1456.0,1302.0,1755.0,1931.0,2608.0,1985.0,895.0,2127.0,1190.0,843.0,1305.0,1403.0,702.0,1542.0,1215.0,1151.0,1335.0,1038.0,781.0,940.0,2204.0,765.0,576.0,1568.0,1190.0,1183.0,766.0,1369.0,609.0,927.0,2189.0,778.0,1115.0,1478.0,1309.0,1299.0,1456.0,992.0,1108.0,1277.0,3982.0,3414.0,3067.0,3553.0,2553.0,2816.0,2248.0,1500.0,0.0,1036.0,858.0
2017-01-24,1763.0,1832.0,2748.0,1312.0,1242.0,1567.0,1831.0,2509.0,1839.0,925.0,1966.0,1135.0,811.0,1334.0,1383.0,679.0,1408.0,1355.0,1026.0,1374.0,1011.0,680.0,954.0,2007.0,700.0,515.0,1527.0,1318.0,1274.0,830.0,1278.0,614.0,932.0,2088.0,679.0,1145.0,1478.0,1181.0,1311.0,1494.0,1304.0,993.0,1412.0,3637.0,3115.0,2725.0,3110.0,2121.0,2507.0,2106.0,1399.0,0.0,916.0,749.0
2017-01-25,1867.0,1947.0,3026.0,1408.0,1250.0,1629.0,1984.0,2673.0,1763.0,762.0,1937.0,1155.0,757.0,1189.0,1298.0,627.0,1338.0,1180.0,996.0,1287.0,840.0,663.0,998.0,2115.0,885.0,512.0,1627.0,1038.0,1050.0,698.0,1169.0,591.0,808.0,1924.0,575.0,979.0,1548.0,1330.0,1159.0,1228.0,1474.0,1117.0,1251.0,3994.0,3246.0,2817.0,3287.0,2201.0,2791.0,2021.0,1576.0,0.0,1063.0,667.0
2017-01-26,1630.0,1608.0,2699.0,1197.0,1144.0,1451.0,1745.0,2314.0,1660.0,755.0,1880.0,1129.0,777.0,1207.0,1199.0,605.0,1301.0,1120.0,895.0,1229.0,876.0,643.0,891.0,1900.0,688.0,419.0,1345.0,976.0,885.0,680.0,1339.0,483.0,787.0,1858.0,631.0,1005.0,1455.0,1137.0,1163.0,1165.0,1190.0,1016.0,1218.0,3663.0,2749.0,2494.0,3063.0,2101.0,2395.0,1901.0,1350.0,0.0,898.0,642.0
2017-01-27,1871.0,1952.0,3263.0,1548.0,1258.0,1790.0,2051.0,2787.0,1718.0,661.0,1932.0,1076.0,751.0,1083.0,1217.0,635.0,1222.0,1102.0,886.0,1211.0,901.0,667.0,1001.0,2327.0,1122.0,520.0,1581.0,1114.0,1081.0,711.0,1224.0,594.0,764.0,2273.0,628.0,1025.0,1618.0,1328.0,1188.0,1305.0,1024.0,1182.0,1311.0,4619.0,3643.0,2997.0,3599.0,2432.0,3080.0,2324.0,1724.0,0.0,1048.0,712.0
2017-01-28,1328.0,2044.0,3603.0,1605.0,1394.0,2049.0,1890.0,2842.0,2150.0,961.0,2267.0,1268.0,1115.0,1572.0,1222.0,828.0,1711.0,1326.0,1591.0,1584.0,1278.0,719.0,1014.0,2177.0,1669.0,571.0,1835.0,1374.0,1198.0,734.0,1472.0,702.0,1051.0,2370.0,781.0,1172.0,1557.0,1955.0,1687.0,1420.0,1303.0,1338.0,1493.0,5224.0,4390.0,4244.0,4514.0,3490.0,3363.0,3112.0,1625.0,0.0,1319.0,895.0
2017-01-29,496.0,1947.0,3406.0,1520.0,1096.0,2091.0,1631.0,2600.0,2129.0,803.0,2361.0,1272.0,881.0,1204.0,1007.0,819.0,1848.0,1312.0,1085.0,1914.0,1363.0,769.0,992.0,1625.0,977.0,506.0,1835.0,1423.0,1301.0,600.0,1529.0,630.0,918.0,1973.0,728.0,1240.0,1083.0,1809.0,1546.0,1144.0,1341.0,1424.0,1618.0,4946.0,4351.0,4242.0,4390.0,3779.0,3263.0,2883.0,1665.0,0.0,1333.0,1049.0
2017-01-30,1686.0,1637.0,2671.0,1215.0,1119.0,1498.0,1768.0,2354.0,1776.0,770.0,1921.0,1191.0,821.0,1292.0,1367.0,533.0,1304.0,1106.0,1091.0,1102.0,803.0,718.0,965.0,1921.0,699.0,413.0,1316.0,926.0,894.0,643.0,1067.0,485.0,796.0,2126.0,625.0,946.0,1376.0,1256.0,1281.0,1402.0,902.0,996.0,1391.0,3592.0,3118.0,2752.0,3361.0,2341.0,2663.0,2120.0,1429.0,0.0,872.0,669.0
2017-01-31,1718.0,1817.0,2938.0,1243.0,1255.0,1584.0,1729.0,2537.0,2060.0,861.0,2020.0,1145.0,816.0,1268.0,1435.0,754.0,1590.0,1413.0,1072.0,1453.0,985.0,746.0,932.0,2280.0,788.0,578.0,1515.0,1464.0,1370.0,822.0,1458.0,674.0,985.0,2278.0,772.0,1195.0,1429.0,1196.0,1377.0,1577.0,952.0,992.0,1352.0,3833.0,3272.0,2873.0,3276.0,2350.0,2680.0,2158.0,1448.0,0.0,950.0,793.0
2017-02-01,1900.0,2083.0,3347.0,1467.0,1306.0,1738.0,1931.0,2848.0,2184.0,859.0,2248.0,1201.0,821.0,1236.0,1330.0,620.0,1505.0,1199.0,1092.0,1469.0,1015.0,764.0,1015.0,2309.0,917.0,676.0,1621.0,1237.0,1141.0,799.0,1343.0,587.0,917.0,2153.0,787.0,1136.0,1671.0,1516.0,1243.0,1445.0,1288.0,1254.0,1366.0,4562.0,3755.0,3294.0,3799.0,2725.0,3136.0,2333.0,1758.0,0.0,1239.0,779.0
2017-02-02,1753.0,1898.0,2890.0,1334.0,1266.0,1683.0,1901.0,2529.0,2133.0,798.0,2432.0,1162.0,832.0,1305.0,1418.0,626.0,1391.0,1274.0,992.0,1365.0,1013.0,772.0,1014.0,2210.0,808.0,610.0,1453.0,1218.0,1195.0,788.0,1490.0,663.0,905.0,2201.0,754.0,1214.0,1370.0,1302.0,1293.0,1452.0,952.0,1096.0,1408.0,3917.0,3407.0,2987.0,3752.0,2605.0,2759.0,2195.0,1534.0,0.0,1009.0,739.0
2017-02-03,1869.0,1965.0,3428.0,1571.0,1346.0,1839.0,2026.0,2980.0,1919.0,770.0,2263.0,1185.0,826.0,1180.0,1287.0,720.0,1390.0,1147.0,931.0,1322.0,1020.0,717.0,1056.0,2379.0,1177.0,556.0,1537.0,1062.0,908.0,765.0,1298.0,658.0,879.0,2451.0,663.0,1077.0,1654.0,1450.0,1401.0,1392.0,1339.0,1180.0,1354.0,4569.0,4210.0,3499.0,3990.0,2918.0,3237.0,2524.0,1730.0,0.0,1159.0,802.0
2017-02-04,1406.0,2066.0,3757.0,1734.0,1405.0,2181.0,1833.0,3144.0,2440.0,1080.0,2726.0,1319.0,1195.0,1706.0,1372.0,767.0,1827.0,1359.0,1684.0,2015.0,1383.0,760.0,1026.0,2308.0,1684.0,652.0,1904.0,1659.0,1419.0,791.0,1526.0,775.0,1090.0,2550.0,855.0,1334.0,1588.0,2049.0,1741.0,1473.0,1432.0,1463.0,1645.0,5381.0,4829.0,4755.0,4930.0,4185.0,3705.0,3207.0,1837.0,0.0,1403.0,957.0
2017-02-05,557.0,1960.0,3675.0,1726.0,1172.0,2120.0,1669.0,2751.0,2203.0,898.0,2874.0,1230.0,889.0,948.0,996.0,852.0,1810.0,1340.0,1116.0,2089.0,1589.0,701.0,929.0,1763.0,1164.0,588.0,2008.0,1740.0,1464.0,728.0,1596.0,625.0,988.0,2178.0,761.0,1283.0,1120.0,1819.0,1529.0,1288.0,1561.0,1302.0,1718.0,5316.0,4517.0,4584.0,4813.0,4216.0,3474.0,3067.0,1802.0,0.0,1415.0,1109.0
2017-02-06,1773.0,1812.0,3054.0,1301.0,1295.0,1726.0,1820.0,2696.0,2048.0,928.0,2457.0,1202.0,939.0,1369.0,1347.0,791.0,1545.0,1242.0,1147.0,1314.0,1062.0,702.0,952.0,2222.0,796.0,481.0,1503.0,1149.0,1203.0,839.0,1377.0,603.0,877.0,2230.0,683.0,1109.0,1518.0,1261.0,1323.0,1579.0,1015.0,1037.0,1480.0,3866.0,3748.0,3207.0,3730.0,2744.0,2832.0,2437.0,1438.0,0.0,920.0,828.0
2017-02-07,1887.0,1735.0,2964.0,1372.0,1231.0,1623.0,1755.0,2637.0,2149.0,897.0,2294.0,1158.0,893.0,1238.0,1415.0,704.0,1447.0,1304.0,1083.0,1414.0,1066.0,714.0,954.0,2165.0,830.0,526.0,1433.0,1322.0,1259.0,824.0,1308.0,643.0,909.0,2132.0,672.0,1246.0,1478.0,1304.0,1447.0,1554.0,1003.0,1057.0,1460.0,3868.0,3470.0,2970.0,3470.0,2562.0,2727.0,2662.0,1393.0,0.0,983.0,791.0
2017-02-08,1912.0,1853.0,3098.0,1407.0,1252.0,1621.0,1896.0,2862.0,1907.0,817.0,2261.0,1117.0,817.0,1159.0,1348.0,624.0,1337.0,1298.0,1035.0,1359.0,963.0,711.0,981.0,2266.0,836.0,488.0,1491.0,906.0,962.0,728.0,1222.0,571.0,858.0,1924.0,648.0,994.0,1602.0,1380.0,1270.0,1415.0,1220.0,1106.0,1265.0,4581.0,3678.0,3311.0,3936.0,2757.0,2953.0,2443.0,1592.0,0.0,1084.0,769.0
2017-02-09,1750.0,1615.0,2980.0,1281.0,1128.0,1460.0,1719.0,2564.0,1871.0,783.0,2066.0,1112.0,778.0,1162.0,1221.0,608.0,1257.0,1188.0,903.0,1380.0,897.0,695.0,919.0,2120.0,816.0,391.0,1459.0,1112.0,1071.0,736.0,1216.0,551.0,828.0,2042.0,594.0,1082.0,1454.0,1255.0,1308.0,1275.0,1004.0,983.0,1355.0,3956.0,3349.0,2868.0,3313.0,2326.0,2620.0,2123.0,1282.0,0.0,910.0,646.0
2017-02-10,1858.0,1892.0,3345.0,1514.0,1317.0,1760.0,2053.0,3002.0,1904.0,782.0,2286.0,1055.0,861.0,1086.0,1302.0,599.0,1303.0,1178.0,1020.0,1229.0,888.0,628.0,1014.0,2334.0,1254.0,542.0,1641.0,1127.0,986.0,703.0,1277.0,532.0,764.0,2258.0,589.0,1079.0,1558.0,1354.0,1348.0,1363.0,1054.0,1189.0,1321.0,4772.0,4226.0,3303.0,3762.0,2694.0,3157.0,2595.0,1832.0,0.0,1079.0,790.0
2017-02-11,1372.0,2033.0,3524.0,1597.0,1358.0,2073.0,1860.0,2841.0,2166.0,1038.0,2573.0,1216.0,1184.0,1571.0,1199.0,817.0,1656.0,1263.0,1290.0,1698.0,1318.0,798.0,987.0,2205.0,1653.0,593.0,1892.0,1389.0,1345.0,820.0,1376.0,636.0,932.0,2381.0,767.0,1243.0,1556.0,1894.0,1547.0,1444.0,1200.0,1344.0,1536.0,5066.0,4470.0,4165.0,4366.0,3539.0,3292.0,3172.0,1738.0,0.0,1325.0,895.0
2017-02-12,531.0,1948.0,3484.0,1672.0,1122.0,2079.0,1580.0,2695.0,2134.0,872.0,2690.0,1298.0,899.0,962.0,968.0,802.0,1812.0,1282.0,1260.0,2027.0,1461.0,677.0,901.0,1750.0,1068.0,510.0,1959.0,1618.0,1414.0,662.0,1555.0,640.0,950.0,2168.0,704.0,1175.0,1077.0,1845.0,1507.0,1146.0,1344.0,1285.0,1558.0,4949.0,4433.0,4173.0,4532.0,3977.0,3355.0,2938.0,1670.0,0.0,1238.0,1073.0
2017-02-13,1933.0,2150.0,3256.0,1482.0,1480.0,1819.0,2137.0,2978.0,2199.0,937.0,2459.0,1360.0,940.0,1691.0,1576.0,763.0,1619.0,1359.0,1267.0,1604.0,1088.0,762.0,1093.0,2333.0,857.0,605.0,1712.0,1249.0,1210.0,850.0,1516.0,610.0,963.0,2405.0,716.0,1208.0,1676.0,1505.0,1429.0,1644.0,1180.0,1212.0,1492.0,4538.0,4335.0,3511.0,4152.0,2887.0,3320.0,2853.0,1655.0,0.0,1227.0,886.0
2017-02-14,2051.0,2137.0,3273.0,1613.0,1838.0,1997.0,2198.0,2915.0,2395.0,1067.0,2633.0,1354.0,1001.0,1606.0,1709.0,1048.0,1654.0,1473.0,1261.0,1540.0,1429.0,860.0,1229.0,2612.0,999.0,835.0,1789.0,1582.0,1375.0,955.0,1905.0,719.0,1072.0,2715.0,695.0,1612.0,1820.0,1623.0,1496.0,1726.0,1360.0,1206.0,1775.0,4229.0,3884.0,3753.0,3884.0,3094.0,3118.0,2791.0,1815.0,0.0,1616.0,1035.0
2017-02-15,1780.0,1813.0,2967.0,1309.0,1291.0,1673.0,1881.0,2768.0,1791.0,724.0,2100.0,1155.0,772.0,1111.0,1410.0,662.0,1301.0,1086.0,969.0,1259.0,1068.0,797.0,1001.0,2124.0,845.0,592.0,1637.0,1116.0,1132.0,697.0,1175.0,598.0,848.0,2108.0,656.0,1140.0,1587.0,1361.0,1194.0,1380.0,1092.0,1016.0,1360.0,3840.0,3410.0,2798.0,3403.0,2299.0,2880.0,2082.0,1648.0,0.0,1053.0,742.0
2017-02-16,1709.0,1702.0,2822.0,1348.0,1117.0,1553.0,1971.0,2649.0,1897.0,772.0,2093.0,1193.0,802.0,1195.0,1174.0,661.0,1448.0,1180.0,860.0,1339.0,889.0,565.0,950.0,2082.0,823.0,436.0,1536.0,1191.0,1127.0,846.0,1148.0,644.0,838.0,2117.0,738.0,1149.0,1465.0,1112.0,1249.0,1238.0,841.0,1027.0,1233.0,3928.0,3182.0,2750.0,3201.0,2355.0,2664.0,1961.0,1468.0,0.0,987.0,662.0
2017-02-17,1719.0,1867.0,3216.0,1454.0,1314.0,1685.0,1934.0,2856.0,1707.0,740.0,2089.0,1183.0,751.0,1162.0,1317.0,705.0,1346.0,1068.0,1057.0,1230.0,981.0,731.0,1016.0,2405.0,896.0,605.0,1660.0,1101.0,1079.0,822.0,1326.0,562.0,854.0,2628.0,616.0,1090.0,1546.0,1347.0,1312.0,1397.0,1101.0,1206.0,1419.0,4309.0,3678.0,3010.0,3680.0,2483.0,3176.0,2279.0,1817.0,0.0,1106.0,760.0
2017-02-18,1378.0,2220.0,3896.0,1733.0,1283.0,2048.0,1863.0,2940.0,2281.0,1051.0,2636.0,1322.0,1065.0,1587.0,1374.0,755.0,1727.0,1251.0,1670.0,1845.0,1295.0,800.0,1085.0,2329.0,973.0,607.0,1833.0,1452.0,1299.0,753.0,1572.0,695.0,1088.0,2618.0,773.0,1218.0,1543.0,1951.0,1808.0,1574.0,1337.0,1425.0,1604.0,5418.0,4451.0,4407.0,4841.0,3884.0,3536.0,3250.0,1783.0,0.0,1303.0,980.0
2017-02-19,458.0,1833.0,3096.0,1504.0,1167.0,1935.0,1546.0,2220.0,1806.0,842.0,2655.0,1130.0,748.0,921.0,1021.0,903.0,1759.0,1068.0,1204.0,1778.0,1581.0,720.0,1014.0,1232.0,667.0,437.0,1695.0,1536.0,1094.0,637.0,1516.0,552.0,692.0,2147.0,753.0,1096.0,1032.0,1742.0,1341.0,1155.0,1066.0,1190.0,1461.0,3986.0,3302.0,3506.0,3816.0,3153.0,2431.0,2627.0,1251.0,0.0,1078.0,849.0
2017-02-20,1645.0,1744.0,2750.0,1360.0,1216.0,1706.0,1835.0,2390.0,1912.0,834.0,2172.0,1155.0,838.0,1358.0,1417.0,736.0,1448.0,1119.0,1127.0,1301.0,1001.0,686.0,912.0,2156.0,761.0,485.0,1606.0,1171.0,1208.0,97.0,1244.0,618.0,923.0,2334.0,621.0,1176.0,1448.0,1265.0,1265.0,1381.0,984.0,956.0,1537.0,3018.0,3349.0,3038.0,3576.0,2454.0,2641.0,2180.0,1467.0,0.0,1006.0,843.0
2017-02-21,1762.0,1764.0,2894.0,1301.0,1077.0,1613.0,1812.0,2465.0,2001.0,882.0,2136.0,1259.0,880.0,1282.0,1443.0,648.0,1538.0,1326.0,1143.0,1311.0,923.0,672.0,1016.0,2106.0,752.0,461.0,1495.0,1256.0,1191.0,1074.0,1320.0,594.0,905.0,2123.0,707.0,1154.0,1433.0,1079.0,1399.0,1351.0,922.0,986.0,1441.0,3371.0,3278.0,2929.0,3247.0,2280.0,2579.0,2182.0,1361.0,0.0,919.0,764.0
2017-02-22,1769.0,1846.0,2841.0,1320.0,1305.0,1696.0,1925.0,2659.0,1746.0,723.0,1944.0,1176.0,786.0,1265.0,1308.0,675.0,1359.0,1070.0,1078.0,1191.0,1028.0,695.0,934.0,2192.0,953.0,484.0,1588.0,1013.0,1081.0,1123.0,1200.0,549.0,843.0,1976.0,599.0,1093.0,1455.0,1341.0,1251.0,1305.0,1040.0,1149.0,1379.0,3834.0,3359.0,2838.0,3399.0,2330.0,2768.0,1976.0,1501.0,0.0,1076.0,754.0
2017-02-23,1733.0,1749.0,2826.0,1334.0,1271.0,1704.0,1957.0,2650.0,1892.0,822.0,2122.0,1208.0,841.0,1362.0,1399.0,798.0,1448.0,1212.0,1075.0,1543.0,1028.0,665.0,989.0,2180.0,944.0,477.0,1495.0,1255.0,1120.0,675.0,1472.0,668.0,846.0,2231.0,759.0,1266.0,1513.0,1446.0,1383.0,1354.0,993.0,1145.0,1471.0,3955.0,3486.0,3015.0,3401.0,2461.0,2693.0,2163.0,1480.0,0.0,1091.0,729.0
2017-02-24,1918.0,1888.0,3307.0,1515.0,1278.0,1824.0,1979.0,3006.0,1931.0,734.0,2073.0,1148.0,837.0,1297.0,1223.0,722.0,1234.0,1088.0,1340.0,1245.0,1038.0,734.0,1167.0,2445.0,1574.0,608.0,1610.0,1134.0,1131.0,670.0,1290.0,627.0,761.0,2703.0,711.0,1263.0,1816.0,1607.0,1611.0,1402.0,1090.0,1321.0,1576.0,4549.0,3937.0,3150.0,3903.0,2723.0,3239.0,2399.0,1784.0,0.0,1215.0,795.0
2017-02-25,1146.0,1810.0,3375.0,1482.0,1449.0,1975.0,1750.0,2679.0,2262.0,927.0,2522.0,1249.0,1054.0,1529.0,1346.0,905.0,1779.0,1154.0,1562.0,1691.0,1379.0,735.0,1224.0,2171.0,3053.0,667.0,1864.0,1545.0,1305.0,687.0,1705.0,805.0,1052.0,2971.0,1192.0,1793.0,1475.0,2081.0,1783.0,1489.0,1425.0,1380.0,1724.0,4619.0,4514.0,4210.0,4477.0,3639.0,3312.0,3036.0,1745.0,0.0,1568.0,984.0
2017-02-26,379.0,1435.0,2789.0,1253.0,1020.0,1530.0,1343.0,1966.0,1740.0,723.0,2278.0,1135.0,814.0,903.0,931.0,834.0,1458.0,899.0,918.0,1579.0,1293.0,720.0,843.0,1357.0,3254.0,510.0,1712.0,1352.0,1093.0,536.0,1132.0,643.0,812.0,2095.0,1231.0,1479.0,855.0,1373.0,1123.0,954.0,1097.0,840.0,1529.0,3877.0,3748.0,3544.0,3745.0,3157.0,2897.0,2379.0,1310.0,0.0,1470.0,973.0
2017-02-27,383.0,1517.0,2558.0,1307.0,892.0,1687.0,1375.0,2062.0,1812.0,647.0,2149.0,1111.0,878.0,837.0,947.0,673.0,1487.0,890.0,1164.0,1451.0,1039.0,672.0,1013.0,1425.0,2742.0,439.0,1869.0,1317.0,1123.0,549.0,1157.0,581.0,655.0,1659.0,1120.0,1391.0,841.0,1261.0,955.0,880.0,1055.0,893.0,1354.0,3961.0,3901.0,3764.0,3824.0,3273.0,2959.0,2539.0,1392.0,0.0,1160.0,746.0
2017-02-28,537.0,1875.0,3154.0,1474.0,931.0,2003.0,1633.0,2503.0,2171.0,865.0,2321.0,1135.0,956.0,1034.0,882.0,763.0,1870.0,1302.0,1202.0,1946.0,1182.0,763.0,870.0,1699.0,1366.0,469.0,1910.0,1514.0,1413.0,622.0,1273.0,676.0,717.0,1773.0,872.0,1097.0,1020.0,1646.0,1458.0,884.0,1171.0,1167.0,1426.0,4589.0,4463.0,4131.0,4312.0,3615.0,3183.0,2651.0,1545.0,0.0,1141.0,729.0
2017-03-01,1873.0,1853.0,3130.0,1424.0,1418.0,1648.0,2023.0,2854.0,2018.0,806.0,2643.0,1270.0,937.0,1452.0,1586.0,682.0,1388.0,1269.0,1292.0,1381.0,1019.0,884.0,1074.0,2203.0,1153.0,646.0,1809.0,1262.0,1277.0,697.0,1414.0,655.0,1037.0,2218.0,799.0,1292.0,1603.0,1598.0,1373.0,1614.0,1152.0,1297.0,1560.0,4146.0,3897.0,3274.0,3959.0,2565.0,3097.0,2580.0,1682.0,0.0,1178.0,838.0
2017-03-02,1792.0,1848.0,3005.0,1339.0,1316.0,1681.0,1953.0,2619.0,2091.0,887.0,2477.0,1252.0,800.0,1480.0,1427.0,708.0,1506.0,1252.0,1214.0,1576.0,1083.0,802.0,1055.0,2113.0,941.0,544.0,1487.0,1235.0,1176.0,811.0,1505.0,654.0,951.0,2182.0,870.0,1360.0,1520.0,1426.0,1409.0,1507.0,1039.0,1138.0,1633.0,3882.0,3482.0,3335.0,3717.0,2808.0,2822.0,2403.0,1428.0,0.0,1004.0,749.0
2017-03-03,1886.0,1976.0,3435.0,1493.0,1481.0,1734.0,2007.0,3044.0,1956.0,868.0,2373.0,1117.0,812.0,1267.0,1448.0,721.0,1319.0,1197.0,1119.0,1366.0,1039.0,742.0,1088.0,2309.0,1253.0,625.0,1649.0,1136.0,1118.0,700.0,1272.0,570.0,827.0,2370.0,551.0,1209.0,1686.0,1483.0,1380.0,1420.0,1094.0,1181.0,1559.0,4483.0,4109.0,3404.0,3997.0,2781.0,3337.0,2609.0,1700.0,0.0,1091.0,820.0
2017-03-04,1336.0,2153.0,3740.0,1622.0,1297.0,2077.0,1892.0,3025.0,2556.0,1091.0,2882.0,1352.0,1192.0,1669.0,1362.0,795.0,1734.0,1367.0,1557.0,2004.0,1372.0,863.0,1087.0,2281.0,1473.0,629.0,1842.0,1443.0,1336.0,763.0,1447.0,752.0,1000.0,2345.0,861.0,1365.0,1688.0,2053.0,1754.0,1418.0,1191.0,1541.0,1600.0,5382.0,4724.0,4476.0,4817.0,3884.0,3718.0,3303.0,1788.0,0.0,1283.0,873.0
2017-03-05,532.0,2283.0,3731.0,1726.0,1230.0,2167.0,1659.0,2723.0,2410.0,995.0,2864.0,1252.0,909.0,1028.0,1151.0,846.0,1897.0,1383.0,1127.0,2378.0,1517.0,779.0,962.0,1694.0,966.0,509.0,1926.0,1564.0,1344.0,650.0,1556.0,615.0,827.0,2027.0,766.0,1293.0,1316.0,1976.0,1664.0,1023.0,1058.0,1497.0,1492.0,5423.0,4698.0,4624.0,4860.0,4361.0,3631.0,3064.0,1671.0,0.0,1321.0,1023.0
2017-03-06,1728.0,1815.0,2947.0,1372.0,1285.0,1652.0,1907.0,2583.0,1984.0,890.0,2444.0,1210.0,892.0,1406.0,1486.0,681.0,1488.0,1310.0,1159.0,1398.0,1063.0,789.0,918.0,1950.0,799.0,367.0,1344.0,969.0,927.0,613.0,1324.0,576.0,944.0,2241.0,749.0,1172.0,1509.0,1298.0,1364.0,1485.0,1065.0,1048.0,1483.0,3882.0,3425.0,3267.0,3694.0,2639.0,2856.0,2314.0,1293.0,0.0,877.0,703.0
2017-03-07,1802.0,1819.0,2872.0,1405.0,1169.0,1680.0,1873.0,2607.0,2190.0,910.0,2324.0,1124.0,857.0,1408.0,1480.0,634.0,1588.0,1473.0,1107.0,1266.0,971.0,774.0,1006.0,2104.0,766.0,497.0,1381.0,1200.0,1174.0,822.0,1324.0,602.0,811.0,2187.0,713.0,1150.0,1551.0,1281.0,1509.0,1502.0,1034.0,986.0,1373.0,3828.0,3319.0,2904.0,3545.0,2451.0,2595.0,2249.0,1437.0,0.0,989.0,692.0
2017-03-08,1914.0,1964.0,3037.0,1389.0,1398.0,1757.0,1886.0,2811.0,1990.0,897.0,2458.0,1189.0,861.0,1265.0,1489.0,669.0,1380.0,1223.0,1085.0,1361.0,1052.0,827.0,1086.0,2429.0,1030.0,703.0,1598.0,1184.0,1095.0,738.0,1321.0,637.0,794.0,2193.0,643.0,1160.0,1570.0,1569.0,1221.0,1405.0,1169.0,1120.0,1421.0,4111.0,3755.0,3336.0,3969.0,2726.0,2993.0,2383.0,1632.0,0.0,1181.0,666.0
2017-03-09,1616.0,1637.0,2620.0,1161.0,1169.0,1522.0,1730.0,2461.0,1798.0,744.0,2217.0,1108.0,793.0,1206.0,1375.0,613.0,1208.0,1218.0,1013.0,1224.0,880.0,764.0,1012.0,2163.0,896.0,502.0,1548.0,1184.0,1162.0,784.0,1286.0,653.0,866.0,2065.0,738.0,1156.0,1355.0,1122.0,1162.0,1326.0,954.0,975.0,1376.0,3560.0,2979.0,2681.0,3275.0,2244.0,2714.0,2044.0,1421.0,0.0,908.0,738.0
2017-03-10,1771.0,1945.0,3215.0,1496.0,1197.0,1791.0,2009.0,2890.0,1742.0,753.0,2135.0,1076.0,781.0,1104.0,1319.0,630.0,1332.0,1214.0,1004.0,1333.0,887.0,711.0,1029.0,2339.0,1250.0,559.0,1641.0,1087.0,1119.0,699.0,1332.0,591.0,836.0,2434.0,672.0,1142.0,1514.0,1397.0,1222.0,1327.0,975.0,1160.0,1376.0,4183.0,3764.0,3242.0,3822.0,2552.0,3224.0,2404.0,1675.0,0.0,1047.0,742.0
2017-03-11,1314.0,1983.0,3618.0,1546.0,1136.0,1948.0,1746.0,3046.0,2194.0,848.0,2522.0,1168.0,1123.0,1536.0,1278.0,708.0,1662.0,1279.0,1673.0,1607.0,1234.0,765.0,1003.0,2206.0,1663.0,502.0,1848.0,1329.0,1260.0,769.0,1254.0,688.0,978.0,2393.0,773.0,1330.0,1619.0,2022.0,1692.0,1457.0,1276.0,1366.0,1412.0,5080.0,4417.0,4414.0,4696.0,3587.0,3467.0,3294.0,1738.0,0.0,1248.0,806.0
2017-03-12,536.0,1921.0,3604.0,1636.0,1068.0,2134.0,1759.0,2814.0,2275.0,914.0,2663.0,1164.0,948.0,983.0,997.0,808.0,1914.0,1361.0,1076.0,2191.0,1419.0,790.0,971.0,1744.0,1072.0,548.0,2065.0,1653.0,1376.0,634.0,1515.0,595.0,914.0,1953.0,657.0,1178.0,1211.0,1823.0,1633.0,1200.0,1267.0,1347.0,1493.0,5304.0,4588.0,4626.0,4665.0,4157.0,3625.0,3061.0,1665.0,0.0,1302.0,1025.0
2017-03-13,1744.0,1744.0,2795.0,1306.0,1258.0,1622.0,1840.0,2506.0,1957.0,826.0,2161.0,1150.0,902.0,1227.0,1336.0,654.0,1392.0,1237.0,1086.0,1305.0,967.0,735.0,976.0,1932.0,890.0,458.0,1446.0,1121.0,1059.0,651.0,1156.0,607.0,903.0,2193.0,690.0,1183.0,1359.0,1332.0,1198.0,1447.0,953.0,1028.0,1434.0,3813.0,3346.0,2931.0,3516.0,2424.0,2759.0,2165.0,1430.0,0.0,1023.0,714.0
2017-03-14,1762.0,1675.0,2662.0,1192.0,1101.0,1435.0,1768.0,2567.0,1898.0,815.0,2146.0,1099.0,824.0,1204.0,1429.0,611.0,1504.0,1410.0,951.0,1265.0,915.0,716.0,930.0,2019.0,853.0,500.0,1441.0,1298.0,1243.0,723.0,1264.0,638.0,749.0,2185.0,703.0,1273.0,1405.0,1241.0,1363.0,1495.0,1006.0,981.0,1342.0,3598.0,3038.0,2776.0,3219.0,2193.0,2615.0,2188.0,1315.0,0.0,958.0,699.0
2017-03-15,1879.0,1928.0,3080.0,1425.0,1353.0,1735.0,1975.0,2728.0,1975.0,819.0,2226.0,1129.0,763.0,1245.0,1356.0,695.0,1330.0,1276.0,1137.0,1306.0,1070.0,711.0,1028.0,2238.0,915.0,662.0,1652.0,1218.0,1113.0,797.0,1311.0,588.0,896.0,2118.0,707.0,1137.0,1517.0,1417.0,1251.0,1331.0,1121.0,1079.0,1368.0,4223.0,3479.0,3196.0,3674.0,2431.0,3053.0,2230.0,1686.0,0.0,1197.0,800.0
2017-03-16,1678.0,1689.0,2653.0,1298.0,1154.0,1555.0,1702.0,2506.0,1896.0,753.0,2135.0,1070.0,777.0,1067.0,1280.0,664.0,1329.0,1242.0,980.0,1293.0,968.0,712.0,989.0,2096.0,866.0,649.0,1539.0,1253.0,1156.0,743.0,1394.0,687.0,865.0,2165.0,791.0,1232.0,1427.0,1348.0,1186.0,1358.0,1160.0,1007.0,1290.0,3609.0,3215.0,2891.0,3311.0,2406.0,2776.0,2123.0,1428.0,0.0,1056.0,613.0
2017-03-17,1965.0,1950.0,3345.0,1415.0,1398.0,1764.0,2075.0,2934.0,1912.0,786.0,2233.0,1084.0,697.0,1175.0,1363.0,689.0,1315.0,1211.0,1011.0,1348.0,950.0,677.0,1051.0,2364.0,1383.0,719.0,1553.0,1173.0,1084.0,783.0,1276.0,631.0,807.0,2522.0,726.0,1138.0,1641.0,1460.0,1248.0,1281.0,1120.0,1162.0,1312.0,4613.0,3925.0,3226.0,3764.0,2660.0,3367.0,2498.0,1636.0,0.0,1096.0,787.0
2017-03-18,1306.0,1926.0,3584.0,1570.0,1289.0,1953.0,1820.0,2836.0,2165.0,984.0,2557.0,1221.0,1034.0,1445.0,1220.0,748.0,1705.0,1321.0,1560.0,1740.0,1229.0,708.0,1008.0,2348.0,1887.0,669.0,1928.0,1435.0,1327.0,723.0,1533.0,735.0,996.0,2498.0,817.0,1318.0,1550.0,1947.0,1619.0,1395.0,1275.0,1452.0,1604.0,5232.0,4396.0,4455.0,4683.0,3697.0,3518.0,3193.0,1640.0,0.0,1327.0,968.0
2017-03-19,581.0,2166.0,3875.0,1753.0,1171.0,2211.0,1608.0,2628.0,2225.0,884.0,2622.0,1255.0,914.0,936.0,1084.0,834.0,1754.0,1392.0,1121.0,2147.0,1381.0,882.0,929.0,1716.0,1206.0,560.0,2010.0,1559.0,1379.0,669.0,1471.0,735.0,809.0,2151.0,766.0,1127.0,1103.0,1857.0,1584.0,1102.0,1423.0,1348.0,1543.0,5464.0,4733.0,4678.0,4653.0,4115.0,3603.0,3093.0,1637.0,0.0,1314.0,977.0
2017-03-20,1791.0,1898.0,3024.0,1378.0,1409.0,1729.0,1865.0,2581.0,2015.0,852.0,2281.0,1184.0,833.0,1392.0,1445.0,696.0,1523.0,1297.0,1140.0,1427.0,990.0,841.0,926.0,2249.0,958.0,628.0,1652.0,1132.0,1164.0,742.0,1355.0,604.0,908.0,2320.0,783.0,1124.0,1489.0,1333.0,1349.0,1536.0,1023.0,1033.0,1476.0,3949.0,3697.0,3239.0,3712.0,2570.0,2821.0,2303.0,1520.0,0.0,1029.0,790.0
2017-03-21,1719.0,1781.0,2812.0,1313.0,1330.0,1559.0,1872.0,2591.0,2055.0,911.0,2210.0,1136.0,837.0,1241.0,1445.0,669.0,1507.0,1419.0,1070.0,1400.0,1070.0,772.0,990.0,1973.0,887.0,593.0,1498.0,1307.0,1270.0,812.0,1435.0,632.0,998.0,2234.0,723.0,1303.0,1344.0,1320.0,1198.0,1525.0,983.0,936.0,1396.0,3795.0,3207.0,2938.0,3310.0,2336.0,2600.0,2267.0,1436.0,0.0,1016.0,735.0
2017-03-22,1739.0,1780.0,2800.0,1288.0,1291.0,1571.0,1835.0,2614.0,1704.0,738.0,2127.0,1105.0,732.0,1172.0,1347.0,645.0,1423.0,1182.0,996.0,1179.0,986.0,762.0,1021.0,2236.0,1027.0,560.0,1600.0,1090.0,1076.0,738.0,1130.0,592.0,782.0,2050.0,617.0,1135.0,1627.0,1341.0,1156.0,1136.0,1063.0,1114.0,1256.0,3962.0,3413.0,2975.0,3583.0,2273.0,2909.0,2299.0,1546.0,0.0,1099.0,718.0
2017-03-23,1799.0,1828.0,2875.0,1399.0,1194.0,1655.0,1889.0,2482.0,1843.0,745.0,2096.0,1200.0,800.0,1255.0,1350.0,647.0,1363.0,1251.0,950.0,1341.0,849.0,702.0,1017.0,1979.0,955.0,574.0,1551.0,1068.0,1092.0,783.0,1208.0,718.0,806.0,2110.0,634.0,1155.0,1390.0,1232.0,1240.0,1193.0,867.0,1034.0,1211.0,3714.0,3040.0,2832.0,3107.0,2389.0,2438.0,2153.0,1346.0,0.0,1030.0,610.0
2017-03-24,1858.0,1872.0,3133.0,1442.0,1278.0,1738.0,1901.0,2856.0,1663.0,699.0,2089.0,1064.0,760.0,1087.0,1210.0,644.0,1188.0,1154.0,978.0,1125.0,1036.0,672.0,983.0,2203.0,1257.0,599.0,1646.0,1122.0,1097.0,742.0,1220.0,640.0,827.0,2294.0,718.0,1056.0,1633.0,1331.0,1126.0,1300.0,1026.0,1125.0,1414.0,4212.0,3584.0,3102.0,3778.0,2610.0,3248.0,2345.0,1691.0,0.0,1172.0,766.0
2017-03-25,1320.0,2027.0,3639.0,1636.0,1277.0,2007.0,1901.0,3007.0,2194.0,993.0,2474.0,1259.0,1115.0,1489.0,1222.0,816.0,1731.0,1356.0,1557.0,1730.0,1317.0,789.0,1008.0,2110.0,1780.0,724.0,1879.0,1375.0,1318.0,717.0,1432.0,736.0,998.0,2409.0,849.0,1272.0,1494.0,1902.0,1660.0,1504.0,1243.0,1386.0,1573.0,5398.0,4534.0,4570.0,4296.0,3641.0,3402.0,3262.0,1644.0,0.0,1434.0,829.0
2017-03-26,512.0,1807.0,3455.0,1601.0,1024.0,2134.0,1630.0,2723.0,2129.0,889.0,2546.0,1252.0,922.0,1008.0,1030.0,774.0,1810.0,1339.0,1074.0,2065.0,1371.0,791.0,955.0,1626.0,1139.0,568.0,1773.0,1409.0,1278.0,728.0,1371.0,625.0,872.0,1867.0,688.0,1133.0,1234.0,1824.0,1602.0,1091.0,1291.0,1426.0,1526.0,4917.0,4536.0,4461.0,4552.0,3946.0,3472.0,3053.0,1595.0,0.0,1246.0,970.0
2017-03-27,1765.0,1779.0,2909.0,1300.0,1180.0,1673.0,1852.0,2493.0,1867.0,826.0,2166.0,1214.0,837.0,1252.0,1401.0,728.0,1408.0,1331.0,1064.0,1318.0,1016.0,668.0,946.0,1943.0,920.0,468.0,1558.0,1178.0,1176.0,769.0,1267.0,610.0,864.0,2099.0,708.0,1140.0,1471.0,1333.0,1278.0,1475.0,1026.0,1006.0,1420.0,3890.0,3250.0,2897.0,3437.0,2437.0,2798.0,2239.0,1437.0,0.0,996.0,789.0
2017-03-28,1755.0,1757.0,2761.0,1441.0,1164.0,1598.0,1816.0,2417.0,1799.0,772.0,2035.0,1210.0,819.0,1300.0,1324.0,657.0,1432.0,1377.0,1066.0,1245.0,930.0,700.0,1018.0,1933.0,836.0,461.0,1671.0,1235.0,1207.0,819.0,1311.0,673.0,956.0,2015.0,689.0,1235.0,1387.0,1207.0,1351.0,1439.0,979.0,1001.0,1311.0,3104.0,2988.0,2685.0,2977.0,2248.0,2410.0,2111.0,1380.0,0.0,931.0,723.0
2017-03-29,1852.0,1887.0,3050.0,1387.0,1285.0,1725.0,1980.0,2696.0,1726.0,767.0,1971.0,1172.0,819.0,1194.0,1378.0,714.0,1436.0,1240.0,1010.0,1307.0,828.0,773.0,1006.0,2150.0,999.0,531.0,1673.0,1154.0,1100.0,710.0,1284.0,608.0,845.0,2007.0,640.0,1073.0,1461.0,1449.0,1150.0,1271.0,1122.0,1064.0,1348.0,4312.0,3448.0,2962.0,3473.0,2461.0,2873.0,2114.0,1629.0,0.0,1084.0,720.0
2017-03-30,1698.0,1685.0,2731.0,1255.0,1106.0,1480.0,1853.0,2468.0,1810.0,795.0,1944.0,1090.0,799.0,1250.0,1238.0,597.0,1340.0,1220.0,1023.0,1407.0,963.0,728.0,945.0,1865.0,829.0,411.0,1441.0,1072.0,841.0,727.0,1176.0,522.0,835.0,1985.0,668.0,1073.0,1427.0,1265.0,1164.0,1076.0,772.0,973.0,1393.0,3646.0,3015.0,2692.0,3191.0,2314.0,2631.0,2071.0,1246.0,0.0,969.0,589.0
2017-03-31,1707.0,1780.0,3282.0,1396.0,1312.0,1719.0,2014.0,2965.0,1789.0,711.0,2153.0,1049.0,812.0,1112.0,1270.0,672.0,1306.0,1195.0,1033.0,1291.0,1016.0,744.0,1009.0,2336.0,1055.0,631.0,1710.0,1208.0,1157.0,712.0,1504.0,713.0,920.0,2460.0,690.0,1111.0,1503.0,1480.0,1229.0,1379.0,1228.0,1108.0,1550.0,4428.0,3967.0,3295.0,3870.0,2719.0,3525.0,2521.0,1794.0,0.0,1131.0,763.0
2017-04-01,1477.0,2345.0,4219.0,1748.0,1401.0,2262.0,1889.0,3177.0,2686.0,1156.0,3298.0,1388.0,1183.0,1725.0,1531.0,767.0,1921.0,1577.0,1924.0,2293.0,1434.0,973.0,1262.0,2480.0,942.0,669.0,1938.0,1629.0,1399.0,635.0,1793.0,755.0,1171.0,2857.0,883.0,1362.0,1718.0,2271.0,1929.0,1536.0,1461.0,1667.0,1809.0,5827.0,5153.0,5244.0,5247.0,4541.0,4172.0,3868.0,2067.0,0.0,1439.0,985.0
2017-04-02,557.0,2076.0,3515.0,1659.0,1244.0,2151.0,1595.0,2522.0,2245.0,1039.0,3156.0,1355.0,905.0,1184.0,1213.0,993.0,2086.0,1312.0,1338.0,2376.0,1772.0,913.0,1049.0,1166.0,708.0,511.0,1897.0,1699.0,1192.0,427.0,1729.0,636.0,904.0,2497.0,829.0,1176.0,1155.0,2033.0,1519.0,1206.0,1400.0,1430.0,1646.0,3857.0,4020.0,4533.0,4483.0,4122.0,2919.0,3105.0,1506.0,0.0,1186.0,950.0
2017-04-03,1759.0,1812.0,3035.0,1411.0,1256.0,1702.0,1819.0,2643.0,2256.0,841.0,2468.0,1250.0,942.0,1479.0,1438.0,702.0,1637.0,1342.0,1189.0,1510.0,1070.0,846.0,939.0,1887.0,756.0,483.0,1346.0,1057.0,1034.0,352.0,1441.0,638.0,1006.0,2352.0,684.0,1142.0,1402.0,1445.0,1435.0,1409.0,1107.0,1035.0,1670.0,3403.0,292.0,3428.0,3783.0,2765.0,2830.0,2470.0,1376.0,0.0,1071.0,849.0
2017-04-04,1747.0,1775.0,2989.0,1373.0,1236.0,1603.0,1731.0,2052.0,2151.0,974.0,2548.0,1185.0,893.0,1394.0,1520.0,742.0,1534.0,1559.0,1172.0,1552.0,1091.0,836.0,970.0,2148.0,845.0,594.0,1651.0,1493.0,1411.0,458.0,1438.0,682.0,1032.0,2373.0,782.0,1351.0,1432.0,1299.0,1482.0,1449.0,1101.0,950.0,1542.0,3144.0,3687.0,3085.0,3695.0,2580.0,2753.0,2510.0,1441.0,0.0,1047.0,790.0
2017-04-05,1930.0,1938.0,3363.0,1489.0,1173.0,1760.0,1978.0,2789.0,1920.0,829.0,2355.0,1171.0,816.0,1251.0,1497.0,584.0,1433.0,1329.0,1140.0,1557.0,882.0,761.0,994.0,2287.0,978.0,559.0,1654.0,1163.0,1136.0,452.0,1220.0,580.0,884.0,2226.0,628.0,1116.0,1654.0,1499.0,1245.0,1289.0,1112.0,1086.0,1399.0,3611.0,3762.0,3295.0,3915.0,2626.0,3163.0,2324.0,1643.0,0.0,1102.0,708.0
2017-04-06,1779.0,1818.0,2961.0,1363.0,1162.0,1664.0,1931.0,2616.0,2039.0,880.0,2373.0,1133.0,841.0,1226.0,1290.0,710.0,1420.0,1325.0,1051.0,1502.0,986.0,798.0,938.0,2025.0,907.0,445.0,1467.0,1219.0,1109.0,475.0,1329.0,755.0,856.0,2171.0,709.0,1232.0,1472.0,1231.0,1278.0,1315.0,982.0,966.0,1399.0,3480.0,3349.0,2896.0,3283.0,2522.0,2914.0,2178.0,1350.0,0.0,964.0,691.0
2017-04-07,1846.0,1917.0,3461.0,1444.0,1202.0,1725.0,2113.0,2824.0,1908.0,741.0,2274.0,1169.0,866.0,1182.0,1402.0,680.0,1374.0,1230.0,1013.0,1274.0,944.0,768.0,993.0,2266.0,1309.0,560.0,1588.0,1138.0,1109.0,485.0,1334.0,676.0,879.0,2300.0,655.0,1165.0,1558.0,1432.0,1319.0,1307.0,1098.0,1071.0,1355.0,4030.0,3918.0,3207.0,3846.0,2573.0,3282.0,2468.0,1613.0,0.0,1145.0,745.0
2017-04-08,1311.0,1984.0,3713.0,1529.0,1262.0,1982.0,1784.0,3020.0,2268.0,960.0,2592.0,1243.0,1104.0,1569.0,1272.0,739.0,1644.0,1362.0,1516.0,1780.0,1198.0,875.0,1011.0,2044.0,1860.0,469.0,1765.0,1293.0,1257.0,398.0,1350.0,705.0,955.0,2310.0,765.0,1215.0,1504.0,1993.0,1791.0,1301.0,1179.0,1458.0,1423.0,4921.0,4652.0,4602.0,4750.0,3729.0,3672.0,3359.0,1604.0,0.0,1144.0,847.0
2017-04-09,530.0,1965.0,3727.0,1634.0,1049.0,2090.0,1555.0,2871.0,2251.0,862.0,2705.0,1207.0,895.0,1038.0,1066.0,765.0,1793.0,1455.0,1139.0,2049.0,1343.0,783.0,904.0,1595.0,1068.0,497.0,1821.0,1497.0,1294.0,499.0,1363.0,568.0,837.0,1932.0,657.0,1062.0,1213.0,2002.0,1622.0,1083.0,1284.0,1409.0,1511.0,5517.0,4600.0,4758.0,4681.0,4203.0,3485.0,3167.0,1549.0,0.0,1194.0,973.0
2017-04-10,1596.0,1740.0,2861.0,1331.0,1252.0,1647.0,1684.0,2537.0,2061.0,857.0,2325.0,1205.0,902.0,1326.0,1510.0,701.0,1487.0,1263.0,1066.0,1477.0,949.0,837.0,983.0,2077.0,951.0,474.0,1504.0,1059.0,1162.0,553.0,1222.0,569.0,860.0,2201.0,682.0,1195.0,1397.0,1370.0,1242.0,1412.0,1050.0,1032.0,1379.0,3424.0,3633.0,3154.0,3646.0,2545.0,2912.0,2318.0,1487.0,0.0,963.0,798.0
2017-04-11,1753.0,1874.0,3005.0,1370.0,1148.0,1746.0,1695.0,2680.0,2048.0,915.0,2322.0,1236.0,900.0,1462.0,1497.0,666.0,1633.0,1538.0,1134.0,1603.0,938.0,866.0,1098.0,1998.0,904.0,435.0,1483.0,1298.0,1290.0,616.0,1362.0,793.0,973.0,2182.0,680.0,1228.0,1468.0,1375.0,1319.0,1435.0,980.0,994.0,1345.0,3738.0,3571.0,3112.0,3714.0,2484.0,2653.0,2440.0,1420.0,0.0,959.0,729.0
2017-04-12,1867.0,1818.0,3047.0,1415.0,1269.0,1661.0,1712.0,2755.0,1763.0,853.0,2220.0,1259.0,872.0,1426.0,1431.0,681.0,1371.0,1189.0,1124.0,1409.0,869.0,768.0,1145.0,2136.0,1156.0,550.0,1584.0,1068.0,1068.0,528.0,1231.0,763.0,913.0,2159.0,645.0,1212.0,1599.0,1489.0,1296.0,1336.0,1144.0,1147.0,1361.0,3827.0,3555.0,3151.0,3684.0,2516.0,3062.0,2457.0,1591.0,0.0,1134.0,766.0
2017-04-13,1905.0,1883.0,3409.0,1568.0,1360.0,1964.0,1845.0,2945.0,2232.0,916.0,2324.0,1179.0,979.0,1444.0,1399.0,784.0,1556.0,1393.0,1302.0,1647.0,1054.0,756.0,1201.0,2043.0,1539.0,554.0,1529.0,1171.0,1078.0,695.0,1350.0,625.0,922.0,2531.0,709.0,1264.0,1332.0,1588.0,1334.0,1343.0,985.0,1220.0,1488.0,4423.0,3875.0,3726.0,4128.0,2871.0,3111.0,2828.0,1480.0,0.0,1139.0,826.0
2017-04-14,494.0,1688.0,3243.0,1415.0,1165.0,1896.0,1519.0,2308.0,1912.0,788.0,2280.0,1184.0,1002.0,1130.0,1037.0,881.0,1653.0,921.0,1165.0,1714.0,1213.0,848.0,892.0,1649.0,2529.0,500.0,1873.0,1281.0,1198.0,625.0,1390.0,588.0,768.0,2126.0,995.0,1270.0,1173.0,1483.0,1116.0,926.0,1097.0,1104.0,1383.0,4357.0,3882.0,3930.0,4094.0,3255.0,2989.0,2905.0,1557.0,0.0,1292.0,834.0
2017-04-15,1116.0,1775.0,3497.0,1420.0,1157.0,1928.0,1738.0,2531.0,2155.0,1008.0,2666.0,1360.0,1203.0,1412.0,1301.0,722.0,1691.0,1125.0,1631.0,1809.0,1144.0,831.0,1004.0,1929.0,2231.0,524.0,1870.0,1368.0,1276.0,648.0,1432.0,659.0,936.0,2098.0,1033.0,1304.0,1517.0,2061.0,1559.0,1312.0,1201.0,1324.0,1517.0,4619.0,4712.0,4538.0,4584.0,3912.0,3539.0,3514.0,1525.0,0.0,1301.0,898.0
2017-04-16,483.0,1791.0,3469.0,1370.0,1020.0,1990.0,1521.0,2552.0,2176.0,879.0,2570.0,1364.0,952.0,1005.0,990.0,744.0,1693.0,1211.0,1066.0,2051.0,1424.0,805.0,887.0,1456.0,1053.0,502.0,1984.0,1472.0,1264.0,577.0,1362.0,592.0,804.0,1971.0,687.0,1148.0,1032.0,1845.0,1415.0,1061.0,1223.0,1299.0,1394.0,4925.0,4567.0,4387.0,4413.0,3913.0,3458.0,3045.0,1566.0,0.0,1260.0,976.0
2017-04-17,1750.0,1743.0,2964.0,1248.0,1250.0,1607.0,1825.0,2736.0,1975.0,875.0,2236.0,1230.0,927.0,1501.0,1420.0,632.0,1366.0,1276.0,1205.0,1357.0,950.0,819.0,1068.0,2112.0,820.0,548.0,1571.0,1166.0,1168.0,707.0,1261.0,558.0,904.0,2260.0,715.0,1208.0,1513.0,1319.0,1336.0,1502.0,1048.0,1146.0,1444.0,3775.0,3483.0,2943.0,3502.0,2483.0,2947.0,2401.0,1528.0,0.0,991.0,724.0
2017-04-18,1652.0,1722.0,2779.0,1212.0,1241.0,1501.0,1814.0,2538.0,1980.0,887.0,2261.0,1192.0,808.0,1306.0,1390.0,714.0,1462.0,1411.0,1187.0,1312.0,1068.0,740.0,988.0,2040.0,746.0,432.0,1432.0,1206.0,1182.0,734.0,1358.0,623.0,1006.0,2229.0,699.0,1268.0,1423.0,1239.0,1274.0,1486.0,947.0,974.0,1343.0,3550.0,3236.0,2770.0,3375.0,2355.0,2665.0,2322.0,1404.0,0.0,1079.0,772.0
2017-04-19,1802.0,1803.0,2973.0,1339.0,1110.0,1660.0,1885.0,2788.0,1804.0,798.0,1986.0,1095.0,785.0,1198.0,1354.0,636.0,1367.0,1306.0,981.0,1284.0,902.0,793.0,963.0,1825.0,886.0,416.0,1394.0,928.0,851.0,551.0,1063.0,475.0,660.0,1805.0,609.0,1065.0,1637.0,1357.0,1232.0,1049.0,934.0,1076.0,1207.0,4174.0,3441.0,3182.0,3592.0,2421.0,3045.0,2187.0,1525.0,0.0,1155.0,645.0
2017-04-20,1579.0,1715.0,2808.0,1159.0,1124.0,1547.0,1700.0,2475.0,1929.0,834.0,2056.0,1141.0,809.0,1203.0,1428.0,648.0,1385.0,1226.0,1083.0,1533.0,919.0,742.0,873.0,2189.0,817.0,475.0,1551.0,1096.0,1118.0,775.0,1363.0,706.0,856.0,2135.0,699.0,1124.0,1357.0,1340.0,1152.0,1385.0,1045.0,925.0,1301.0,3387.0,3255.0,3078.0,3476.0,2509.0,2750.0,2051.0,1409.0,4068.0,948.0,649.0
2017-04-21,1958.0,1950.0,3439.0,1461.0,1195.0,1744.0,2095.0,3024.0,1873.0,778.0,2155.0,1147.0,853.0,1102.0,1462.0,671.0,1341.0,1266.0,1159.0,1398.0,990.0,768.0,1098.0,2362.0,1103.0,560.0,1601.0,1118.0,1107.0,718.0,1301.0,645.0,830.0,2355.0,673.0,1134.0,1510.0,1490.0,1188.0,1361.0,971.0,1083.0,1373.0,4530.0,3934.0,3353.0,3836.0,2686.0,3175.0,2413.0,1726.0,3151.0,1112.0,729.0
2017-04-22,1338.0,2006.0,3718.0,1531.0,1207.0,1924.0,1949.0,2995.0,2249.0,1026.0,2537.0,1237.0,1138.0,1298.0,1356.0,770.0,1627.0,1323.0,1575.0,1765.0,1265.0,800.0,1017.0,2156.0,1278.0,546.0,1730.0,1405.0,1250.0,735.0,1228.0,665.0,940.0,2437.0,743.0,1177.0,1633.0,1983.0,1692.0,1348.0,1181.0,1415.0,1477.0,5074.0,4600.0,4346.0,4411.0,3532.0,3507.0,3136.0,1760.0,4046.0,1215.0,828.0
2017-04-23,518.0,1968.0,3648.0,1667.0,1107.0,2114.0,1730.0,2864.0,2247.0,922.0,2603.0,1293.0,950.0,1019.0,1125.0,783.0,1837.0,1445.0,1038.0,2102.0,1449.0,821.0,1041.0,1733.0,911.0,543.0,1967.0,1609.0,1324.0,649.0,1549.0,598.0,970.0,2156.0,759.0,1037.0,1287.0,1997.0,1569.0,1124.0,1300.0,1445.0,1581.0,5305.0,4676.0,4768.0,4842.0,4088.0,3628.0,3251.0,1892.0,4209.0,1210.0,918.0
2017-04-24,1632.0,1737.0,2754.0,1148.0,1208.0,1461.0,1779.0,2520.0,1867.0,845.0,2105.0,1203.0,860.0,1402.0,1463.0,611.0,1466.0,1206.0,998.0,1310.0,934.0,750.0,888.0,1994.0,761.0,474.0,1448.0,1048.0,1032.0,673.0,1304.0,517.0,893.0,2283.0,697.0,1051.0,1474.0,1326.0,1289.0,1415.0,1200.0,1014.0,1414.0,3429.0,3347.0,3011.0,3249.0,2421.0,2763.0,2304.0,1433.0,2682.0,1003.0,805.0
2017-04-25,1732.0,1847.0,2893.0,1261.0,1056.0,1588.0,1893.0,2512.0,1906.0,877.0,2138.0,1104.0,789.0,1404.0,1374.0,642.0,1409.0,1440.0,1129.0,1353.0,913.0,725.0,948.0,2014.0,683.0,472.0,1486.0,1309.0,1244.0,726.0,1300.0,623.0,892.0,2106.0,684.0,1211.0,1399.0,1189.0,1336.0,1435.0,1007.0,991.0,1280.0,3767.0,3157.0,2863.0,3317.0,2313.0,2652.0,2253.0,1508.0,2300.0,990.0,753.0
2017-04-26,1862.0,1858.0,3005.0,1381.0,1202.0,1716.0,1999.0,2808.0,1780.0,725.0,1956.0,1117.0,799.0,1170.0,1388.0,816.0,1343.0,1285.0,997.0,1289.0,960.0,771.0,939.0,2349.0,868.0,555.0,1703.0,1116.0,1171.0,715.0,1217.0,580.0,775.0,2095.0,690.0,1081.0,1520.0,1395.0,1223.0,1374.0,1103.0,1077.0,1355.0,4307.0,3496.0,2945.0,3476.0,2337.0,2887.0,2062.0,1776.0,2513.0,1068.0,714.0
2017-04-27,1744.0,1809.0,2742.0,1215.0,1071.0,1580.0,1750.0,2466.0,1825.0,839.0,2001.0,1167.0,791.0,1290.0,1352.0,686.0,1276.0,1241.0,928.0,1457.0,926.0,719.0,935.0,2052.0,744.0,452.0,1468.0,1128.0,1059.0,734.0,1317.0,545.0,806.0,2052.0,650.0,1108.0,1359.0,1215.0,1226.0,1222.0,967.0,1049.0,1274.0,3756.0,3085.0,2679.0,3234.0,2308.0,2451.0,2037.0,1405.0,2198.0,926.0,655.0
2017-04-28,1903.0,1838.0,3298.0,1376.0,1264.0,1710.0,2043.0,2982.0,1807.0,706.0,2048.0,1168.0,809.0,1238.0,1351.0,658.0,1280.0,1175.0,1061.0,1400.0,947.0,746.0,967.0,2329.0,1150.0,601.0,1545.0,1122.0,971.0,706.0,1290.0,544.0,766.0,2499.0,599.0,1058.0,1580.0,1479.0,1269.0,1292.0,1081.0,1110.0,1405.0,4391.0,3761.0,3122.0,3805.0,2599.0,3139.0,2422.0,1665.0,2554.0,1093.0,752.0
2017-04-29,1278.0,2030.0,3565.0,1442.0,1311.0,1983.0,1917.0,2870.0,2297.0,1115.0,2598.0,1314.0,1166.0,1598.0,1401.0,763.0,1660.0,1266.0,1678.0,1794.0,1348.0,961.0,1053.0,2258.0,1949.0,599.0,1929.0,1436.0,1307.0,675.0,1460.0,663.0,932.0,2793.0,829.0,1337.0,1718.0,2161.0,1662.0,1475.0,1229.0,1389.0,1617.0,5032.0,4567.0,4438.0,4701.0,3778.0,3635.0,3357.0,1732.0,3587.0,1350.0,867.0
2017-04-30,498.0,1721.0,3304.0,1376.0,1202.0,1925.0,1629.0,2499.0,1962.0,821.0,2700.0,1171.0,832.0,1013.0,1040.0,817.0,1623.0,1164.0,1100.0,1870.0,1406.0,812.0,870.0,1687.0,1768.0,569.0,1889.0,1477.0,1273.0,617.0,1652.0,656.0,985.0,2184.0,856.0,1194.0,1045.0,1957.0,1438.0,1294.0,1434.0,1261.0,1460.0,4939.0,4467.0,4683.0,4412.0,3969.0,3432.0,3126.0,1576.0,3619.0,1207.0,1033.0
2017-05-01,481.0,2071.0,3630.0,1615.0,1218.0,2210.0,1751.0,2814.0,2481.0,903.0,2806.0,1361.0,1056.0,1353.0,1210.0,798.0,1942.0,1310.0,1174.0,2263.0,1418.0,954.0,1038.0,1836.0,1102.0,679.0,2020.0,1803.0,1518.0,675.0,1567.0,664.0,1026.0,2301.0,863.0,1296.0,1350.0,1973.0,1559.0,1331.0,1460.0,1363.0,1683.0,5394.0,5012.0,5199.0,5110.0,4494.0,3768.0,3609.0,1998.0,3627.0,1363.0,940.0
2017-05-02,1757.0,1873.0,3010.0,1320.0,1336.0,1764.0,1887.0,2680.0,2099.0,1022.0,2428.0,1205.0,880.0,1458.0,1536.0,755.0,1554.0,1545.0,1175.0,1451.0,1159.0,889.0,978.0,2026.0,729.0,572.0,1473.0,1246.0,1277.0,781.0,1439.0,610.0,1032.0,2240.0,766.0,1308.0,1527.0,1409.0,1468.0,1611.0,1096.0,1104.0,1529.0,3968.0,3587.0,3170.0,3643.0,2653.0,2922.0,2333.0,1454.0,2003.0,1057.0,874.0
2017-05-03,1803.0,1871.0,3235.0,1358.0,1346.0,1685.0,2095.0,2885.0,2046.0,896.0,2486.0,1179.0,838.0,1311.0,1558.0,685.0,1430.0,1277.0,1174.0,1420.0,979.0,823.0,1068.0,2263.0,832.0,588.0,1673.0,1229.0,1182.0,676.0,1312.0,705.0,918.0,2155.0,668.0,1116.0,1613.0,1513.0,1342.0,1455.0,1223.0,1159.0,1458.0,4363.0,3628.0,3370.0,3844.0,2760.0,3095.0,2285.0,1726.0,2250.0,1100.0,764.0
2017-05-04,1729.0,1762.0,2927.0,1295.0,1119.0,1522.0,1751.0,2646.0,1989.0,815.0,2374.0,1166.0,811.0,1257.0,1418.0,661.0,1329.0,1292.0,950.0,1494.0,963.0,760.0,970.0,2053.0,680.0,495.0,1430.0,1159.0,1113.0,701.0,1259.0,694.0,862.0,2018.0,723.0,1115.0,1468.0,1319.0,1236.0,1314.0,947.0,1012.0,1296.0,3687.0,3259.0,3037.0,3487.0,2603.0,2809.0,2217.0,1415.0,1910.0,954.0,685.0
2017-05-05,1752.0,1880.0,3207.0,1368.0,1215.0,1593.0,1958.0,2814.0,1894.0,684.0,2392.0,1095.0,709.0,1189.0,1322.0,665.0,1180.0,1101.0,938.0,1310.0,924.0,640.0,1044.0,2332.0,881.0,512.0,1361.0,936.0,1006.0,695.0,1199.0,604.0,810.0,2242.0,623.0,1018.0,1510.0,1415.0,1279.0,1272.0,1079.0,1105.0,1357.0,4286.0,3879.0,3269.0,3898.0,2641.0,3246.0,2475.0,1649.0,2157.0,1035.0,688.0
2017-05-06,1351.0,2139.0,3705.0,1594.0,1299.0,2047.0,1904.0,3024.0,2342.0,1107.0,2745.0,1340.0,1243.0,1624.0,1392.0,769.0,1744.0,1363.0,1665.0,1845.0,1331.0,866.0,992.0,2349.0,1042.0,596.0,1885.0,1475.0,1468.0,771.0,1486.0,635.0,1027.0,2375.0,671.0,1199.0,1518.0,1947.0,1716.0,1547.0,1350.0,1400.0,1536.0,5233.0,4704.0,4527.0,4694.0,3776.0,3598.0,3350.0,1807.0,2978.0,1272.0,840.0
2017-05-07,523.0,2000.0,3707.0,1538.0,1229.0,2138.0,1657.0,2818.0,2284.0,927.0,2938.0,1317.0,944.0,1017.0,1131.0,871.0,1801.0,1376.0,1113.0,2136.0,1510.0,839.0,1011.0,1924.0,836.0,614.0,2053.0,1745.0,1649.0,709.0,1611.0,695.0,1081.0,2178.0,790.0,1280.0,1295.0,2016.0,1657.0,1377.0,1451.0,1455.0,1699.0,5245.0,4656.0,4886.0,4862.0,4251.0,3606.0,3252.0,1967.0,3034.0,1431.0,1080.0
2017-05-08,1740.0,1772.0,3045.0,1205.0,1241.0,1654.0,1852.0,2580.0,2032.0,917.0,2377.0,1167.0,824.0,1368.0,1474.0,705.0,1447.0,1248.0,1143.0,1521.0,933.0,770.0,940.0,2143.0,714.0,564.0,1458.0,1125.0,1227.0,708.0,1326.0,575.0,893.0,2111.0,652.0,1107.0,1383.0,1319.0,1244.0,1536.0,994.0,937.0,1387.0,3888.0,3540.0,3083.0,3567.0,2494.0,2820.0,2291.0,1524.0,1882.0,935.0,839.0
2017-05-09,1784.0,1746.0,2862.0,1275.0,1167.0,1503.0,1800.0,2526.0,2003.0,881.0,2293.0,1159.0,874.0,1321.0,1401.0,733.0,1448.0,1469.0,1071.0,1427.0,1049.0,758.0,982.0,1982.0,678.0,471.0,1450.0,1264.0,1200.0,767.0,1330.0,590.0,908.0,2067.0,657.0,1206.0,1451.0,1373.0,1326.0,1512.0,949.0,964.0,1282.0,3666.0,3288.0,2912.0,3413.0,2298.0,2620.0,2287.0,1477.0,1772.0,932.0,721.0
2017-05-10,1831.0,1768.0,2996.0,1355.0,1259.0,1584.0,1820.0,2761.0,1825.0,858.0,2195.0,1187.0,798.0,1269.0,1301.0,654.0,1271.0,1270.0,1015.0,1402.0,984.0,751.0,1010.0,2257.0,795.0,511.0,1611.0,1060.0,1050.0,719.0,1196.0,569.0,870.0,1907.0,606.0,973.0,1603.0,1430.0,1208.0,1340.0,1063.0,1167.0,1265.0,4205.0,3491.0,3016.0,3498.0,2522.0,3103.0,2287.0,1629.0,1859.0,1000.0,663.0
2017-05-11,1608.0,1664.0,2788.0,1223.0,1129.0,1488.0,1639.0,2468.0,1887.0,794.0,2238.0,1254.0,911.0,1428.0,1355.0,647.0,1308.0,1235.0,1012.0,1370.0,967.0,754.0,949.0,2186.0,663.0,492.0,1478.0,1212.0,1192.0,769.0,1397.0,633.0,887.0,1973.0,677.0,1171.0,1540.0,1324.0,1269.0,1337.0,1005.0,1098.0,1293.0,3576.0,3148.0,2934.0,3459.0,2297.0,2859.0,2316.0,1476.0,1942.0,1010.0,747.0
2017-05-12,1982.0,1867.0,3322.0,1361.0,1439.0,1752.0,2029.0,3078.0,1903.0,753.0,2124.0,1121.0,875.0,1283.0,1360.0,715.0,1202.0,1210.0,1112.0,1292.0,929.0,764.0,1145.0,2363.0,886.0,604.0,1616.0,1148.0,1061.0,743.0,1363.0,580.0,812.0,2544.0,585.0,1048.0,1733.0,1582.0,1380.0,1327.0,1139.0,1191.0,1413.0,4683.0,4151.0,3422.0,4076.0,2763.0,3668.0,2730.0,1908.0,2389.0,1221.0,735.0
2017-05-13,1487.0,2380.0,4340.0,1805.0,1699.0,2386.0,2128.0,3353.0,2537.0,1137.0,2908.0,1505.0,1283.0,1820.0,1509.0,853.0,1797.0,1436.0,1869.0,2094.0,1396.0,933.0,1234.0,2821.0,1059.0,750.0,2155.0,1735.0,1478.0,790.0,1837.0,762.0,1092.0,3055.0,788.0,1361.0,1900.0,2397.0,1894.0,1605.0,1831.0,1765.0,1717.0,6398.0,5503.0,5548.0,5450.0,4315.0,4726.0,4023.0,2628.0,3641.0,1864.0,1112.0
2017-05-14,554.0,2129.0,3558.0,1680.0,1398.0,2187.0,1816.0,2465.0,2165.0,847.0,2896.0,1281.0,993.0,1080.0,1183.0,1008.0,1677.0,1150.0,1205.0,1905.0,1647.0,855.0,1083.0,1636.0,921.0,684.0,2103.0,1685.0,1418.0,761.0,1854.0,721.0,985.0,2160.0,773.0,1467.0,1181.0,2168.0,1516.0,1149.0,1627.0,1361.0,1685.0,4717.0,4457.0,4398.0,4423.0,4172.0,3526.0,3148.0,1932.0,2905.0,1750.0,1212.0
2017-05-15,1601.0,1597.0,2771.0,1110.0,1175.0,1554.0,1696.0,2604.0,1909.0,808.0,2176.0,1235.0,870.0,1382.0,1318.0,763.0,1450.0,1236.0,1081.0,1401.0,1136.0,701.0,936.0,2187.0,715.0,556.0,1533.0,1345.0,1229.0,737.0,1351.0,654.0,966.0,2222.0,717.0,1125.0,1330.0,1302.0,1243.0,1549.0,1127.0,1057.0,1500.0,3494.0,3534.0,3171.0,3445.0,2436.0,2947.0,2416.0,1525.0,1896.0,1013.0,884.0
2017-05-16,1738.0,1784.0,2927.0,1362.0,1216.0,1652.0,1826.0,2699.0,2133.0,982.0,2344.0,1178.0,838.0,1321.0,1426.0,709.0,1483.0,1548.0,1030.0,1508.0,1040.0,804.0,989.0,2026.0,685.0,521.0,1491.0,1335.0,1306.0,764.0,1379.0,613.0,915.0,2179.0,762.0,1201.0,1507.0,1219.0,1511.0,1610.0,1031.0,1029.0,1380.0,3890.0,3345.0,3137.0,3520.0,2386.0,2885.0,2179.0,1446.0,1866.0,1032.0,841.0
2017-05-17,1795.0,1913.0,3110.0,1399.0,1230.0,1588.0,1821.0,2813.0,1893.0,833.0,2131.0,1140.0,839.0,1171.0,1413.0,724.0,1431.0,1272.0,1108.0,1381.0,969.0,742.0,1059.0,2242.0,751.0,662.0,1614.0,1228.0,1108.0,770.0,1269.0,629.0,882.0,2061.0,599.0,999.0,1607.0,1398.0,1222.0,1367.0,1084.0,1201.0,1281.0,4389.0,3553.0,3096.0,3549.0,2489.0,3017.0,2220.0,1742.0,2024.0,1026.0,706.0
2017-05-18,1662.0,1629.0,2811.0,1167.0,1185.0,1512.0,1770.0,2427.0,1835.0,691.0,2066.0,1100.0,802.0,1185.0,1309.0,696.0,1227.0,1169.0,908.0,1239.0,921.0,727.0,931.0,1962.0,668.0,486.0,1393.0,1136.0,1071.0,733.0,1201.0,605.0,816.0,1869.0,660.0,1047.0,1385.0,1196.0,1156.0,1165.0,900.0,1001.0,1230.0,3778.0,3109.0,2913.0,3285.0,2241.0,2734.0,2052.0,1385.0,1756.0,957.0,702.0
2017-05-19,1897.0,1844.0,3056.0,1439.0,1249.0,1686.0,2115.0,2980.0,1739.0,799.0,2069.0,1182.0,827.0,1098.0,1328.0,675.0,1235.0,1232.0,992.0,1374.0,977.0,807.0,1010.0,2338.0,872.0,547.0,1550.0,1024.0,999.0,697.0,1228.0,599.0,833.0,2178.0,611.0,983.0,1605.0,1395.0,1276.0,1262.0,1070.0,1161.0,1195.0,4601.0,3930.0,3226.0,3692.0,2587.0,3214.0,2381.0,1782.0,2067.0,1069.0,704.0
2017-05-20,1284.0,2072.0,3599.0,1494.0,1216.0,2050.0,1887.0,2869.0,2229.0,1093.0,2401.0,1308.0,1078.0,1596.0,1353.0,741.0,1677.0,1315.0,1691.0,1935.0,1178.0,861.0,1020.0,2402.0,1044.0,589.0,1840.0,1444.0,1296.0,730.0,1445.0,769.0,1001.0,2298.0,742.0,1144.0,1609.0,2026.0,1719.0,1381.0,1264.0,1429.0,1552.0,5369.0,4424.0,4464.0,4548.0,3537.0,3527.0,3261.0,1839.0,2806.0,1347.0,916.0
2017-05-21,495.0,2146.0,3795.0,1578.0,1196.0,2070.0,1720.0,2938.0,2159.0,912.0,2339.0,1297.0,873.0,1073.0,1072.0,930.0,1790.0,1291.0,1194.0,2206.0,1535.0,789.0,988.0,1887.0,866.0,661.0,2079.0,1749.0,1569.0,726.0,1625.0,681.0,969.0,2047.0,801.0,1152.0,1268.0,2015.0,1735.0,1397.0,1541.0,1481.0,1747.0,5659.0,4725.0,4702.0,4529.0,3707.0,3551.0,3114.0,1971.0,2827.0,1322.0,1137.0
2017-05-22,1758.0,1802.0,2877.0,1266.0,1174.0,1624.0,1838.0,2580.0,1874.0,876.0,2167.0,1239.0,882.0,1407.0,1570.0,663.0,1447.0,1327.0,1156.0,1438.0,957.0,813.0,962.0,2087.0,760.0,498.0,1517.0,1105.0,1102.0,682.0,1330.0,622.0,917.0,1876.0,669.0,1047.0,1470.0,1366.0,1294.0,1557.0,1096.0,1038.0,1380.0,4101.0,3466.0,3086.0,3614.0,2502.0,2785.0,2230.0,1494.0,1934.0,978.0,749.0
2017-05-23,1701.0,1701.0,2638.0,1247.0,1168.0,1632.0,1786.0,2498.0,1919.0,846.0,2309.0,1170.0,847.0,1295.0,1460.0,722.0,1530.0,1417.0,1029.0,1347.0,1013.0,686.0,939.0,2036.0,713.0,511.0,1390.0,1287.0,1187.0,820.0,1337.0,586.0,944.0,2005.0,669.0,1192.0,1417.0,1324.0,1377.0,1460.0,997.0,1061.0,1370.0,4094.0,3242.0,2863.0,3241.0,2340.0,2497.0,2334.0,1469.0,1676.0,918.0,751.0
2017-05-24,1844.0,1776.0,2965.0,1322.0,1177.0,1601.0,1920.0,2656.0,1695.0,801.0,2088.0,1192.0,828.0,1265.0,1387.0,645.0,1350.0,1148.0,1000.0,1368.0,873.0,680.0,1002.0,2101.0,781.0,527.0,1510.0,1079.0,1038.0,694.0,1100.0,560.0,826.0,1824.0,645.0,1149.0,1514.0,1406.0,1126.0,1198.0,994.0,1087.0,1217.0,4200.0,3417.0,2903.0,3430.0,2474.0,2803.0,2242.0,1686.0,2005.0,1087.0,673.0
2017-05-25,1663.0,1662.0,2841.0,1249.0,1130.0,1515.0,1844.0,2507.0,1638.0,744.0,1927.0,1105.0,801.0,1175.0,1256.0,635.0,1237.0,1100.0,971.0,1238.0,889.0,681.0,961.0,2024.0,913.0,391.0,1309.0,1055.0,944.0,664.0,1288.0,535.0,743.0,2196.0,629.0,992.0,1467.0,1270.0,1282.0,1175.0,943.0,1013.0,1246.0,3981.0,3199.0,2869.0,3312.0,2264.0,2769.0,2313.0,1406.0,1904.0,926.0,710.0
2017-05-26,580.0,1850.0,3543.0,1423.0,1223.0,1982.0,1758.0,2514.0,1925.0,708.0,2263.0,1164.0,859.0,1141.0,1245.0,702.0,1564.0,1030.0,1129.0,1635.0,1119.0,758.0,1063.0,1973.0,2204.0,616.0,1952.0,1411.0,1198.0,665.0,1392.0,623.0,819.0,2346.0,868.0,1255.0,1455.0,1782.0,1399.0,1078.0,1318.0,1346.0,1491.0,5395.0,4569.0,4380.0,4479.0,3493.0,3483.0,3198.0,1829.0,3172.0,1295.0,793.0
2017-05-27,1116.0,1875.0,3187.0,1422.0,1244.0,1946.0,1678.0,2417.0,1943.0,932.0,2416.0,1263.0,1109.0,1575.0,1281.0,793.0,1492.0,1053.0,1593.0,1571.0,1217.0,847.0,1011.0,1908.0,1843.0,538.0,1788.0,1403.0,1155.0,662.0,1395.0,671.0,999.0,2051.0,893.0,1261.0,1446.0,1956.0,1665.0,1415.0,1362.0,1350.0,1500.0,5034.0,4333.0,4081.0,4080.0,3423.0,3197.0,3254.0,1623.0,2958.0,1318.0,966.0
2017-05-28,512.0,1884.0,3442.0,1563.0,1112.0,2044.0,1569.0,2500.0,1945.0,789.0,2497.0,1314.0,890.0,913.0,1029.0,760.0,1627.0,1234.0,1090.0,2037.0,1424.0,776.0,855.0,1616.0,1020.0,526.0,1909.0,1616.0,1386.0,679.0,1765.0,617.0,990.0,2034.0,767.0,1136.0,1064.0,1799.0,1486.0,1224.0,1410.0,1280.0,1719.0,4784.0,4382.0,4439.0,4303.0,3724.0,3408.0,3152.0,1650.0,2807.0,1358.0,1114.0
2017-05-29,1750.0,1793.0,2896.0,1242.0,1296.0,1603.0,1813.0,2503.0,1859.0,845.0,2126.0,1170.0,843.0,1356.0,1479.0,781.0,1424.0,1298.0,1183.0,1325.0,1004.0,819.0,906.0,2070.0,740.0,511.0,1550.0,1111.0,1074.0,735.0,1349.0,553.0,899.0,2089.0,657.0,1047.0,1427.0,1323.0,1255.0,1453.0,1143.0,1053.0,1513.0,3927.0,3380.0,2896.0,3288.0,2381.0,2831.0,2368.0,1562.0,1808.0,963.0,851.0
2017-05-30,1770.0,1724.0,2726.0,1179.0,1296.0,1631.0,1779.0,2501.0,1875.0,907.0,2169.0,1176.0,834.0,1261.0,1455.0,756.0,1450.0,1387.0,1219.0,1395.0,996.0,755.0,954.0,2087.0,703.0,506.0,1489.0,1374.0,1281.0,841.0,1410.0,624.0,1048.0,1983.0,723.0,1284.0,1375.0,1292.0,1374.0,1447.0,1013.0,1040.0,1601.0,3904.0,3233.0,2769.0,3334.0,2274.0,2583.0,2211.0,1490.0,1849.0,1039.0,834.0
2017-05-31,1878.0,2000.0,3201.0,1385.0,1430.0,1781.0,2024.0,2881.0,1998.0,977.0,2388.0,1245.0,926.0,1384.0,1442.0,877.0,1538.0,1286.0,1248.0,1618.0,1134.0,862.0,1040.0,2341.0,882.0,725.0,1745.0,1514.0,1324.0,943.0,1446.0,779.0,933.0,2256.0,710.0,1277.0,1481.0,1533.0,1311.0,1471.0,1224.0,1079.0,1892.0,4409.0,3538.0,3242.0,3868.0,2598.0,3053.0,2547.0,1814.0,2353.0,1421.0,1113.0
2017-06-01,1815.0,1802.0,3066.0,1289.0,1266.0,1648.0,1896.0,2754.0,2337.0,881.0,2816.0,1229.0,950.0,1393.0,1434.0,790.0,1446.0,1412.0,1175.0,1684.0,1103.0,872.0,1006.0,2103.0,727.0,611.0,1443.0,1389.0,1155.0,729.0,1520.0,699.0,913.0,2051.0,736.0,1143.0,1511.0,1567.0,1346.0,1459.0,1117.0,1184.0,1412.0,4165.0,3717.0,3400.0,3766.0,2908.0,3107.0,2778.0,1461.0,2109.0,1090.0,791.0
2017-06-02,1925.0,1921.0,3484.0,1442.0,1356.0,1823.0,2057.0,3044.0,1995.0,845.0,2416.0,1191.0,835.0,1260.0,1419.0,708.0,1379.0,1238.0,1049.0,1491.0,1025.0,810.0,1100.0,2274.0,873.0,659.0,1506.0,1100.0,1053.0,691.0,1263.0,589.0,935.0,2309.0,720.0,1039.0,1690.0,1587.0,1442.0,1312.0,1074.0,1261.0,1373.0,4630.0,4234.0,3370.0,4102.0,2876.0,3487.0,2652.0,1869.0,2068.0,1167.0,822.0
2017-06-03,1420.0,2160.0,3819.0,1586.0,1326.0,2177.0,1994.0,2983.0,2436.0,1094.0,3032.0,1347.0,1262.0,1655.0,1354.0,1013.0,1753.0,1360.0,1771.0,2011.0,1327.0,857.0,1067.0,2438.0,1049.0,671.0,1835.0,1546.0,1388.0,730.0,1578.0,706.0,1062.0,2387.0,765.0,1185.0,1567.0,2147.0,1831.0,1446.0,1331.0,1484.0,1573.0,5307.0,4747.0,4744.0,4771.0,4037.0,3418.0,3427.0,1937.0,2686.0,1405.0,963.0
2017-06-04,525.0,2054.0,3956.0,1686.0,1304.0,2231.0,1754.0,2917.0,2412.0,1003.0,2977.0,1386.0,981.0,1070.0,1209.0,921.0,1874.0,1422.0,1161.0,2354.0,1648.0,955.0,1012.0,1935.0,858.0,662.0,1968.0,1870.0,1595.0,693.0,1816.0,695.0,1130.0,2208.0,791.0,1250.0,1298.0,2139.0,1749.0,1378.0,1654.0,1534.0,1814.0,5260.0,5074.0,5025.0,4924.0,4389.0,3872.0,3337.0,1961.0,2783.0,1393.0,1105.0
2017-06-05,1883.0,1899.0,3161.0,1284.0,1319.0,1689.0,1942.0,2777.0,2189.0,927.0,2440.0,1277.0,907.0,1504.0,1452.0,747.0,1500.0,1378.0,1156.0,1605.0,1019.0,808.0,959.0,2152.0,717.0,521.0,1551.0,1167.0,1140.0,788.0,1375.0,591.0,952.0,2068.0,652.0,1066.0,1515.0,1389.0,1305.0,1547.0,1163.0,1142.0,1442.0,4094.0,3745.0,3299.0,3661.0,2691.0,2960.0,2418.0,1499.0,1885.0,1003.0,953.0
2017-06-06,1816.0,1763.0,2808.0,1256.0,1202.0,1638.0,1792.0,2521.0,2039.0,909.0,2394.0,1152.0,878.0,1351.0,1464.0,690.0,1544.0,1498.0,1068.0,1421.0,1119.0,833.0,962.0,2138.0,656.0,496.0,1456.0,1354.0,1219.0,775.0,1358.0,599.0,1035.0,2068.0,739.0,1231.0,1501.0,1313.0,1498.0,1519.0,995.0,1028.0,1399.0,3885.0,3368.0,2973.0,3456.0,2537.0,2641.0,2298.0,1385.0,1696.0,968.0,745.0
2017-06-07,1889.0,1880.0,3103.0,1344.0,1267.0,1651.0,2048.0,2806.0,1869.0,904.0,2298.0,1176.0,834.0,1266.0,1495.0,659.0,1438.0,1311.0,1111.0,1378.0,976.0,803.0,959.0,2175.0,761.0,512.0,1584.0,1126.0,1084.0,695.0,1225.0,561.0,846.0,1837.0,605.0,1000.0,1576.0,1402.0,1280.0,1326.0,1156.0,1144.0,1297.0,4516.0,3608.0,3151.0,3692.0,2548.0,2979.0,2292.0,1629.0,1894.0,1057.0,735.0
2017-06-08,1694.0,1688.0,2706.0,1215.0,1142.0,1541.0,1749.0,2509.0,1835.0,799.0,2039.0,1248.0,823.0,1214.0,1328.0,675.0,1254.0,1252.0,978.0,1285.0,892.0,742.0,936.0,2060.0,695.0,435.0,1401.0,1083.0,979.0,739.0,1354.0,548.0,845.0,1921.0,626.0,1026.0,1402.0,1291.0,1336.0,1288.0,984.0,1031.0,1287.0,3740.0,3092.0,2850.0,3123.0,2244.0,2783.0,2082.0,1431.0,1725.0,897.0,658.0
2017-06-09,1886.0,1888.0,3280.0,1351.0,1260.0,1750.0,2127.0,2813.0,1825.0,762.0,2260.0,1136.0,818.0,1304.0,1306.0,693.0,1353.0,1210.0,1046.0,1283.0,971.0,793.0,1062.0,2294.0,842.0,544.0,1526.0,1018.0,1011.0,674.0,1263.0,581.0,834.0,2191.0,591.0,1063.0,1609.0,1470.0,1380.0,1344.0,1078.0,1188.0,1358.0,4612.0,3951.0,3226.0,3786.0,2578.0,3235.0,2405.0,1739.0,2034.0,1070.0,759.0
2017-06-10,1362.0,1967.0,3517.0,1495.0,1297.0,1985.0,1901.0,2899.0,2142.0,1036.0,2560.0,1276.0,1054.0,1509.0,1362.0,772.0,1603.0,1278.0,1569.0,1686.0,1339.0,813.0,941.0,2164.0,1066.0,498.0,1851.0,1419.0,1203.0,727.0,1440.0,647.0,946.0,2173.0,709.0,1080.0,1591.0,1972.0,1797.0,1424.0,1258.0,1436.0,1460.0,5252.0,4481.0,4457.0,4469.0,3523.0,3455.0,3364.0,1871.0,2466.0,1247.0,907.0
2017-06-11,585.0,2134.0,3701.0,1695.0,1212.0,2169.0,1681.0,2791.0,2163.0,919.0,2480.0,1230.0,874.0,1110.0,1124.0,861.0,1863.0,1327.0,1152.0,2144.0,1505.0,805.0,982.0,1732.0,804.0,603.0,1965.0,1788.0,1512.0,723.0,1805.0,640.0,986.0,2012.0,709.0,1191.0,1180.0,1952.0,1563.0,1278.0,1495.0,1401.0,1693.0,5472.0,4827.0,4649.0,4494.0,4032.0,3550.0,3216.0,1918.0,2652.0,1335.0,1172.0
2017-06-12,1711.0,1660.0,2738.0,1182.0,1279.0,1485.0,1783.0,2543.0,1855.0,832.0,2058.0,1163.0,856.0,1344.0,1365.0,702.0,1310.0,1282.0,1124.0,1215.0,1094.0,784.0,941.0,2020.0,722.0,477.0,1529.0,1174.0,1131.0,708.0,1292.0,563.0,873.0,1988.0,682.0,1018.0,1450.0,1211.0,1296.0,1462.0,1035.0,1107.0,1369.0,3755.0,3372.0,2867.0,3356.0,2393.0,2754.0,2172.0,1494.0,1781.0,942.0,781.0
2017-06-13,1766.0,1728.0,2756.0,1205.0,1187.0,1554.0,1833.0,2580.0,1895.0,901.0,2142.0,1142.0,791.0,1266.0,1351.0,696.0,1487.0,1402.0,1114.0,1439.0,972.0,778.0,918.0,1905.0,636.0,446.0,1422.0,1249.0,1187.0,766.0,1354.0,578.0,954.0,1868.0,660.0,1095.0,1400.0,1266.0,1401.0,1489.0,1025.0,999.0,1328.0,3789.0,3280.0,2816.0,3109.0,2245.0,2609.0,2483.0,1428.0,1685.0,918.0,770.0
2017-06-14,1832.0,1841.0,3076.0,1341.0,1247.0,1762.0,1987.0,2755.0,1724.0,781.0,2115.0,1167.0,790.0,1264.0,1327.0,713.0,1441.0,1214.0,1089.0,1313.0,887.0,756.0,994.0,2174.0,747.0,529.0,1560.0,1056.0,1050.0,627.0,1183.0,525.0,753.0,1784.0,550.0,1030.0,1453.0,1324.0,1239.0,1311.0,1111.0,1132.0,1259.0,4170.0,3493.0,2935.0,3474.0,2196.0,3028.0,2269.0,1643.0,1985.0,1015.0,731.0
2017-06-15,1776.0,1648.0,2829.0,1305.0,1123.0,1534.0,1828.0,2616.0,1872.0,815.0,2162.0,1157.0,839.0,1293.0,1271.0,675.0,1325.0,1322.0,1016.0,1448.0,890.0,684.0,953.0,2197.0,721.0,551.0,1448.0,1217.0,1141.0,746.0,1356.0,557.0,824.0,1932.0,629.0,1085.0,1381.0,1349.0,1290.0,1295.0,1025.0,1040.0,1272.0,3922.0,3358.0,3057.0,3382.0,2448.0,2866.0,2295.0,1509.0,1875.0,1010.0,672.0
2017-06-16,1946.0,2071.0,3476.0,1456.0,1307.0,1864.0,2161.0,3133.0,1908.0,798.0,2040.0,1133.0,770.0,1246.0,1352.0,675.0,1329.0,1267.0,1092.0,1379.0,879.0,751.0,1053.0,2488.0,855.0,650.0,1599.0,1135.0,1088.0,752.0,1335.0,634.0,793.0,2366.0,601.0,1060.0,1676.0,1566.0,1354.0,1309.0,1266.0,1299.0,1324.0,5033.0,4374.0,3455.0,4195.0,2803.0,3766.0,2721.0,2036.0,2274.0,1205.0,754.0
2017-06-17,1388.0,2276.0,4234.0,1787.0,1479.0,2389.0,2218.0,3185.0,2382.0,1138.0,2659.0,1326.0,1078.0,1713.0,1415.0,817.0,1738.0,1430.0,1772.0,1972.0,1342.0,916.0,1178.0,2561.0,1039.0,706.0,1963.0,1582.0,1416.0,768.0,1701.0,718.0,1108.0,2804.0,826.0,1217.0,1736.0,2249.0,1873.0,1585.0,1623.0,1646.0,1666.0,5867.0,5247.0,4855.0,5246.0,3970.0,4459.0,3806.0,2371.0,3032.0,1647.0,1082.0
2017-06-18,577.0,2059.0,3427.0,1730.0,1251.0,2187.0,1794.0,2587.0,2141.0,914.0,2671.0,1372.0,968.0,1005.0,1056.0,970.0,1732.0,1190.0,1200.0,1935.0,1611.0,823.0,1093.0,1743.0,859.0,632.0,1958.0,1691.0,1423.0,729.0,1744.0,741.0,1022.0,1981.0,803.0,1333.0,1267.0,2131.0,1606.0,1229.0,1558.0,1433.0,1752.0,4771.0,4398.0,4391.0,4356.0,3763.0,3365.0,3203.0,1855.0,2583.0,1445.0,1135.0
2017-06-19,1747.0,1755.0,2850.0,1243.0,1169.0,1621.0,1805.0,2717.0,1943.0,880.0,2206.0,1268.0,838.0,1358.0,1385.0,707.0,1370.0,1324.0,1154.0,1336.0,988.0,755.0,934.0,2139.0,659.0,498.0,1558.0,1187.0,1174.0,728.0,1309.0,550.0,893.0,1979.0,639.0,1061.0,1413.0,1259.0,1274.0,1558.0,1050.0,1005.0,1429.0,3942.0,3339.0,3010.0,3344.0,2492.0,2728.0,2249.0,1509.0,1773.0,998.0,792.0
2017-06-20,1778.0,1714.0,2801.0,1263.0,1209.0,1547.0,1730.0,2604.0,1948.0,881.0,2236.0,1138.0,871.0,1288.0,1564.0,718.0,1494.0,1399.0,1073.0,1355.0,1033.0,726.0,938.0,2213.0,722.0,472.0,1533.0,1364.0,1227.0,840.0,1481.0,571.0,1009.0,2010.0,711.0,1182.0,1315.0,1341.0,1339.0,1485.0,1010.0,997.0,1388.0,3807.0,3456.0,3080.0,3448.0,2275.0,2732.0,2169.0,1503.0,1769.0,959.0,792.0
2017-06-21,1841.0,1877.0,3106.0,1382.0,1202.0,1733.0,1967.0,2733.0,1754.0,781.0,2077.0,1263.0,860.0,1187.0,1398.0,630.0,1394.0,1253.0,1072.0,1325.0,948.0,717.0,1033.0,2230.0,722.0,573.0,1563.0,1083.0,1090.0,715.0,1211.0,592.0,821.0,1843.0,540.0,987.0,1541.0,1464.0,1288.0,1307.0,1051.0,1171.0,1181.0,4099.0,3345.0,3004.0,3344.0,2311.0,2861.0,2221.0,1668.0,1829.0,1083.0,658.0
2017-06-22,1739.0,1683.0,2695.0,1155.0,1111.0,1609.0,1821.0,2467.0,1811.0,837.0,1927.0,1173.0,735.0,1265.0,1296.0,656.0,1347.0,1245.0,909.0,1363.0,915.0,724.0,872.0,2004.0,666.0,475.0,1371.0,1161.0,1019.0,732.0,1263.0,578.0,803.0,1832.0,627.0,1019.0,1425.0,1261.0,1252.0,1273.0,1004.0,974.0,1356.0,3706.0,3022.0,2701.0,3092.0,2186.0,2706.0,2084.0,1368.0,1732.0,929.0,663.0
2017-06-23,1843.0,1920.0,3306.0,1417.0,1228.0,1713.0,2113.0,2854.0,1773.0,785.0,2112.0,1173.0,765.0,1184.0,1177.0,609.0,1311.0,1299.0,1030.0,1342.0,900.0,713.0,1046.0,2284.0,909.0,595.0,1480.0,1104.0,985.0,708.0,1235.0,500.0,830.0,2119.0,606.0,1012.0,1624.0,1512.0,1184.0,1229.0,1078.0,1212.0,1374.0,4465.0,3985.0,3134.0,3663.0,2545.0,3263.0,2451.0,1813.0,2023.0,1070.0,741.0
2017-06-24,1299.0,2196.0,3501.0,1519.0,1250.0,2134.0,1914.0,2799.0,2116.0,1002.0,2263.0,1318.0,1050.0,1598.0,1282.0,694.0,1655.0,1318.0,1554.0,1764.0,1268.0,791.0,1025.0,2230.0,1057.0,664.0,1718.0,1361.0,1258.0,738.0,1376.0,661.0,1026.0,2179.0,766.0,1079.0,1619.0,1994.0,1687.0,1401.0,1246.0,1506.0,1464.0,5061.0,4508.0,4270.0,4504.0,3434.0,3456.0,3094.0,1890.0,2422.0,1298.0,780.0
2017-06-25,517.0,2038.0,3595.0,1633.0,1117.0,2225.0,1590.0,2665.0,2054.0,813.0,2365.0,1279.0,808.0,962.0,977.0,719.0,1695.0,1285.0,1050.0,1993.0,1416.0,815.0,978.0,1723.0,858.0,672.0,1966.0,1644.0,1386.0,700.0,1566.0,599.0,946.0,1915.0,707.0,1143.0,1160.0,1856.0,1471.0,1136.0,1373.0,1412.0,1634.0,4960.0,4470.0,4415.0,4383.0,3737.0,3483.0,2973.0,1846.0,2276.0,1080.0,1003.0
2017-06-26,1752.0,1835.0,2846.0,1262.0,1185.0,1650.0,1879.0,2503.0,1800.0,741.0,2065.0,1163.0,841.0,1227.0,1229.0,722.0,1413.0,1206.0,1154.0,1226.0,990.0,789.0,871.0,2024.0,688.0,492.0,1524.0,1117.0,1083.0,719.0,1310.0,541.0,903.0,1946.0,588.0,1059.0,1477.0,1301.0,1298.0,1201.0,1141.0,1056.0,1389.0,3926.0,3205.0,2841.0,3320.0,2366.0,2686.0,2161.0,1479.0,2398.0,1102.0,753.0
2017-06-27,1764.0,1627.0,2792.0,1225.0,1126.0,1592.0,1740.0,2540.0,1730.0,856.0,2171.0,1137.0,806.0,1255.0,1353.0,667.0,1433.0,1367.0,1046.0,1242.0,953.0,787.0,916.0,2007.0,707.0,409.0,1387.0,1246.0,1178.0,817.0,1315.0,552.0,905.0,1835.0,630.0,1129.0,1389.0,1219.0,1350.0,1423.0,1029.0,1017.0,1384.0,3828.0,3115.0,2583.0,3063.0,2198.0,2532.0,2176.0,1404.0,1649.0,858.0,767.0
2017-06-28,1906.0,1813.0,2957.0,1352.0,1148.0,1599.0,1938.0,2584.0,1634.0,691.0,1935.0,1110.0,730.0,1137.0,1225.0,677.0,1298.0,1203.0,1024.0,1259.0,873.0,747.0,946.0,2139.0,791.0,517.0,1594.0,989.0,1016.0,688.0,1195.0,513.0,817.0,1745.0,546.0,979.0,1516.0,1369.0,1196.0,1249.0,1122.0,1091.0,1444.0,4139.0,3269.0,2831.0,3459.0,2197.0,2964.0,2172.0,1578.0,1951.0,1027.0,662.0
2017-06-29,1645.0,1699.0,2701.0,1169.0,1132.0,1537.0,1833.0,2398.0,1723.0,692.0,1900.0,1196.0,776.0,1159.0,1328.0,608.0,1246.0,1187.0,1025.0,1333.0,862.0,761.0,970.0,2094.0,693.0,446.0,1361.0,1138.0,1060.0,782.0,1307.0,579.0,1093.0,1832.0,625.0,1020.0,1437.0,1210.0,1218.0,1251.0,999.0,1085.0,1312.0,3778.0,3048.0,2652.0,3259.0,2161.0,2704.0,2162.0,1392.0,1713.0,914.0,717.0
2017-06-30,1852.0,1893.0,3269.0,1413.0,1232.0,1729.0,2023.0,2856.0,1837.0,842.0,2085.0,1112.0,815.0,1144.0,1264.0,617.0,1368.0,1280.0,1064.0,1390.0,922.0,852.0,950.0,2370.0,937.0,601.0,1541.0,1146.0,1005.0,773.0,1245.0,624.0,793.0,2307.0,667.0,1050.0,1528.0,1502.0,1364.0,1256.0,1117.0,1185.0,1348.0,4612.0,4137.0,3380.0,3930.0,2636.0,3294.0,2538.0,1813.0,2028.0,1127.0,705.0
2017-07-01,1362.0,2145.0,3851.0,1718.0,1234.0,2248.0,1908.0,3048.0,2406.0,1130.0,2793.0,1296.0,1145.0,1629.0,1349.0,744.0,1731.0,1352.0,1616.0,2009.0,1235.0,955.0,1080.0,2351.0,1241.0,730.0,1907.0,1585.0,1356.0,740.0,1726.0,738.0,1161.0,2441.0,905.0,1296.0,1630.0,2288.0,1780.0,1590.0,1430.0,1588.0,1784.0,5552.0,4941.0,4973.0,4903.0,4033.0,3661.0,3582.0,1919.0,2675.0,1532.0,971.0
2017-07-02,542.0,2103.0,3696.0,1627.0,1011.0,2150.0,1637.0,2927.0,2352.0,891.0,2545.0,1318.0,936.0,993.0,1147.0,728.0,1869.0,1351.0,1132.0,2229.0,1337.0,857.0,913.0,1879.0,964.0,693.0,2018.0,1784.0,1626.0,740.0,1802.0,694.0,1138.0,2167.0,826.0,1340.0,1214.0,2124.0,1666.0,1370.0,1603.0,1513.0,1840.0,5664.0,5007.0,4940.0,5021.0,4364.0,3710.0,3394.0,1983.0,2597.0,1414.0,1006.0
2017-07-03,1890.0,1956.0,3192.0,1297.0,1049.0,1801.0,1883.0,2871.0,2224.0,990.0,2616.0,1303.0,965.0,1392.0,1564.0,677.0,1526.0,1327.0,1272.0,1567.0,1203.0,859.0,1006.0,2212.0,782.0,608.0,1571.0,1259.0,1251.0,734.0,1428.0,645.0,972.0,2103.0,681.0,1090.0,1508.0,1493.0,1367.0,1549.0,1177.0,1065.0,1585.0,4275.0,3891.0,3451.0,3791.0,2863.0,3180.0,2547.0,1655.0,2057.0,1022.0,734.0
2017-07-04,1803.0,1841.0,2971.0,1378.0,1321.0,1749.0,1846.0,2707.0,2202.0,942.0,2773.0,1217.0,859.0,1351.0,1550.0,715.0,1551.0,1444.0,1247.0,1585.0,1054.0,864.0,1019.0,2148.0,700.0,524.0,1443.0,1430.0,1316.0,837.0,1477.0,582.0,1031.0,2027.0,650.0,1180.0,1471.0,1406.0,1480.0,1558.0,1109.0,1127.0,1543.0,3962.0,3742.0,3230.0,3707.0,2647.0,2956.0,2585.0,1542.0,1868.0,975.0,867.0
2017-07-05,1913.0,1906.0,3285.0,1440.0,1397.0,1626.0,1829.0,2896.0,1972.0,907.0,2499.0,1273.0,845.0,1360.0,1320.0,704.0,1396.0,1291.0,1073.0,1512.0,1015.0,785.0,1053.0,2279.0,820.0,543.0,1622.0,1102.0,1081.0,704.0,1340.0,573.0,848.0,1839.0,580.0,1063.0,1603.0,1503.0,1308.0,1357.0,1200.0,1186.0,1406.0,4419.0,3636.0,3470.0,4028.0,2854.0,3133.0,2580.0,1739.0,2129.0,1077.0,766.0
2017-07-06,1698.0,1792.0,2897.0,1327.0,1278.0,1620.0,1880.0,2671.0,1945.0,850.0,2457.0,1198.0,853.0,1294.0,1425.0,695.0,1382.0,1278.0,1005.0,1444.0,948.0,769.0,973.0,2075.0,724.0,435.0,1454.0,1171.0,1034.0,716.0,1308.0,671.0,832.0,1900.0,715.0,1076.0,1473.0,1349.0,1402.0,1278.0,1048.0,1088.0,1324.0,3795.0,3336.0,3013.0,3433.0,2511.0,2715.0,2439.0,1458.0,1839.0,942.0,694.0
2017-07-07,1843.0,1878.0,3255.0,1397.0,1242.0,1806.0,2101.0,2904.0,1875.0,819.0,2470.0,1098.0,862.0,1194.0,1372.0,715.0,1308.0,1202.0,1097.0,1416.0,931.0,800.0,1022.0,2379.0,894.0,567.0,1504.0,1031.0,973.0,671.0,1250.0,560.0,850.0,2234.0,576.0,965.0,1668.0,1544.0,1419.0,1372.0,1092.0,1207.0,1452.0,4638.0,4085.0,3384.0,3885.0,2795.0,3332.0,2653.0,1830.0,2122.0,1146.0,782.0
2017-07-08,1366.0,2027.0,3436.0,1576.0,1278.0,2037.0,1891.0,3132.0,2202.0,1041.0,2518.0,1281.0,1101.0,1521.0,1358.0,725.0,1648.0,1307.0,1660.0,1767.0,1331.0,820.0,987.0,2217.0,1044.0,556.0,1780.0,1425.0,1265.0,751.0,1393.0,698.0,997.0,2281.0,701.0,1176.0,1633.0,2019.0,1688.0,1454.0,1335.0,1496.0,1532.0,5098.0,4594.0,4328.0,4447.0,3620.0,3568.0,3541.0,1845.0,2652.0,1288.0,917.0
2017-07-09,579.0,1910.0,3472.0,1551.0,1195.0,1985.0,1593.0,2825.0,2062.0,830.0,2449.0,1241.0,822.0,941.0,1046.0,852.0,1671.0,1239.0,1033.0,2094.0,1509.0,806.0,889.0,1761.0,876.0,559.0,1971.0,1609.0,1438.0,648.0,1629.0,688.0,1010.0,1950.0,742.0,1227.0,1293.0,1938.0,1528.0,1241.0,1523.0,1312.0,1713.0,5321.0,4624.0,4540.0,4451.0,3907.0,3413.0,3268.0,1969.0,2643.0,1344.0,1027.0
2017-07-10,1814.0,1821.0,2951.0,1300.0,1252.0,1665.0,1815.0,2608.0,1938.0,874.0,2339.0,1217.0,936.0,1293.0,1505.0,703.0,1394.0,1241.0,1230.0,1474.0,967.0,783.0,923.0,2163.0,660.0,501.0,1548.0,1215.0,1133.0,796.0,1338.0,547.0,936.0,2010.0,634.0,978.0,1520.0,1432.0,1427.0,1410.0,1114.0,1077.0,1525.0,4000.0,3583.0,3065.0,3639.0,2541.0,2929.0,2484.0,1569.0,1897.0,993.0,840.0
2017-07-11,1760.0,1782.0,2845.0,1213.0,1219.0,1594.0,1752.0,2622.0,1896.0,900.0,2285.0,1149.0,825.0,1257.0,1403.0,721.0,1419.0,1406.0,1083.0,1501.0,1096.0,818.0,969.0,2056.0,685.0,468.0,1417.0,1260.0,1232.0,770.0,1358.0,650.0,1007.0,1974.0,629.0,1165.0,1550.0,1306.0,1452.0,1479.0,1020.0,1069.0,1338.0,3778.0,3254.0,2888.0,3365.0,2374.0,2651.0,2467.0,1425.0,1808.0,894.0,767.0
2017-07-12,1970.0,1831.0,3122.0,1392.0,1253.0,1663.0,1942.0,2745.0,1735.0,820.0,2188.0,1197.0,806.0,1233.0,1379.0,662.0,1305.0,1159.0,1063.0,1330.0,934.0,734.0,966.0,2209.0,817.0,493.0,1546.0,1038.0,1051.0,682.0,1170.0,542.0,821.0,1894.0,604.0,1018.0,1615.0,1455.0,1365.0,1268.0,1076.0,1109.0,1352.0,4257.0,3300.0,3122.0,3586.0,2498.0,2917.0,2405.0,1742.0,1987.0,1095.0,692.0
2017-07-13,1679.0,1622.0,2688.0,1186.0,1170.0,1514.0,1771.0,2527.0,1842.0,798.0,2113.0,1110.0,817.0,1241.0,1270.0,667.0,1239.0,1198.0,1001.0,1513.0,939.0,755.0,919.0,1911.0,699.0,427.0,1362.0,1065.0,1015.0,753.0,1264.0,542.0,843.0,1867.0,624.0,994.0,1472.0,1309.0,1311.0,1255.0,966.0,1023.0,1339.0,3812.0,3138.0,2789.0,3186.0,2358.0,2665.0,2246.0,1397.0,1907.0,919.0,683.0
2017-07-14,1867.0,1857.0,3257.0,1481.0,1301.0,1787.0,2014.0,2889.0,1850.0,696.0,2230.0,1172.0,852.0,1178.0,1361.0,590.0,1283.0,1175.0,1082.0,1373.0,1004.0,796.0,1028.0,2376.0,953.0,596.0,1489.0,1111.0,1052.0,678.0,1304.0,552.0,770.0,2177.0,573.0,976.0,1657.0,1544.0,1390.0,1262.0,1165.0,1125.0,1407.0,4446.0,3876.0,3098.0,3756.0,2620.0,3192.0,2559.0,1801.0,2278.0,1089.0,676.0
2017-07-15,1338.0,2002.0,3579.0,1534.0,1265.0,2038.0,1801.0,2869.0,2067.0,932.0,2418.0,1304.0,1064.0,1450.0,1236.0,727.0,1610.0,1211.0,1491.0,1915.0,1237.0,801.0,1017.0,2266.0,1057.0,607.0,1860.0,1527.0,1229.0,670.0,1507.0,712.0,1041.0,2386.0,769.0,1169.0,1633.0,1957.0,1689.0,1420.0,1391.0,1424.0,1606.0,5051.0,4419.0,4277.0,4545.0,3538.0,3454.0,3340.0,1864.0,2720.0,1404.0,855.0
2017-07-16,518.0,1794.0,3427.0,1472.0,1153.0,1960.0,1565.0,2687.0,1944.0,872.0,2272.0,1152.0,786.0,946.0,943.0,798.0,1710.0,1243.0,1008.0,2100.0,1504.0,800.0,851.0,1739.0,866.0,645.0,1937.0,1721.0,1520.0,672.0,1689.0,642.0,945.0,2120.0,802.0,1198.0,1161.0,1745.0,1582.0,1249.0,1523.0,1350.0,1727.0,5063.0,4657.0,4343.0,4462.0,3966.0,3325.0,2985.0,1903.0,2804.0,1353.0,920.0
2017-07-17,1739.0,1729.0,2951.0,1207.0,1311.0,1626.0,1810.0,2577.0,1954.0,914.0,2252.0,1163.0,855.0,1315.0,1428.0,720.0,1492.0,1197.0,1193.0,1436.0,1078.0,711.0,917.0,1992.0,710.0,560.0,1564.0,1248.0,1135.0,740.0,1407.0,595.0,898.0,2083.0,649.0,1016.0,1514.0,1240.0,1428.0,1500.0,1085.0,1055.0,1470.0,4116.0,3598.0,3105.0,3720.0,2576.0,2961.0,2507.0,1560.0,2006.0,1000.0,864.0
2017-07-18,1733.0,1694.0,2910.0,1216.0,1178.0,1532.0,1666.0,2425.0,1977.0,904.0,2299.0,1064.0,845.0,1275.0,1405.0,690.0,1408.0,1307.0,1096.0,1440.0,984.0,693.0,971.0,2018.0,737.0,521.0,1438.0,1293.0,1194.0,789.0,1406.0,581.0,920.0,1887.0,660.0,1144.0,1478.0,1319.0,1352.0,1354.0,1029.0,984.0,1431.0,3803.0,3336.0,2902.0,3344.0,2453.0,2627.0,2607.0,1467.0,1777.0,962.0,742.0
2017-07-19,1797.0,1811.0,2944.0,1348.0,1333.0,1684.0,1802.0,2645.0,1772.0,799.0,2134.0,1169.0,795.0,1130.0,1326.0,676.0,1280.0,1126.0,1017.0,1418.0,904.0,746.0,977.0,2117.0,861.0,573.0,1579.0,1112.0,1051.0,662.0,1214.0,477.0,790.0,1718.0,564.0,915.0,1643.0,1460.0,1239.0,1288.0,1150.0,1142.0,1328.0,4389.0,3598.0,2993.0,3492.0,2496.0,2838.0,2394.0,1757.0,2064.0,1064.0,664.0
2017-07-20,1774.0,1675.0,3046.0,1252.0,1262.0,1670.0,1716.0,2551.0,1876.0,780.0,2121.0,1135.0,834.0,1247.0,1375.0,644.0,1352.0,1177.0,1012.0,1476.0,960.0,740.0,937.0,2199.0,749.0,474.0,1382.0,1068.0,1061.0,693.0,1337.0,627.0,838.0,1895.0,661.0,1042.0,1518.0,1395.0,1317.0,1313.0,1128.0,1055.0,1309.0,3800.0,3490.0,3018.0,3663.0,2615.0,2714.0,2379.0,1515.0,2000.0,909.0,647.0
2017-07-21,1878.0,1892.0,3413.0,1461.0,1285.0,1799.0,2034.0,2837.0,1846.0,781.0,2193.0,1104.0,828.0,1132.0,1397.0,668.0,1347.0,1145.0,1056.0,1515.0,1012.0,719.0,1109.0,2334.0,1011.0,579.0,1488.0,1010.0,946.0,697.0,1298.0,531.0,760.0,2165.0,601.0,1028.0,1684.0,1517.0,1389.0,1315.0,1168.0,1193.0,1446.0,4538.0,3954.0,3196.0,3924.0,2788.0,3155.0,2643.0,1765.0,2255.0,1108.0,676.0
2017-07-22,1333.0,1968.0,3457.0,1553.0,1224.0,2008.0,1828.0,2834.0,2019.0,999.0,2182.0,1239.0,1058.0,1449.0,1255.0,788.0,1568.0,1212.0,1492.0,1797.0,1235.0,768.0,1016.0,2006.0,1438.0,534.0,1707.0,1308.0,1132.0,758.0,1378.0,687.0,954.0,2239.0,728.0,1152.0,1572.0,1904.0,1559.0,1387.0,1379.0,1410.0,1553.0,5233.0,4406.0,4187.0,4218.0,3417.0,3151.0,3161.0,1705.0,2629.0,1308.0,876.0
2017-07-23,547.0,1785.0,3453.0,1464.0,1216.0,1976.0,1548.0,2753.0,1937.0,836.0,2213.0,1152.0,837.0,928.0,953.0,782.0,1623.0,1196.0,1076.0,2150.0,1472.0,728.0,919.0,1516.0,1523.0,496.0,1876.0,1265.0,1093.0,616.0,1533.0,543.0,912.0,1969.0,846.0,1200.0,1126.0,1787.0,1519.0,1214.0,1460.0,1291.0,1480.0,5294.0,4557.0,4344.0,4368.0,3885.0,3262.0,3111.0,1576.0,2722.0,1316.0,926.0
2017-07-24,1807.0,1840.0,2989.0,1282.0,1265.0,1662.0,1753.0,2606.0,1876.0,868.0,2184.0,1215.0,896.0,1295.0,1349.0,690.0,1475.0,1277.0,1234.0,1418.0,984.0,766.0,951.0,1640.0,896.0,577.0,1934.0,1426.0,1270.0,621.0,1348.0,617.0,850.0,1711.0,658.0,1073.0,1426.0,1494.0,1356.0,1399.0,1142.0,1110.0,1528.0,3898.0,3560.0,3160.0,3550.0,2679.0,2752.0,2396.0,1617.0,1949.0,1009.0,792.0
2017-07-25,1785.0,1703.0,2823.0,1268.0,1179.0,1589.0,1759.0,2488.0,1812.0,868.0,2303.0,1108.0,871.0,1247.0,1361.0,658.0,1430.0,1347.0,1089.0,1380.0,984.0,717.0,1010.0,2000.0,758.0,479.0,1482.0,1253.0,1184.0,767.0,1320.0,497.0,869.0,1932.0,636.0,1044.0,1496.0,1293.0,1370.0,1358.0,1033.0,1049.0,1453.0,3738.0,3279.0,2911.0,3267.0,2503.0,2545.0,2496.0,1468.0,2057.0,887.0,727.0
2017-07-26,1903.0,1848.0,2927.0,1323.0,1141.0,1602.0,1824.0,2617.0,1720.0,732.0,2158.0,1141.0,818.0,1083.0,1246.0,772.0,1257.0,1118.0,1128.0,1347.0,936.0,697.0,969.0,2263.0,817.0,482.0,1647.0,994.0,1003.0,738.0,1153.0,547.0,796.0,1780.0,714.0,918.0,1551.0,1405.0,1212.0,1227.0,1171.0,1077.0,1330.0,4190.0,3349.0,2839.0,3503.0,2412.0,2863.0,2396.0,1693.0,2021.0,1015.0,700.0
2017-07-27,1729.0,1711.0,2770.0,1207.0,1190.0,1500.0,1644.0,2384.0,1717.0,779.0,2023.0,1106.0,782.0,1240.0,1212.0,614.0,1258.0,1151.0,1011.0,1426.0,927.0,707.0,897.0,1997.0,758.0,470.0,1413.0,1102.0,1025.0,749.0,1289.0,601.0,798.0,1849.0,621.0,1046.0,1464.0,1289.0,1360.0,1261.0,956.0,1052.0,1288.0,3801.0,3257.0,2821.0,3114.0,2506.0,2601.0,2272.0,1549.0,1891.0,896.0,662.0
2017-07-28,1848.0,1900.0,3318.0,1482.0,1259.0,1801.0,1937.0,2831.0,1790.0,853.0,2349.0,1098.0,874.0,1139.0,1367.0,714.0,1297.0,1100.0,1202.0,1523.0,1013.0,786.0,1025.0,2341.0,938.0,537.0,1468.0,1100.0,1058.0,662.0,1361.0,573.0,755.0,2088.0,636.0,1072.0,1624.0,1696.0,1426.0,1232.0,1176.0,1164.0,1372.0,4406.0,4053.0,3358.0,3752.0,2810.0,3175.0,2755.0,1789.0,2498.0,1050.0,766.0
2017-07-29,1251.0,1891.0,3408.0,1523.0,1343.0,1978.0,1735.0,2792.0,2113.0,1007.0,2308.0,1293.0,1101.0,1536.0,1223.0,777.0,1657.0,1201.0,1668.0,1966.0,1343.0,832.0,960.0,2253.0,1084.0,667.0,1818.0,1408.0,1326.0,736.0,1483.0,720.0,985.0,2372.0,733.0,1173.0,1534.0,1968.0,1619.0,1562.0,1343.0,1322.0,1538.0,5270.0,4462.0,4399.0,4340.0,3353.0,3163.0,3448.0,1869.0,3177.0,1326.0,870.0
2017-07-30,519.0,1824.0,3378.0,1535.0,1138.0,1950.0,1485.0,2560.0,1884.0,810.0,2177.0,1205.0,787.0,930.0,983.0,852.0,1605.0,1218.0,1043.0,2155.0,1524.0,770.0,828.0,1832.0,947.0,576.0,2022.0,1628.0,1500.0,689.0,1660.0,693.0,958.0,2008.0,767.0,1175.0,1038.0,1839.0,1506.0,1265.0,1469.0,1242.0,1640.0,5123.0,4610.0,4305.0,4353.0,3753.0,3103.0,3069.0,1859.0,2580.0,1422.0,1108.0
2017-07-31,1872.0,1778.0,2983.0,1303.0,1305.0,1607.0,1812.0,2720.0,2040.0,948.0,2211.0,1213.0,990.0,1355.0,1381.0,710.0,1534.0,1211.0,1263.0,1638.0,1118.0,794.0,966.0,2208.0,853.0,559.0,1547.0,1251.0,1174.0,740.0,1384.0,626.0,828.0,2146.0,706.0,1054.0,1473.0,1532.0,1468.0,1515.0,1118.0,1135.0,1521.0,3990.0,3790.0,3314.0,3775.0,2926.0,2912.0,2593.0,1572.0,2206.0,1065.0,860.0
2017-08-01,1795.0,1819.0,3066.0,1362.0,1365.0,1616.0,1794.0,2717.0,2271.0,984.0,2694.0,1221.0,898.0,1272.0,1481.0,770.0,1642.0,1499.0,1171.0,1639.0,1204.0,772.0,963.0,2196.0,839.0,701.0,1586.0,1453.0,1355.0,863.0,1570.0,724.0,1098.0,1999.0,667.0,1297.0,1533.0,1585.0,1527.0,1656.0,1178.0,1183.0,1527.0,4063.0,3701.0,3458.0,3846.0,3003.0,3034.0,2679.0,1685.0,2147.0,1074.0,841.0
2017-08-02,1892.0,1952.0,3275.0,1414.0,1411.0,1868.0,1849.0,2932.0,2013.0,871.0,2526.0,1227.0,902.0,1401.0,1457.0,729.0,1393.0,1278.0,1130.0,1625.0,1089.0,782.0,1029.0,2393.0,982.0,648.0,1673.0,1227.0,1120.0,775.0,1418.0,612.0,912.0,2034.0,694.0,1145.0,1690.0,1719.0,1375.0,1476.0,1291.0,1122.0,1499.0,4643.0,3851.0,3489.0,3936.0,3065.0,3169.0,2763.0,1810.0,2499.0,1201.0,747.0
2017-08-03,1726.0,1712.0,2962.0,1287.0,1227.0,1639.0,1725.0,2595.0,2103.0,916.0,2523.0,1219.0,888.0,1299.0,1381.0,687.0,1384.0,1242.0,1010.0,1639.0,993.0,783.0,964.0,2107.0,869.0,475.0,1429.0,1197.0,1139.0,759.0,1410.0,570.0,815.0,1946.0,762.0,1090.0,1454.0,1361.0,1334.0,1300.0,1088.0,1101.0,1389.0,4169.0,3598.0,3162.0,3688.0,2844.0,2780.0,2521.0,1499.0,2045.0,1004.0,712.0
2017-08-04,1847.0,1938.0,3412.0,1430.0,1289.0,1786.0,1962.0,2996.0,2080.0,900.0,2508.0,1131.0,901.0,1196.0,1352.0,698.0,1359.0,1129.0,1050.0,1524.0,1097.0,799.0,1022.0,2439.0,1021.0,604.0,1600.0,1113.0,1141.0,649.0,1270.0,582.0,786.0,2286.0,602.0,1068.0,1633.0,1533.0,1328.0,1329.0,1117.0,1166.0,1479.0,4515.0,4132.0,3350.0,4010.0,2896.0,3216.0,2773.0,1885.0,2442.0,1177.0,757.0
2017-08-05,1251.0,1905.0,3489.0,1515.0,1415.0,1985.0,1735.0,2862.0,2311.0,1099.0,2350.0,1250.0,1129.0,1559.0,1308.0,813.0,1657.0,1341.0,1618.0,1977.0,1397.0,731.0,930.0,2276.0,1171.0,561.0,1862.0,1442.0,1391.0,688.0,1497.0,666.0,898.0,2324.0,804.0,1107.0,1438.0,1913.0,1688.0,1409.0,1355.0,1342.0,1476.0,5037.0,4684.0,4553.0,4499.0,3740.0,3266.0,3419.0,1991.0,2837.0,1280.0,867.0
2017-08-06,507.0,1905.0,3506.0,1453.0,1140.0,1918.0,1548.0,2650.0,2027.0,920.0,2430.0,1240.0,809.0,917.0,950.0,816.0,1676.0,1398.0,984.0,2087.0,1541.0,703.0,902.0,1757.0,957.0,623.0,1998.0,1814.0,1549.0,671.0,1655.0,615.0,895.0,2036.0,722.0,1235.0,1054.0,1762.0,1455.0,1247.0,1540.0,1146.0,1694.0,5015.0,4598.0,4400.0,4500.0,3941.0,3349.0,2969.0,1854.0,2711.0,1308.0,1065.0
2017-08-07,1665.0,1700.0,3046.0,1231.0,1348.0,1646.0,1775.0,2646.0,2200.0,947.0,2322.0,1170.0,888.0,1269.0,1454.0,693.0,1456.0,1238.0,1150.0,1525.0,1052.0,724.0,930.0,2099.0,899.0,483.0,1596.0,1115.0,1145.0,724.0,1371.0,563.0,890.0,1949.0,667.0,1077.0,1477.0,1380.0,1355.0,1489.0,1102.0,1086.0,1562.0,4049.0,3756.0,3333.0,3808.0,2937.0,2860.0,2694.0,1528.0,2152.0,1009.0,842.0
2017-08-08,1766.0,1688.0,2835.0,1222.0,1183.0,1569.0,1618.0,2497.0,2035.0,903.0,2285.0,1148.0,824.0,1215.0,1424.0,653.0,1433.0,1337.0,1118.0,1543.0,1112.0,730.0,908.0,2097.0,823.0,450.0,1397.0,1211.0,1218.0,739.0,1368.0,574.0,879.0,1983.0,660.0,1157.0,1406.0,1349.0,1471.0,1458.0,1006.0,1026.0,1475.0,3690.0,3476.0,3057.0,3424.0,2607.0,2635.0,2545.0,1469.0,1997.0,977.0,752.0
2017-08-09,1766.0,1786.0,2962.0,1325.0,1275.0,1649.0,1750.0,2739.0,2003.0,843.0,2306.0,1118.0,774.0,1212.0,1327.0,673.0,1284.0,1145.0,1120.0,1416.0,965.0,734.0,1043.0,2221.0,1014.0,506.0,1587.0,1050.0,1051.0,709.0,1247.0,542.0,857.0,2025.0,586.0,999.0,1536.0,1547.0,1318.0,1263.0,1182.0,1063.0,1443.0,4239.0,3631.0,3173.0,3644.0,2590.0,2854.0,2480.0,1748.0,2300.0,1084.0,748.0
2017-08-10,1764.0,1695.0,2841.0,1281.0,1262.0,1527.0,1702.0,2649.0,1923.0,853.0,2176.0,1182.0,819.0,1241.0,1355.0,667.0,1267.0,1102.0,1062.0,1520.0,882.0,730.0,979.0,2149.0,1044.0,451.0,1416.0,1023.0,1040.0,629.0,1204.0,596.0,815.0,2150.0,660.0,1040.0,1523.0,1488.0,1455.0,1293.0,1034.0,1083.0,1455.0,3974.0,3540.0,2937.0,3424.0,2627.0,2654.0,2600.0,1452.0,2165.0,994.0,670.0
2017-08-11,570.0,1698.0,2991.0,1301.0,1183.0,1747.0,1541.0,2212.0,1848.0,728.0,2254.0,1057.0,841.0,1072.0,1074.0,736.0,1524.0,930.0,1158.0,1751.0,1165.0,701.0,955.0,2008.0,2195.0,542.0,1936.0,1390.0,1199.0,640.0,1240.0,567.0,810.0,2256.0,847.0,1252.0,1122.0,1577.0,1170.0,1090.0,1316.0,1055.0,1532.0,4418.0,4302.0,3814.0,4009.0,3220.0,3117.0,2971.0,1922.0,2957.0,1272.0,768.0
2017-08-12,1004.0,1613.0,3070.0,1304.0,1061.0,1706.0,1612.0,2463.0,1920.0,953.0,2230.0,1103.0,1023.0,1359.0,1161.0,717.0,1547.0,990.0,1578.0,1664.0,1119.0,888.0,844.0,1943.0,1946.0,507.0,1773.0,1284.0,1196.0,636.0,1353.0,649.0,892.0,2026.0,842.0,1135.0,1182.0,1711.0,1314.0,1324.0,1254.0,1019.0,1540.0,4277.0,3994.0,3697.0,3825.0,3198.0,2985.0,2987.0,1590.0,2804.0,1212.0,903.0
2017-08-13,416.0,1658.0,3075.0,1378.0,1098.0,1781.0,1410.0,2355.0,1745.0,810.0,2101.0,1066.0,769.0,803.0,892.0,727.0,1563.0,1075.0,931.0,1834.0,1403.0,701.0,824.0,1520.0,1107.0,472.0,1804.0,1504.0,1298.0,673.0,1467.0,577.0,867.0,2081.0,658.0,1159.0,888.0,1544.0,1158.0,1095.0,1346.0,932.0,1700.0,4392.0,4054.0,3839.0,3741.0,3381.0,3028.0,2826.0,1816.0,2433.0,1164.0,1054.0
2017-08-14,1733.0,1788.0,3036.0,1285.0,1225.0,1593.0,1793.0,2723.0,1971.0,875.0,2203.0,1061.0,835.0,1293.0,1431.0,667.0,1323.0,1201.0,1173.0,1522.0,1045.0,794.0,974.0,2092.0,935.0,479.0,1576.0,1064.0,1031.0,683.0,1308.0,576.0,895.0,2145.0,594.0,995.0,1388.0,1483.0,1406.0,1376.0,1045.0,1027.0,1616.0,4039.0,3743.0,3274.0,3606.0,2824.0,2916.0,2555.0,1446.0,2074.0,895.0,818.0
2017-08-15,1693.0,1737.0,2956.0,1283.0,1310.0,1589.0,1780.0,2621.0,2155.0,1010.0,2360.0,1096.0,842.0,1241.0,1320.0,742.0,1504.0,1343.0,1158.0,1516.0,1059.0,766.0,946.0,2138.0,849.0,534.0,1543.0,1343.0,1302.0,825.0,1360.0,615.0,919.0,2007.0,612.0,1192.0,1373.0,1445.0,1425.0,1392.0,1003.0,995.0,1482.0,3815.0,3685.0,3197.0,3581.0,2722.0,2814.0,2804.0,1573.0,2255.0,932.0,802.0
