date,store_nbr,holiday,store_type,store_cluster,hol_type,hol_locale,locale_name,city,state
2012-03-02,52,True,A,11,Holiday,Local,Manta,Manta,Manabi
2012-03-02,53,True,D,13,Holiday,Local,Manta,Manta,Manabi
2012-04-12,37,True,D,2,Holiday,Local,Cuenca,Cuenca,Azuay
2012-04-12,39,True,B,6,Holiday,Local,Cuenca,Cuenca,Azuay
2012-04-12,42,True,D,2,Holiday,Local,Cuenca,Cuenca,Azuay
2012-04-14,36,True,E,10,Holiday,Local,Libertad,Libertad,Guayas
2012-04-21,14,True,C,7,Holiday,Local,Riobamba,Riobamba,Chimborazo
2012-05-12,22,True,C,7,Holiday,Local,Puyo,Puyo,Pastaza
2012-06-23,19,True,C,15,Holiday,Local,Guaranda,Guaranda,Bolivar
2012-06-25,12,True,C,15,Holiday,Local,Latacunga,Latacunga,Cotopaxi
2012-06-25,13,True,C,15,Holiday,Local,Latacunga,Latacunga,Cotopaxi
2012-06-25,40,True,C,3,Holiday,Local,Machala,Machala,El Oro
2012-06-25,41,True,D,4,Holiday,Local,Machala,Machala,El Oro
2012-07-03,5,True,D,4,Holiday,Local,Santo Domingo,Santo Domingo,Santo Domingo de los Tsachilas
2012-07-03,16,True,C,3,Holiday,Local,Santo Domingo,Santo Domingo,Santo Domingo de los Tsachilas
2012-07-03,21,True,B,6,Holiday,Local,Santo Domingo,Santo Domingo,Santo Domingo de los Tsachilas
2012-07-03,54,True,C,3,Holiday,Local,El Carmen,El Carmen,Manabi
2012-07-23,11,True,B,6,Holiday,Local,Cayambe,Cayambe,Pichincha
2012-08-05,43,True,E,10,Holiday,Local,Esmeraldas,Esmeraldas,Esmeraldas
2012-08-15,14,True,C,7,Holiday,Local,Riobamba,Riobamba,Chimborazo
2012-08-24,23,True,D,9,Holiday,Local,Ambato,Ambato,Tungurahua
2012-08-24,50,True,A,14,Holiday,Local,Ambato,Ambato,Tungurahua
2012-09-28,15,True,C,15,Holiday,Local,Ibarra,Ibarra,Imbabura
2012-10-07,33,True,C,3,Holiday,Local,Quevedo,Quevedo,Los Rios
2012-11-10,19,True,C,15,Holiday,Local,Guaranda,Guaranda,Bolivar
2012-11-11,12,True,C,15,Holiday,Local,Latacunga,Latacunga,Cotopaxi
2012-11-11,13,True,C,15,Holiday,Local,Latacunga,Latacunga,Cotopaxi
2012-11-12,23,True,D,9,Holiday,Local,Ambato,Ambato,Tungurahua
2012-11-12,50,True,A,14,Holiday,Local,Ambato,Ambato,Tungurahua
2012-12-05,1,True,D,13,Additional,Local,Quito,Quito,Pichincha
2012-12-05,2,True,D,13,Additional,Local,Quito,Quito,Pichincha
2012-12-05,3,True,D,8,Additional,Local,Quito,Quito,Pichincha
2012-12-05,4,True,D,9,Additional,Local,Quito,Quito,Pichincha
2012-12-05,6,True,D,13,Additional,Local,Quito,Quito,Pichincha
2012-12-05,7,True,D,8,Additional,Local,Quito,Quito,Pichincha
2012-12-05,8,True,D,8,Additional,Local,Quito,Quito,Pichincha
2012-12-05,9,True,B,6,Additional,Local,Quito,Quito,Pichincha
2012-12-05,10,True,C,15,Additional,Local,Quito,Quito,Pichincha
2012-12-05,17,True,C,12,Additional,Local,Quito,Quito,Pichincha
2012-12-05,18,True,B,16,Additional,Local,Quito,Quito,Pichincha
2012-12-05,20,True,B,6,Additional,Local,Quito,Quito,Pichincha
2012-12-05,44,True,A,5,Additional,Local,Quito,Quito,Pichincha
2012-12-05,45,True,A,11,Additional,Local,Quito,Quito,Pichincha
2012-12-05,46,True,A,14,Additional,Local,Quito,Quito,Pichincha
2012-12-05,47,True,A,14,Additional,Local,Quito,Quito,Pichincha
2012-12-05,48,True,A,14,Additional,Local,Quito,Quito,Pichincha
2012-12-05,49,True,A,11,Additional,Local,Quito,Quito,Pichincha
2012-12-06,1,True,D,13,Holiday,Local,Quito,Quito,Pichincha
2012-12-06,2,True,D,13,Holiday,Local,Quito,Quito,Pichincha
2012-12-06,3,True,D,8,Holiday,Local,Quito,Quito,Pichincha
2012-12-06,4,True,D,9,Holiday,Local,Quito,Quito,Pichincha
2012-12-06,6,True,D,13,Holiday,Local,Quito,Quito,Pichincha
2012-12-06,7,True,D,8,Holiday,Local,Quito,Quito,Pichincha
2012-12-06,8,True,D,8,Holiday,Local,Quito,Quito,Pichincha
2012-12-06,9,True,B,6,Holiday,Local,Quito,Quito,Pichincha
2012-12-06,10,True,C,15,Holiday,Local,Quito,Quito,Pichincha
2012-12-06,17,True,C,12,Holiday,Local,Quito,Quito,Pichincha
2012-12-06,18,True,B,16,Holiday,Local,Quito,Quito,Pichincha
2012-12-06,20,True,B,6,Holiday,Local,Quito,Quito,Pichincha
2012-12-06,44,True,A,5,Holiday,Local,Quito,Quito,Pichincha
2012-12-06,45,True,A,11,Holiday,Local,Quito,Quito,Pichincha
2012-12-06,46,True,A,14,Holiday,Local,Quito,Quito,Pichincha
2012-12-06,47,True,A,14,Holiday,Local,Quito,Quito,Pichincha
2012-12-06,48,True,A,14,Holiday,Local,Quito,Quito,Pichincha
2012-12-06,49,True,A,11,Holiday,Local,Quito,Quito,Pichincha
2012-12-08,38,True,D,4,Holiday,Local,Loja,Loja,Loja
2012-12-22,25,True,D,1,Holiday,Local,Salinas,Salinas,Santa Elena
2013-03-02,52,True,A,11,Holiday,Local,Manta,Manta,Manabi
2013-03-02,53,True,D,13,Holiday,Local,Manta,Manta,Manabi
2013-04-12,37,True,D,2,Holiday,Local,Cuenca,Cuenca,Azuay
2013-04-12,39,True,B,6,Holiday,Local,Cuenca,Cuenca,Azuay
2013-04-12,42,True,D,2,Holiday,Local,Cuenca,Cuenca,Azuay
2013-04-14,36,True,E,10,Holiday,Local,Libertad,Libertad,Guayas
2013-04-21,14,True,C,7,Holiday,Local,Riobamba,Riobamba,Chimborazo
2013-05-12,22,True,C,7,Holiday,Local,Puyo,Puyo,Pastaza
2013-06-23,19,True,C,15,Holiday,Local,Guaranda,Guaranda,Bolivar
2013-06-25,40,True,C,3,Holiday,Local,Machala,Machala,El Oro
2013-06-25,41,True,D,4,Holiday,Local,Machala,Machala,El Oro
2013-06-25,12,True,C,15,Holiday,Local,Latacunga,Latacunga,Cotopaxi
2013-06-25,13,True,C,15,Holiday,Local,Latacunga,Latacunga,Cotopaxi
2013-07-03,54,True,C,3,Holiday,Local,El Carmen,El Carmen,Manabi
2013-07-03,5,True,D,4,Holiday,Local,Santo Domingo,Santo Domingo,Santo Domingo de los Tsachilas
2013-07-03,16,True,C,3,Holiday,Local,Santo Domingo,Santo Domingo,Santo Domingo de los Tsachilas
2013-07-03,21,True,B,6,Holiday,Local,Santo Domingo,Santo Domingo,Santo Domingo de los Tsachilas
2013-07-23,11,True,B,6,Holiday,Local,Cayambe,Cayambe,Pichincha
2013-07-24,24,True,D,1,Additional,Local,Guayaquil,Guayaquil,Guayas
2013-07-24,26,True,D,10,Additional,Local,Guayaquil,Guayaquil,Guayas
2013-07-24,28,True,E,10,Additional,Local,Guayaquil,Guayaquil,Guayas
2013-07-24,29,True,E,10,Additional,Local,Guayaquil,Guayaquil,Guayas
2013-07-24,30,True,C,3,Additional,Local,Guayaquil,Guayaquil,Guayas
2013-07-24,32,True,C,3,Additional,Local,Guayaquil,Guayaquil,Guayas
2013-07-24,34,True,B,6,Additional,Local,Guayaquil,Guayaquil,Guayas
2013-07-24,51,True,A,17,Additional,Local,Guayaquil,Guayaquil,Guayas
2013-07-25,24,True,D,1,Holiday,Local,Guayaquil,Guayaquil,Guayas
2013-07-25,26,True,D,10,Holiday,Local,Guayaquil,Guayaquil,Guayas
2013-07-25,28,True,E,10,Holiday,Local,Guayaquil,Guayaquil,Guayas
2013-07-25,29,True,E,10,Holiday,Local,Guayaquil,Guayaquil,Guayas
2013-07-25,30,True,C,3,Holiday,Local,Guayaquil,Guayaquil,Guayas
2013-07-25,32,True,C,3,Holiday,Local,Guayaquil,Guayaquil,Guayas
2013-07-25,34,True,B,6,Holiday,Local,Guayaquil,Guayaquil,Guayas
2013-07-25,51,True,A,17,Holiday,Local,Guayaquil,Guayaquil,Guayas
2013-08-05,43,True,E,10,Holiday,Local,Esmeraldas,Esmeraldas,Esmeraldas
2013-08-15,14,True,C,7,Holiday,Local,Riobamba,Riobamba,Chimborazo
2013-08-24,23,True,D,9,Holiday,Local,Ambato,Ambato,Tungurahua
2013-08-24,50,True,A,14,Holiday,Local,Ambato,Ambato,Tungurahua
2013-09-28,15,True,C,15,Holiday,Local,Ibarra,Ibarra,Imbabura
2013-10-07,33,True,C,3,Holiday,Local,Quevedo,Quevedo,Los Rios
2013-11-10,19,True,C,15,Holiday,Local,Guaranda,Guaranda,Bolivar
2013-11-11,12,True,C,15,Holiday,Local,Latacunga,Latacunga,Cotopaxi
2013-11-11,13,True,C,15,Holiday,Local,Latacunga,Latacunga,Cotopaxi
2013-11-12,23,True,D,9,Holiday,Local,Ambato,Ambato,Tungurahua
2013-11-12,50,True,A,14,Holiday,Local,Ambato,Ambato,Tungurahua
2013-12-05,1,True,D,13,Additional,Local,Quito,Quito,Pichincha
2013-12-05,2,True,D,13,Additional,Local,Quito,Quito,Pichincha
2013-12-05,3,True,D,8,Additional,Local,Quito,Quito,Pichincha
2013-12-05,4,True,D,9,Additional,Local,Quito,Quito,Pichincha
2013-12-05,6,True,D,13,Additional,Local,Quito,Quito,Pichincha
2013-12-05,7,True,D,8,Additional,Local,Quito,Quito,Pichincha
2013-12-05,8,True,D,8,Additional,Local,Quito,Quito,Pichincha
2013-12-05,9,True,B,6,Additional,Local,Quito,Quito,Pichincha
2013-12-05,10,True,C,15,Additional,Local,Quito,Quito,Pichincha
2013-12-05,17,True,C,12,Additional,Local,Quito,Quito,Pichincha
2013-12-05,18,True,B,16,Additional,Local,Quito,Quito,Pichincha
2013-12-05,20,True,B,6,Additional,Local,Quito,Quito,Pichincha
2013-12-05,44,True,A,5,Additional,Local,Quito,Quito,Pichincha
2013-12-05,45,True,A,11,Additional,Local,Quito,Quito,Pichincha
2013-12-05,46,True,A,14,Additional,Local,Quito,Quito,Pichincha
2013-12-05,47,True,A,14,Additional,Local,Quito,Quito,Pichincha
2013-12-05,48,True,A,14,Additional,Local,Quito,Quito,Pichincha
2013-12-05,49,True,A,11,Additional,Local,Quito,Quito,Pichincha
2013-12-06,1,True,D,13,Holiday,Local,Quito,Quito,Pichincha
2013-12-06,2,True,D,13,Holiday,Local,Quito,Quito,Pichincha
2013-12-06,3,True,D,8,Holiday,Local,Quito,Quito,Pichincha
2013-12-06,4,True,D,9,Holiday,Local,Quito,Quito,Pichincha
2013-12-06,6,True,D,13,Holiday,Local,Quito,Quito,Pichincha
2013-12-06,7,True,D,8,Holiday,Local,Quito,Quito,Pichincha
2013-12-06,8,True,D,8,Holiday,Local,Quito,Quito,Pichincha
2013-12-06,9,True,B,6,Holiday,Local,Quito,Quito,Pichincha
2013-12-06,10,True,C,15,Holiday,Local,Quito,Quito,Pichincha
2013-12-06,17,True,C,12,Holiday,Local,Quito,Quito,Pichincha
2013-12-06,18,True,B,16,Holiday,Local,Quito,Quito,Pichincha
2013-12-06,20,True,B,6,Holiday,Local,Quito,Quito,Pichincha
2013-12-06,44,True,A,5,Holiday,Local,Quito,Quito,Pichincha
2013-12-06,45,True,A,11,Holiday,Local,Quito,Quito,Pichincha
2013-12-06,46,True,A,14,Holiday,Local,Quito,Quito,Pichincha
2013-12-06,47,True,A,14,Holiday,Local,Quito,Quito,Pichincha
2013-12-06,48,True,A,14,Holiday,Local,Quito,Quito,Pichincha
2013-12-06,49,True,A,11,Holiday,Local,Quito,Quito,Pichincha
2013-12-08,38,True,D,4,Holiday,Local,Loja,Loja,Loja
2013-12-22,25,True,D,1,Holiday,Local,Salinas,Salinas,Santa Elena
2014-03-02,52,True,A,11,Holiday,Local,Manta,Manta,Manabi
2014-03-02,53,True,D,13,Holiday,Local,Manta,Manta,Manabi
2014-04-12,37,True,D,2,Holiday,Local,Cuenca,Cuenca,Azuay
2014-04-12,39,True,B,6,Holiday,Local,Cuenca,Cuenca,Azuay
2014-04-12,42,True,D,2,Holiday,Local,Cuenca,Cuenca,Azuay
2014-04-14,36,True,E,10,Holiday,Local,Libertad,Libertad,Guayas
2014-04-21,14,True,C,7,Holiday,Local,Riobamba,Riobamba,Chimborazo
2014-05-12,22,True,C,7,Holiday,Local,Puyo,Puyo,Pastaza
2014-06-23,19,True,C,15,Holiday,Local,Guaranda,Guaranda,Bolivar
2014-06-25,12,True,C,15,Holiday,Local,Latacunga,Latacunga,Cotopaxi
2014-06-25,13,True,C,15,Holiday,Local,Latacunga,Latacunga,Cotopaxi
2014-06-25,40,True,C,3,Holiday,Local,Machala,Machala,El Oro
2014-06-25,41,True,D,4,Holiday,Local,Machala,Machala,El Oro
2014-07-03,54,True,C,3,Holiday,Local,El Carmen,El Carmen,Manabi
2014-07-03,5,True,D,4,Holiday,Local,Santo Domingo,Santo Domingo,Santo Domingo de los Tsachilas
2014-07-03,16,True,C,3,Holiday,Local,Santo Domingo,Santo Domingo,Santo Domingo de los Tsachilas
2014-07-03,21,True,B,6,Holiday,Local,Santo Domingo,Santo Domingo,Santo Domingo de los Tsachilas
2014-07-23,11,True,B,6,Holiday,Local,Cayambe,Cayambe,Pichincha
2014-07-24,24,True,D,1,Additional,Local,Guayaquil,Guayaquil,Guayas
2014-07-24,26,True,D,10,Additional,Local,Guayaquil,Guayaquil,Guayas
2014-07-24,28,True,E,10,Additional,Local,Guayaquil,Guayaquil,Guayas
2014-07-24,29,True,E,10,Additional,Local,Guayaquil,Guayaquil,Guayas
2014-07-24,30,True,C,3,Additional,Local,Guayaquil,Guayaquil,Guayas
2014-07-24,32,True,C,3,Additional,Local,Guayaquil,Guayaquil,Guayas
2014-07-24,34,True,B,6,Additional,Local,Guayaquil,Guayaquil,Guayas
2014-07-24,51,True,A,17,Additional,Local,Guayaquil,Guayaquil,Guayas
2014-07-25,24,True,D,1,Holiday,Local,Guayaquil,Guayaquil,Guayas
2014-07-25,26,True,D,10,Holiday,Local,Guayaquil,Guayaquil,Guayas
2014-07-25,28,True,E,10,Holiday,Local,Guayaquil,Guayaquil,Guayas
2014-07-25,29,True,E,10,Holiday,Local,Guayaquil,Guayaquil,Guayas
2014-07-25,30,True,C,3,Holiday,Local,Guayaquil,Guayaquil,Guayas
2014-07-25,32,True,C,3,Holiday,Local,Guayaquil,Guayaquil,Guayas
2014-07-25,34,True,B,6,Holiday,Local,Guayaquil,Guayaquil,Guayas
2014-07-25,51,True,A,17,Holiday,Local,Guayaquil,Guayaquil,Guayas
2014-08-05,43,True,E,10,Holiday,Local,Esmeraldas,Esmeraldas,Esmeraldas
2014-08-15,14,True,C,7,Holiday,Local,Riobamba,Riobamba,Chimborazo
2014-08-24,23,True,D,9,Holiday,Local,Ambato,Ambato,Tungurahua
2014-08-24,50,True,A,14,Holiday,Local,Ambato,Ambato,Tungurahua
2014-09-28,15,True,C,15,Holiday,Local,Ibarra,Ibarra,Imbabura
2014-10-07,33,True,C,3,Holiday,Local,Quevedo,Quevedo,Los Rios
2014-11-10,19,True,C,15,Holiday,Local,Guaranda,Guaranda,Bolivar
2014-11-11,12,True,C,15,Holiday,Local,Latacunga,Latacunga,Cotopaxi
2014-11-11,13,True,C,15,Holiday,Local,Latacunga,Latacunga,Cotopaxi
2014-11-12,23,True,D,9,Holiday,Local,Ambato,Ambato,Tungurahua
2014-11-12,50,True,A,14,Holiday,Local,Ambato,Ambato,Tungurahua
2014-12-05,1,True,D,13,Additional,Local,Quito,Quito,Pichincha
2014-12-05,2,True,D,13,Additional,Local,Quito,Quito,Pichincha
2014-12-05,3,True,D,8,Additional,Local,Quito,Quito,Pichincha
2014-12-05,4,True,D,9,Additional,Local,Quito,Quito,Pichincha
2014-12-05,6,True,D,13,Additional,Local,Quito,Quito,Pichincha
2014-12-05,7,True,D,8,Additional,Local,Quito,Quito,Pichincha
2014-12-05,8,True,D,8,Additional,Local,Quito,Quito,Pichincha
2014-12-05,9,True,B,6,Additional,Local,Quito,Quito,Pichincha
2014-12-05,10,True,C,15,Additional,Local,Quito,Quito,Pichincha
2014-12-05,17,True,C,12,Additional,Local,Quito,Quito,Pichincha
2014-12-05,18,True,B,16,Additional,Local,Quito,Quito,Pichincha
2014-12-05,20,True,B,6,Additional,Local,Quito,Quito,Pichincha
2014-12-05,44,True,A,5,Additional,Local,Quito,Quito,Pichincha
2014-12-05,45,True,A,11,Additional,Local,Quito,Quito,Pichincha
2014-12-05,46,True,A,14,Additional,Local,Quito,Quito,Pichincha
2014-12-05,47,True,A,14,Additional,Local,Quito,Quito,Pichincha
2014-12-05,48,True,A,14,Additional,Local,Quito,Quito,Pichincha
2014-12-05,49,True,A,11,Additional,Local,Quito,Quito,Pichincha
2014-12-06,1,True,D,13,Holiday,Local,Quito,Quito,Pichincha
2014-12-06,2,True,D,13,Holiday,Local,Quito,Quito,Pichincha
2014-12-06,3,True,D,8,Holiday,Local,Quito,Quito,Pichincha
2014-12-06,4,True,D,9,Holiday,Local,Quito,Quito,Pichincha
2014-12-06,6,True,D,13,Holiday,Local,Quito,Quito,Pichincha
2014-12-06,7,True,D,8,Holiday,Local,Quito,Quito,Pichincha
2014-12-06,8,True,D,8,Holiday,Local,Quito,Quito,Pichincha
2014-12-06,9,True,B,6,Holiday,Local,Quito,Quito,Pichincha
2014-12-06,10,True,C,15,Holiday,Local,Quito,Quito,Pichincha
2014-12-06,17,True,C,12,Holiday,Local,Quito,Quito,Pichincha
2014-12-06,18,True,B,16,Holiday,Local,Quito,Quito,Pichincha
2014-12-06,20,True,B,6,Holiday,Local,Quito,Quito,Pichincha
2014-12-06,44,True,A,5,Holiday,Local,Quito,Quito,Pichincha
2014-12-06,45,True,A,11,Holiday,Local,Quito,Quito,Pichincha
2014-12-06,46,True,A,14,Holiday,Local,Quito,Quito,Pichincha
2014-12-06,47,True,A,14,Holiday,Local,Quito,Quito,Pichincha
2014-12-06,48,True,A,14,Holiday,Local,Quito,Quito,Pichincha
2014-12-06,49,True,A,11,Holiday,Local,Quito,Quito,Pichincha
2014-12-08,38,True,D,4,Holiday,Local,Loja,Loja,Loja
2014-12-22,25,True,D,1,Holiday,Local,Salinas,Salinas,Santa Elena
2015-03-02,52,True,A,11,Holiday,Local,Manta,Manta,Manabi
2015-03-02,53,True,D,13,Holiday,Local,Manta,Manta,Manabi
2015-04-12,37,True,D,2,Holiday,Local,Cuenca,Cuenca,Azuay
2015-04-12,39,True,B,6,Holiday,Local,Cuenca,Cuenca,Azuay
2015-04-12,42,True,D,2,Holiday,Local,Cuenca,Cuenca,Azuay
2015-04-14,36,True,E,10,Holiday,Local,Libertad,Libertad,Guayas
2015-04-21,14,True,C,7,Holiday,Local,Riobamba,Riobamba,Chimborazo
2015-05-12,22,True,C,7,Holiday,Local,Puyo,Puyo,Pastaza
2015-06-23,19,True,C,15,Holiday,Local,Guaranda,Guaranda,Bolivar
2015-06-25,40,True,C,3,Holiday,Local,Machala,Machala,El Oro
2015-06-25,41,True,D,4,Holiday,Local,Machala,Machala,El Oro
2015-06-25,12,True,C,15,Holiday,Local,Latacunga,Latacunga,Cotopaxi
2015-06-25,13,True,C,15,Holiday,Local,Latacunga,Latacunga,Cotopaxi
2015-07-03,54,True,C,3,Holiday,Local,El Carmen,El Carmen,Manabi
2015-07-03,5,True,D,4,Holiday,Local,Santo Domingo,Santo Domingo,Santo Domingo de los Tsachilas
2015-07-03,16,True,C,3,Holiday,Local,Santo Domingo,Santo Domingo,Santo Domingo de los Tsachilas
2015-07-03,21,True,B,6,Holiday,Local,Santo Domingo,Santo Domingo,Santo Domingo de los Tsachilas
2015-07-23,11,True,B,6,Holiday,Local,Cayambe,Cayambe,Pichincha
2015-07-24,24,True,D,1,Holiday,Local,Guayaquil,Guayaquil,Guayas
2015-07-24,26,True,D,10,Holiday,Local,Guayaquil,Guayaquil,Guayas
2015-07-24,28,True,E,10,Holiday,Local,Guayaquil,Guayaquil,Guayas
2015-07-24,29,True,E,10,Holiday,Local,Guayaquil,Guayaquil,Guayas
2015-07-24,30,True,C,3,Holiday,Local,Guayaquil,Guayaquil,Guayas
2015-07-24,32,True,C,3,Holiday,Local,Guayaquil,Guayaquil,Guayas
2015-07-24,34,True,B,6,Holiday,Local,Guayaquil,Guayaquil,Guayas
2015-07-24,51,True,A,17,Holiday,Local,Guayaquil,Guayaquil,Guayas
2015-07-25,24,True,D,1,Holiday,Local,Guayaquil,Guayaquil,Guayas
2015-07-25,26,True,D,10,Holiday,Local,Guayaquil,Guayaquil,Guayas
2015-07-25,28,True,E,10,Holiday,Local,Guayaquil,Guayaquil,Guayas
2015-07-25,29,True,E,10,Holiday,Local,Guayaquil,Guayaquil,Guayas
2015-07-25,30,True,C,3,Holiday,Local,Guayaquil,Guayaquil,Guayas
2015-07-25,32,True,C,3,Holiday,Local,Guayaquil,Guayaquil,Guayas
2015-07-25,34,True,B,6,Holiday,Local,Guayaquil,Guayaquil,Guayas
2015-07-25,51,True,A,17,Holiday,Local,Guayaquil,Guayaquil,Guayas
2015-08-05,43,True,E,10,Holiday,Local,Esmeraldas,Esmeraldas,Esmeraldas
2015-08-15,14,True,C,7,Holiday,Local,Riobamba,Riobamba,Chimborazo
2015-08-24,23,True,D,9,Holiday,Local,Ambato,Ambato,Tungurahua
2015-08-24,50,True,A,14,Holiday,Local,Ambato,Ambato,Tungurahua
2015-09-28,15,True,C,15,Holiday,Local,Ibarra,Ibarra,Imbabura
2015-10-07,33,True,C,3,Holiday,Local,Quevedo,Quevedo,Los Rios
2015-11-10,19,True,C,15,Holiday,Local,Guaranda,Guaranda,Bolivar
2015-11-11,12,True,C,15,Holiday,Local,Latacunga,Latacunga,Cotopaxi
2015-11-11,13,True,C,15,Holiday,Local,Latacunga,Latacunga,Cotopaxi
2015-11-12,23,True,D,9,Holiday,Local,Ambato,Ambato,Tungurahua
2015-11-12,50,True,A,14,Holiday,Local,Ambato,Ambato,Tungurahua
2015-12-05,1,True,D,13,Additional,Local,Quito,Quito,Pichincha
2015-12-05,2,True,D,13,Additional,Local,Quito,Quito,Pichincha
2015-12-05,3,True,D,8,Additional,Local,Quito,Quito,Pichincha
2015-12-05,4,True,D,9,Additional,Local,Quito,Quito,Pichincha
2015-12-05,6,True,D,13,Additional,Local,Quito,Quito,Pichincha
2015-12-05,7,True,D,8,Additional,Local,Quito,Quito,Pichincha
2015-12-05,8,True,D,8,Additional,Local,Quito,Quito,Pichincha
2015-12-05,9,True,B,6,Additional,Local,Quito,Quito,Pichincha
2015-12-05,10,True,C,15,Additional,Local,Quito,Quito,Pichincha
2015-12-05,17,True,C,12,Additional,Local,Quito,Quito,Pichincha
2015-12-05,18,True,B,16,Additional,Local,Quito,Quito,Pichincha
2015-12-05,20,True,B,6,Additional,Local,Quito,Quito,Pichincha
2015-12-05,44,True,A,5,Additional,Local,Quito,Quito,Pichincha
2015-12-05,45,True,A,11,Additional,Local,Quito,Quito,Pichincha
2015-12-05,46,True,A,14,Additional,Local,Quito,Quito,Pichincha
2015-12-05,47,True,A,14,Additional,Local,Quito,Quito,Pichincha
2015-12-05,48,True,A,14,Additional,Local,Quito,Quito,Pichincha
2015-12-05,49,True,A,11,Additional,Local,Quito,Quito,Pichincha
2015-12-06,1,True,D,13,Holiday,Local,Quito,Quito,Pichincha
2015-12-06,2,True,D,13,Holiday,Local,Quito,Quito,Pichincha
2015-12-06,3,True,D,8,Holiday,Local,Quito,Quito,Pichincha
2015-12-06,4,True,D,9,Holiday,Local,Quito,Quito,Pichincha
2015-12-06,6,True,D,13,Holiday,Local,Quito,Quito,Pichincha
2015-12-06,7,True,D,8,Holiday,Local,Quito,Quito,Pichincha
2015-12-06,8,True,D,8,Holiday,Local,Quito,Quito,Pichincha
2015-12-06,9,True,B,6,Holiday,Local,Quito,Quito,Pichincha
2015-12-06,10,True,C,15,Holiday,Local,Quito,Quito,Pichincha
2015-12-06,17,True,C,12,Holiday,Local,Quito,Quito,Pichincha
2015-12-06,18,True,B,16,Holiday,Local,Quito,Quito,Pichincha
2015-12-06,20,True,B,6,Holiday,Local,Quito,Quito,Pichincha
2015-12-06,44,True,A,5,Holiday,Local,Quito,Quito,Pichincha
2015-12-06,45,True,A,11,Holiday,Local,Quito,Quito,Pichincha
2015-12-06,46,True,A,14,Holiday,Local,Quito,Quito,Pichincha
2015-12-06,47,True,A,14,Holiday,Local,Quito,Quito,Pichincha
2015-12-06,48,True,A,14,Holiday,Local,Quito,Quito,Pichincha
2015-12-06,49,True,A,11,Holiday,Local,Quito,Quito,Pichincha
2015-12-08,38,True,D,4,Holiday,Local,Loja,Loja,Loja
2015-12-22,25,True,D,1,Holiday,Local,Salinas,Salinas,Santa Elena
2016-03-02,52,True,A,11,Holiday,Local,Manta,Manta,Manabi
2016-03-02,53,True,D,13,Holiday,Local,Manta,Manta,Manabi
2016-04-12,37,True,D,2,Holiday,Local,Cuenca,Cuenca,Azuay
2016-04-12,39,True,B,6,Holiday,Local,Cuenca,Cuenca,Azuay
2016-04-12,42,True,D,2,Holiday,Local,Cuenca,Cuenca,Azuay
2016-04-14,36,True,E,10,Holiday,Local,Libertad,Libertad,Guayas
2016-04-21,14,True,C,7,Holiday,Local,Riobamba,Riobamba,Chimborazo
2016-05-12,22,True,C,7,Holiday,Local,Puyo,Puyo,Pastaza
2016-06-23,19,True,C,15,Holiday,Local,Guaranda,Guaranda,Bolivar
2016-06-25,40,True,C,3,Holiday,Local,Machala,Machala,El Oro
2016-06-25,41,True,D,4,Holiday,Local,Machala,Machala,El Oro
2016-06-25,12,True,C,15,Holiday,Local,Latacunga,Latacunga,Cotopaxi
2016-06-25,13,True,C,15,Holiday,Local,Latacunga,Latacunga,Cotopaxi
2016-07-03,54,True,C,3,Holiday,Local,El Carmen,El Carmen,Manabi
2016-07-03,5,True,D,4,Holiday,Local,Santo Domingo,Santo Domingo,Santo Domingo de los Tsachilas
2016-07-03,16,True,C,3,Holiday,Local,Santo Domingo,Santo Domingo,Santo Domingo de los Tsachilas
2016-07-03,21,True,B,6,Holiday,Local,Santo Domingo,Santo Domingo,Santo Domingo de los Tsachilas
2016-07-23,11,True,B,6,Holiday,Local,Cayambe,Cayambe,Pichincha
2016-07-24,24,True,D,1,Additional,Local,Guayaquil,Guayaquil,Guayas
2016-07-24,26,True,D,10,Additional,Local,Guayaquil,Guayaquil,Guayas
2016-07-24,28,True,E,10,Additional,Local,Guayaquil,Guayaquil,Guayas
2016-07-24,29,True,E,10,Additional,Local,Guayaquil,Guayaquil,Guayas
2016-07-24,30,True,C,3,Additional,Local,Guayaquil,Guayaquil,Guayas
2016-07-24,32,True,C,3,Additional,Local,Guayaquil,Guayaquil,Guayas
2016-07-24,34,True,B,6,Additional,Local,Guayaquil,Guayaquil,Guayas
2016-07-24,51,True,A,17,Additional,Local,Guayaquil,Guayaquil,Guayas
2016-07-24,24,True,D,1,Transfer,Local,Guayaquil,Guayaquil,Guayas
2016-07-24,26,True,D,10,Transfer,Local,Guayaquil,Guayaquil,Guayas
2016-07-24,28,True,E,10,Transfer,Local,Guayaquil,Guayaquil,Guayas
2016-07-24,29,True,E,10,Transfer,Local,Guayaquil,Guayaquil,Guayas
2016-07-24,30,True,C,3,Transfer,Local,Guayaquil,Guayaquil,Guayas
2016-07-24,32,True,C,3,Transfer,Local,Guayaquil,Guayaquil,Guayas
2016-07-24,34,True,B,6,Transfer,Local,Guayaquil,Guayaquil,Guayas
2016-07-24,51,True,A,17,Transfer,Local,Guayaquil,Guayaquil,Guayas
2016-07-25,24,False,D,1,Holiday,Local,Guayaquil,Guayaquil,Guayas
2016-07-25,26,False,D,10,Holiday,Local,Guayaquil,Guayaquil,Guayas
2016-07-25,28,False,E,10,Holiday,Local,Guayaquil,Guayaquil,Guayas
2016-07-25,29,False,E,10,Holiday,Local,Guayaquil,Guayaquil,Guayas
2016-07-25,30,False,C,3,Holiday,Local,Guayaquil,Guayaquil,Guayas
2016-07-25,32,False,C,3,Holiday,Local,Guayaquil,Guayaquil,Guayas
2016-07-25,34,False,B,6,Holiday,Local,Guayaquil,Guayaquil,Guayas
2016-07-25,51,False,A,17,Holiday,Local,Guayaquil,Guayaquil,Guayas
2016-08-05,43,True,E,10,Holiday,Local,Esmeraldas,Esmeraldas,Esmeraldas
2016-08-15,14,True,C,7,Holiday,Local,Riobamba,Riobamba,Chimborazo
2016-08-24,23,True,D,9,Holiday,Local,Ambato,Ambato,Tungurahua
2016-08-24,50,True,A,14,Holiday,Local,Ambato,Ambato,Tungurahua
2016-09-28,15,True,C,15,Holiday,Local,Ibarra,Ibarra,Imbabura
2016-10-07,33,True,C,3,Holiday,Local,Quevedo,Quevedo,Los Rios
2016-11-10,19,True,C,15,Holiday,Local,Guaranda,Guaranda,Bolivar
2016-11-11,12,True,C,15,Holiday,Local,Latacunga,Latacunga,Cotopaxi
2016-11-11,13,True,C,15,Holiday,Local,Latacunga,Latacunga,Cotopaxi
2016-11-12,23,True,D,9,Holiday,Local,Ambato,Ambato,Tungurahua
2016-11-12,50,True,A,14,Holiday,Local,Ambato,Ambato,Tungurahua
2016-12-05,1,True,D,13,Additional,Local,Quito,Quito,Pichincha
2016-12-05,2,True,D,13,Additional,Local,Quito,Quito,Pichincha
2016-12-05,3,True,D,8,Additional,Local,Quito,Quito,Pichincha
2016-12-05,4,True,D,9,Additional,Local,Quito,Quito,Pichincha
2016-12-05,6,True,D,13,Additional,Local,Quito,Quito,Pichincha
2016-12-05,7,True,D,8,Additional,Local,Quito,Quito,Pichincha
2016-12-05,8,True,D,8,Additional,Local,Quito,Quito,Pichincha
2016-12-05,9,True,B,6,Additional,Local,Quito,Quito,Pichincha
2016-12-05,10,True,C,15,Additional,Local,Quito,Quito,Pichincha
2016-12-05,17,True,C,12,Additional,Local,Quito,Quito,Pichincha
2016-12-05,18,True,B,16,Additional,Local,Quito,Quito,Pichincha
2016-12-05,20,True,B,6,Additional,Local,Quito,Quito,Pichincha
2016-12-05,44,True,A,5,Additional,Local,Quito,Quito,Pichincha
2016-12-05,45,True,A,11,Additional,Local,Quito,Quito,Pichincha
2016-12-05,46,True,A,14,Additional,Local,Quito,Quito,Pichincha
2016-12-05,47,True,A,14,Additional,Local,Quito,Quito,Pichincha
2016-12-05,48,True,A,14,Additional,Local,Quito,Quito,Pichincha
2016-12-05,49,True,A,11,Additional,Local,Quito,Quito,Pichincha
2016-12-06,1,True,D,13,Holiday,Local,Quito,Quito,Pichincha
2016-12-06,2,True,D,13,Holiday,Local,Quito,Quito,Pichincha
2016-12-06,3,True,D,8,Holiday,Local,Quito,Quito,Pichincha
2016-12-06,4,True,D,9,Holiday,Local,Quito,Quito,Pichincha
2016-12-06,6,True,D,13,Holiday,Local,Quito,Quito,Pichincha
2016-12-06,7,True,D,8,Holiday,Local,Quito,Quito,Pichincha
2016-12-06,8,True,D,8,Holiday,Local,Quito,Quito,Pichincha
2016-12-06,9,True,B,6,Holiday,Local,Quito,Quito,Pichincha
2016-12-06,10,True,C,15,Holiday,Local,Quito,Quito,Pichincha
2016-12-06,17,True,C,12,Holiday,Local,Quito,Quito,Pichincha
2016-12-06,18,True,B,16,Holiday,Local,Quito,Quito,Pichincha
2016-12-06,20,True,B,6,Holiday,Local,Quito,Quito,Pichincha
2016-12-06,44,True,A,5,Holiday,Local,Quito,Quito,Pichincha
2016-12-06,45,True,A,11,Holiday,Local,Quito,Quito,Pichincha
2016-12-06,46,True,A,14,Holiday,Local,Quito,Quito,Pichincha
2016-12-06,47,True,A,14,Holiday,Local,Quito,Quito,Pichincha
2016-12-06,48,True,A,14,Holiday,Local,Quito,Quito,Pichincha
2016-12-06,49,True,A,11,Holiday,Local,Quito,Quito,Pichincha
2016-12-08,38,True,D,4,Holiday,Local,Loja,Loja,Loja
2016-12-22,25,True,D,1,Holiday,Local,Salinas,Salinas,Santa Elena
2017-03-02,52,True,A,11,Holiday,Local,Manta,Manta,Manabi
2017-03-02,53,True,D,13,Holiday,Local,Manta,Manta,Manabi
2017-04-12,37,False,D,2,Holiday,Local,Cuenca,Cuenca,Azuay
2017-04-12,39,False,B,6,Holiday,Local,Cuenca,Cuenca,Azuay
2017-04-12,42,False,D,2,Holiday,Local,Cuenca,Cuenca,Azuay
2017-04-13,37,True,D,2,Transfer,Local,Cuenca,Cuenca,Azuay
2017-04-13,39,True,B,6,Transfer,Local,Cuenca,Cuenca,Azuay
2017-04-13,42,True,D,2,Transfer,Local,Cuenca,Cuenca,Azuay
2017-04-14,36,True,E,10,Holiday,Local,Libertad,Libertad,Guayas
2017-04-21,14,True,C,7,Holiday,Local,Riobamba,Riobamba,Chimborazo
2017-05-12,22,True,C,7,Holiday,Local,Puyo,Puyo,Pastaza
2017-06-23,19,True,C,15,Holiday,Local,Guaranda,Guaranda,Bolivar
2017-06-25,12,True,C,15,Holiday,Local,Latacunga,Latacunga,Cotopaxi
2017-06-25,13,True,C,15,Holiday,Local,Latacunga,Latacunga,Cotopaxi
2017-06-25,40,True,C,3,Holiday,Local,Machala,Machala,El Oro
2017-06-25,41,True,D,4,Holiday,Local,Machala,Machala,El Oro
2017-07-03,54,True,C,3,Holiday,Local,El Carmen,El Carmen,Manabi
2017-07-03,5,True,D,4,Holiday,Local,Santo Domingo,Santo Domingo,Santo Domingo de los Tsachilas
2017-07-03,16,True,C,3,Holiday,Local,Santo Domingo,Santo Domingo,Santo Domingo de los Tsachilas
2017-07-03,21,True,B,6,Holiday,Local,Santo Domingo,Santo Domingo,Santo Domingo de los Tsachilas
2017-07-23,11,True,B,6,Holiday,Local,Cayambe,Cayambe,Pichincha
2017-07-24,24,True,D,1,Additional,Local,Guayaquil,Guayaquil,Guayas
2017-07-24,26,True,D,10,Additional,Local,Guayaquil,Guayaquil,Guayas
2017-07-24,28,True,E,10,Additional,Local,Guayaquil,Guayaquil,Guayas
2017-07-24,29,True,E,10,Additional,Local,Guayaquil,Guayaquil,Guayas
2017-07-24,30,True,C,3,Additional,Local,Guayaquil,Guayaquil,Guayas
2017-07-24,32,True,C,3,Additional,Local,Guayaquil,Guayaquil,Guayas
2017-07-24,34,True,B,6,Additional,Local,Guayaquil,Guayaquil,Guayas
2017-07-24,51,True,A,17,Additional,Local,Guayaquil,Guayaquil,Guayas
2017-07-25,24,True,D,1,Additional,Local,Guayaquil,Guayaquil,Guayas
2017-07-25,26,True,D,10,Additional,Local,Guayaquil,Guayaquil,Guayas
2017-07-25,28,True,E,10,Additional,Local,Guayaquil,Guayaquil,Guayas
2017-07-25,29,True,E,10,Additional,Local,Guayaquil,Guayaquil,Guayas
2017-07-25,30,True,C,3,Additional,Local,Guayaquil,Guayaquil,Guayas
2017-07-25,32,True,C,3,Additional,Local,Guayaquil,Guayaquil,Guayas
2017-07-25,34,True,B,6,Additional,Local,Guayaquil,Guayaquil,Guayas
2017-07-25,51,True,A,17,Additional,Local,Guayaquil,Guayaquil,Guayas
2017-08-05,43,True,E,10,Holiday,Local,Esmeraldas,Esmeraldas,Esmeraldas
2017-08-15,14,True,C,7,Holiday,Local,Riobamba,Riobamba,Chimborazo
2017-08-24,23,True,D,9,Holiday,Local,Ambato,Ambato,Tungurahua
2017-08-24,50,True,A,14,Holiday,Local,Ambato,Ambato,Tungurahua
2017-09-28,15,False,C,15,Holiday,Local,Ibarra,Ibarra,Imbabura
2017-09-29,15,True,C,15,Transfer,Local,Ibarra,Ibarra,Imbabura
2017-10-07,33,True,C,3,Holiday,Local,Quevedo,Quevedo,Los Rios
2017-11-10,19,True,C,15,Holiday,Local,Guaranda,Guaranda,Bolivar
2017-11-11,12,True,C,15,Holiday,Local,Latacunga,Latacunga,Cotopaxi
2017-11-11,13,True,C,15,Holiday,Local,Latacunga,Latacunga,Cotopaxi
2017-11-12,23,True,D,9,Holiday,Local,Ambato,Ambato,Tungurahua
2017-11-12,50,True,A,14,Holiday,Local,Ambato,Ambato,Tungurahua
2017-12-05,1,True,D,13,Additional,Local,Quito,Quito,Pichincha
2017-12-05,2,True,D,13,Additional,Local,Quito,Quito,Pichincha
2017-12-05,3,True,D,8,Additional,Local,Quito,Quito,Pichincha
2017-12-05,4,True,D,9,Additional,Local,Quito,Quito,Pichincha
2017-12-05,6,True,D,13,Additional,Local,Quito,Quito,Pichincha
2017-12-05,7,True,D,8,Additional,Local,Quito,Quito,Pichincha
2017-12-05,8,True,D,8,Additional,Local,Quito,Quito,Pichincha
2017-12-05,9,True,B,6,Additional,Local,Quito,Quito,Pichincha
2017-12-05,10,True,C,15,Additional,Local,Quito,Quito,Pichincha
2017-12-05,17,True,C,12,Additional,Local,Quito,Quito,Pichincha
2017-12-05,18,True,B,16,Additional,Local,Quito,Quito,Pichincha
2017-12-05,20,True,B,6,Additional,Local,Quito,Quito,Pichincha
2017-12-05,44,True,A,5,Additional,Local,Quito,Quito,Pichincha
2017-12-05,45,True,A,11,Additional,Local,Quito,Quito,Pichincha
2017-12-05,46,True,A,14,Additional,Local,Quito,Quito,Pichincha
2017-12-05,47,True,A,14,Additional,Local,Quito,Quito,Pichincha
2017-12-05,48,True,A,14,Additional,Local,Quito,Quito,Pichincha
2017-12-05,49,True,A,11,Additional,Local,Quito,Quito,Pichincha
2017-12-06,1,False,D,13,Holiday,Local,Quito,Quito,Pichincha
2017-12-06,2,False,D,13,Holiday,Local,Quito,Quito,Pichincha
2017-12-06,3,False,D,8,Holiday,Local,Quito,Quito,Pichincha
2017-12-06,4,False,D,9,Holiday,Local,Quito,Quito,Pichincha
2017-12-06,6,False,D,13,Holiday,Local,Quito,Quito,Pichincha
2017-12-06,7,False,D,8,Holiday,Local,Quito,Quito,Pichincha
2017-12-06,8,False,D,8,Holiday,Local,Quito,Quito,Pichincha
2017-12-06,9,False,B,6,Holiday,Local,Quito,Quito,Pichincha
2017-12-06,10,False,C,15,Holiday,Local,Quito,Quito,Pichincha
2017-12-06,17,False,C,12,Holiday,Local,Quito,Quito,Pichincha
2017-12-06,18,False,B,16,Holiday,Local,Quito,Quito,Pichincha
2017-12-06,20,False,B,6,Holiday,Local,Quito,Quito,Pichincha
2017-12-06,44,False,A,5,Holiday,Local,Quito,Quito,Pichincha
2017-12-06,45,False,A,11,Holiday,Local,Quito,Quito,Pichincha
2017-12-06,46,False,A,14,Holiday,Local,Quito,Quito,Pichincha
2017-12-06,47,False,A,14,Holiday,Local,Quito,Quito,Pichincha
2017-12-06,48,False,A,14,Holiday,Local,Quito,Quito,Pichincha
2017-12-06,49,False,A,11,Holiday,Local,Quito,Quito,Pichincha
2017-12-08,38,True,D,4,Holiday,Local,Loja,Loja,Loja
2017-12-08,1,True,D,13,Transfer,Local,Quito,Quito,Pichincha
2017-12-08,2,True,D,13,Transfer,Local,Quito,Quito,Pichincha
2017-12-08,3,True,D,8,Transfer,Local,Quito,Quito,Pichincha
2017-12-08,4,True,D,9,Transfer,Local,Quito,Quito,Pichincha
2017-12-08,6,True,D,13,Transfer,Local,Quito,Quito,Pichincha
2017-12-08,7,True,D,8,Transfer,Local,Quito,Quito,Pichincha
2017-12-08,8,True,D,8,Transfer,Local,Quito,Quito,Pichincha
2017-12-08,9,True,B,6,Transfer,Local,Quito,Quito,Pichincha
2017-12-08,10,True,C,15,Transfer,Local,Quito,Quito,Pichincha
2017-12-08,17,True,C,12,Transfer,Local,Quito,Quito,Pichincha
2017-12-08,18,True,B,16,Transfer,Local,Quito,Quito,Pichincha
2017-12-08,20,True,B,6,Transfer,Local,Quito,Quito,Pichincha
2017-12-08,44,True,A,5,Transfer,Local,Quito,Quito,Pichincha
2017-12-08,45,True,A,11,Transfer,Local,Quito,Quito,Pichincha
2017-12-08,46,True,A,14,Transfer,Local,Quito,Quito,Pichincha
2017-12-08,47,True,A,14,Transfer,Local,Quito,Quito,Pichincha
2017-12-08,48,True,A,14,Transfer,Local,Quito,Quito,Pichincha
2017-12-08,49,True,A,11,Transfer,Local,Quito,Quito,Pichincha
2017-12-22,25,True,D,1,Holiday,Local,Salinas,Salinas,Santa Elena
2012-04-01,12,True,C,15,Holiday,Regional,Cotopaxi,Latacunga,Cotopaxi
2012-04-01,13,True,C,15,Holiday,Regional,Cotopaxi,Latacunga,Cotopaxi
2012-06-25,15,True,C,15,Holiday,Regional,Imbabura,Ibarra,Imbabura
2012-11-06,5,True,D,4,Holiday,Regional,Santo Domingo de los Tsachilas,Santo Domingo,Santo Domingo de los Tsachilas
2012-11-06,16,True,C,3,Holiday,Regional,Santo Domingo de los Tsachilas,Santo Domingo,Santo Domingo de los Tsachilas
2012-11-06,21,True,B,6,Holiday,Regional,Santo Domingo de los Tsachilas,Santo Domingo,Santo Domingo de los Tsachilas
2012-11-07,25,True,D,1,Holiday,Regional,Santa Elena,Salinas,Santa Elena
2013-04-01,12,True,C,15,Holiday,Regional,Cotopaxi,Latacunga,Cotopaxi
2013-04-01,13,True,C,15,Holiday,Regional,Cotopaxi,Latacunga,Cotopaxi
2013-06-25,15,True,C,15,Holiday,Regional,Imbabura,Ibarra,Imbabura
2013-11-06,5,True,D,4,Holiday,Regional,Santo Domingo de los Tsachilas,Santo Domingo,Santo Domingo de los Tsachilas
2013-11-06,16,True,C,3,Holiday,Regional,Santo Domingo de los Tsachilas,Santo Domingo,Santo Domingo de los Tsachilas
2013-11-06,21,True,B,6,Holiday,Regional,Santo Domingo de los Tsachilas,Santo Domingo,Santo Domingo de los Tsachilas
2013-11-07,25,True,D,1,Holiday,Regional,Santa Elena,Salinas,Santa Elena
2014-04-01,12,True,C,15,Holiday,Regional,Cotopaxi,Latacunga,Cotopaxi
2014-04-01,13,True,C,15,Holiday,Regional,Cotopaxi,Latacunga,Cotopaxi
2014-06-25,15,True,C,15,Holiday,Regional,Imbabura,Ibarra,Imbabura
2014-11-06,5,True,D,4,Holiday,Regional,Santo Domingo de los Tsachilas,Santo Domingo,Santo Domingo de los Tsachilas
2014-11-06,16,True,C,3,Holiday,Regional,Santo Domingo de los Tsachilas,Santo Domingo,Santo Domingo de los Tsachilas
2014-11-06,21,True,B,6,Holiday,Regional,Santo Domingo de los Tsachilas,Santo Domingo,Santo Domingo de los Tsachilas
2014-11-07,25,True,D,1,Holiday,Regional,Santa Elena,Salinas,Santa Elena
2015-04-01,12,True,C,15,Holiday,Regional,Cotopaxi,Latacunga,Cotopaxi
2015-04-01,13,True,C,15,Holiday,Regional,Cotopaxi,Latacunga,Cotopaxi
2015-06-25,15,True,C,15,Holiday,Regional,Imbabura,Ibarra,Imbabura
2015-11-06,5,True,D,4,Holiday,Regional,Santo Domingo de los Tsachilas,Santo Domingo,Santo Domingo de los Tsachilas
2015-11-06,16,True,C,3,Holiday,Regional,Santo Domingo de los Tsachilas,Santo Domingo,Santo Domingo de los Tsachilas
2015-11-06,21,True,B,6,Holiday,Regional,Santo Domingo de los Tsachilas,Santo Domingo,Santo Domingo de los Tsachilas
2015-11-07,25,True,D,1,Holiday,Regional,Santa Elena,Salinas,Santa Elena
2016-04-01,12,True,C,15,Holiday,Regional,Cotopaxi,Latacunga,Cotopaxi
2016-04-01,13,True,C,15,Holiday,Regional,Cotopaxi,Latacunga,Cotopaxi
2016-06-25,15,True,C,15,Holiday,Regional,Imbabura,Ibarra,Imbabura
2016-11-06,5,True,D,4,Holiday,Regional,Santo Domingo de los Tsachilas,Santo Domingo,Santo Domingo de los Tsachilas
2016-11-06,16,True,C,3,Holiday,Regional,Santo Domingo de los Tsachilas,Santo Domingo,Santo Domingo de los Tsachilas
2016-11-06,21,True,B,6,Holiday,Regional,Santo Domingo de los Tsachilas,Santo Domingo,Santo Domingo de los Tsachilas
2016-11-07,25,True,D,1,Holiday,Regional,Santa Elena,Salinas,Santa Elena
2017-04-01,12,True,C,15,Holiday,Regional,Cotopaxi,Latacunga,Cotopaxi
2017-04-01,13,True,C,15,Holiday,Regional,Cotopaxi,Latacunga,Cotopaxi
2017-06-25,15,True,C,15,Holiday,Regional,Imbabura,Ibarra,Imbabura
2017-11-06,5,True,D,4,Holiday,Regional,Santo Domingo de los Tsachilas,Santo Domingo,Santo Domingo de los Tsachilas
2017-11-06,16,True,C,3,Holiday,Regional,Santo Domingo de los Tsachilas,Santo Domingo,Santo Domingo de los Tsachilas
2017-11-06,21,True,B,6,Holiday,Regional,Santo Domingo de los Tsachilas,Santo Domingo,Santo Domingo de los Tsachilas
2017-11-07,25,True,D,1,Holiday,Regional,Santa Elena,Salinas,Santa Elena
2012-08-10,1,True,D,13,Holiday,National,Ecuador,Quito,Pichincha
2012-08-10,2,True,D,13,Holiday,National,Ecuador,Quito,Pichincha
2012-08-10,3,True,D,8,Holiday,National,Ecuador,Quito,Pichincha
2012-08-10,4,True,D,9,Holiday,National,Ecuador,Quito,Pichincha
2012-08-10,5,True,D,4,Holiday,National,Ecuador,Santo Domingo,Santo Domingo de los Tsachilas
2012-08-10,6,True,D,13,Holiday,National,Ecuador,Quito,Pichincha
2012-08-10,7,True,D,8,Holiday,National,Ecuador,Quito,Pichincha
2012-08-10,8,True,D,8,Holiday,National,Ecuador,Quito,Pichincha
2012-08-10,9,True,B,6,Holiday,National,Ecuador,Quito,Pichincha
2012-08-10,10,True,C,15,Holiday,National,Ecuador,Quito,Pichincha
2012-08-10,11,True,B,6,Holiday,National,Ecuador,Cayambe,Pichincha
2012-08-10,12,True,C,15,Holiday,National,Ecuador,Latacunga,Cotopaxi
2012-08-10,13,True,C,15,Holiday,National,Ecuador,Latacunga,Cotopaxi
2012-08-10,14,True,C,7,Holiday,National,Ecuador,Riobamba,Chimborazo
2012-08-10,15,True,C,15,Holiday,National,Ecuador,Ibarra,Imbabura
2012-08-10,16,True,C,3,Holiday,National,Ecuador,Santo Domingo,Santo Domingo de los Tsachilas
2012-08-10,17,True,C,12,Holiday,National,Ecuador,Quito,Pichincha
2012-08-10,18,True,B,16,Holiday,National,Ecuador,Quito,Pichincha
2012-08-10,19,True,C,15,Holiday,National,Ecuador,Guaranda,Bolivar
2012-08-10,20,True,B,6,Holiday,National,Ecuador,Quito,Pichincha
2012-08-10,21,True,B,6,Holiday,National,Ecuador,Santo Domingo,Santo Domingo de los Tsachilas
2012-08-10,22,True,C,7,Holiday,National,Ecuador,Puyo,Pastaza
2012-08-10,23,True,D,9,Holiday,National,Ecuador,Ambato,Tungurahua
2012-08-10,24,True,D,1,Holiday,National,Ecuador,Guayaquil,Guayas
2012-08-10,25,True,D,1,Holiday,National,Ecuador,Salinas,Santa Elena
2012-08-10,26,True,D,10,Holiday,National,Ecuador,Guayaquil,Guayas
2012-08-10,27,True,D,1,Holiday,National,Ecuador,Daule,Guayas
2012-08-10,28,True,E,10,Holiday,National,Ecuador,Guayaquil,Guayas
2012-08-10,29,True,E,10,Holiday,National,Ecuador,Guayaquil,Guayas
2012-08-10,30,True,C,3,Holiday,National,Ecuador,Guayaquil,Guayas
2012-08-10,31,True,B,10,Holiday,National,Ecuador,Babahoyo,Los Rios
2012-08-10,32,True,C,3,Holiday,National,Ecuador,Guayaquil,Guayas
2012-08-10,33,True,C,3,Holiday,National,Ecuador,Quevedo,Los Rios
2012-08-10,34,True,B,6,Holiday,National,Ecuador,Guayaquil,Guayas
2012-08-10,35,True,C,3,Holiday,National,Ecuador,Playas,Guayas
2012-08-10,36,True,E,10,Holiday,National,Ecuador,Libertad,Guayas
2012-08-10,37,True,D,2,Holiday,National,Ecuador,Cuenca,Azuay
2012-08-10,38,True,D,4,Holiday,National,Ecuador,Loja,Loja
2012-08-10,39,True,B,6,Holiday,National,Ecuador,Cuenca,Azuay
2012-08-10,40,True,C,3,Holiday,National,Ecuador,Machala,El Oro
2012-08-10,41,True,D,4,Holiday,National,Ecuador,Machala,El Oro
2012-08-10,42,True,D,2,Holiday,National,Ecuador,Cuenca,Azuay
2012-08-10,43,True,E,10,Holiday,National,Ecuador,Esmeraldas,Esmeraldas
2012-08-10,44,True,A,5,Holiday,National,Ecuador,Quito,Pichincha
2012-08-10,45,True,A,11,Holiday,National,Ecuador,Quito,Pichincha
2012-08-10,46,True,A,14,Holiday,National,Ecuador,Quito,Pichincha
2012-08-10,47,True,A,14,Holiday,National,Ecuador,Quito,Pichincha
2012-08-10,48,True,A,14,Holiday,National,Ecuador,Quito,Pichincha
2012-08-10,49,True,A,11,Holiday,National,Ecuador,Quito,Pichincha
2012-08-10,50,True,A,14,Holiday,National,Ecuador,Ambato,Tungurahua
2012-08-10,51,True,A,17,Holiday,National,Ecuador,Guayaquil,Guayas
2012-08-10,52,True,A,11,Holiday,National,Ecuador,Manta,Manabi
2012-08-10,53,True,D,13,Holiday,National,Ecuador,Manta,Manabi
2012-08-10,54,True,C,3,Holiday,National,Ecuador,El Carmen,Manabi
2012-10-09,1,False,D,13,Holiday,National,Ecuador,Quito,Pichincha
2012-10-09,2,False,D,13,Holiday,National,Ecuador,Quito,Pichincha
2012-10-09,3,False,D,8,Holiday,National,Ecuador,Quito,Pichincha
2012-10-09,4,False,D,9,Holiday,National,Ecuador,Quito,Pichincha
2012-10-09,5,False,D,4,Holiday,National,Ecuador,Santo Domingo,Santo Domingo de los Tsachilas
2012-10-09,6,False,D,13,Holiday,National,Ecuador,Quito,Pichincha
2012-10-09,7,False,D,8,Holiday,National,Ecuador,Quito,Pichincha
2012-10-09,8,False,D,8,Holiday,National,Ecuador,Quito,Pichincha
2012-10-09,9,False,B,6,Holiday,National,Ecuador,Quito,Pichincha
2012-10-09,10,False,C,15,Holiday,National,Ecuador,Quito,Pichincha
2012-10-09,11,False,B,6,Holiday,National,Ecuador,Cayambe,Pichincha
2012-10-09,12,False,C,15,Holiday,National,Ecuador,Latacunga,Cotopaxi
2012-10-09,13,False,C,15,Holiday,National,Ecuador,Latacunga,Cotopaxi
2012-10-09,14,False,C,7,Holiday,National,Ecuador,Riobamba,Chimborazo
2012-10-09,15,False,C,15,Holiday,National,Ecuador,Ibarra,Imbabura
2012-10-09,16,False,C,3,Holiday,National,Ecuador,Santo Domingo,Santo Domingo de los Tsachilas
2012-10-09,17,False,C,12,Holiday,National,Ecuador,Quito,Pichincha
2012-10-09,18,False,B,16,Holiday,National,Ecuador,Quito,Pichincha
2012-10-09,19,False,C,15,Holiday,National,Ecuador,Guaranda,Bolivar
2012-10-09,20,False,B,6,Holiday,National,Ecuador,Quito,Pichincha
2012-10-09,21,False,B,6,Holiday,National,Ecuador,Santo Domingo,Santo Domingo de los Tsachilas
2012-10-09,22,False,C,7,Holiday,National,Ecuador,Puyo,Pastaza
2012-10-09,23,False,D,9,Holiday,National,Ecuador,Ambato,Tungurahua
2012-10-09,24,False,D,1,Holiday,National,Ecuador,Guayaquil,Guayas
2012-10-09,25,False,D,1,Holiday,National,Ecuador,Salinas,Santa Elena
2012-10-09,26,False,D,10,Holiday,National,Ecuador,Guayaquil,Guayas
2012-10-09,27,False,D,1,Holiday,National,Ecuador,Daule,Guayas
2012-10-09,28,False,E,10,Holiday,National,Ecuador,Guayaquil,Guayas
2012-10-09,29,False,E,10,Holiday,National,Ecuador,Guayaquil,Guayas
2012-10-09,30,False,C,3,Holiday,National,Ecuador,Guayaquil,Guayas
2012-10-09,31,False,B,10,Holiday,National,Ecuador,Babahoyo,Los Rios
2012-10-09,32,False,C,3,Holiday,National,Ecuador,Guayaquil,Guayas
2012-10-09,33,False,C,3,Holiday,National,Ecuador,Quevedo,Los Rios
2012-10-09,34,False,B,6,Holiday,National,Ecuador,Guayaquil,Guayas
2012-10-09,35,False,C,3,Holiday,National,Ecuador,Playas,Guayas
2012-10-09,36,False,E,10,Holiday,National,Ecuador,Libertad,Guayas
2012-10-09,37,False,D,2,Holiday,National,Ecuador,Cuenca,Azuay
2012-10-09,38,False,D,4,Holiday,National,Ecuador,Loja,Loja
2012-10-09,39,False,B,6,Holiday,National,Ecuador,Cuenca,Azuay
2012-10-09,40,False,C,3,Holiday,National,Ecuador,Machala,El Oro
2012-10-09,41,False,D,4,Holiday,National,Ecuador,Machala,El Oro
2012-10-09,42,False,D,2,Holiday,National,Ecuador,Cuenca,Azuay
2012-10-09,43,False,E,10,Holiday,National,Ecuador,Esmeraldas,Esmeraldas
2012-10-09,44,False,A,5,Holiday,National,Ecuador,Quito,Pichincha
2012-10-09,45,False,A,11,Holiday,National,Ecuador,Quito,Pichincha
2012-10-09,46,False,A,14,Holiday,National,Ecuador,Quito,Pichincha
2012-10-09,47,False,A,14,Holiday,National,Ecuador,Quito,Pichincha
2012-10-09,48,False,A,14,Holiday,National,Ecuador,Quito,Pichincha
2012-10-09,49,False,A,11,Holiday,National,Ecuador,Quito,Pichincha
2012-10-09,50,False,A,14,Holiday,National,Ecuador,Ambato,Tungurahua
2012-10-09,51,False,A,17,Holiday,National,Ecuador,Guayaquil,Guayas
2012-10-09,52,False,A,11,Holiday,National,Ecuador,Manta,Manabi
2012-10-09,53,False,D,13,Holiday,National,Ecuador,Manta,Manabi
2012-10-09,54,False,C,3,Holiday,National,Ecuador,El Carmen,Manabi
2012-10-12,1,True,D,13,Transfer,National,Ecuador,Quito,Pichincha
2012-10-12,2,True,D,13,Transfer,National,Ecuador,Quito,Pichincha
2012-10-12,3,True,D,8,Transfer,National,Ecuador,Quito,Pichincha
2012-10-12,4,True,D,9,Transfer,National,Ecuador,Quito,Pichincha
2012-10-12,5,True,D,4,Transfer,National,Ecuador,Santo Domingo,Santo Domingo de los Tsachilas
2012-10-12,6,True,D,13,Transfer,National,Ecuador,Quito,Pichincha
2012-10-12,7,True,D,8,Transfer,National,Ecuador,Quito,Pichincha
2012-10-12,8,True,D,8,Transfer,National,Ecuador,Quito,Pichincha
2012-10-12,9,True,B,6,Transfer,National,Ecuador,Quito,Pichincha
2012-10-12,10,True,C,15,Transfer,National,Ecuador,Quito,Pichincha
2012-10-12,11,True,B,6,Transfer,National,Ecuador,Cayambe,Pichincha
2012-10-12,12,True,C,15,Transfer,National,Ecuador,Latacunga,Cotopaxi
2012-10-12,13,True,C,15,Transfer,National,Ecuador,Latacunga,Cotopaxi
2012-10-12,14,True,C,7,Transfer,National,Ecuador,Riobamba,Chimborazo
2012-10-12,15,True,C,15,Transfer,National,Ecuador,Ibarra,Imbabura
2012-10-12,16,True,C,3,Transfer,National,Ecuador,Santo Domingo,Santo Domingo de los Tsachilas
2012-10-12,17,True,C,12,Transfer,National,Ecuador,Quito,Pichincha
2012-10-12,18,True,B,16,Transfer,National,Ecuador,Quito,Pichincha
2012-10-12,19,True,C,15,Transfer,National,Ecuador,Guaranda,Bolivar
2012-10-12,20,True,B,6,Transfer,National,Ecuador,Quito,Pichincha
2012-10-12,21,True,B,6,Transfer,National,Ecuador,Santo Domingo,Santo Domingo de los Tsachilas
2012-10-12,22,True,C,7,Transfer,National,Ecuador,Puyo,Pastaza
2012-10-12,23,True,D,9,Transfer,National,Ecuador,Ambato,Tungurahua
2012-10-12,24,True,D,1,Transfer,National,Ecuador,Guayaquil,Guayas
2012-10-12,25,True,D,1,Transfer,National,Ecuador,Salinas,Santa Elena
2012-10-12,26,True,D,10,Transfer,National,Ecuador,Guayaquil,Guayas
2012-10-12,27,True,D,1,Transfer,National,Ecuador,Daule,Guayas
2012-10-12,28,True,E,10,Transfer,National,Ecuador,Guayaquil,Guayas
2012-10-12,29,True,E,10,Transfer,National,Ecuador,Guayaquil,Guayas
2012-10-12,30,True,C,3,Transfer,National,Ecuador,Guayaquil,Guayas
2012-10-12,31,True,B,10,Transfer,National,Ecuador,Babahoyo,Los Rios
2012-10-12,32,True,C,3,Transfer,National,Ecuador,Guayaquil,Guayas
2012-10-12,33,True,C,3,Transfer,National,Ecuador,Quevedo,Los Rios
2012-10-12,34,True,B,6,Transfer,National,Ecuador,Guayaquil,Guayas
2012-10-12,35,True,C,3,Transfer,National,Ecuador,Playas,Guayas
2012-10-12,36,True,E,10,Transfer,National,Ecuador,Libertad,Guayas
2012-10-12,37,True,D,2,Transfer,National,Ecuador,Cuenca,Azuay
2012-10-12,38,True,D,4,Transfer,National,Ecuador,Loja,Loja
2012-10-12,39,True,B,6,Transfer,National,Ecuador,Cuenca,Azuay
2012-10-12,40,True,C,3,Transfer,National,Ecuador,Machala,El Oro
2012-10-12,41,True,D,4,Transfer,National,Ecuador,Machala,El Oro
2012-10-12,42,True,D,2,Transfer,National,Ecuador,Cuenca,Azuay
2012-10-12,43,True,E,10,Transfer,National,Ecuador,Esmeraldas,Esmeraldas
2012-10-12,44,True,A,5,Transfer,National,Ecuador,Quito,Pichincha
2012-10-12,45,True,A,11,Transfer,National,Ecuador,Quito,Pichincha
2012-10-12,46,True,A,14,Transfer,National,Ecuador,Quito,Pichincha
2012-10-12,47,True,A,14,Transfer,National,Ecuador,Quito,Pichincha
2012-10-12,48,True,A,14,Transfer,National,Ecuador,Quito,Pichincha
2012-10-12,49,True,A,11,Transfer,National,Ecuador,Quito,Pichincha
2012-10-12,50,True,A,14,Transfer,National,Ecuador,Ambato,Tungurahua
2012-10-12,51,True,A,17,Transfer,National,Ecuador,Guayaquil,Guayas
2012-10-12,52,True,A,11,Transfer,National,Ecuador,Manta,Manabi
2012-10-12,53,True,D,13,Transfer,National,Ecuador,Manta,Manabi
2012-10-12,54,True,C,3,Transfer,National,Ecuador,El Carmen,Manabi
2012-11-02,1,True,D,13,Holiday,National,Ecuador,Quito,Pichincha
2012-11-02,2,True,D,13,Holiday,National,Ecuador,Quito,Pichincha
2012-11-02,3,True,D,8,Holiday,National,Ecuador,Quito,Pichincha
2012-11-02,4,True,D,9,Holiday,National,Ecuador,Quito,Pichincha
2012-11-02,5,True,D,4,Holiday,National,Ecuador,Santo Domingo,Santo Domingo de los Tsachilas
2012-11-02,6,True,D,13,Holiday,National,Ecuador,Quito,Pichincha
2012-11-02,7,True,D,8,Holiday,National,Ecuador,Quito,Pichincha
2012-11-02,8,True,D,8,Holiday,National,Ecuador,Quito,Pichincha
2012-11-02,9,True,B,6,Holiday,National,Ecuador,Quito,Pichincha
2012-11-02,10,True,C,15,Holiday,National,Ecuador,Quito,Pichincha
2012-11-02,11,True,B,6,Holiday,National,Ecuador,Cayambe,Pichincha
2012-11-02,12,True,C,15,Holiday,National,Ecuador,Latacunga,Cotopaxi
2012-11-02,13,True,C,15,Holiday,National,Ecuador,Latacunga,Cotopaxi
2012-11-02,14,True,C,7,Holiday,National,Ecuador,Riobamba,Chimborazo
2012-11-02,15,True,C,15,Holiday,National,Ecuador,Ibarra,Imbabura
2012-11-02,16,True,C,3,Holiday,National,Ecuador,Santo Domingo,Santo Domingo de los Tsachilas
2012-11-02,17,True,C,12,Holiday,National,Ecuador,Quito,Pichincha
2012-11-02,18,True,B,16,Holiday,National,Ecuador,Quito,Pichincha
2012-11-02,19,True,C,15,Holiday,National,Ecuador,Guaranda,Bolivar
2012-11-02,20,True,B,6,Holiday,National,Ecuador,Quito,Pichincha
2012-11-02,21,True,B,6,Holiday,National,Ecuador,Santo Domingo,Santo Domingo de los Tsachilas
2012-11-02,22,True,C,7,Holiday,National,Ecuador,Puyo,Pastaza
2012-11-02,23,True,D,9,Holiday,National,Ecuador,Ambato,Tungurahua
2012-11-02,24,True,D,1,Holiday,National,Ecuador,Guayaquil,Guayas
2012-11-02,25,True,D,1,Holiday,National,Ecuador,Salinas,Santa Elena
2012-11-02,26,True,D,10,Holiday,National,Ecuador,Guayaquil,Guayas
2012-11-02,27,True,D,1,Holiday,National,Ecuador,Daule,Guayas
2012-11-02,28,True,E,10,Holiday,National,Ecuador,Guayaquil,Guayas
2012-11-02,29,True,E,10,Holiday,National,Ecuador,Guayaquil,Guayas
2012-11-02,30,True,C,3,Holiday,National,Ecuador,Guayaquil,Guayas
2012-11-02,31,True,B,10,Holiday,National,Ecuador,Babahoyo,Los Rios
2012-11-02,32,True,C,3,Holiday,National,Ecuador,Guayaquil,Guayas
2012-11-02,33,True,C,3,Holiday,National,Ecuador,Quevedo,Los Rios
2012-11-02,34,True,B,6,Holiday,National,Ecuador,Guayaquil,Guayas
2012-11-02,35,True,C,3,Holiday,National,Ecuador,Playas,Guayas
2012-11-02,36,True,E,10,Holiday,National,Ecuador,Libertad,Guayas
2012-11-02,37,True,D,2,Holiday,National,Ecuador,Cuenca,Azuay
2012-11-02,38,True,D,4,Holiday,National,Ecuador,Loja,Loja
2012-11-02,39,True,B,6,Holiday,National,Ecuador,Cuenca,Azuay
2012-11-02,40,True,C,3,Holiday,National,Ecuador,Machala,El Oro
2012-11-02,41,True,D,4,Holiday,National,Ecuador,Machala,El Oro
2012-11-02,42,True,D,2,Holiday,National,Ecuador,Cuenca,Azuay
2012-11-02,43,True,E,10,Holiday,National,Ecuador,Esmeraldas,Esmeraldas
2012-11-02,44,True,A,5,Holiday,National,Ecuador,Quito,Pichincha
2012-11-02,45,True,A,11,Holiday,National,Ecuador,Quito,Pichincha
2012-11-02,46,True,A,14,Holiday,National,Ecuador,Quito,Pichincha
2012-11-02,47,True,A,14,Holiday,National,Ecuador,Quito,Pichincha
2012-11-02,48,True,A,14,Holiday,National,Ecuador,Quito,Pichincha
2012-11-02,49,True,A,11,Holiday,National,Ecuador,Quito,Pichincha
2012-11-02,50,True,A,14,Holiday,National,Ecuador,Ambato,Tungurahua
2012-11-02,51,True,A,17,Holiday,National,Ecuador,Guayaquil,Guayas
2012-11-02,52,True,A,11,Holiday,National,Ecuador,Manta,Manabi
2012-11-02,53,True,D,13,Holiday,National,Ecuador,Manta,Manabi
2012-11-02,54,True,C,3,Holiday,National,Ecuador,El Carmen,Manabi
2012-11-03,1,True,D,13,Holiday,National,Ecuador,Quito,Pichincha
2012-11-03,2,True,D,13,Holiday,National,Ecuador,Quito,Pichincha
2012-11-03,3,True,D,8,Holiday,National,Ecuador,Quito,Pichincha
2012-11-03,4,True,D,9,Holiday,National,Ecuador,Quito,Pichincha
2012-11-03,5,True,D,4,Holiday,National,Ecuador,Santo Domingo,Santo Domingo de los Tsachilas
2012-11-03,6,True,D,13,Holiday,National,Ecuador,Quito,Pichincha
2012-11-03,7,True,D,8,Holiday,National,Ecuador,Quito,Pichincha
2012-11-03,8,True,D,8,Holiday,National,Ecuador,Quito,Pichincha
2012-11-03,9,True,B,6,Holiday,National,Ecuador,Quito,Pichincha
2012-11-03,10,True,C,15,Holiday,National,Ecuador,Quito,Pichincha
2012-11-03,11,True,B,6,Holiday,National,Ecuador,Cayambe,Pichincha
2012-11-03,12,True,C,15,Holiday,National,Ecuador,Latacunga,Cotopaxi
2012-11-03,13,True,C,15,Holiday,National,Ecuador,Latacunga,Cotopaxi
2012-11-03,14,True,C,7,Holiday,National,Ecuador,Riobamba,Chimborazo
2012-11-03,15,True,C,15,Holiday,National,Ecuador,Ibarra,Imbabura
2012-11-03,16,True,C,3,Holiday,National,Ecuador,Santo Domingo,Santo Domingo de los Tsachilas
2012-11-03,17,True,C,12,Holiday,National,Ecuador,Quito,Pichincha
2012-11-03,18,True,B,16,Holiday,National,Ecuador,Quito,Pichincha
2012-11-03,19,True,C,15,Holiday,National,Ecuador,Guaranda,Bolivar
2012-11-03,20,True,B,6,Holiday,National,Ecuador,Quito,Pichincha
2012-11-03,21,True,B,6,Holiday,National,Ecuador,Santo Domingo,Santo Domingo de los Tsachilas
2012-11-03,22,True,C,7,Holiday,National,Ecuador,Puyo,Pastaza
2012-11-03,23,True,D,9,Holiday,National,Ecuador,Ambato,Tungurahua
2012-11-03,24,True,D,1,Holiday,National,Ecuador,Guayaquil,Guayas
2012-11-03,25,True,D,1,Holiday,National,Ecuador,Salinas,Santa Elena
2012-11-03,26,True,D,10,Holiday,National,Ecuador,Guayaquil,Guayas
2012-11-03,27,True,D,1,Holiday,National,Ecuador,Daule,Guayas
2012-11-03,28,True,E,10,Holiday,National,Ecuador,Guayaquil,Guayas
2012-11-03,29,True,E,10,Holiday,National,Ecuador,Guayaquil,Guayas
2012-11-03,30,True,C,3,Holiday,National,Ecuador,Guayaquil,Guayas
2012-11-03,31,True,B,10,Holiday,National,Ecuador,Babahoyo,Los Rios
2012-11-03,32,True,C,3,Holiday,National,Ecuador,Guayaquil,Guayas
2012-11-03,33,True,C,3,Holiday,National,Ecuador,Quevedo,Los Rios
2012-11-03,34,True,B,6,Holiday,National,Ecuador,Guayaquil,Guayas
2012-11-03,35,True,C,3,Holiday,National,Ecuador,Playas,Guayas
2012-11-03,36,True,E,10,Holiday,National,Ecuador,Libertad,Guayas
2012-11-03,37,True,D,2,Holiday,National,Ecuador,Cuenca,Azuay
2012-11-03,38,True,D,4,Holiday,National,Ecuador,Loja,Loja
2012-11-03,39,True,B,6,Holiday,National,Ecuador,Cuenca,Azuay
2012-11-03,40,True,C,3,Holiday,National,Ecuador,Machala,El Oro
2012-11-03,41,True,D,4,Holiday,National,Ecuador,Machala,El Oro
2012-11-03,42,True,D,2,Holiday,National,Ecuador,Cuenca,Azuay
2012-11-03,43,True,E,10,Holiday,National,Ecuador,Esmeraldas,Esmeraldas
2012-11-03,44,True,A,5,Holiday,National,Ecuador,Quito,Pichincha
2012-11-03,45,True,A,11,Holiday,National,Ecuador,Quito,Pichincha
2012-11-03,46,True,A,14,Holiday,National,Ecuador,Quito,Pichincha
2012-11-03,47,True,A,14,Holiday,National,Ecuador,Quito,Pichincha
2012-11-03,48,True,A,14,Holiday,National,Ecuador,Quito,Pichincha
2012-11-03,49,True,A,11,Holiday,National,Ecuador,Quito,Pichincha
2012-11-03,50,True,A,14,Holiday,National,Ecuador,Ambato,Tungurahua
2012-11-03,51,True,A,17,Holiday,National,Ecuador,Guayaquil,Guayas
2012-11-03,52,True,A,11,Holiday,National,Ecuador,Manta,Manabi
2012-11-03,53,True,D,13,Holiday,National,Ecuador,Manta,Manabi
2012-11-03,54,True,C,3,Holiday,National,Ecuador,El Carmen,Manabi
2012-12-21,1,True,D,13,Additional,National,Ecuador,Quito,Pichincha
2012-12-21,2,True,D,13,Additional,National,Ecuador,Quito,Pichincha
2012-12-21,3,True,D,8,Additional,National,Ecuador,Quito,Pichincha
2012-12-21,4,True,D,9,Additional,National,Ecuador,Quito,Pichincha
2012-12-21,5,True,D,4,Additional,National,Ecuador,Santo Domingo,Santo Domingo de los Tsachilas
2012-12-21,6,True,D,13,Additional,National,Ecuador,Quito,Pichincha
2012-12-21,7,True,D,8,Additional,National,Ecuador,Quito,Pichincha
2012-12-21,8,True,D,8,Additional,National,Ecuador,Quito,Pichincha
2012-12-21,9,True,B,6,Additional,National,Ecuador,Quito,Pichincha
2012-12-21,10,True,C,15,Additional,National,Ecuador,Quito,Pichincha
2012-12-21,11,True,B,6,Additional,National,Ecuador,Cayambe,Pichincha
2012-12-21,12,True,C,15,Additional,National,Ecuador,Latacunga,Cotopaxi
2012-12-21,13,True,C,15,Additional,National,Ecuador,Latacunga,Cotopaxi
2012-12-21,14,True,C,7,Additional,National,Ecuador,Riobamba,Chimborazo
2012-12-21,15,True,C,15,Additional,National,Ecuador,Ibarra,Imbabura
2012-12-21,16,True,C,3,Additional,National,Ecuador,Santo Domingo,Santo Domingo de los Tsachilas
2012-12-21,17,True,C,12,Additional,National,Ecuador,Quito,Pichincha
2012-12-21,18,True,B,16,Additional,National,Ecuador,Quito,Pichincha
2012-12-21,19,True,C,15,Additional,National,Ecuador,Guaranda,Bolivar
2012-12-21,20,True,B,6,Additional,National,Ecuador,Quito,Pichincha
2012-12-21,21,True,B,6,Additional,National,Ecuador,Santo Domingo,Santo Domingo de los Tsachilas
2012-12-21,22,True,C,7,Additional,National,Ecuador,Puyo,Pastaza
2012-12-21,23,True,D,9,Additional,National,Ecuador,Ambato,Tungurahua
2012-12-21,24,True,D,1,Additional,National,Ecuador,Guayaquil,Guayas
2012-12-21,25,True,D,1,Additional,National,Ecuador,Salinas,Santa Elena
2012-12-21,26,True,D,10,Additional,National,Ecuador,Guayaquil,Guayas
2012-12-21,27,True,D,1,Additional,National,Ecuador,Daule,Guayas
2012-12-21,28,True,E,10,Additional,National,Ecuador,Guayaquil,Guayas
2012-12-21,29,True,E,10,Additional,National,Ecuador,Guayaquil,Guayas
2012-12-21,30,True,C,3,Additional,National,Ecuador,Guayaquil,Guayas
2012-12-21,31,True,B,10,Additional,National,Ecuador,Babahoyo,Los Rios
2012-12-21,32,True,C,3,Additional,National,Ecuador,Guayaquil,Guayas
2012-12-21,33,True,C,3,Additional,National,Ecuador,Quevedo,Los Rios
2012-12-21,34,True,B,6,Additional,National,Ecuador,Guayaquil,Guayas
2012-12-21,35,True,C,3,Additional,National,Ecuador,Playas,Guayas
2012-12-21,36,True,E,10,Additional,National,Ecuador,Libertad,Guayas
2012-12-21,37,True,D,2,Additional,National,Ecuador,Cuenca,Azuay
2012-12-21,38,True,D,4,Additional,National,Ecuador,Loja,Loja
2012-12-21,39,True,B,6,Additional,National,Ecuador,Cuenca,Azuay
2012-12-21,40,True,C,3,Additional,National,Ecuador,Machala,El Oro
2012-12-21,41,True,D,4,Additional,National,Ecuador,Machala,El Oro
2012-12-21,42,True,D,2,Additional,National,Ecuador,Cuenca,Azuay
2012-12-21,43,True,E,10,Additional,National,Ecuador,Esmeraldas,Esmeraldas
2012-12-21,44,True,A,5,Additional,National,Ecuador,Quito,Pichincha
2012-12-21,45,True,A,11,Additional,National,Ecuador,Quito,Pichincha
2012-12-21,46,True,A,14,Additional,National,Ecuador,Quito,Pichincha
2012-12-21,47,True,A,14,Additional,National,Ecuador,Quito,Pichincha
2012-12-21,48,True,A,14,Additional,National,Ecuador,Quito,Pichincha
2012-12-21,49,True,A,11,Additional,National,Ecuador,Quito,Pichincha
2012-12-21,50,True,A,14,Additional,National,Ecuador,Ambato,Tungurahua
2012-12-21,51,True,A,17,Additional,National,Ecuador,Guayaquil,Guayas
2012-12-21,52,True,A,11,Additional,National,Ecuador,Manta,Manabi
2012-12-21,53,True,D,13,Additional,National,Ecuador,Manta,Manabi
2012-12-21,54,True,C,3,Additional,National,Ecuador,El Carmen,Manabi
2012-12-22,1,True,D,13,Additional,National,Ecuador,Quito,Pichincha
2012-12-22,2,True,D,13,Additional,National,Ecuador,Quito,Pichincha
2012-12-22,3,True,D,8,Additional,National,Ecuador,Quito,Pichincha
2012-12-22,4,True,D,9,Additional,National,Ecuador,Quito,Pichincha
2012-12-22,5,True,D,4,Additional,National,Ecuador,Santo Domingo,Santo Domingo de los Tsachilas
2012-12-22,6,True,D,13,Additional,National,Ecuador,Quito,Pichincha
2012-12-22,7,True,D,8,Additional,National,Ecuador,Quito,Pichincha
2012-12-22,8,True,D,8,Additional,National,Ecuador,Quito,Pichincha
2012-12-22,9,True,B,6,Additional,National,Ecuador,Quito,Pichincha
2012-12-22,10,True,C,15,Additional,National,Ecuador,Quito,Pichincha
2012-12-22,11,True,B,6,Additional,National,Ecuador,Cayambe,Pichincha
2012-12-22,12,True,C,15,Additional,National,Ecuador,Latacunga,Cotopaxi
2012-12-22,13,True,C,15,Additional,National,Ecuador,Latacunga,Cotopaxi
2012-12-22,14,True,C,7,Additional,National,Ecuador,Riobamba,Chimborazo
2012-12-22,15,True,C,15,Additional,National,Ecuador,Ibarra,Imbabura
2012-12-22,16,True,C,3,Additional,National,Ecuador,Santo Domingo,Santo Domingo de los Tsachilas
2012-12-22,17,True,C,12,Additional,National,Ecuador,Quito,Pichincha
2012-12-22,18,True,B,16,Additional,National,Ecuador,Quito,Pichincha
2012-12-22,19,True,C,15,Additional,National,Ecuador,Guaranda,Bolivar
2012-12-22,20,True,B,6,Additional,National,Ecuador,Quito,Pichincha
2012-12-22,21,True,B,6,Additional,National,Ecuador,Santo Domingo,Santo Domingo de los Tsachilas
2012-12-22,22,True,C,7,Additional,National,Ecuador,Puyo,Pastaza
2012-12-22,23,True,D,9,Additional,National,Ecuador,Ambato,Tungurahua
2012-12-22,24,True,D,1,Additional,National,Ecuador,Guayaquil,Guayas
2012-12-22,25,True,D,1,Additional,National,Ecuador,Salinas,Santa Elena
2012-12-22,26,True,D,10,Additional,National,Ecuador,Guayaquil,Guayas
2012-12-22,27,True,D,1,Additional,National,Ecuador,Daule,Guayas
2012-12-22,28,True,E,10,Additional,National,Ecuador,Guayaquil,Guayas
2012-12-22,29,True,E,10,Additional,National,Ecuador,Guayaquil,Guayas
2012-12-22,30,True,C,3,Additional,National,Ecuador,Guayaquil,Guayas
2012-12-22,31,True,B,10,Additional,National,Ecuador,Babahoyo,Los Rios
2012-12-22,32,True,C,3,Additional,National,Ecuador,Guayaquil,Guayas
2012-12-22,33,True,C,3,Additional,National,Ecuador,Quevedo,Los Rios
2012-12-22,34,True,B,6,Additional,National,Ecuador,Guayaquil,Guayas
2012-12-22,35,True,C,3,Additional,National,Ecuador,Playas,Guayas
2012-12-22,36,True,E,10,Additional,National,Ecuador,Libertad,Guayas
2012-12-22,37,True,D,2,Additional,National,Ecuador,Cuenca,Azuay
2012-12-22,38,True,D,4,Additional,National,Ecuador,Loja,Loja
2012-12-22,39,True,B,6,Additional,National,Ecuador,Cuenca,Azuay
2012-12-22,40,True,C,3,Additional,National,Ecuador,Machala,El Oro
2012-12-22,41,True,D,4,Additional,National,Ecuador,Machala,El Oro
2012-12-22,42,True,D,2,Additional,National,Ecuador,Cuenca,Azuay
2012-12-22,43,True,E,10,Additional,National,Ecuador,Esmeraldas,Esmeraldas
2012-12-22,44,True,A,5,Additional,National,Ecuador,Quito,Pichincha
2012-12-22,45,True,A,11,Additional,National,Ecuador,Quito,Pichincha
2012-12-22,46,True,A,14,Additional,National,Ecuador,Quito,Pichincha
2012-12-22,47,True,A,14,Additional,National,Ecuador,Quito,Pichincha
2012-12-22,48,True,A,14,Additional,National,Ecuador,Quito,Pichincha
2012-12-22,49,True,A,11,Additional,National,Ecuador,Quito,Pichincha
2012-12-22,50,True,A,14,Additional,National,Ecuador,Ambato,Tungurahua
2012-12-22,51,True,A,17,Additional,National,Ecuador,Guayaquil,Guayas
2012-12-22,52,True,A,11,Additional,National,Ecuador,Manta,Manabi
2012-12-22,53,True,D,13,Additional,National,Ecuador,Manta,Manabi
2012-12-22,54,True,C,3,Additional,National,Ecuador,El Carmen,Manabi
2012-12-23,1,True,D,13,Additional,National,Ecuador,Quito,Pichincha
2012-12-23,2,True,D,13,Additional,National,Ecuador,Quito,Pichincha
2012-12-23,3,True,D,8,Additional,National,Ecuador,Quito,Pichincha
2012-12-23,4,True,D,9,Additional,National,Ecuador,Quito,Pichincha
2012-12-23,5,True,D,4,Additional,National,Ecuador,Santo Domingo,Santo Domingo de los Tsachilas
2012-12-23,6,True,D,13,Additional,National,Ecuador,Quito,Pichincha
2012-12-23,7,True,D,8,Additional,National,Ecuador,Quito,Pichincha
2012-12-23,8,True,D,8,Additional,National,Ecuador,Quito,Pichincha
2012-12-23,9,True,B,6,Additional,National,Ecuador,Quito,Pichincha
2012-12-23,10,True,C,15,Additional,National,Ecuador,Quito,Pichincha
2012-12-23,11,True,B,6,Additional,National,Ecuador,Cayambe,Pichincha
2012-12-23,12,True,C,15,Additional,National,Ecuador,Latacunga,Cotopaxi
2012-12-23,13,True,C,15,Additional,National,Ecuador,Latacunga,Cotopaxi
2012-12-23,14,True,C,7,Additional,National,Ecuador,Riobamba,Chimborazo
2012-12-23,15,True,C,15,Additional,National,Ecuador,Ibarra,Imbabura
2012-12-23,16,True,C,3,Additional,National,Ecuador,Santo Domingo,Santo Domingo de los Tsachilas
2012-12-23,17,True,C,12,Additional,National,Ecuador,Quito,Pichincha
2012-12-23,18,True,B,16,Additional,National,Ecuador,Quito,Pichincha
2012-12-23,19,True,C,15,Additional,National,Ecuador,Guaranda,Bolivar
2012-12-23,20,True,B,6,Additional,National,Ecuador,Quito,Pichincha
2012-12-23,21,True,B,6,Additional,National,Ecuador,Santo Domingo,Santo Domingo de los Tsachilas
2012-12-23,22,True,C,7,Additional,National,Ecuador,Puyo,Pastaza
2012-12-23,23,True,D,9,Additional,National,Ecuador,Ambato,Tungurahua
2012-12-23,24,True,D,1,Additional,National,Ecuador,Guayaquil,Guayas
2012-12-23,25,True,D,1,Additional,National,Ecuador,Salinas,Santa Elena
2012-12-23,26,True,D,10,Additional,National,Ecuador,Guayaquil,Guayas
2012-12-23,27,True,D,1,Additional,National,Ecuador,Daule,Guayas
2012-12-23,28,True,E,10,Additional,National,Ecuador,Guayaquil,Guayas
2012-12-23,29,True,E,10,Additional,National,Ecuador,Guayaquil,Guayas
2012-12-23,30,True,C,3,Additional,National,Ecuador,Guayaquil,Guayas
2012-12-23,31,True,B,10,Additional,National,Ecuador,Babahoyo,Los Rios
2012-12-23,32,True,C,3,Additional,National,Ecuador,Guayaquil,Guayas
2012-12-23,33,True,C,3,Additional,National,Ecuador,Quevedo,Los Rios
2012-12-23,34,True,B,6,Additional,National,Ecuador,Guayaquil,Guayas
2012-12-23,35,True,C,3,Additional,National,Ecuador,Playas,Guayas
2012-12-23,36,True,E,10,Additional,National,Ecuador,Libertad,Guayas
2012-12-23,37,True,D,2,Additional,National,Ecuador,Cuenca,Azuay
2012-12-23,38,True,D,4,Additional,National,Ecuador,Loja,Loja
2012-12-23,39,True,B,6,Additional,National,Ecuador,Cuenca,Azuay
2012-12-23,40,True,C,3,Additional,National,Ecuador,Machala,El Oro
2012-12-23,41,True,D,4,Additional,National,Ecuador,Machala,El Oro
2012-12-23,42,True,D,2,Additional,National,Ecuador,Cuenca,Azuay
2012-12-23,43,True,E,10,Additional,National,Ecuador,Esmeraldas,Esmeraldas
2012-12-23,44,True,A,5,Additional,National,Ecuador,Quito,Pichincha
2012-12-23,45,True,A,11,Additional,National,Ecuador,Quito,Pichincha
2012-12-23,46,True,A,14,Additional,National,Ecuador,Quito,Pichincha
2012-12-23,47,True,A,14,Additional,National,Ecuador,Quito,Pichincha
2012-12-23,48,True,A,14,Additional,National,Ecuador,Quito,Pichincha
2012-12-23,49,True,A,11,Additional,National,Ecuador,Quito,Pichincha
2012-12-23,50,True,A,14,Additional,National,Ecuador,Ambato,Tungurahua
2012-12-23,51,True,A,17,Additional,National,Ecuador,Guayaquil,Guayas
2012-12-23,52,True,A,11,Additional,National,Ecuador,Manta,Manabi
2012-12-23,53,True,D,13,Additional,National,Ecuador,Manta,Manabi
2012-12-23,54,True,C,3,Additional,National,Ecuador,El Carmen,Manabi
2012-12-24,1,True,D,13,Bridge,National,Ecuador,Quito,Pichincha
2012-12-24,2,True,D,13,Bridge,National,Ecuador,Quito,Pichincha
2012-12-24,3,True,D,8,Bridge,National,Ecuador,Quito,Pichincha
2012-12-24,4,True,D,9,Bridge,National,Ecuador,Quito,Pichincha
2012-12-24,5,True,D,4,Bridge,National,Ecuador,Santo Domingo,Santo Domingo de los Tsachilas
2012-12-24,6,True,D,13,Bridge,National,Ecuador,Quito,Pichincha
2012-12-24,7,True,D,8,Bridge,National,Ecuador,Quito,Pichincha
2012-12-24,8,True,D,8,Bridge,National,Ecuador,Quito,Pichincha
2012-12-24,9,True,B,6,Bridge,National,Ecuador,Quito,Pichincha
2012-12-24,10,True,C,15,Bridge,National,Ecuador,Quito,Pichincha
2012-12-24,11,True,B,6,Bridge,National,Ecuador,Cayambe,Pichincha
2012-12-24,12,True,C,15,Bridge,National,Ecuador,Latacunga,Cotopaxi
2012-12-24,13,True,C,15,Bridge,National,Ecuador,Latacunga,Cotopaxi
2012-12-24,14,True,C,7,Bridge,National,Ecuador,Riobamba,Chimborazo
2012-12-24,15,True,C,15,Bridge,National,Ecuador,Ibarra,Imbabura
2012-12-24,16,True,C,3,Bridge,National,Ecuador,Santo Domingo,Santo Domingo de los Tsachilas
2012-12-24,17,True,C,12,Bridge,National,Ecuador,Quito,Pichincha
2012-12-24,18,True,B,16,Bridge,National,Ecuador,Quito,Pichincha
2012-12-24,19,True,C,15,Bridge,National,Ecuador,Guaranda,Bolivar
2012-12-24,20,True,B,6,Bridge,National,Ecuador,Quito,Pichincha
2012-12-24,21,True,B,6,Bridge,National,Ecuador,Santo Domingo,Santo Domingo de los Tsachilas
2012-12-24,22,True,C,7,Bridge,National,Ecuador,Puyo,Pastaza
2012-12-24,23,True,D,9,Bridge,National,Ecuador,Ambato,Tungurahua
2012-12-24,24,True,D,1,Bridge,National,Ecuador,Guayaquil,Guayas
2012-12-24,25,True,D,1,Bridge,National,Ecuador,Salinas,Santa Elena
2012-12-24,26,True,D,10,Bridge,National,Ecuador,Guayaquil,Guayas
2012-12-24,27,True,D,1,Bridge,National,Ecuador,Daule,Guayas
2012-12-24,28,True,E,10,Bridge,National,Ecuador,Guayaquil,Guayas
2012-12-24,29,True,E,10,Bridge,National,Ecuador,Guayaquil,Guayas
2012-12-24,30,True,C,3,Bridge,National,Ecuador,Guayaquil,Guayas
2012-12-24,31,True,B,10,Bridge,National,Ecuador,Babahoyo,Los Rios
2012-12-24,32,True,C,3,Bridge,National,Ecuador,Guayaquil,Guayas
2012-12-24,33,True,C,3,Bridge,National,Ecuador,Quevedo,Los Rios
2012-12-24,34,True,B,6,Bridge,National,Ecuador,Guayaquil,Guayas
2012-12-24,35,True,C,3,Bridge,National,Ecuador,Playas,Guayas
2012-12-24,36,True,E,10,Bridge,National,Ecuador,Libertad,Guayas
2012-12-24,37,True,D,2,Bridge,National,Ecuador,Cuenca,Azuay
2012-12-24,38,True,D,4,Bridge,National,Ecuador,Loja,Loja
2012-12-24,39,True,B,6,Bridge,National,Ecuador,Cuenca,Azuay
2012-12-24,40,True,C,3,Bridge,National,Ecuador,Machala,El Oro
2012-12-24,41,True,D,4,Bridge,National,Ecuador,Machala,El Oro
2012-12-24,42,True,D,2,Bridge,National,Ecuador,Cuenca,Azuay
2012-12-24,43,True,E,10,Bridge,National,Ecuador,Esmeraldas,Esmeraldas
2012-12-24,44,True,A,5,Bridge,National,Ecuador,Quito,Pichincha
2012-12-24,45,True,A,11,Bridge,National,Ecuador,Quito,Pichincha
2012-12-24,46,True,A,14,Bridge,National,Ecuador,Quito,Pichincha
2012-12-24,47,True,A,14,Bridge,National,Ecuador,Quito,Pichincha
2012-12-24,48,True,A,14,Bridge,National,Ecuador,Quito,Pichincha
2012-12-24,49,True,A,11,Bridge,National,Ecuador,Quito,Pichincha
2012-12-24,50,True,A,14,Bridge,National,Ecuador,Ambato,Tungurahua
2012-12-24,51,True,A,17,Bridge,National,Ecuador,Guayaquil,Guayas
2012-12-24,52,True,A,11,Bridge,National,Ecuador,Manta,Manabi
2012-12-24,53,True,D,13,Bridge,National,Ecuador,Manta,Manabi
2012-12-24,54,True,C,3,Bridge,National,Ecuador,El Carmen,Manabi
2012-12-24,1,True,D,13,Additional,National,Ecuador,Quito,Pichincha
2012-12-24,2,True,D,13,Additional,National,Ecuador,Quito,Pichincha
2012-12-24,3,True,D,8,Additional,National,Ecuador,Quito,Pichincha
2012-12-24,4,True,D,9,Additional,National,Ecuador,Quito,Pichincha
2012-12-24,5,True,D,4,Additional,National,Ecuador,Santo Domingo,Santo Domingo de los Tsachilas
2012-12-24,6,True,D,13,Additional,National,Ecuador,Quito,Pichincha
2012-12-24,7,True,D,8,Additional,National,Ecuador,Quito,Pichincha
2012-12-24,8,True,D,8,Additional,National,Ecuador,Quito,Pichincha
2012-12-24,9,True,B,6,Additional,National,Ecuador,Quito,Pichincha
2012-12-24,10,True,C,15,Additional,National,Ecuador,Quito,Pichincha
2012-12-24,11,True,B,6,Additional,National,Ecuador,Cayambe,Pichincha
2012-12-24,12,True,C,15,Additional,National,Ecuador,Latacunga,Cotopaxi
2012-12-24,13,True,C,15,Additional,National,Ecuador,Latacunga,Cotopaxi
2012-12-24,14,True,C,7,Additional,National,Ecuador,Riobamba,Chimborazo
2012-12-24,15,True,C,15,Additional,National,Ecuador,Ibarra,Imbabura
2012-12-24,16,True,C,3,Additional,National,Ecuador,Santo Domingo,Santo Domingo de los Tsachilas
2012-12-24,17,True,C,12,Additional,National,Ecuador,Quito,Pichincha
2012-12-24,18,True,B,16,Additional,National,Ecuador,Quito,Pichincha
2012-12-24,19,True,C,15,Additional,National,Ecuador,Guaranda,Bolivar
2012-12-24,20,True,B,6,Additional,National,Ecuador,Quito,Pichincha
2012-12-24,21,True,B,6,Additional,National,Ecuador,Santo Domingo,Santo Domingo de los Tsachilas
2012-12-24,22,True,C,7,Additional,National,Ecuador,Puyo,Pastaza
2012-12-24,23,True,D,9,Additional,National,Ecuador,Ambato,Tungurahua
2012-12-24,24,True,D,1,Additional,National,Ecuador,Guayaquil,Guayas
2012-12-24,25,True,D,1,Additional,National,Ecuador,Salinas,Santa Elena
2012-12-24,26,True,D,10,Additional,National,Ecuador,Guayaquil,Guayas
2012-12-24,27,True,D,1,Additional,National,Ecuador,Daule,Guayas
2012-12-24,28,True,E,10,Additional,National,Ecuador,Guayaquil,Guayas
2012-12-24,29,True,E,10,Additional,National,Ecuador,Guayaquil,Guayas
2012-12-24,30,True,C,3,Additional,National,Ecuador,Guayaquil,Guayas
2012-12-24,31,True,B,10,Additional,National,Ecuador,Babahoyo,Los Rios
2012-12-24,32,True,C,3,Additional,National,Ecuador,Guayaquil,Guayas
2012-12-24,33,True,C,3,Additional,National,Ecuador,Quevedo,Los Rios
2012-12-24,34,True,B,6,Additional,National,Ecuador,Guayaquil,Guayas
2012-12-24,35,True,C,3,Additional,National,Ecuador,Playas,Guayas
2012-12-24,36,True,E,10,Additional,National,Ecuador,Libertad,Guayas
2012-12-24,37,True,D,2,Additional,National,Ecuador,Cuenca,Azuay
2012-12-24,38,True,D,4,Additional,National,Ecuador,Loja,Loja
2012-12-24,39,True,B,6,Additional,National,Ecuador,Cuenca,Azuay
2012-12-24,40,True,C,3,Additional,National,Ecuador,Machala,El Oro
2012-12-24,41,True,D,4,Additional,National,Ecuador,Machala,El Oro
2012-12-24,42,True,D,2,Additional,National,Ecuador,Cuenca,Azuay
2012-12-24,43,True,E,10,Additional,National,Ecuador,Esmeraldas,Esmeraldas
2012-12-24,44,True,A,5,Additional,National,Ecuador,Quito,Pichincha
2012-12-24,45,True,A,11,Additional,National,Ecuador,Quito,Pichincha
2012-12-24,46,True,A,14,Additional,National,Ecuador,Quito,Pichincha
2012-12-24,47,True,A,14,Additional,National,Ecuador,Quito,Pichincha
2012-12-24,48,True,A,14,Additional,National,Ecuador,Quito,Pichincha
2012-12-24,49,True,A,11,Additional,National,Ecuador,Quito,Pichincha
2012-12-24,50,True,A,14,Additional,National,Ecuador,Ambato,Tungurahua
2012-12-24,51,True,A,17,Additional,National,Ecuador,Guayaquil,Guayas
2012-12-24,52,True,A,11,Additional,National,Ecuador,Manta,Manabi
2012-12-24,53,True,D,13,Additional,National,Ecuador,Manta,Manabi
2012-12-24,54,True,C,3,Additional,National,Ecuador,El Carmen,Manabi
2012-12-25,1,True,D,13,Holiday,National,Ecuador,Quito,Pichincha
2012-12-25,2,True,D,13,Holiday,National,Ecuador,Quito,Pichincha
2012-12-25,3,True,D,8,Holiday,National,Ecuador,Quito,Pichincha
2012-12-25,4,True,D,9,Holiday,National,Ecuador,Quito,Pichincha
2012-12-25,5,True,D,4,Holiday,National,Ecuador,Santo Domingo,Santo Domingo de los Tsachilas
2012-12-25,6,True,D,13,Holiday,National,Ecuador,Quito,Pichincha
2012-12-25,7,True,D,8,Holiday,National,Ecuador,Quito,Pichincha
2012-12-25,8,True,D,8,Holiday,National,Ecuador,Quito,Pichincha
2012-12-25,9,True,B,6,Holiday,National,Ecuador,Quito,Pichincha
2012-12-25,10,True,C,15,Holiday,National,Ecuador,Quito,Pichincha
2012-12-25,11,True,B,6,Holiday,National,Ecuador,Cayambe,Pichincha
2012-12-25,12,True,C,15,Holiday,National,Ecuador,Latacunga,Cotopaxi
2012-12-25,13,True,C,15,Holiday,National,Ecuador,Latacunga,Cotopaxi
2012-12-25,14,True,C,7,Holiday,National,Ecuador,Riobamba,Chimborazo
2012-12-25,15,True,C,15,Holiday,National,Ecuador,Ibarra,Imbabura
2012-12-25,16,True,C,3,Holiday,National,Ecuador,Santo Domingo,Santo Domingo de los Tsachilas
2012-12-25,17,True,C,12,Holiday,National,Ecuador,Quito,Pichincha
2012-12-25,18,True,B,16,Holiday,National,Ecuador,Quito,Pichincha
2012-12-25,19,True,C,15,Holiday,National,Ecuador,Guaranda,Bolivar
2012-12-25,20,True,B,6,Holiday,National,Ecuador,Quito,Pichincha
2012-12-25,21,True,B,6,Holiday,National,Ecuador,Santo Domingo,Santo Domingo de los Tsachilas
2012-12-25,22,True,C,7,Holiday,National,Ecuador,Puyo,Pastaza
2012-12-25,23,True,D,9,Holiday,National,Ecuador,Ambato,Tungurahua
2012-12-25,24,True,D,1,Holiday,National,Ecuador,Guayaquil,Guayas
2012-12-25,25,True,D,1,Holiday,National,Ecuador,Salinas,Santa Elena
2012-12-25,26,True,D,10,Holiday,National,Ecuador,Guayaquil,Guayas
2012-12-25,27,True,D,1,Holiday,National,Ecuador,Daule,Guayas
2012-12-25,28,True,E,10,Holiday,National,Ecuador,Guayaquil,Guayas
2012-12-25,29,True,E,10,Holiday,National,Ecuador,Guayaquil,Guayas
2012-12-25,30,True,C,3,Holiday,National,Ecuador,Guayaquil,Guayas
2012-12-25,31,True,B,10,Holiday,National,Ecuador,Babahoyo,Los Rios
2012-12-25,32,True,C,3,Holiday,National,Ecuador,Guayaquil,Guayas
2012-12-25,33,True,C,3,Holiday,National,Ecuador,Quevedo,Los Rios
2012-12-25,34,True,B,6,Holiday,National,Ecuador,Guayaquil,Guayas
2012-12-25,35,True,C,3,Holiday,National,Ecuador,Playas,Guayas
2012-12-25,36,True,E,10,Holiday,National,Ecuador,Libertad,Guayas
2012-12-25,37,True,D,2,Holiday,National,Ecuador,Cuenca,Azuay
2012-12-25,38,True,D,4,Holiday,National,Ecuador,Loja,Loja
2012-12-25,39,True,B,6,Holiday,National,Ecuador,Cuenca,Azuay
2012-12-25,40,True,C,3,Holiday,National,Ecuador,Machala,El Oro
2012-12-25,41,True,D,4,Holiday,National,Ecuador,Machala,El Oro
2012-12-25,42,True,D,2,Holiday,National,Ecuador,Cuenca,Azuay
2012-12-25,43,True,E,10,Holiday,National,Ecuador,Esmeraldas,Esmeraldas
2012-12-25,44,True,A,5,Holiday,National,Ecuador,Quito,Pichincha
2012-12-25,45,True,A,11,Holiday,National,Ecuador,Quito,Pichincha
2012-12-25,46,True,A,14,Holiday,National,Ecuador,Quito,Pichincha
2012-12-25,47,True,A,14,Holiday,National,Ecuador,Quito,Pichincha
2012-12-25,48,True,A,14,Holiday,National,Ecuador,Quito,Pichincha
2012-12-25,49,True,A,11,Holiday,National,Ecuador,Quito,Pichincha
2012-12-25,50,True,A,14,Holiday,National,Ecuador,Ambato,Tungurahua
2012-12-25,51,True,A,17,Holiday,National,Ecuador,Guayaquil,Guayas
2012-12-25,52,True,A,11,Holiday,National,Ecuador,Manta,Manabi
2012-12-25,53,True,D,13,Holiday,National,Ecuador,Manta,Manabi
2012-12-25,54,True,C,3,Holiday,National,Ecuador,El Carmen,Manabi
2012-12-26,1,True,D,13,Additional,National,Ecuador,Quito,Pichincha
2012-12-26,2,True,D,13,Additional,National,Ecuador,Quito,Pichincha
2012-12-26,3,True,D,8,Additional,National,Ecuador,Quito,Pichincha
2012-12-26,4,True,D,9,Additional,National,Ecuador,Quito,Pichincha
2012-12-26,5,True,D,4,Additional,National,Ecuador,Santo Domingo,Santo Domingo de los Tsachilas
2012-12-26,6,True,D,13,Additional,National,Ecuador,Quito,Pichincha
2012-12-26,7,True,D,8,Additional,National,Ecuador,Quito,Pichincha
2012-12-26,8,True,D,8,Additional,National,Ecuador,Quito,Pichincha
2012-12-26,9,True,B,6,Additional,National,Ecuador,Quito,Pichincha
2012-12-26,10,True,C,15,Additional,National,Ecuador,Quito,Pichincha
2012-12-26,11,True,B,6,Additional,National,Ecuador,Cayambe,Pichincha
2012-12-26,12,True,C,15,Additional,National,Ecuador,Latacunga,Cotopaxi
2012-12-26,13,True,C,15,Additional,National,Ecuador,Latacunga,Cotopaxi
2012-12-26,14,True,C,7,Additional,National,Ecuador,Riobamba,Chimborazo
2012-12-26,15,True,C,15,Additional,National,Ecuador,Ibarra,Imbabura
2012-12-26,16,True,C,3,Additional,National,Ecuador,Santo Domingo,Santo Domingo de los Tsachilas
2012-12-26,17,True,C,12,Additional,National,Ecuador,Quito,Pichincha
2012-12-26,18,True,B,16,Additional,National,Ecuador,Quito,Pichincha
2012-12-26,19,True,C,15,Additional,National,Ecuador,Guaranda,Bolivar
2012-12-26,20,True,B,6,Additional,National,Ecuador,Quito,Pichincha
2012-12-26,21,True,B,6,Additional,National,Ecuador,Santo Domingo,Santo Domingo de los Tsachilas
2012-12-26,22,True,C,7,Additional,National,Ecuador,Puyo,Pastaza
2012-12-26,23,True,D,9,Additional,National,Ecuador,Ambato,Tungurahua
2012-12-26,24,True,D,1,Additional,National,Ecuador,Guayaquil,Guayas
2012-12-26,25,True,D,1,Additional,National,Ecuador,Salinas,Santa Elena
2012-12-26,26,True,D,10,Additional,National,Ecuador,Guayaquil,Guayas
2012-12-26,27,True,D,1,Additional,National,Ecuador,Daule,Guayas
2012-12-26,28,True,E,10,Additional,National,Ecuador,Guayaquil,Guayas
2012-12-26,29,True,E,10,Additional,National,Ecuador,Guayaquil,Guayas
2012-12-26,30,True,C,3,Additional,National,Ecuador,Guayaquil,Guayas
2012-12-26,31,True,B,10,Additional,National,Ecuador,Babahoyo,Los Rios
2012-12-26,32,True,C,3,Additional,National,Ecuador,Guayaquil,Guayas
2012-12-26,33,True,C,3,Additional,National,Ecuador,Quevedo,Los Rios
2012-12-26,34,True,B,6,Additional,National,Ecuador,Guayaquil,Guayas
2012-12-26,35,True,C,3,Additional,National,Ecuador,Playas,Guayas
2012-12-26,36,True,E,10,Additional,National,Ecuador,Libertad,Guayas
2012-12-26,37,True,D,2,Additional,National,Ecuador,Cuenca,Azuay
2012-12-26,38,True,D,4,Additional,National,Ecuador,Loja,Loja
2012-12-26,39,True,B,6,Additional,National,Ecuador,Cuenca,Azuay
2012-12-26,40,True,C,3,Additional,National,Ecuador,Machala,El Oro
2012-12-26,41,True,D,4,Additional,National,Ecuador,Machala,El Oro
2012-12-26,42,True,D,2,Additional,National,Ecuador,Cuenca,Azuay
2012-12-26,43,True,E,10,Additional,National,Ecuador,Esmeraldas,Esmeraldas
2012-12-26,44,True,A,5,Additional,National,Ecuador,Quito,Pichincha
2012-12-26,45,True,A,11,Additional,National,Ecuador,Quito,Pichincha
2012-12-26,46,True,A,14,Additional,National,Ecuador,Quito,Pichincha
2012-12-26,47,True,A,14,Additional,National,Ecuador,Quito,Pichincha
2012-12-26,48,True,A,14,Additional,National,Ecuador,Quito,Pichincha
2012-12-26,49,True,A,11,Additional,National,Ecuador,Quito,Pichincha
2012-12-26,50,True,A,14,Additional,National,Ecuador,Ambato,Tungurahua
2012-12-26,51,True,A,17,Additional,National,Ecuador,Guayaquil,Guayas
2012-12-26,52,True,A,11,Additional,National,Ecuador,Manta,Manabi
2012-12-26,53,True,D,13,Additional,National,Ecuador,Manta,Manabi
2012-12-26,54,True,C,3,Additional,National,Ecuador,El Carmen,Manabi
2012-12-31,1,True,D,13,Bridge,National,Ecuador,Quito,Pichincha
2012-12-31,2,True,D,13,Bridge,National,Ecuador,Quito,Pichincha
2012-12-31,3,True,D,8,Bridge,National,Ecuador,Quito,Pichincha
2012-12-31,4,True,D,9,Bridge,National,Ecuador,Quito,Pichincha
2012-12-31,5,True,D,4,Bridge,National,Ecuador,Santo Domingo,Santo Domingo de los Tsachilas
2012-12-31,6,True,D,13,Bridge,National,Ecuador,Quito,Pichincha
2012-12-31,7,True,D,8,Bridge,National,Ecuador,Quito,Pichincha
2012-12-31,8,True,D,8,Bridge,National,Ecuador,Quito,Pichincha
2012-12-31,9,True,B,6,Bridge,National,Ecuador,Quito,Pichincha
2012-12-31,10,True,C,15,Bridge,National,Ecuador,Quito,Pichincha
2012-12-31,11,True,B,6,Bridge,National,Ecuador,Cayambe,Pichincha
2012-12-31,12,True,C,15,Bridge,National,Ecuador,Latacunga,Cotopaxi
2012-12-31,13,True,C,15,Bridge,National,Ecuador,Latacunga,Cotopaxi
2012-12-31,14,True,C,7,Bridge,National,Ecuador,Riobamba,Chimborazo
2012-12-31,15,True,C,15,Bridge,National,Ecuador,Ibarra,Imbabura
2012-12-31,16,True,C,3,Bridge,National,Ecuador,Santo Domingo,Santo Domingo de los Tsachilas
2012-12-31,17,True,C,12,Bridge,National,Ecuador,Quito,Pichincha
2012-12-31,18,True,B,16,Bridge,National,Ecuador,Quito,Pichincha
2012-12-31,19,True,C,15,Bridge,National,Ecuador,Guaranda,Bolivar
2012-12-31,20,True,B,6,Bridge,National,Ecuador,Quito,Pichincha
2012-12-31,21,True,B,6,Bridge,National,Ecuador,Santo Domingo,Santo Domingo de los Tsachilas
2012-12-31,22,True,C,7,Bridge,National,Ecuador,Puyo,Pastaza
2012-12-31,23,True,D,9,Bridge,National,Ecuador,Ambato,Tungurahua
2012-12-31,24,True,D,1,Bridge,National,Ecuador,Guayaquil,Guayas
2012-12-31,25,True,D,1,Bridge,National,Ecuador,Salinas,Santa Elena
2012-12-31,26,True,D,10,Bridge,National,Ecuador,Guayaquil,Guayas
2012-12-31,27,True,D,1,Bridge,National,Ecuador,Daule,Guayas
2012-12-31,28,True,E,10,Bridge,National,Ecuador,Guayaquil,Guayas
2012-12-31,29,True,E,10,Bridge,National,Ecuador,Guayaquil,Guayas
2012-12-31,30,True,C,3,Bridge,National,Ecuador,Guayaquil,Guayas
2012-12-31,31,True,B,10,Bridge,National,Ecuador,Babahoyo,Los Rios
2012-12-31,32,True,C,3,Bridge,National,Ecuador,Guayaquil,Guayas
2012-12-31,33,True,C,3,Bridge,National,Ecuador,Quevedo,Los Rios
2012-12-31,34,True,B,6,Bridge,National,Ecuador,Guayaquil,Guayas
2012-12-31,35,True,C,3,Bridge,National,Ecuador,Playas,Guayas
2012-12-31,36,True,E,10,Bridge,National,Ecuador,Libertad,Guayas
2012-12-31,37,True,D,2,Bridge,National,Ecuador,Cuenca,Azuay
2012-12-31,38,True,D,4,Bridge,National,Ecuador,Loja,Loja
2012-12-31,39,True,B,6,Bridge,National,Ecuador,Cuenca,Azuay
2012-12-31,40,True,C,3,Bridge,National,Ecuador,Machala,El Oro
2012-12-31,41,True,D,4,Bridge,National,Ecuador,Machala,El Oro
2012-12-31,42,True,D,2,Bridge,National,Ecuador,Cuenca,Azuay
2012-12-31,43,True,E,10,Bridge,National,Ecuador,Esmeraldas,Esmeraldas
2012-12-31,44,True,A,5,Bridge,National,Ecuador,Quito,Pichincha
2012-12-31,45,True,A,11,Bridge,National,Ecuador,Quito,Pichincha
2012-12-31,46,True,A,14,Bridge,National,Ecuador,Quito,Pichincha
2012-12-31,47,True,A,14,Bridge,National,Ecuador,Quito,Pichincha
2012-12-31,48,True,A,14,Bridge,National,Ecuador,Quito,Pichincha
2012-12-31,49,True,A,11,Bridge,National,Ecuador,Quito,Pichincha
2012-12-31,50,True,A,14,Bridge,National,Ecuador,Ambato,Tungurahua
2012-12-31,51,True,A,17,Bridge,National,Ecuador,Guayaquil,Guayas
2012-12-31,52,True,A,11,Bridge,National,Ecuador,Manta,Manabi
2012-12-31,53,True,D,13,Bridge,National,Ecuador,Manta,Manabi
2012-12-31,54,True,C,3,Bridge,National,Ecuador,El Carmen,Manabi
2012-12-31,1,True,D,13,Additional,National,Ecuador,Quito,Pichincha
2012-12-31,2,True,D,13,Additional,National,Ecuador,Quito,Pichincha
2012-12-31,3,True,D,8,Additional,National,Ecuador,Quito,Pichincha
2012-12-31,4,True,D,9,Additional,National,Ecuador,Quito,Pichincha
2012-12-31,5,True,D,4,Additional,National,Ecuador,Santo Domingo,Santo Domingo de los Tsachilas
2012-12-31,6,True,D,13,Additional,National,Ecuador,Quito,Pichincha
2012-12-31,7,True,D,8,Additional,National,Ecuador,Quito,Pichincha
2012-12-31,8,True,D,8,Additional,National,Ecuador,Quito,Pichincha
2012-12-31,9,True,B,6,Additional,National,Ecuador,Quito,Pichincha
2012-12-31,10,True,C,15,Additional,National,Ecuador,Quito,Pichincha
2012-12-31,11,True,B,6,Additional,National,Ecuador,Cayambe,Pichincha
2012-12-31,12,True,C,15,Additional,National,Ecuador,Latacunga,Cotopaxi
2012-12-31,13,True,C,15,Additional,National,Ecuador,Latacunga,Cotopaxi
2012-12-31,14,True,C,7,Additional,National,Ecuador,Riobamba,Chimborazo
2012-12-31,15,True,C,15,Additional,National,Ecuador,Ibarra,Imbabura
2012-12-31,16,True,C,3,Additional,National,Ecuador,Santo Domingo,Santo Domingo de los Tsachilas
2012-12-31,17,True,C,12,Additional,National,Ecuador,Quito,Pichincha
2012-12-31,18,True,B,16,Additional,National,Ecuador,Quito,Pichincha
2012-12-31,19,True,C,15,Additional,National,Ecuador,Guaranda,Bolivar
2012-12-31,20,True,B,6,Additional,National,Ecuador,Quito,Pichincha
2012-12-31,21,True,B,6,Additional,National,Ecuador,Santo Domingo,Santo Domingo de los Tsachilas
2012-12-31,22,True,C,7,Additional,National,Ecuador,Puyo,Pastaza
2012-12-31,23,True,D,9,Additional,National,Ecuador,Ambato,Tungurahua
2012-12-31,24,True,D,1,Additional,National,Ecuador,Guayaquil,Guayas
2012-12-31,25,True,D,1,Additional,National,Ecuador,Salinas,Santa Elena
2012-12-31,26,True,D,10,Additional,National,Ecuador,Guayaquil,Guayas
2012-12-31,27,True,D,1,Additional,National,Ecuador,Daule,Guayas
2012-12-31,28,True,E,10,Additional,National,Ecuador,Guayaquil,Guayas
2012-12-31,29,True,E,10,Additional,National,Ecuador,Guayaquil,Guayas
2012-12-31,30,True,C,3,Additional,National,Ecuador,Guayaquil,Guayas
2012-12-31,31,True,B,10,Additional,National,Ecuador,Babahoyo,Los Rios
2012-12-31,32,True,C,3,Additional,National,Ecuador,Guayaquil,Guayas
2012-12-31,33,True,C,3,Additional,National,Ecuador,Quevedo,Los Rios
2012-12-31,34,True,B,6,Additional,National,Ecuador,Guayaquil,Guayas
2012-12-31,35,True,C,3,Additional,National,Ecuador,Playas,Guayas
2012-12-31,36,True,E,10,Additional,National,Ecuador,Libertad,Guayas
2012-12-31,37,True,D,2,Additional,National,Ecuador,Cuenca,Azuay
2012-12-31,38,True,D,4,Additional,National,Ecuador,Loja,Loja
2012-12-31,39,True,B,6,Additional,National,Ecuador,Cuenca,Azuay
2012-12-31,40,True,C,3,Additional,National,Ecuador,Machala,El Oro
2012-12-31,41,True,D,4,Additional,National,Ecuador,Machala,El Oro
2012-12-31,42,True,D,2,Additional,National,Ecuador,Cuenca,Azuay
2012-12-31,43,True,E,10,Additional,National,Ecuador,Esmeraldas,Esmeraldas
2012-12-31,44,True,A,5,Additional,National,Ecuador,Quito,Pichincha
2012-12-31,45,True,A,11,Additional,National,Ecuador,Quito,Pichincha
2012-12-31,46,True,A,14,Additional,National,Ecuador,Quito,Pichincha
2012-12-31,47,True,A,14,Additional,National,Ecuador,Quito,Pichincha
2012-12-31,48,True,A,14,Additional,National,Ecuador,Quito,Pichincha
2012-12-31,49,True,A,11,Additional,National,Ecuador,Quito,Pichincha
2012-12-31,50,True,A,14,Additional,National,Ecuador,Ambato,Tungurahua
2012-12-31,51,True,A,17,Additional,National,Ecuador,Guayaquil,Guayas
2012-12-31,52,True,A,11,Additional,National,Ecuador,Manta,Manabi
2012-12-31,53,True,D,13,Additional,National,Ecuador,Manta,Manabi
2012-12-31,54,True,C,3,Additional,National,Ecuador,El Carmen,Manabi
2013-01-01,1,True,D,13,Holiday,National,Ecuador,Quito,Pichincha
2013-01-01,2,True,D,13,Holiday,National,Ecuador,Quito,Pichincha
2013-01-01,3,True,D,8,Holiday,National,Ecuador,Quito,Pichincha
2013-01-01,4,True,D,9,Holiday,National,Ecuador,Quito,Pichincha
2013-01-01,5,True,D,4,Holiday,National,Ecuador,Santo Domingo,Santo Domingo de los Tsachilas
2013-01-01,6,True,D,13,Holiday,National,Ecuador,Quito,Pichincha
2013-01-01,7,True,D,8,Holiday,National,Ecuador,Quito,Pichincha
2013-01-01,8,True,D,8,Holiday,National,Ecuador,Quito,Pichincha
2013-01-01,9,True,B,6,Holiday,National,Ecuador,Quito,Pichincha
2013-01-01,10,True,C,15,Holiday,National,Ecuador,Quito,Pichincha
2013-01-01,11,True,B,6,Holiday,National,Ecuador,Cayambe,Pichincha
2013-01-01,12,True,C,15,Holiday,National,Ecuador,Latacunga,Cotopaxi
2013-01-01,13,True,C,15,Holiday,National,Ecuador,Latacunga,Cotopaxi
2013-01-01,14,True,C,7,Holiday,National,Ecuador,Riobamba,Chimborazo
2013-01-01,15,True,C,15,Holiday,National,Ecuador,Ibarra,Imbabura
2013-01-01,16,True,C,3,Holiday,National,Ecuador,Santo Domingo,Santo Domingo de los Tsachilas
2013-01-01,17,True,C,12,Holiday,National,Ecuador,Quito,Pichincha
2013-01-01,18,True,B,16,Holiday,National,Ecuador,Quito,Pichincha
2013-01-01,19,True,C,15,Holiday,National,Ecuador,Guaranda,Bolivar
2013-01-01,20,True,B,6,Holiday,National,Ecuador,Quito,Pichincha
2013-01-01,21,True,B,6,Holiday,National,Ecuador,Santo Domingo,Santo Domingo de los Tsachilas
2013-01-01,22,True,C,7,Holiday,National,Ecuador,Puyo,Pastaza
2013-01-01,23,True,D,9,Holiday,National,Ecuador,Ambato,Tungurahua
2013-01-01,24,True,D,1,Holiday,National,Ecuador,Guayaquil,Guayas
2013-01-01,25,True,D,1,Holiday,National,Ecuador,Salinas,Santa Elena
2013-01-01,26,True,D,10,Holiday,National,Ecuador,Guayaquil,Guayas
2013-01-01,27,True,D,1,Holiday,National,Ecuador,Daule,Guayas
2013-01-01,28,True,E,10,Holiday,National,Ecuador,Guayaquil,Guayas
2013-01-01,29,True,E,10,Holiday,National,Ecuador,Guayaquil,Guayas
2013-01-01,30,True,C,3,Holiday,National,Ecuador,Guayaquil,Guayas
2013-01-01,31,True,B,10,Holiday,National,Ecuador,Babahoyo,Los Rios
2013-01-01,32,True,C,3,Holiday,National,Ecuador,Guayaquil,Guayas
2013-01-01,33,True,C,3,Holiday,National,Ecuador,Quevedo,Los Rios
2013-01-01,34,True,B,6,Holiday,National,Ecuador,Guayaquil,Guayas
2013-01-01,35,True,C,3,Holiday,National,Ecuador,Playas,Guayas
2013-01-01,36,True,E,10,Holiday,National,Ecuador,Libertad,Guayas
2013-01-01,37,True,D,2,Holiday,National,Ecuador,Cuenca,Azuay
2013-01-01,38,True,D,4,Holiday,National,Ecuador,Loja,Loja
2013-01-01,39,True,B,6,Holiday,National,Ecuador,Cuenca,Azuay
2013-01-01,40,True,C,3,Holiday,National,Ecuador,Machala,El Oro
2013-01-01,41,True,D,4,Holiday,National,Ecuador,Machala,El Oro
2013-01-01,42,True,D,2,Holiday,National,Ecuador,Cuenca,Azuay
2013-01-01,43,True,E,10,Holiday,National,Ecuador,Esmeraldas,Esmeraldas
2013-01-01,44,True,A,5,Holiday,National,Ecuador,Quito,Pichincha
2013-01-01,45,True,A,11,Holiday,National,Ecuador,Quito,Pichincha
2013-01-01,46,True,A,14,Holiday,National,Ecuador,Quito,Pichincha
2013-01-01,47,True,A,14,Holiday,National,Ecuador,Quito,Pichincha
2013-01-01,48,True,A,14,Holiday,National,Ecuador,Quito,Pichincha
2013-01-01,49,True,A,11,Holiday,National,Ecuador,Quito,Pichincha
2013-01-01,50,True,A,14,Holiday,National,Ecuador,Ambato,Tungurahua
2013-01-01,51,True,A,17,Holiday,National,Ecuador,Guayaquil,Guayas
2013-01-01,52,True,A,11,Holiday,National,Ecuador,Manta,Manabi
2013-01-01,53,True,D,13,Holiday,National,Ecuador,Manta,Manabi
2013-01-01,54,True,C,3,Holiday,National,Ecuador,El Carmen,Manabi
2013-01-05,1,False,D,13,Work Day,National,Ecuador,Quito,Pichincha
2013-01-05,2,False,D,13,Work Day,National,Ecuador,Quito,Pichincha
2013-01-05,3,False,D,8,Work Day,National,Ecuador,Quito,Pichincha
2013-01-05,4,False,D,9,Work Day,National,Ecuador,Quito,Pichincha
2013-01-05,5,False,D,4,Work Day,National,Ecuador,Santo Domingo,Santo Domingo de los Tsachilas
2013-01-05,6,False,D,13,Work Day,National,Ecuador,Quito,Pichincha
2013-01-05,7,False,D,8,Work Day,National,Ecuador,Quito,Pichincha
2013-01-05,8,False,D,8,Work Day,National,Ecuador,Quito,Pichincha
2013-01-05,9,False,B,6,Work Day,National,Ecuador,Quito,Pichincha
2013-01-05,10,False,C,15,Work Day,National,Ecuador,Quito,Pichincha
2013-01-05,11,False,B,6,Work Day,National,Ecuador,Cayambe,Pichincha
2013-01-05,12,False,C,15,Work Day,National,Ecuador,Latacunga,Cotopaxi
2013-01-05,13,False,C,15,Work Day,National,Ecuador,Latacunga,Cotopaxi
2013-01-05,14,False,C,7,Work Day,National,Ecuador,Riobamba,Chimborazo
2013-01-05,15,False,C,15,Work Day,National,Ecuador,Ibarra,Imbabura
2013-01-05,16,False,C,3,Work Day,National,Ecuador,Santo Domingo,Santo Domingo de los Tsachilas
2013-01-05,17,False,C,12,Work Day,National,Ecuador,Quito,Pichincha
2013-01-05,18,False,B,16,Work Day,National,Ecuador,Quito,Pichincha
2013-01-05,19,False,C,15,Work Day,National,Ecuador,Guaranda,Bolivar
2013-01-05,20,False,B,6,Work Day,National,Ecuador,Quito,Pichincha
2013-01-05,21,False,B,6,Work Day,National,Ecuador,Santo Domingo,Santo Domingo de los Tsachilas
2013-01-05,22,False,C,7,Work Day,National,Ecuador,Puyo,Pastaza
2013-01-05,23,False,D,9,Work Day,National,Ecuador,Ambato,Tungurahua
2013-01-05,24,False,D,1,Work Day,National,Ecuador,Guayaquil,Guayas
2013-01-05,25,False,D,1,Work Day,National,Ecuador,Salinas,Santa Elena
2013-01-05,26,False,D,10,Work Day,National,Ecuador,Guayaquil,Guayas
2013-01-05,27,False,D,1,Work Day,National,Ecuador,Daule,Guayas
2013-01-05,28,False,E,10,Work Day,National,Ecuador,Guayaquil,Guayas
2013-01-05,29,False,E,10,Work Day,National,Ecuador,Guayaquil,Guayas
2013-01-05,30,False,C,3,Work Day,National,Ecuador,Guayaquil,Guayas
2013-01-05,31,False,B,10,Work Day,National,Ecuador,Babahoyo,Los Rios
2013-01-05,32,False,C,3,Work Day,National,Ecuador,Guayaquil,Guayas
2013-01-05,33,False,C,3,Work Day,National,Ecuador,Quevedo,Los Rios
2013-01-05,34,False,B,6,Work Day,National,Ecuador,Guayaquil,Guayas
2013-01-05,35,False,C,3,Work Day,National,Ecuador,Playas,Guayas
2013-01-05,36,False,E,10,Work Day,National,Ecuador,Libertad,Guayas
2013-01-05,37,False,D,2,Work Day,National,Ecuador,Cuenca,Azuay
2013-01-05,38,False,D,4,Work Day,National,Ecuador,Loja,Loja
2013-01-05,39,False,B,6,Work Day,National,Ecuador,Cuenca,Azuay
2013-01-05,40,False,C,3,Work Day,National,Ecuador,Machala,El Oro
2013-01-05,41,False,D,4,Work Day,National,Ecuador,Machala,El Oro
2013-01-05,42,False,D,2,Work Day,National,Ecuador,Cuenca,Azuay
2013-01-05,43,False,E,10,Work Day,National,Ecuador,Esmeraldas,Esmeraldas
2013-01-05,44,False,A,5,Work Day,National,Ecuador,Quito,Pichincha
2013-01-05,45,False,A,11,Work Day,National,Ecuador,Quito,Pichincha
2013-01-05,46,False,A,14,Work Day,National,Ecuador,Quito,Pichincha
2013-01-05,47,False,A,14,Work Day,National,Ecuador,Quito,Pichincha
2013-01-05,48,False,A,14,Work Day,National,Ecuador,Quito,Pichincha
2013-01-05,49,False,A,11,Work Day,National,Ecuador,Quito,Pichincha
2013-01-05,50,False,A,14,Work Day,National,Ecuador,Ambato,Tungurahua
2013-01-05,51,False,A,17,Work Day,National,Ecuador,Guayaquil,Guayas
2013-01-05,52,False,A,11,Work Day,National,Ecuador,Manta,Manabi
2013-01-05,53,False,D,13,Work Day,National,Ecuador,Manta,Manabi
2013-01-05,54,False,C,3,Work Day,National,Ecuador,El Carmen,Manabi
2013-01-12,1,False,D,13,Work Day,National,Ecuador,Quito,Pichincha
2013-01-12,2,False,D,13,Work Day,National,Ecuador,Quito,Pichincha
2013-01-12,3,False,D,8,Work Day,National,Ecuador,Quito,Pichincha
2013-01-12,4,False,D,9,Work Day,National,Ecuador,Quito,Pichincha
2013-01-12,5,False,D,4,Work Day,National,Ecuador,Santo Domingo,Santo Domingo de los Tsachilas
2013-01-12,6,False,D,13,Work Day,National,Ecuador,Quito,Pichincha
2013-01-12,7,False,D,8,Work Day,National,Ecuador,Quito,Pichincha
2013-01-12,8,False,D,8,Work Day,National,Ecuador,Quito,Pichincha
2013-01-12,9,False,B,6,Work Day,National,Ecuador,Quito,Pichincha
2013-01-12,10,False,C,15,Work Day,National,Ecuador,Quito,Pichincha
2013-01-12,11,False,B,6,Work Day,National,Ecuador,Cayambe,Pichincha
2013-01-12,12,False,C,15,Work Day,National,Ecuador,Latacunga,Cotopaxi
2013-01-12,13,False,C,15,Work Day,National,Ecuador,Latacunga,Cotopaxi
2013-01-12,14,False,C,7,Work Day,National,Ecuador,Riobamba,Chimborazo
2013-01-12,15,False,C,15,Work Day,National,Ecuador,Ibarra,Imbabura
2013-01-12,16,False,C,3,Work Day,National,Ecuador,Santo Domingo,Santo Domingo de los Tsachilas
2013-01-12,17,False,C,12,Work Day,National,Ecuador,Quito,Pichincha
2013-01-12,18,False,B,16,Work Day,National,Ecuador,Quito,Pichincha
2013-01-12,19,False,C,15,Work Day,National,Ecuador,Guaranda,Bolivar
2013-01-12,20,False,B,6,Work Day,National,Ecuador,Quito,Pichincha
2013-01-12,21,False,B,6,Work Day,National,Ecuador,Santo Domingo,Santo Domingo de los Tsachilas
2013-01-12,22,False,C,7,Work Day,National,Ecuador,Puyo,Pastaza
2013-01-12,23,False,D,9,Work Day,National,Ecuador,Ambato,Tungurahua
2013-01-12,24,False,D,1,Work Day,National,Ecuador,Guayaquil,Guayas
2013-01-12,25,False,D,1,Work Day,National,Ecuador,Salinas,Santa Elena
2013-01-12,26,False,D,10,Work Day,National,Ecuador,Guayaquil,Guayas
2013-01-12,27,False,D,1,Work Day,National,Ecuador,Daule,Guayas
2013-01-12,28,False,E,10,Work Day,National,Ecuador,Guayaquil,Guayas
2013-01-12,29,False,E,10,Work Day,National,Ecuador,Guayaquil,Guayas
2013-01-12,30,False,C,3,Work Day,National,Ecuador,Guayaquil,Guayas
2013-01-12,31,False,B,10,Work Day,National,Ecuador,Babahoyo,Los Rios
2013-01-12,32,False,C,3,Work Day,National,Ecuador,Guayaquil,Guayas
2013-01-12,33,False,C,3,Work Day,National,Ecuador,Quevedo,Los Rios
2013-01-12,34,False,B,6,Work Day,National,Ecuador,Guayaquil,Guayas
2013-01-12,35,False,C,3,Work Day,National,Ecuador,Playas,Guayas
2013-01-12,36,False,E,10,Work Day,National,Ecuador,Libertad,Guayas
2013-01-12,37,False,D,2,Work Day,National,Ecuador,Cuenca,Azuay
2013-01-12,38,False,D,4,Work Day,National,Ecuador,Loja,Loja
2013-01-12,39,False,B,6,Work Day,National,Ecuador,Cuenca,Azuay
2013-01-12,40,False,C,3,Work Day,National,Ecuador,Machala,El Oro
2013-01-12,41,False,D,4,Work Day,National,Ecuador,Machala,El Oro
2013-01-12,42,False,D,2,Work Day,National,Ecuador,Cuenca,Azuay
2013-01-12,43,False,E,10,Work Day,National,Ecuador,Esmeraldas,Esmeraldas
2013-01-12,44,False,A,5,Work Day,National,Ecuador,Quito,Pichincha
2013-01-12,45,False,A,11,Work Day,National,Ecuador,Quito,Pichincha
2013-01-12,46,False,A,14,Work Day,National,Ecuador,Quito,Pichincha
2013-01-12,47,False,A,14,Work Day,National,Ecuador,Quito,Pichincha
2013-01-12,48,False,A,14,Work Day,National,Ecuador,Quito,Pichincha
2013-01-12,49,False,A,11,Work Day,National,Ecuador,Quito,Pichincha
2013-01-12,50,False,A,14,Work Day,National,Ecuador,Ambato,Tungurahua
2013-01-12,51,False,A,17,Work Day,National,Ecuador,Guayaquil,Guayas
2013-01-12,52,False,A,11,Work Day,National,Ecuador,Manta,Manabi
2013-01-12,53,False,D,13,Work Day,National,Ecuador,Manta,Manabi
2013-01-12,54,False,C,3,Work Day,National,Ecuador,El Carmen,Manabi
2013-02-11,1,True,D,13,Holiday,National,Ecuador,Quito,Pichincha
2013-02-11,2,True,D,13,Holiday,National,Ecuador,Quito,Pichincha
2013-02-11,3,True,D,8,Holiday,National,Ecuador,Quito,Pichincha
2013-02-11,4,True,D,9,Holiday,National,Ecuador,Quito,Pichincha
2013-02-11,5,True,D,4,Holiday,National,Ecuador,Santo Domingo,Santo Domingo de los Tsachilas
2013-02-11,6,True,D,13,Holiday,National,Ecuador,Quito,Pichincha
2013-02-11,7,True,D,8,Holiday,National,Ecuador,Quito,Pichincha
2013-02-11,8,True,D,8,Holiday,National,Ecuador,Quito,Pichincha
2013-02-11,9,True,B,6,Holiday,National,Ecuador,Quito,Pichincha
2013-02-11,10,True,C,15,Holiday,National,Ecuador,Quito,Pichincha
2013-02-11,11,True,B,6,Holiday,National,Ecuador,Cayambe,Pichincha
2013-02-11,12,True,C,15,Holiday,National,Ecuador,Latacunga,Cotopaxi
2013-02-11,13,True,C,15,Holiday,National,Ecuador,Latacunga,Cotopaxi
2013-02-11,14,True,C,7,Holiday,National,Ecuador,Riobamba,Chimborazo
2013-02-11,15,True,C,15,Holiday,National,Ecuador,Ibarra,Imbabura
2013-02-11,16,True,C,3,Holiday,National,Ecuador,Santo Domingo,Santo Domingo de los Tsachilas
2013-02-11,17,True,C,12,Holiday,National,Ecuador,Quito,Pichincha
2013-02-11,18,True,B,16,Holiday,National,Ecuador,Quito,Pichincha
2013-02-11,19,True,C,15,Holiday,National,Ecuador,Guaranda,Bolivar
2013-02-11,20,True,B,6,Holiday,National,Ecuador,Quito,Pichincha
2013-02-11,21,True,B,6,Holiday,National,Ecuador,Santo Domingo,Santo Domingo de los Tsachilas
2013-02-11,22,True,C,7,Holiday,National,Ecuador,Puyo,Pastaza
2013-02-11,23,True,D,9,Holiday,National,Ecuador,Ambato,Tungurahua
2013-02-11,24,True,D,1,Holiday,National,Ecuador,Guayaquil,Guayas
2013-02-11,25,True,D,1,Holiday,National,Ecuador,Salinas,Santa Elena
2013-02-11,26,True,D,10,Holiday,National,Ecuador,Guayaquil,Guayas
2013-02-11,27,True,D,1,Holiday,National,Ecuador,Daule,Guayas
2013-02-11,28,True,E,10,Holiday,National,Ecuador,Guayaquil,Guayas
2013-02-11,29,True,E,10,Holiday,National,Ecuador,Guayaquil,Guayas
2013-02-11,30,True,C,3,Holiday,National,Ecuador,Guayaquil,Guayas
2013-02-11,31,True,B,10,Holiday,National,Ecuador,Babahoyo,Los Rios
2013-02-11,32,True,C,3,Holiday,National,Ecuador,Guayaquil,Guayas
2013-02-11,33,True,C,3,Holiday,National,Ecuador,Quevedo,Los Rios
2013-02-11,34,True,B,6,Holiday,National,Ecuador,Guayaquil,Guayas
2013-02-11,35,True,C,3,Holiday,National,Ecuador,Playas,Guayas
2013-02-11,36,True,E,10,Holiday,National,Ecuador,Libertad,Guayas
2013-02-11,37,True,D,2,Holiday,National,Ecuador,Cuenca,Azuay
2013-02-11,38,True,D,4,Holiday,National,Ecuador,Loja,Loja
2013-02-11,39,True,B,6,Holiday,National,Ecuador,Cuenca,Azuay
2013-02-11,40,True,C,3,Holiday,National,Ecuador,Machala,El Oro
2013-02-11,41,True,D,4,Holiday,National,Ecuador,Machala,El Oro
2013-02-11,42,True,D,2,Holiday,National,Ecuador,Cuenca,Azuay
2013-02-11,43,True,E,10,Holiday,National,Ecuador,Esmeraldas,Esmeraldas
2013-02-11,44,True,A,5,Holiday,National,Ecuador,Quito,Pichincha
2013-02-11,45,True,A,11,Holiday,National,Ecuador,Quito,Pichincha
2013-02-11,46,True,A,14,Holiday,National,Ecuador,Quito,Pichincha
2013-02-11,47,True,A,14,Holiday,National,Ecuador,Quito,Pichincha
2013-02-11,48,True,A,14,Holiday,National,Ecuador,Quito,Pichincha
2013-02-11,49,True,A,11,Holiday,National,Ecuador,Quito,Pichincha
2013-02-11,50,True,A,14,Holiday,National,Ecuador,Ambato,Tungurahua
2013-02-11,51,True,A,17,Holiday,National,Ecuador,Guayaquil,Guayas
2013-02-11,52,True,A,11,Holiday,National,Ecuador,Manta,Manabi
2013-02-11,53,True,D,13,Holiday,National,Ecuador,Manta,Manabi
2013-02-11,54,True,C,3,Holiday,National,Ecuador,El Carmen,Manabi
2013-02-12,1,True,D,13,Holiday,National,Ecuador,Quito,Pichincha
2013-02-12,2,True,D,13,Holiday,National,Ecuador,Quito,Pichincha
2013-02-12,3,True,D,8,Holiday,National,Ecuador,Quito,Pichincha
2013-02-12,4,True,D,9,Holiday,National,Ecuador,Quito,Pichincha
2013-02-12,5,True,D,4,Holiday,National,Ecuador,Santo Domingo,Santo Domingo de los Tsachilas
2013-02-12,6,True,D,13,Holiday,National,Ecuador,Quito,Pichincha
2013-02-12,7,True,D,8,Holiday,National,Ecuador,Quito,Pichincha
2013-02-12,8,True,D,8,Holiday,National,Ecuador,Quito,Pichincha
2013-02-12,9,True,B,6,Holiday,National,Ecuador,Quito,Pichincha
2013-02-12,10,True,C,15,Holiday,National,Ecuador,Quito,Pichincha
2013-02-12,11,True,B,6,Holiday,National,Ecuador,Cayambe,Pichincha
2013-02-12,12,True,C,15,Holiday,National,Ecuador,Latacunga,Cotopaxi
2013-02-12,13,True,C,15,Holiday,National,Ecuador,Latacunga,Cotopaxi
2013-02-12,14,True,C,7,Holiday,National,Ecuador,Riobamba,Chimborazo
2013-02-12,15,True,C,15,Holiday,National,Ecuador,Ibarra,Imbabura
2013-02-12,16,True,C,3,Holiday,National,Ecuador,Santo Domingo,Santo Domingo de los Tsachilas
2013-02-12,17,True,C,12,Holiday,National,Ecuador,Quito,Pichincha
2013-02-12,18,True,B,16,Holiday,National,Ecuador,Quito,Pichincha
2013-02-12,19,True,C,15,Holiday,National,Ecuador,Guaranda,Bolivar
2013-02-12,20,True,B,6,Holiday,National,Ecuador,Quito,Pichincha
2013-02-12,21,True,B,6,Holiday,National,Ecuador,Santo Domingo,Santo Domingo de los Tsachilas
2013-02-12,22,True,C,7,Holiday,National,Ecuador,Puyo,Pastaza
2013-02-12,23,True,D,9,Holiday,National,Ecuador,Ambato,Tungurahua
2013-02-12,24,True,D,1,Holiday,National,Ecuador,Guayaquil,Guayas
2013-02-12,25,True,D,1,Holiday,National,Ecuador,Salinas,Santa Elena
2013-02-12,26,True,D,10,Holiday,National,Ecuador,Guayaquil,Guayas
2013-02-12,27,True,D,1,Holiday,National,Ecuador,Daule,Guayas
2013-02-12,28,True,E,10,Holiday,National,Ecuador,Guayaquil,Guayas
2013-02-12,29,True,E,10,Holiday,National,Ecuador,Guayaquil,Guayas
2013-02-12,30,True,C,3,Holiday,National,Ecuador,Guayaquil,Guayas
2013-02-12,31,True,B,10,Holiday,National,Ecuador,Babahoyo,Los Rios
2013-02-12,32,True,C,3,Holiday,National,Ecuador,Guayaquil,Guayas
2013-02-12,33,True,C,3,Holiday,National,Ecuador,Quevedo,Los Rios
2013-02-12,34,True,B,6,Holiday,National,Ecuador,Guayaquil,Guayas
2013-02-12,35,True,C,3,Holiday,National,Ecuador,Playas,Guayas
2013-02-12,36,True,E,10,Holiday,National,Ecuador,Libertad,Guayas
2013-02-12,37,True,D,2,Holiday,National,Ecuador,Cuenca,Azuay
2013-02-12,38,True,D,4,Holiday,National,Ecuador,Loja,Loja
2013-02-12,39,True,B,6,Holiday,National,Ecuador,Cuenca,Azuay
2013-02-12,40,True,C,3,Holiday,National,Ecuador,Machala,El Oro
2013-02-12,41,True,D,4,Holiday,National,Ecuador,Machala,El Oro
2013-02-12,42,True,D,2,Holiday,National,Ecuador,Cuenca,Azuay
2013-02-12,43,True,E,10,Holiday,National,Ecuador,Esmeraldas,Esmeraldas
2013-02-12,44,True,A,5,Holiday,National,Ecuador,Quito,Pichincha
2013-02-12,45,True,A,11,Holiday,National,Ecuador,Quito,Pichincha
2013-02-12,46,True,A,14,Holiday,National,Ecuador,Quito,Pichincha
2013-02-12,47,True,A,14,Holiday,National,Ecuador,Quito,Pichincha
2013-02-12,48,True,A,14,Holiday,National,Ecuador,Quito,Pichincha
2013-02-12,49,True,A,11,Holiday,National,Ecuador,Quito,Pichincha
2013-02-12,50,True,A,14,Holiday,National,Ecuador,Ambato,Tungurahua
2013-02-12,51,True,A,17,Holiday,National,Ecuador,Guayaquil,Guayas
2013-02-12,52,True,A,11,Holiday,National,Ecuador,Manta,Manabi
2013-02-12,53,True,D,13,Holiday,National,Ecuador,Manta,Manabi
2013-02-12,54,True,C,3,Holiday,National,Ecuador,El Carmen,Manabi
2013-04-29,1,True,D,13,Holiday,National,Ecuador,Quito,Pichincha
2013-04-29,2,True,D,13,Holiday,National,Ecuador,Quito,Pichincha
2013-04-29,3,True,D,8,Holiday,National,Ecuador,Quito,Pichincha
2013-04-29,4,True,D,9,Holiday,National,Ecuador,Quito,Pichincha
2013-04-29,5,True,D,4,Holiday,National,Ecuador,Santo Domingo,Santo Domingo de los Tsachilas
2013-04-29,6,True,D,13,Holiday,National,Ecuador,Quito,Pichincha
2013-04-29,7,True,D,8,Holiday,National,Ecuador,Quito,Pichincha
2013-04-29,8,True,D,8,Holiday,National,Ecuador,Quito,Pichincha
2013-04-29,9,True,B,6,Holiday,National,Ecuador,Quito,Pichincha
2013-04-29,10,True,C,15,Holiday,National,Ecuador,Quito,Pichincha
2013-04-29,11,True,B,6,Holiday,National,Ecuador,Cayambe,Pichincha
2013-04-29,12,True,C,15,Holiday,National,Ecuador,Latacunga,Cotopaxi
2013-04-29,13,True,C,15,Holiday,National,Ecuador,Latacunga,Cotopaxi
2013-04-29,14,True,C,7,Holiday,National,Ecuador,Riobamba,Chimborazo
2013-04-29,15,True,C,15,Holiday,National,Ecuador,Ibarra,Imbabura
2013-04-29,16,True,C,3,Holiday,National,Ecuador,Santo Domingo,Santo Domingo de los Tsachilas
2013-04-29,17,True,C,12,Holiday,National,Ecuador,Quito,Pichincha
2013-04-29,18,True,B,16,Holiday,National,Ecuador,Quito,Pichincha
2013-04-29,19,True,C,15,Holiday,National,Ecuador,Guaranda,Bolivar
2013-04-29,20,True,B,6,Holiday,National,Ecuador,Quito,Pichincha
2013-04-29,21,True,B,6,Holiday,National,Ecuador,Santo Domingo,Santo Domingo de los Tsachilas
2013-04-29,22,True,C,7,Holiday,National,Ecuador,Puyo,Pastaza
2013-04-29,23,True,D,9,Holiday,National,Ecuador,Ambato,Tungurahua
2013-04-29,24,True,D,1,Holiday,National,Ecuador,Guayaquil,Guayas
2013-04-29,25,True,D,1,Holiday,National,Ecuador,Salinas,Santa Elena
2013-04-29,26,True,D,10,Holiday,National,Ecuador,Guayaquil,Guayas
2013-04-29,27,True,D,1,Holiday,National,Ecuador,Daule,Guayas
2013-04-29,28,True,E,10,Holiday,National,Ecuador,Guayaquil,Guayas
2013-04-29,29,True,E,10,Holiday,National,Ecuador,Guayaquil,Guayas
2013-04-29,30,True,C,3,Holiday,National,Ecuador,Guayaquil,Guayas
2013-04-29,31,True,B,10,Holiday,National,Ecuador,Babahoyo,Los Rios
2013-04-29,32,True,C,3,Holiday,National,Ecuador,Guayaquil,Guayas
2013-04-29,33,True,C,3,Holiday,National,Ecuador,Quevedo,Los Rios
2013-04-29,34,True,B,6,Holiday,National,Ecuador,Guayaquil,Guayas
2013-04-29,35,True,C,3,Holiday,National,Ecuador,Playas,Guayas
2013-04-29,36,True,E,10,Holiday,National,Ecuador,Libertad,Guayas
2013-04-29,37,True,D,2,Holiday,National,Ecuador,Cuenca,Azuay
2013-04-29,38,True,D,4,Holiday,National,Ecuador,Loja,Loja
2013-04-29,39,True,B,6,Holiday,National,Ecuador,Cuenca,Azuay
2013-04-29,40,True,C,3,Holiday,National,Ecuador,Machala,El Oro
2013-04-29,41,True,D,4,Holiday,National,Ecuador,Machala,El Oro
2013-04-29,42,True,D,2,Holiday,National,Ecuador,Cuenca,Azuay
2013-04-29,43,True,E,10,Holiday,National,Ecuador,Esmeraldas,Esmeraldas
2013-04-29,44,True,A,5,Holiday,National,Ecuador,Quito,Pichincha
2013-04-29,45,True,A,11,Holiday,National,Ecuador,Quito,Pichincha
2013-04-29,46,True,A,14,Holiday,National,Ecuador,Quito,Pichincha
2013-04-29,47,True,A,14,Holiday,National,Ecuador,Quito,Pichincha
2013-04-29,48,True,A,14,Holiday,National,Ecuador,Quito,Pichincha
2013-04-29,49,True,A,11,Holiday,National,Ecuador,Quito,Pichincha
2013-04-29,50,True,A,14,Holiday,National,Ecuador,Ambato,Tungurahua
2013-04-29,51,True,A,17,Holiday,National,Ecuador,Guayaquil,Guayas
2013-04-29,52,True,A,11,Holiday,National,Ecuador,Manta,Manabi
2013-04-29,53,True,D,13,Holiday,National,Ecuador,Manta,Manabi
2013-04-29,54,True,C,3,Holiday,National,Ecuador,El Carmen,Manabi
2013-05-01,1,True,D,13,Holiday,National,Ecuador,Quito,Pichincha
2013-05-01,2,True,D,13,Holiday,National,Ecuador,Quito,Pichincha
2013-05-01,3,True,D,8,Holiday,National,Ecuador,Quito,Pichincha
2013-05-01,4,True,D,9,Holiday,National,Ecuador,Quito,Pichincha
2013-05-01,5,True,D,4,Holiday,National,Ecuador,Santo Domingo,Santo Domingo de los Tsachilas
2013-05-01,6,True,D,13,Holiday,National,Ecuador,Quito,Pichincha
2013-05-01,7,True,D,8,Holiday,National,Ecuador,Quito,Pichincha
2013-05-01,8,True,D,8,Holiday,National,Ecuador,Quito,Pichincha
2013-05-01,9,True,B,6,Holiday,National,Ecuador,Quito,Pichincha
2013-05-01,10,True,C,15,Holiday,National,Ecuador,Quito,Pichincha
2013-05-01,11,True,B,6,Holiday,National,Ecuador,Cayambe,Pichincha
2013-05-01,12,True,C,15,Holiday,National,Ecuador,Latacunga,Cotopaxi
2013-05-01,13,True,C,15,Holiday,National,Ecuador,Latacunga,Cotopaxi
2013-05-01,14,True,C,7,Holiday,National,Ecuador,Riobamba,Chimborazo
2013-05-01,15,True,C,15,Holiday,National,Ecuador,Ibarra,Imbabura
2013-05-01,16,True,C,3,Holiday,National,Ecuador,Santo Domingo,Santo Domingo de los Tsachilas
2013-05-01,17,True,C,12,Holiday,National,Ecuador,Quito,Pichincha
2013-05-01,18,True,B,16,Holiday,National,Ecuador,Quito,Pichincha
2013-05-01,19,True,C,15,Holiday,National,Ecuador,Guaranda,Bolivar
2013-05-01,20,True,B,6,Holiday,National,Ecuador,Quito,Pichincha
2013-05-01,21,True,B,6,Holiday,National,Ecuador,Santo Domingo,Santo Domingo de los Tsachilas
2013-05-01,22,True,C,7,Holiday,National,Ecuador,Puyo,Pastaza
2013-05-01,23,True,D,9,Holiday,National,Ecuador,Ambato,Tungurahua
2013-05-01,24,True,D,1,Holiday,National,Ecuador,Guayaquil,Guayas
2013-05-01,25,True,D,1,Holiday,National,Ecuador,Salinas,Santa Elena
2013-05-01,26,True,D,10,Holiday,National,Ecuador,Guayaquil,Guayas
2013-05-01,27,True,D,1,Holiday,National,Ecuador,Daule,Guayas
2013-05-01,28,True,E,10,Holiday,National,Ecuador,Guayaquil,Guayas
2013-05-01,29,True,E,10,Holiday,National,Ecuador,Guayaquil,Guayas
2013-05-01,30,True,C,3,Holiday,National,Ecuador,Guayaquil,Guayas
2013-05-01,31,True,B,10,Holiday,National,Ecuador,Babahoyo,Los Rios
2013-05-01,32,True,C,3,Holiday,National,Ecuador,Guayaquil,Guayas
2013-05-01,33,True,C,3,Holiday,National,Ecuador,Quevedo,Los Rios
2013-05-01,34,True,B,6,Holiday,National,Ecuador,Guayaquil,Guayas
2013-05-01,35,True,C,3,Holiday,National,Ecuador,Playas,Guayas
2013-05-01,36,True,E,10,Holiday,National,Ecuador,Libertad,Guayas
2013-05-01,37,True,D,2,Holiday,National,Ecuador,Cuenca,Azuay
2013-05-01,38,True,D,4,Holiday,National,Ecuador,Loja,Loja
2013-05-01,39,True,B,6,Holiday,National,Ecuador,Cuenca,Azuay
2013-05-01,40,True,C,3,Holiday,National,Ecuador,Machala,El Oro
2013-05-01,41,True,D,4,Holiday,National,Ecuador,Machala,El Oro
2013-05-01,42,True,D,2,Holiday,National,Ecuador,Cuenca,Azuay
2013-05-01,43,True,E,10,Holiday,National,Ecuador,Esmeraldas,Esmeraldas
2013-05-01,44,True,A,5,Holiday,National,Ecuador,Quito,Pichincha
2013-05-01,45,True,A,11,Holiday,National,Ecuador,Quito,Pichincha
2013-05-01,46,True,A,14,Holiday,National,Ecuador,Quito,Pichincha
2013-05-01,47,True,A,14,Holiday,National,Ecuador,Quito,Pichincha
2013-05-01,48,True,A,14,Holiday,National,Ecuador,Quito,Pichincha
2013-05-01,49,True,A,11,Holiday,National,Ecuador,Quito,Pichincha
2013-05-01,50,True,A,14,Holiday,National,Ecuador,Ambato,Tungurahua
2013-05-01,51,True,A,17,Holiday,National,Ecuador,Guayaquil,Guayas
2013-05-01,52,True,A,11,Holiday,National,Ecuador,Manta,Manabi
2013-05-01,53,True,D,13,Holiday,National,Ecuador,Manta,Manabi
2013-05-01,54,True,C,3,Holiday,National,Ecuador,El Carmen,Manabi
2013-05-11,1,True,D,13,Additional,National,Ecuador,Quito,Pichincha
2013-05-11,2,True,D,13,Additional,National,Ecuador,Quito,Pichincha
2013-05-11,3,True,D,8,Additional,National,Ecuador,Quito,Pichincha
2013-05-11,4,True,D,9,Additional,National,Ecuador,Quito,Pichincha
2013-05-11,5,True,D,4,Additional,National,Ecuador,Santo Domingo,Santo Domingo de los Tsachilas
2013-05-11,6,True,D,13,Additional,National,Ecuador,Quito,Pichincha
2013-05-11,7,True,D,8,Additional,National,Ecuador,Quito,Pichincha
2013-05-11,8,True,D,8,Additional,National,Ecuador,Quito,Pichincha
2013-05-11,9,True,B,6,Additional,National,Ecuador,Quito,Pichincha
2013-05-11,10,True,C,15,Additional,National,Ecuador,Quito,Pichincha
2013-05-11,11,True,B,6,Additional,National,Ecuador,Cayambe,Pichincha
2013-05-11,12,True,C,15,Additional,National,Ecuador,Latacunga,Cotopaxi
2013-05-11,13,True,C,15,Additional,National,Ecuador,Latacunga,Cotopaxi
2013-05-11,14,True,C,7,Additional,National,Ecuador,Riobamba,Chimborazo
2013-05-11,15,True,C,15,Additional,National,Ecuador,Ibarra,Imbabura
2013-05-11,16,True,C,3,Additional,National,Ecuador,Santo Domingo,Santo Domingo de los Tsachilas
2013-05-11,17,True,C,12,Additional,National,Ecuador,Quito,Pichincha
2013-05-11,18,True,B,16,Additional,National,Ecuador,Quito,Pichincha
2013-05-11,19,True,C,15,Additional,National,Ecuador,Guaranda,Bolivar
2013-05-11,20,True,B,6,Additional,National,Ecuador,Quito,Pichincha
2013-05-11,21,True,B,6,Additional,National,Ecuador,Santo Domingo,Santo Domingo de los Tsachilas
2013-05-11,22,True,C,7,Additional,National,Ecuador,Puyo,Pastaza
2013-05-11,23,True,D,9,Additional,National,Ecuador,Ambato,Tungurahua
2013-05-11,24,True,D,1,Additional,National,Ecuador,Guayaquil,Guayas
2013-05-11,25,True,D,1,Additional,National,Ecuador,Salinas,Santa Elena
2013-05-11,26,True,D,10,Additional,National,Ecuador,Guayaquil,Guayas
2013-05-11,27,True,D,1,Additional,National,Ecuador,Daule,Guayas
2013-05-11,28,True,E,10,Additional,National,Ecuador,Guayaquil,Guayas
2013-05-11,29,True,E,10,Additional,National,Ecuador,Guayaquil,Guayas
2013-05-11,30,True,C,3,Additional,National,Ecuador,Guayaquil,Guayas
2013-05-11,31,True,B,10,Additional,National,Ecuador,Babahoyo,Los Rios
2013-05-11,32,True,C,3,Additional,National,Ecuador,Guayaquil,Guayas
2013-05-11,33,True,C,3,Additional,National,Ecuador,Quevedo,Los Rios
2013-05-11,34,True,B,6,Additional,National,Ecuador,Guayaquil,Guayas
2013-05-11,35,True,C,3,Additional,National,Ecuador,Playas,Guayas
2013-05-11,36,True,E,10,Additional,National,Ecuador,Libertad,Guayas
2013-05-11,37,True,D,2,Additional,National,Ecuador,Cuenca,Azuay
2013-05-11,38,True,D,4,Additional,National,Ecuador,Loja,Loja
2013-05-11,39,True,B,6,Additional,National,Ecuador,Cuenca,Azuay
2013-05-11,40,True,C,3,Additional,National,Ecuador,Machala,El Oro
2013-05-11,41,True,D,4,Additional,National,Ecuador,Machala,El Oro
2013-05-11,42,True,D,2,Additional,National,Ecuador,Cuenca,Azuay
2013-05-11,43,True,E,10,Additional,National,Ecuador,Esmeraldas,Esmeraldas
2013-05-11,44,True,A,5,Additional,National,Ecuador,Quito,Pichincha
2013-05-11,45,True,A,11,Additional,National,Ecuador,Quito,Pichincha
2013-05-11,46,True,A,14,Additional,National,Ecuador,Quito,Pichincha
2013-05-11,47,True,A,14,Additional,National,Ecuador,Quito,Pichincha
2013-05-11,48,True,A,14,Additional,National,Ecuador,Quito,Pichincha
2013-05-11,49,True,A,11,Additional,National,Ecuador,Quito,Pichincha
2013-05-11,50,True,A,14,Additional,National,Ecuador,Ambato,Tungurahua
2013-05-11,51,True,A,17,Additional,National,Ecuador,Guayaquil,Guayas
2013-05-11,52,True,A,11,Additional,National,Ecuador,Manta,Manabi
2013-05-11,53,True,D,13,Additional,National,Ecuador,Manta,Manabi
2013-05-11,54,True,C,3,Additional,National,Ecuador,El Carmen,Manabi
2013-05-12,1,True,D,13,Event,National,Ecuador,Quito,Pichincha
2013-05-12,2,True,D,13,Event,National,Ecuador,Quito,Pichincha
2013-05-12,3,True,D,8,Event,National,Ecuador,Quito,Pichincha
2013-05-12,4,True,D,9,Event,National,Ecuador,Quito,Pichincha
2013-05-12,5,True,D,4,Event,National,Ecuador,Santo Domingo,Santo Domingo de los Tsachilas
2013-05-12,6,True,D,13,Event,National,Ecuador,Quito,Pichincha
2013-05-12,7,True,D,8,Event,National,Ecuador,Quito,Pichincha
2013-05-12,8,True,D,8,Event,National,Ecuador,Quito,Pichincha
2013-05-12,9,True,B,6,Event,National,Ecuador,Quito,Pichincha
2013-05-12,10,True,C,15,Event,National,Ecuador,Quito,Pichincha
2013-05-12,11,True,B,6,Event,National,Ecuador,Cayambe,Pichincha
2013-05-12,12,True,C,15,Event,National,Ecuador,Latacunga,Cotopaxi
2013-05-12,13,True,C,15,Event,National,Ecuador,Latacunga,Cotopaxi
2013-05-12,14,True,C,7,Event,National,Ecuador,Riobamba,Chimborazo
2013-05-12,15,True,C,15,Event,National,Ecuador,Ibarra,Imbabura
2013-05-12,16,True,C,3,Event,National,Ecuador,Santo Domingo,Santo Domingo de los Tsachilas
2013-05-12,17,True,C,12,Event,National,Ecuador,Quito,Pichincha
2013-05-12,18,True,B,16,Event,National,Ecuador,Quito,Pichincha
2013-05-12,19,True,C,15,Event,National,Ecuador,Guaranda,Bolivar
2013-05-12,20,True,B,6,Event,National,Ecuador,Quito,Pichincha
2013-05-12,21,True,B,6,Event,National,Ecuador,Santo Domingo,Santo Domingo de los Tsachilas
2013-05-12,22,True,C,7,Event,National,Ecuador,Puyo,Pastaza
2013-05-12,23,True,D,9,Event,National,Ecuador,Ambato,Tungurahua
2013-05-12,24,True,D,1,Event,National,Ecuador,Guayaquil,Guayas
2013-05-12,25,True,D,1,Event,National,Ecuador,Salinas,Santa Elena
2013-05-12,26,True,D,10,Event,National,Ecuador,Guayaquil,Guayas
2013-05-12,27,True,D,1,Event,National,Ecuador,Daule,Guayas
2013-05-12,28,True,E,10,Event,National,Ecuador,Guayaquil,Guayas
2013-05-12,29,True,E,10,Event,National,Ecuador,Guayaquil,Guayas
2013-05-12,30,True,C,3,Event,National,Ecuador,Guayaquil,Guayas
2013-05-12,31,True,B,10,Event,National,Ecuador,Babahoyo,Los Rios
2013-05-12,32,True,C,3,Event,National,Ecuador,Guayaquil,Guayas
2013-05-12,33,True,C,3,Event,National,Ecuador,Quevedo,Los Rios
2013-05-12,34,True,B,6,Event,National,Ecuador,Guayaquil,Guayas
2013-05-12,35,True,C,3,Event,National,Ecuador,Playas,Guayas
2013-05-12,36,True,E,10,Event,National,Ecuador,Libertad,Guayas
2013-05-12,37,True,D,2,Event,National,Ecuador,Cuenca,Azuay
2013-05-12,38,True,D,4,Event,National,Ecuador,Loja,Loja
2013-05-12,39,True,B,6,Event,National,Ecuador,Cuenca,Azuay
2013-05-12,40,True,C,3,Event,National,Ecuador,Machala,El Oro
2013-05-12,41,True,D,4,Event,National,Ecuador,Machala,El Oro
2013-05-12,42,True,D,2,Event,National,Ecuador,Cuenca,Azuay
2013-05-12,43,True,E,10,Event,National,Ecuador,Esmeraldas,Esmeraldas
2013-05-12,44,True,A,5,Event,National,Ecuador,Quito,Pichincha
2013-05-12,45,True,A,11,Event,National,Ecuador,Quito,Pichincha
2013-05-12,46,True,A,14,Event,National,Ecuador,Quito,Pichincha
2013-05-12,47,True,A,14,Event,National,Ecuador,Quito,Pichincha
2013-05-12,48,True,A,14,Event,National,Ecuador,Quito,Pichincha
2013-05-12,49,True,A,11,Event,National,Ecuador,Quito,Pichincha
2013-05-12,50,True,A,14,Event,National,Ecuador,Ambato,Tungurahua
2013-05-12,51,True,A,17,Event,National,Ecuador,Guayaquil,Guayas
2013-05-12,52,True,A,11,Event,National,Ecuador,Manta,Manabi
2013-05-12,53,True,D,13,Event,National,Ecuador,Manta,Manabi
2013-05-12,54,True,C,3,Event,National,Ecuador,El Carmen,Manabi
2013-05-24,1,True,D,13,Holiday,National,Ecuador,Quito,Pichincha
2013-05-24,2,True,D,13,Holiday,National,Ecuador,Quito,Pichincha
2013-05-24,3,True,D,8,Holiday,National,Ecuador,Quito,Pichincha
2013-05-24,4,True,D,9,Holiday,National,Ecuador,Quito,Pichincha
2013-05-24,5,True,D,4,Holiday,National,Ecuador,Santo Domingo,Santo Domingo de los Tsachilas
2013-05-24,6,True,D,13,Holiday,National,Ecuador,Quito,Pichincha
2013-05-24,7,True,D,8,Holiday,National,Ecuador,Quito,Pichincha
2013-05-24,8,True,D,8,Holiday,National,Ecuador,Quito,Pichincha
2013-05-24,9,True,B,6,Holiday,National,Ecuador,Quito,Pichincha
2013-05-24,10,True,C,15,Holiday,National,Ecuador,Quito,Pichincha
2013-05-24,11,True,B,6,Holiday,National,Ecuador,Cayambe,Pichincha
2013-05-24,12,True,C,15,Holiday,National,Ecuador,Latacunga,Cotopaxi
2013-05-24,13,True,C,15,Holiday,National,Ecuador,Latacunga,Cotopaxi
2013-05-24,14,True,C,7,Holiday,National,Ecuador,Riobamba,Chimborazo
2013-05-24,15,True,C,15,Holiday,National,Ecuador,Ibarra,Imbabura
2013-05-24,16,True,C,3,Holiday,National,Ecuador,Santo Domingo,Santo Domingo de los Tsachilas
2013-05-24,17,True,C,12,Holiday,National,Ecuador,Quito,Pichincha
2013-05-24,18,True,B,16,Holiday,National,Ecuador,Quito,Pichincha
2013-05-24,19,True,C,15,Holiday,National,Ecuador,Guaranda,Bolivar
2013-05-24,20,True,B,6,Holiday,National,Ecuador,Quito,Pichincha
2013-05-24,21,True,B,6,Holiday,National,Ecuador,Santo Domingo,Santo Domingo de los Tsachilas
2013-05-24,22,True,C,7,Holiday,National,Ecuador,Puyo,Pastaza
2013-05-24,23,True,D,9,Holiday,National,Ecuador,Ambato,Tungurahua
2013-05-24,24,True,D,1,Holiday,National,Ecuador,Guayaquil,Guayas
2013-05-24,25,True,D,1,Holiday,National,Ecuador,Salinas,Santa Elena
2013-05-24,26,True,D,10,Holiday,National,Ecuador,Guayaquil,Guayas
2013-05-24,27,True,D,1,Holiday,National,Ecuador,Daule,Guayas
2013-05-24,28,True,E,10,Holiday,National,Ecuador,Guayaquil,Guayas
2013-05-24,29,True,E,10,Holiday,National,Ecuador,Guayaquil,Guayas
2013-05-24,30,True,C,3,Holiday,National,Ecuador,Guayaquil,Guayas
2013-05-24,31,True,B,10,Holiday,National,Ecuador,Babahoyo,Los Rios
2013-05-24,32,True,C,3,Holiday,National,Ecuador,Guayaquil,Guayas
2013-05-24,33,True,C,3,Holiday,National,Ecuador,Quevedo,Los Rios
2013-05-24,34,True,B,6,Holiday,National,Ecuador,Guayaquil,Guayas
2013-05-24,35,True,C,3,Holiday,National,Ecuador,Playas,Guayas
2013-05-24,36,True,E,10,Holiday,National,Ecuador,Libertad,Guayas
2013-05-24,37,True,D,2,Holiday,National,Ecuador,Cuenca,Azuay
2013-05-24,38,True,D,4,Holiday,National,Ecuador,Loja,Loja
2013-05-24,39,True,B,6,Holiday,National,Ecuador,Cuenca,Azuay
2013-05-24,40,True,C,3,Holiday,National,Ecuador,Machala,El Oro
2013-05-24,41,True,D,4,Holiday,National,Ecuador,Machala,El Oro
2013-05-24,42,True,D,2,Holiday,National,Ecuador,Cuenca,Azuay
2013-05-24,43,True,E,10,Holiday,National,Ecuador,Esmeraldas,Esmeraldas
2013-05-24,44,True,A,5,Holiday,National,Ecuador,Quito,Pichincha
2013-05-24,45,True,A,11,Holiday,National,Ecuador,Quito,Pichincha
2013-05-24,46,True,A,14,Holiday,National,Ecuador,Quito,Pichincha
2013-05-24,47,True,A,14,Holiday,National,Ecuador,Quito,Pichincha
2013-05-24,48,True,A,14,Holiday,National,Ecuador,Quito,Pichincha
2013-05-24,49,True,A,11,Holiday,National,Ecuador,Quito,Pichincha
2013-05-24,50,True,A,14,Holiday,National,Ecuador,Ambato,Tungurahua
2013-05-24,51,True,A,17,Holiday,National,Ecuador,Guayaquil,Guayas
2013-05-24,52,True,A,11,Holiday,National,Ecuador,Manta,Manabi
2013-05-24,53,True,D,13,Holiday,National,Ecuador,Manta,Manabi
2013-05-24,54,True,C,3,Holiday,National,Ecuador,El Carmen,Manabi
2013-08-10,1,True,D,13,Holiday,National,Ecuador,Quito,Pichincha
2013-08-10,2,True,D,13,Holiday,National,Ecuador,Quito,Pichincha
2013-08-10,3,True,D,8,Holiday,National,Ecuador,Quito,Pichincha
2013-08-10,4,True,D,9,Holiday,National,Ecuador,Quito,Pichincha
2013-08-10,5,True,D,4,Holiday,National,Ecuador,Santo Domingo,Santo Domingo de los Tsachilas
2013-08-10,6,True,D,13,Holiday,National,Ecuador,Quito,Pichincha
2013-08-10,7,True,D,8,Holiday,National,Ecuador,Quito,Pichincha
2013-08-10,8,True,D,8,Holiday,National,Ecuador,Quito,Pichincha
2013-08-10,9,True,B,6,Holiday,National,Ecuador,Quito,Pichincha
2013-08-10,10,True,C,15,Holiday,National,Ecuador,Quito,Pichincha
2013-08-10,11,True,B,6,Holiday,National,Ecuador,Cayambe,Pichincha
2013-08-10,12,True,C,15,Holiday,National,Ecuador,Latacunga,Cotopaxi
2013-08-10,13,True,C,15,Holiday,National,Ecuador,Latacunga,Cotopaxi
2013-08-10,14,True,C,7,Holiday,National,Ecuador,Riobamba,Chimborazo
2013-08-10,15,True,C,15,Holiday,National,Ecuador,Ibarra,Imbabura
2013-08-10,16,True,C,3,Holiday,National,Ecuador,Santo Domingo,Santo Domingo de los Tsachilas
2013-08-10,17,True,C,12,Holiday,National,Ecuador,Quito,Pichincha
2013-08-10,18,True,B,16,Holiday,National,Ecuador,Quito,Pichincha
2013-08-10,19,True,C,15,Holiday,National,Ecuador,Guaranda,Bolivar
2013-08-10,20,True,B,6,Holiday,National,Ecuador,Quito,Pichincha
2013-08-10,21,True,B,6,Holiday,National,Ecuador,Santo Domingo,Santo Domingo de los Tsachilas
2013-08-10,22,True,C,7,Holiday,National,Ecuador,Puyo,Pastaza
2013-08-10,23,True,D,9,Holiday,National,Ecuador,Ambato,Tungurahua
2013-08-10,24,True,D,1,Holiday,National,Ecuador,Guayaquil,Guayas
2013-08-10,25,True,D,1,Holiday,National,Ecuador,Salinas,Santa Elena
2013-08-10,26,True,D,10,Holiday,National,Ecuador,Guayaquil,Guayas
2013-08-10,27,True,D,1,Holiday,National,Ecuador,Daule,Guayas
2013-08-10,28,True,E,10,Holiday,National,Ecuador,Guayaquil,Guayas
2013-08-10,29,True,E,10,Holiday,National,Ecuador,Guayaquil,Guayas
2013-08-10,30,True,C,3,Holiday,National,Ecuador,Guayaquil,Guayas
2013-08-10,31,True,B,10,Holiday,National,Ecuador,Babahoyo,Los Rios
2013-08-10,32,True,C,3,Holiday,National,Ecuador,Guayaquil,Guayas
2013-08-10,33,True,C,3,Holiday,National,Ecuador,Quevedo,Los Rios
2013-08-10,34,True,B,6,Holiday,National,Ecuador,Guayaquil,Guayas
2013-08-10,35,True,C,3,Holiday,National,Ecuador,Playas,Guayas
2013-08-10,36,True,E,10,Holiday,National,Ecuador,Libertad,Guayas
2013-08-10,37,True,D,2,Holiday,National,Ecuador,Cuenca,Azuay
2013-08-10,38,True,D,4,Holiday,National,Ecuador,Loja,Loja
2013-08-10,39,True,B,6,Holiday,National,Ecuador,Cuenca,Azuay
2013-08-10,40,True,C,3,Holiday,National,Ecuador,Machala,El Oro
2013-08-10,41,True,D,4,Holiday,National,Ecuador,Machala,El Oro
2013-08-10,42,True,D,2,Holiday,National,Ecuador,Cuenca,Azuay
2013-08-10,43,True,E,10,Holiday,National,Ecuador,Esmeraldas,Esmeraldas
2013-08-10,44,True,A,5,Holiday,National,Ecuador,Quito,Pichincha
2013-08-10,45,True,A,11,Holiday,National,Ecuador,Quito,Pichincha
2013-08-10,46,True,A,14,Holiday,National,Ecuador,Quito,Pichincha
2013-08-10,47,True,A,14,Holiday,National,Ecuador,Quito,Pichincha
2013-08-10,48,True,A,14,Holiday,National,Ecuador,Quito,Pichincha
2013-08-10,49,True,A,11,Holiday,National,Ecuador,Quito,Pichincha
2013-08-10,50,True,A,14,Holiday,National,Ecuador,Ambato,Tungurahua
2013-08-10,51,True,A,17,Holiday,National,Ecuador,Guayaquil,Guayas
2013-08-10,52,True,A,11,Holiday,National,Ecuador,Manta,Manabi
2013-08-10,53,True,D,13,Holiday,National,Ecuador,Manta,Manabi
2013-08-10,54,True,C,3,Holiday,National,Ecuador,El Carmen,Manabi
2013-10-09,1,False,D,13,Holiday,National,Ecuador,Quito,Pichincha
2013-10-09,2,False,D,13,Holiday,National,Ecuador,Quito,Pichincha
2013-10-09,3,False,D,8,Holiday,National,Ecuador,Quito,Pichincha
2013-10-09,4,False,D,9,Holiday,National,Ecuador,Quito,Pichincha
2013-10-09,5,False,D,4,Holiday,National,Ecuador,Santo Domingo,Santo Domingo de los Tsachilas
2013-10-09,6,False,D,13,Holiday,National,Ecuador,Quito,Pichincha
2013-10-09,7,False,D,8,Holiday,National,Ecuador,Quito,Pichincha
2013-10-09,8,False,D,8,Holiday,National,Ecuador,Quito,Pichincha
2013-10-09,9,False,B,6,Holiday,National,Ecuador,Quito,Pichincha
2013-10-09,10,False,C,15,Holiday,National,Ecuador,Quito,Pichincha
2013-10-09,11,False,B,6,Holiday,National,Ecuador,Cayambe,Pichincha
2013-10-09,12,False,C,15,Holiday,National,Ecuador,Latacunga,Cotopaxi
2013-10-09,13,False,C,15,Holiday,National,Ecuador,Latacunga,Cotopaxi
2013-10-09,14,False,C,7,Holiday,National,Ecuador,Riobamba,Chimborazo
2013-10-09,15,False,C,15,Holiday,National,Ecuador,Ibarra,Imbabura
2013-10-09,16,False,C,3,Holiday,National,Ecuador,Santo Domingo,Santo Domingo de los Tsachilas
2013-10-09,17,False,C,12,Holiday,National,Ecuador,Quito,Pichincha
2013-10-09,18,False,B,16,Holiday,National,Ecuador,Quito,Pichincha
2013-10-09,19,False,C,15,Holiday,National,Ecuador,Guaranda,Bolivar
2013-10-09,20,False,B,6,Holiday,National,Ecuador,Quito,Pichincha
2013-10-09,21,False,B,6,Holiday,National,Ecuador,Santo Domingo,Santo Domingo de los Tsachilas
2013-10-09,22,False,C,7,Holiday,National,Ecuador,Puyo,Pastaza
2013-10-09,23,False,D,9,Holiday,National,Ecuador,Ambato,Tungurahua
2013-10-09,24,False,D,1,Holiday,National,Ecuador,Guayaquil,Guayas
2013-10-09,25,False,D,1,Holiday,National,Ecuador,Salinas,Santa Elena
2013-10-09,26,False,D,10,Holiday,National,Ecuador,Guayaquil,Guayas
2013-10-09,27,False,D,1,Holiday,National,Ecuador,Daule,Guayas
2013-10-09,28,False,E,10,Holiday,National,Ecuador,Guayaquil,Guayas
2013-10-09,29,False,E,10,Holiday,National,Ecuador,Guayaquil,Guayas
2013-10-09,30,False,C,3,Holiday,National,Ecuador,Guayaquil,Guayas
2013-10-09,31,False,B,10,Holiday,National,Ecuador,Babahoyo,Los Rios
2013-10-09,32,False,C,3,Holiday,National,Ecuador,Guayaquil,Guayas
2013-10-09,33,False,C,3,Holiday,National,Ecuador,Quevedo,Los Rios
2013-10-09,34,False,B,6,Holiday,National,Ecuador,Guayaquil,Guayas
2013-10-09,35,False,C,3,Holiday,National,Ecuador,Playas,Guayas
2013-10-09,36,False,E,10,Holiday,National,Ecuador,Libertad,Guayas
2013-10-09,37,False,D,2,Holiday,National,Ecuador,Cuenca,Azuay
2013-10-09,38,False,D,4,Holiday,National,Ecuador,Loja,Loja
2013-10-09,39,False,B,6,Holiday,National,Ecuador,Cuenca,Azuay
2013-10-09,40,False,C,3,Holiday,National,Ecuador,Machala,El Oro
2013-10-09,41,False,D,4,Holiday,National,Ecuador,Machala,El Oro
2013-10-09,42,False,D,2,Holiday,National,Ecuador,Cuenca,Azuay
2013-10-09,43,False,E,10,Holiday,National,Ecuador,Esmeraldas,Esmeraldas
2013-10-09,44,False,A,5,Holiday,National,Ecuador,Quito,Pichincha
2013-10-09,45,False,A,11,Holiday,National,Ecuador,Quito,Pichincha
2013-10-09,46,False,A,14,Holiday,National,Ecuador,Quito,Pichincha
2013-10-09,47,False,A,14,Holiday,National,Ecuador,Quito,Pichincha
2013-10-09,48,False,A,14,Holiday,National,Ecuador,Quito,Pichincha
2013-10-09,49,False,A,11,Holiday,National,Ecuador,Quito,Pichincha
2013-10-09,50,False,A,14,Holiday,National,Ecuador,Ambato,Tungurahua
2013-10-09,51,False,A,17,Holiday,National,Ecuador,Guayaquil,Guayas
2013-10-09,52,False,A,11,Holiday,National,Ecuador,Manta,Manabi
2013-10-09,53,False,D,13,Holiday,National,Ecuador,Manta,Manabi
2013-10-09,54,False,C,3,Holiday,National,Ecuador,El Carmen,Manabi
2013-10-11,1,True,D,13,Transfer,National,Ecuador,Quito,Pichincha
2013-10-11,2,True,D,13,Transfer,National,Ecuador,Quito,Pichincha
2013-10-11,3,True,D,8,Transfer,National,Ecuador,Quito,Pichincha
2013-10-11,4,True,D,9,Transfer,National,Ecuador,Quito,Pichincha
2013-10-11,5,True,D,4,Transfer,National,Ecuador,Santo Domingo,Santo Domingo de los Tsachilas
2013-10-11,6,True,D,13,Transfer,National,Ecuador,Quito,Pichincha
2013-10-11,7,True,D,8,Transfer,National,Ecuador,Quito,Pichincha
2013-10-11,8,True,D,8,Transfer,National,Ecuador,Quito,Pichincha
2013-10-11,9,True,B,6,Transfer,National,Ecuador,Quito,Pichincha
2013-10-11,10,True,C,15,Transfer,National,Ecuador,Quito,Pichincha
2013-10-11,11,True,B,6,Transfer,National,Ecuador,Cayambe,Pichincha
2013-10-11,12,True,C,15,Transfer,National,Ecuador,Latacunga,Cotopaxi
2013-10-11,13,True,C,15,Transfer,National,Ecuador,Latacunga,Cotopaxi
2013-10-11,14,True,C,7,Transfer,National,Ecuador,Riobamba,Chimborazo
2013-10-11,15,True,C,15,Transfer,National,Ecuador,Ibarra,Imbabura
2013-10-11,16,True,C,3,Transfer,National,Ecuador,Santo Domingo,Santo Domingo de los Tsachilas
2013-10-11,17,True,C,12,Transfer,National,Ecuador,Quito,Pichincha
2013-10-11,18,True,B,16,Transfer,National,Ecuador,Quito,Pichincha
2013-10-11,19,True,C,15,Transfer,National,Ecuador,Guaranda,Bolivar
2013-10-11,20,True,B,6,Transfer,National,Ecuador,Quito,Pichincha
2013-10-11,21,True,B,6,Transfer,National,Ecuador,Santo Domingo,Santo Domingo de los Tsachilas
2013-10-11,22,True,C,7,Transfer,National,Ecuador,Puyo,Pastaza
2013-10-11,23,True,D,9,Transfer,National,Ecuador,Ambato,Tungurahua
2013-10-11,24,True,D,1,Transfer,National,Ecuador,Guayaquil,Guayas
2013-10-11,25,True,D,1,Transfer,National,Ecuador,Salinas,Santa Elena
2013-10-11,26,True,D,10,Transfer,National,Ecuador,Guayaquil,Guayas
2013-10-11,27,True,D,1,Transfer,National,Ecuador,Daule,Guayas
2013-10-11,28,True,E,10,Transfer,National,Ecuador,Guayaquil,Guayas
2013-10-11,29,True,E,10,Transfer,National,Ecuador,Guayaquil,Guayas
2013-10-11,30,True,C,3,Transfer,National,Ecuador,Guayaquil,Guayas
2013-10-11,31,True,B,10,Transfer,National,Ecuador,Babahoyo,Los Rios
2013-10-11,32,True,C,3,Transfer,National,Ecuador,Guayaquil,Guayas
2013-10-11,33,True,C,3,Transfer,National,Ecuador,Quevedo,Los Rios
2013-10-11,34,True,B,6,Transfer,National,Ecuador,Guayaquil,Guayas
2013-10-11,35,True,C,3,Transfer,National,Ecuador,Playas,Guayas
2013-10-11,36,True,E,10,Transfer,National,Ecuador,Libertad,Guayas
2013-10-11,37,True,D,2,Transfer,National,Ecuador,Cuenca,Azuay
2013-10-11,38,True,D,4,Transfer,National,Ecuador,Loja,Loja
2013-10-11,39,True,B,6,Transfer,National,Ecuador,Cuenca,Azuay
2013-10-11,40,True,C,3,Transfer,National,Ecuador,Machala,El Oro
2013-10-11,41,True,D,4,Transfer,National,Ecuador,Machala,El Oro
2013-10-11,42,True,D,2,Transfer,National,Ecuador,Cuenca,Azuay
2013-10-11,43,True,E,10,Transfer,National,Ecuador,Esmeraldas,Esmeraldas
2013-10-11,44,True,A,5,Transfer,National,Ecuador,Quito,Pichincha
2013-10-11,45,True,A,11,Transfer,National,Ecuador,Quito,Pichincha
2013-10-11,46,True,A,14,Transfer,National,Ecuador,Quito,Pichincha
2013-10-11,47,True,A,14,Transfer,National,Ecuador,Quito,Pichincha
2013-10-11,48,True,A,14,Transfer,National,Ecuador,Quito,Pichincha
2013-10-11,49,True,A,11,Transfer,National,Ecuador,Quito,Pichincha
2013-10-11,50,True,A,14,Transfer,National,Ecuador,Ambato,Tungurahua
2013-10-11,51,True,A,17,Transfer,National,Ecuador,Guayaquil,Guayas
2013-10-11,52,True,A,11,Transfer,National,Ecuador,Manta,Manabi
2013-10-11,53,True,D,13,Transfer,National,Ecuador,Manta,Manabi
2013-10-11,54,True,C,3,Transfer,National,Ecuador,El Carmen,Manabi
2013-11-02,1,True,D,13,Holiday,National,Ecuador,Quito,Pichincha
2013-11-02,2,True,D,13,Holiday,National,Ecuador,Quito,Pichincha
2013-11-02,3,True,D,8,Holiday,National,Ecuador,Quito,Pichincha
2013-11-02,4,True,D,9,Holiday,National,Ecuador,Quito,Pichincha
2013-11-02,5,True,D,4,Holiday,National,Ecuador,Santo Domingo,Santo Domingo de los Tsachilas
2013-11-02,6,True,D,13,Holiday,National,Ecuador,Quito,Pichincha
2013-11-02,7,True,D,8,Holiday,National,Ecuador,Quito,Pichincha
2013-11-02,8,True,D,8,Holiday,National,Ecuador,Quito,Pichincha
2013-11-02,9,True,B,6,Holiday,National,Ecuador,Quito,Pichincha
2013-11-02,10,True,C,15,Holiday,National,Ecuador,Quito,Pichincha
2013-11-02,11,True,B,6,Holiday,National,Ecuador,Cayambe,Pichincha
2013-11-02,12,True,C,15,Holiday,National,Ecuador,Latacunga,Cotopaxi
2013-11-02,13,True,C,15,Holiday,National,Ecuador,Latacunga,Cotopaxi
2013-11-02,14,True,C,7,Holiday,National,Ecuador,Riobamba,Chimborazo
2013-11-02,15,True,C,15,Holiday,National,Ecuador,Ibarra,Imbabura
2013-11-02,16,True,C,3,Holiday,National,Ecuador,Santo Domingo,Santo Domingo de los Tsachilas
2013-11-02,17,True,C,12,Holiday,National,Ecuador,Quito,Pichincha
2013-11-02,18,True,B,16,Holiday,National,Ecuador,Quito,Pichincha
2013-11-02,19,True,C,15,Holiday,National,Ecuador,Guaranda,Bolivar
2013-11-02,20,True,B,6,Holiday,National,Ecuador,Quito,Pichincha
2013-11-02,21,True,B,6,Holiday,National,Ecuador,Santo Domingo,Santo Domingo de los Tsachilas
2013-11-02,22,True,C,7,Holiday,National,Ecuador,Puyo,Pastaza
2013-11-02,23,True,D,9,Holiday,National,Ecuador,Ambato,Tungurahua
2013-11-02,24,True,D,1,Holiday,National,Ecuador,Guayaquil,Guayas
2013-11-02,25,True,D,1,Holiday,National,Ecuador,Salinas,Santa Elena
2013-11-02,26,True,D,10,Holiday,National,Ecuador,Guayaquil,Guayas
2013-11-02,27,True,D,1,Holiday,National,Ecuador,Daule,Guayas
2013-11-02,28,True,E,10,Holiday,National,Ecuador,Guayaquil,Guayas
2013-11-02,29,True,E,10,Holiday,National,Ecuador,Guayaquil,Guayas
2013-11-02,30,True,C,3,Holiday,National,Ecuador,Guayaquil,Guayas
2013-11-02,31,True,B,10,Holiday,National,Ecuador,Babahoyo,Los Rios
2013-11-02,32,True,C,3,Holiday,National,Ecuador,Guayaquil,Guayas
2013-11-02,33,True,C,3,Holiday,National,Ecuador,Quevedo,Los Rios
2013-11-02,34,True,B,6,Holiday,National,Ecuador,Guayaquil,Guayas
2013-11-02,35,True,C,3,Holiday,National,Ecuador,Playas,Guayas
2013-11-02,36,True,E,10,Holiday,National,Ecuador,Libertad,Guayas
2013-11-02,37,True,D,2,Holiday,National,Ecuador,Cuenca,Azuay
2013-11-02,38,True,D,4,Holiday,National,Ecuador,Loja,Loja
2013-11-02,39,True,B,6,Holiday,National,Ecuador,Cuenca,Azuay
2013-11-02,40,True,C,3,Holiday,National,Ecuador,Machala,El Oro
2013-11-02,41,True,D,4,Holiday,National,Ecuador,Machala,El Oro
2013-11-02,42,True,D,2,Holiday,National,Ecuador,Cuenca,Azuay
2013-11-02,43,True,E,10,Holiday,National,Ecuador,Esmeraldas,Esmeraldas
2013-11-02,44,True,A,5,Holiday,National,Ecuador,Quito,Pichincha
2013-11-02,45,True,A,11,Holiday,National,Ecuador,Quito,Pichincha
2013-11-02,46,True,A,14,Holiday,National,Ecuador,Quito,Pichincha
2013-11-02,47,True,A,14,Holiday,National,Ecuador,Quito,Pichincha
2013-11-02,48,True,A,14,Holiday,National,Ecuador,Quito,Pichincha
2013-11-02,49,True,A,11,Holiday,National,Ecuador,Quito,Pichincha
2013-11-02,50,True,A,14,Holiday,National,Ecuador,Ambato,Tungurahua
2013-11-02,51,True,A,17,Holiday,National,Ecuador,Guayaquil,Guayas
2013-11-02,52,True,A,11,Holiday,National,Ecuador,Manta,Manabi
2013-11-02,53,True,D,13,Holiday,National,Ecuador,Manta,Manabi
2013-11-02,54,True,C,3,Holiday,National,Ecuador,El Carmen,Manabi
2013-11-03,1,True,D,13,Holiday,National,Ecuador,Quito,Pichincha
2013-11-03,2,True,D,13,Holiday,National,Ecuador,Quito,Pichincha
2013-11-03,3,True,D,8,Holiday,National,Ecuador,Quito,Pichincha
2013-11-03,4,True,D,9,Holiday,National,Ecuador,Quito,Pichincha
2013-11-03,5,True,D,4,Holiday,National,Ecuador,Santo Domingo,Santo Domingo de los Tsachilas
2013-11-03,6,True,D,13,Holiday,National,Ecuador,Quito,Pichincha
2013-11-03,7,True,D,8,Holiday,National,Ecuador,Quito,Pichincha
2013-11-03,8,True,D,8,Holiday,National,Ecuador,Quito,Pichincha
2013-11-03,9,True,B,6,Holiday,National,Ecuador,Quito,Pichincha
2013-11-03,10,True,C,15,Holiday,National,Ecuador,Quito,Pichincha
2013-11-03,11,True,B,6,Holiday,National,Ecuador,Cayambe,Pichincha
2013-11-03,12,True,C,15,Holiday,National,Ecuador,Latacunga,Cotopaxi
2013-11-03,13,True,C,15,Holiday,National,Ecuador,Latacunga,Cotopaxi
2013-11-03,14,True,C,7,Holiday,National,Ecuador,Riobamba,Chimborazo
2013-11-03,15,True,C,15,Holiday,National,Ecuador,Ibarra,Imbabura
2013-11-03,16,True,C,3,Holiday,National,Ecuador,Santo Domingo,Santo Domingo de los Tsachilas
2013-11-03,17,True,C,12,Holiday,National,Ecuador,Quito,Pichincha
2013-11-03,18,True,B,16,Holiday,National,Ecuador,Quito,Pichincha
2013-11-03,19,True,C,15,Holiday,National,Ecuador,Guaranda,Bolivar
2013-11-03,20,True,B,6,Holiday,National,Ecuador,Quito,Pichincha
2013-11-03,21,True,B,6,Holiday,National,Ecuador,Santo Domingo,Santo Domingo de los Tsachilas
2013-11-03,22,True,C,7,Holiday,National,Ecuador,Puyo,Pastaza
2013-11-03,23,True,D,9,Holiday,National,Ecuador,Ambato,Tungurahua
2013-11-03,24,True,D,1,Holiday,National,Ecuador,Guayaquil,Guayas
2013-11-03,25,True,D,1,Holiday,National,Ecuador,Salinas,Santa Elena
2013-11-03,26,True,D,10,Holiday,National,Ecuador,Guayaquil,Guayas
2013-11-03,27,True,D,1,Holiday,National,Ecuador,Daule,Guayas
2013-11-03,28,True,E,10,Holiday,National,Ecuador,Guayaquil,Guayas
2013-11-03,29,True,E,10,Holiday,National,Ecuador,Guayaquil,Guayas
2013-11-03,30,True,C,3,Holiday,National,Ecuador,Guayaquil,Guayas
2013-11-03,31,True,B,10,Holiday,National,Ecuador,Babahoyo,Los Rios
2013-11-03,32,True,C,3,Holiday,National,Ecuador,Guayaquil,Guayas
2013-11-03,33,True,C,3,Holiday,National,Ecuador,Quevedo,Los Rios
2013-11-03,34,True,B,6,Holiday,National,Ecuador,Guayaquil,Guayas
2013-11-03,35,True,C,3,Holiday,National,Ecuador,Playas,Guayas
2013-11-03,36,True,E,10,Holiday,National,Ecuador,Libertad,Guayas
2013-11-03,37,True,D,2,Holiday,National,Ecuador,Cuenca,Azuay
2013-11-03,38,True,D,4,Holiday,National,Ecuador,Loja,Loja
2013-11-03,39,True,B,6,Holiday,National,Ecuador,Cuenca,Azuay
2013-11-03,40,True,C,3,Holiday,National,Ecuador,Machala,El Oro
2013-11-03,41,True,D,4,Holiday,National,Ecuador,Machala,El Oro
2013-11-03,42,True,D,2,Holiday,National,Ecuador,Cuenca,Azuay
2013-11-03,43,True,E,10,Holiday,National,Ecuador,Esmeraldas,Esmeraldas
2013-11-03,44,True,A,5,Holiday,National,Ecuador,Quito,Pichincha
2013-11-03,45,True,A,11,Holiday,National,Ecuador,Quito,Pichincha
2013-11-03,46,True,A,14,Holiday,National,Ecuador,Quito,Pichincha
2013-11-03,47,True,A,14,Holiday,National,Ecuador,Quito,Pichincha
2013-11-03,48,True,A,14,Holiday,National,Ecuador,Quito,Pichincha
2013-11-03,49,True,A,11,Holiday,National,Ecuador,Quito,Pichincha
2013-11-03,50,True,A,14,Holiday,National,Ecuador,Ambato,Tungurahua
2013-11-03,51,True,A,17,Holiday,National,Ecuador,Guayaquil,Guayas
2013-11-03,52,True,A,11,Holiday,National,Ecuador,Manta,Manabi
2013-11-03,53,True,D,13,Holiday,National,Ecuador,Manta,Manabi
2013-11-03,54,True,C,3,Holiday,National,Ecuador,El Carmen,Manabi
2013-12-21,1,True,D,13,Additional,National,Ecuador,Quito,Pichincha
2013-12-21,2,True,D,13,Additional,National,Ecuador,Quito,Pichincha
2013-12-21,3,True,D,8,Additional,National,Ecuador,Quito,Pichincha
2013-12-21,4,True,D,9,Additional,National,Ecuador,Quito,Pichincha
2013-12-21,5,True,D,4,Additional,National,Ecuador,Santo Domingo,Santo Domingo de los Tsachilas
2013-12-21,6,True,D,13,Additional,National,Ecuador,Quito,Pichincha
2013-12-21,7,True,D,8,Additional,National,Ecuador,Quito,Pichincha
2013-12-21,8,True,D,8,Additional,National,Ecuador,Quito,Pichincha
2013-12-21,9,True,B,6,Additional,National,Ecuador,Quito,Pichincha
2013-12-21,10,True,C,15,Additional,National,Ecuador,Quito,Pichincha
2013-12-21,11,True,B,6,Additional,National,Ecuador,Cayambe,Pichincha
2013-12-21,12,True,C,15,Additional,National,Ecuador,Latacunga,Cotopaxi
2013-12-21,13,True,C,15,Additional,National,Ecuador,Latacunga,Cotopaxi
2013-12-21,14,True,C,7,Additional,National,Ecuador,Riobamba,Chimborazo
2013-12-21,15,True,C,15,Additional,National,Ecuador,Ibarra,Imbabura
2013-12-21,16,True,C,3,Additional,National,Ecuador,Santo Domingo,Santo Domingo de los Tsachilas
2013-12-21,17,True,C,12,Additional,National,Ecuador,Quito,Pichincha
2013-12-21,18,True,B,16,Additional,National,Ecuador,Quito,Pichincha
2013-12-21,19,True,C,15,Additional,National,Ecuador,Guaranda,Bolivar
2013-12-21,20,True,B,6,Additional,National,Ecuador,Quito,Pichincha
2013-12-21,21,True,B,6,Additional,National,Ecuador,Santo Domingo,Santo Domingo de los Tsachilas
2013-12-21,22,True,C,7,Additional,National,Ecuador,Puyo,Pastaza
2013-12-21,23,True,D,9,Additional,National,Ecuador,Ambato,Tungurahua
2013-12-21,24,True,D,1,Additional,National,Ecuador,Guayaquil,Guayas
2013-12-21,25,True,D,1,Additional,National,Ecuador,Salinas,Santa Elena
2013-12-21,26,True,D,10,Additional,National,Ecuador,Guayaquil,Guayas
2013-12-21,27,True,D,1,Additional,National,Ecuador,Daule,Guayas
2013-12-21,28,True,E,10,Additional,National,Ecuador,Guayaquil,Guayas
2013-12-21,29,True,E,10,Additional,National,Ecuador,Guayaquil,Guayas
2013-12-21,30,True,C,3,Additional,National,Ecuador,Guayaquil,Guayas
2013-12-21,31,True,B,10,Additional,National,Ecuador,Babahoyo,Los Rios
2013-12-21,32,True,C,3,Additional,National,Ecuador,Guayaquil,Guayas
2013-12-21,33,True,C,3,Additional,National,Ecuador,Quevedo,Los Rios
2013-12-21,34,True,B,6,Additional,National,Ecuador,Guayaquil,Guayas
2013-12-21,35,True,C,3,Additional,National,Ecuador,Playas,Guayas
2013-12-21,36,True,E,10,Additional,National,Ecuador,Libertad,Guayas
2013-12-21,37,True,D,2,Additional,National,Ecuador,Cuenca,Azuay
2013-12-21,38,True,D,4,Additional,National,Ecuador,Loja,Loja
2013-12-21,39,True,B,6,Additional,National,Ecuador,Cuenca,Azuay
2013-12-21,40,True,C,3,Additional,National,Ecuador,Machala,El Oro
2013-12-21,41,True,D,4,Additional,National,Ecuador,Machala,El Oro
2013-12-21,42,True,D,2,Additional,National,Ecuador,Cuenca,Azuay
2013-12-21,43,True,E,10,Additional,National,Ecuador,Esmeraldas,Esmeraldas
2013-12-21,44,True,A,5,Additional,National,Ecuador,Quito,Pichincha
2013-12-21,45,True,A,11,Additional,National,Ecuador,Quito,Pichincha
2013-12-21,46,True,A,14,Additional,National,Ecuador,Quito,Pichincha
2013-12-21,47,True,A,14,Additional,National,Ecuador,Quito,Pichincha
2013-12-21,48,True,A,14,Additional,National,Ecuador,Quito,Pichincha
2013-12-21,49,True,A,11,Additional,National,Ecuador,Quito,Pichincha
2013-12-21,50,True,A,14,Additional,National,Ecuador,Ambato,Tungurahua
2013-12-21,51,True,A,17,Additional,National,Ecuador,Guayaquil,Guayas
2013-12-21,52,True,A,11,Additional,National,Ecuador,Manta,Manabi
2013-12-21,53,True,D,13,Additional,National,Ecuador,Manta,Manabi
2013-12-21,54,True,C,3,Additional,National,Ecuador,El Carmen,Manabi
2013-12-22,1,True,D,13,Additional,National,Ecuador,Quito,Pichincha
2013-12-22,2,True,D,13,Additional,National,Ecuador,Quito,Pichincha
2013-12-22,3,True,D,8,Additional,National,Ecuador,Quito,Pichincha
2013-12-22,4,True,D,9,Additional,National,Ecuador,Quito,Pichincha
2013-12-22,5,True,D,4,Additional,National,Ecuador,Santo Domingo,Santo Domingo de los Tsachilas
2013-12-22,6,True,D,13,Additional,National,Ecuador,Quito,Pichincha
2013-12-22,7,True,D,8,Additional,National,Ecuador,Quito,Pichincha
2013-12-22,8,True,D,8,Additional,National,Ecuador,Quito,Pichincha
2013-12-22,9,True,B,6,Additional,National,Ecuador,Quito,Pichincha
2013-12-22,10,True,C,15,Additional,National,Ecuador,Quito,Pichincha
2013-12-22,11,True,B,6,Additional,National,Ecuador,Cayambe,Pichincha
2013-12-22,12,True,C,15,Additional,National,Ecuador,Latacunga,Cotopaxi
2013-12-22,13,True,C,15,Additional,National,Ecuador,Latacunga,Cotopaxi
2013-12-22,14,True,C,7,Additional,National,Ecuador,Riobamba,Chimborazo
2013-12-22,15,True,C,15,Additional,National,Ecuador,Ibarra,Imbabura
2013-12-22,16,True,C,3,Additional,National,Ecuador,Santo Domingo,Santo Domingo de los Tsachilas
2013-12-22,17,True,C,12,Additional,National,Ecuador,Quito,Pichincha
2013-12-22,18,True,B,16,Additional,National,Ecuador,Quito,Pichincha
2013-12-22,19,True,C,15,Additional,National,Ecuador,Guaranda,Bolivar
2013-12-22,20,True,B,6,Additional,National,Ecuador,Quito,Pichincha
2013-12-22,21,True,B,6,Additional,National,Ecuador,Santo Domingo,Santo Domingo de los Tsachilas
2013-12-22,22,True,C,7,Additional,National,Ecuador,Puyo,Pastaza
2013-12-22,23,True,D,9,Additional,National,Ecuador,Ambato,Tungurahua
2013-12-22,24,True,D,1,Additional,National,Ecuador,Guayaquil,Guayas
2013-12-22,25,True,D,1,Additional,National,Ecuador,Salinas,Santa Elena
2013-12-22,26,True,D,10,Additional,National,Ecuador,Guayaquil,Guayas
2013-12-22,27,True,D,1,Additional,National,Ecuador,Daule,Guayas
2013-12-22,28,True,E,10,Additional,National,Ecuador,Guayaquil,Guayas
2013-12-22,29,True,E,10,Additional,National,Ecuador,Guayaquil,Guayas
2013-12-22,30,True,C,3,Additional,National,Ecuador,Guayaquil,Guayas
2013-12-22,31,True,B,10,Additional,National,Ecuador,Babahoyo,Los Rios
2013-12-22,32,True,C,3,Additional,National,Ecuador,Guayaquil,Guayas
2013-12-22,33,True,C,3,Additional,National,Ecuador,Quevedo,Los Rios
2013-12-22,34,True,B,6,Additional,National,Ecuador,Guayaquil,Guayas
2013-12-22,35,True,C,3,Additional,National,Ecuador,Playas,Guayas
2013-12-22,36,True,E,10,Additional,National,Ecuador,Libertad,Guayas
2013-12-22,37,True,D,2,Additional,National,Ecuador,Cuenca,Azuay
2013-12-22,38,True,D,4,Additional,National,Ecuador,Loja,Loja
2013-12-22,39,True,B,6,Additional,National,Ecuador,Cuenca,Azuay
2013-12-22,40,True,C,3,Additional,National,Ecuador,Machala,El Oro
2013-12-22,41,True,D,4,Additional,National,Ecuador,Machala,El Oro
2013-12-22,42,True,D,2,Additional,National,Ecuador,Cuenca,Azuay
2013-12-22,43,True,E,10,Additional,National,Ecuador,Esmeraldas,Esmeraldas
2013-12-22,44,True,A,5,Additional,National,Ecuador,Quito,Pichincha
2013-12-22,45,True,A,11,Additional,National,Ecuador,Quito,Pichincha
2013-12-22,46,True,A,14,Additional,National,Ecuador,Quito,Pichincha
2013-12-22,47,True,A,14,Additional,National,Ecuador,Quito,Pichincha
2013-12-22,48,True,A,14,Additional,National,Ecuador,Quito,Pichincha
2013-12-22,49,True,A,11,Additional,National,Ecuador,Quito,Pichincha
2013-12-22,50,True,A,14,Additional,National,Ecuador,Ambato,Tungurahua
2013-12-22,51,True,A,17,Additional,National,Ecuador,Guayaquil,Guayas
2013-12-22,52,True,A,11,Additional,National,Ecuador,Manta,Manabi
2013-12-22,53,True,D,13,Additional,National,Ecuador,Manta,Manabi
2013-12-22,54,True,C,3,Additional,National,Ecuador,El Carmen,Manabi
2013-12-23,1,True,D,13,Additional,National,Ecuador,Quito,Pichincha
2013-12-23,2,True,D,13,Additional,National,Ecuador,Quito,Pichincha
2013-12-23,3,True,D,8,Additional,National,Ecuador,Quito,Pichincha
2013-12-23,4,True,D,9,Additional,National,Ecuador,Quito,Pichincha
2013-12-23,5,True,D,4,Additional,National,Ecuador,Santo Domingo,Santo Domingo de los Tsachilas
2013-12-23,6,True,D,13,Additional,National,Ecuador,Quito,Pichincha
2013-12-23,7,True,D,8,Additional,National,Ecuador,Quito,Pichincha
2013-12-23,8,True,D,8,Additional,National,Ecuador,Quito,Pichincha
2013-12-23,9,True,B,6,Additional,National,Ecuador,Quito,Pichincha
2013-12-23,10,True,C,15,Additional,National,Ecuador,Quito,Pichincha
2013-12-23,11,True,B,6,Additional,National,Ecuador,Cayambe,Pichincha
2013-12-23,12,True,C,15,Additional,National,Ecuador,Latacunga,Cotopaxi
2013-12-23,13,True,C,15,Additional,National,Ecuador,Latacunga,Cotopaxi
2013-12-23,14,True,C,7,Additional,National,Ecuador,Riobamba,Chimborazo
2013-12-23,15,True,C,15,Additional,National,Ecuador,Ibarra,Imbabura
2013-12-23,16,True,C,3,Additional,National,Ecuador,Santo Domingo,Santo Domingo de los Tsachilas
2013-12-23,17,True,C,12,Additional,National,Ecuador,Quito,Pichincha
2013-12-23,18,True,B,16,Additional,National,Ecuador,Quito,Pichincha
2013-12-23,19,True,C,15,Additional,National,Ecuador,Guaranda,Bolivar
2013-12-23,20,True,B,6,Additional,National,Ecuador,Quito,Pichincha
2013-12-23,21,True,B,6,Additional,National,Ecuador,Santo Domingo,Santo Domingo de los Tsachilas
2013-12-23,22,True,C,7,Additional,National,Ecuador,Puyo,Pastaza
2013-12-23,23,True,D,9,Additional,National,Ecuador,Ambato,Tungurahua
2013-12-23,24,True,D,1,Additional,National,Ecuador,Guayaquil,Guayas
2013-12-23,25,True,D,1,Additional,National,Ecuador,Salinas,Santa Elena
2013-12-23,26,True,D,10,Additional,National,Ecuador,Guayaquil,Guayas
2013-12-23,27,True,D,1,Additional,National,Ecuador,Daule,Guayas
2013-12-23,28,True,E,10,Additional,National,Ecuador,Guayaquil,Guayas
2013-12-23,29,True,E,10,Additional,National,Ecuador,Guayaquil,Guayas
2013-12-23,30,True,C,3,Additional,National,Ecuador,Guayaquil,Guayas
2013-12-23,31,True,B,10,Additional,National,Ecuador,Babahoyo,Los Rios
2013-12-23,32,True,C,3,Additional,National,Ecuador,Guayaquil,Guayas
2013-12-23,33,True,C,3,Additional,National,Ecuador,Quevedo,Los Rios
2013-12-23,34,True,B,6,Additional,National,Ecuador,Guayaquil,Guayas
2013-12-23,35,True,C,3,Additional,National,Ecuador,Playas,Guayas
2013-12-23,36,True,E,10,Additional,National,Ecuador,Libertad,Guayas
2013-12-23,37,True,D,2,Additional,National,Ecuador,Cuenca,Azuay
2013-12-23,38,True,D,4,Additional,National,Ecuador,Loja,Loja
2013-12-23,39,True,B,6,Additional,National,Ecuador,Cuenca,Azuay
2013-12-23,40,True,C,3,Additional,National,Ecuador,Machala,El Oro
2013-12-23,41,True,D,4,Additional,National,Ecuador,Machala,El Oro
2013-12-23,42,True,D,2,Additional,National,Ecuador,Cuenca,Azuay
2013-12-23,43,True,E,10,Additional,National,Ecuador,Esmeraldas,Esmeraldas
2013-12-23,44,True,A,5,Additional,National,Ecuador,Quito,Pichincha
2013-12-23,45,True,A,11,Additional,National,Ecuador,Quito,Pichincha
2013-12-23,46,True,A,14,Additional,National,Ecuador,Quito,Pichincha
2013-12-23,47,True,A,14,Additional,National,Ecuador,Quito,Pichincha
2013-12-23,48,True,A,14,Additional,National,Ecuador,Quito,Pichincha
2013-12-23,49,True,A,11,Additional,National,Ecuador,Quito,Pichincha
2013-12-23,50,True,A,14,Additional,National,Ecuador,Ambato,Tungurahua
2013-12-23,51,True,A,17,Additional,National,Ecuador,Guayaquil,Guayas
2013-12-23,52,True,A,11,Additional,National,Ecuador,Manta,Manabi
2013-12-23,53,True,D,13,Additional,National,Ecuador,Manta,Manabi
2013-12-23,54,True,C,3,Additional,National,Ecuador,El Carmen,Manabi
2013-12-24,1,True,D,13,Additional,National,Ecuador,Quito,Pichincha
2013-12-24,2,True,D,13,Additional,National,Ecuador,Quito,Pichincha
2013-12-24,3,True,D,8,Additional,National,Ecuador,Quito,Pichincha
2013-12-24,4,True,D,9,Additional,National,Ecuador,Quito,Pichincha
2013-12-24,5,True,D,4,Additional,National,Ecuador,Santo Domingo,Santo Domingo de los Tsachilas
2013-12-24,6,True,D,13,Additional,National,Ecuador,Quito,Pichincha
2013-12-24,7,True,D,8,Additional,National,Ecuador,Quito,Pichincha
2013-12-24,8,True,D,8,Additional,National,Ecuador,Quito,Pichincha
2013-12-24,9,True,B,6,Additional,National,Ecuador,Quito,Pichincha
2013-12-24,10,True,C,15,Additional,National,Ecuador,Quito,Pichincha
2013-12-24,11,True,B,6,Additional,National,Ecuador,Cayambe,Pichincha
2013-12-24,12,True,C,15,Additional,National,Ecuador,Latacunga,Cotopaxi
2013-12-24,13,True,C,15,Additional,National,Ecuador,Latacunga,Cotopaxi
2013-12-24,14,True,C,7,Additional,National,Ecuador,Riobamba,Chimborazo
2013-12-24,15,True,C,15,Additional,National,Ecuador,Ibarra,Imbabura
2013-12-24,16,True,C,3,Additional,National,Ecuador,Santo Domingo,Santo Domingo de los Tsachilas
2013-12-24,17,True,C,12,Additional,National,Ecuador,Quito,Pichincha
2013-12-24,18,True,B,16,Additional,National,Ecuador,Quito,Pichincha
2013-12-24,19,True,C,15,Additional,National,Ecuador,Guaranda,Bolivar
2013-12-24,20,True,B,6,Additional,National,Ecuador,Quito,Pichincha
2013-12-24,21,True,B,6,Additional,National,Ecuador,Santo Domingo,Santo Domingo de los Tsachilas
2013-12-24,22,True,C,7,Additional,National,Ecuador,Puyo,Pastaza
2013-12-24,23,True,D,9,Additional,National,Ecuador,Ambato,Tungurahua
2013-12-24,24,True,D,1,Additional,National,Ecuador,Guayaquil,Guayas
2013-12-24,25,True,D,1,Additional,National,Ecuador,Salinas,Santa Elena
2013-12-24,26,True,D,10,Additional,National,Ecuador,Guayaquil,Guayas
2013-12-24,27,True,D,1,Additional,National,Ecuador,Daule,Guayas
2013-12-24,28,True,E,10,Additional,National,Ecuador,Guayaquil,Guayas
2013-12-24,29,True,E,10,Additional,National,Ecuador,Guayaquil,Guayas
2013-12-24,30,True,C,3,Additional,National,Ecuador,Guayaquil,Guayas
2013-12-24,31,True,B,10,Additional,National,Ecuador,Babahoyo,Los Rios
2013-12-24,32,True,C,3,Additional,National,Ecuador,Guayaquil,Guayas
2013-12-24,33,True,C,3,Additional,National,Ecuador,Quevedo,Los Rios
2013-12-24,34,True,B,6,Additional,National,Ecuador,Guayaquil,Guayas
2013-12-24,35,True,C,3,Additional,National,Ecuador,Playas,Guayas
2013-12-24,36,True,E,10,Additional,National,Ecuador,Libertad,Guayas
2013-12-24,37,True,D,2,Additional,National,Ecuador,Cuenca,Azuay
2013-12-24,38,True,D,4,Additional,National,Ecuador,Loja,Loja
2013-12-24,39,True,B,6,Additional,National,Ecuador,Cuenca,Azuay
2013-12-24,40,True,C,3,Additional,National,Ecuador,Machala,El Oro
2013-12-24,41,True,D,4,Additional,National,Ecuador,Machala,El Oro
2013-12-24,42,True,D,2,Additional,National,Ecuador,Cuenca,Azuay
2013-12-24,43,True,E,10,Additional,National,Ecuador,Esmeraldas,Esmeraldas
2013-12-24,44,True,A,5,Additional,National,Ecuador,Quito,Pichincha
2013-12-24,45,True,A,11,Additional,National,Ecuador,Quito,Pichincha
2013-12-24,46,True,A,14,Additional,National,Ecuador,Quito,Pichincha
2013-12-24,47,True,A,14,Additional,National,Ecuador,Quito,Pichincha
2013-12-24,48,True,A,14,Additional,National,Ecuador,Quito,Pichincha
2013-12-24,49,True,A,11,Additional,National,Ecuador,Quito,Pichincha
2013-12-24,50,True,A,14,Additional,National,Ecuador,Ambato,Tungurahua
2013-12-24,51,True,A,17,Additional,National,Ecuador,Guayaquil,Guayas
2013-12-24,52,True,A,11,Additional,National,Ecuador,Manta,Manabi
2013-12-24,53,True,D,13,Additional,National,Ecuador,Manta,Manabi
2013-12-24,54,True,C,3,Additional,National,Ecuador,El Carmen,Manabi
2013-12-25,1,True,D,13,Holiday,National,Ecuador,Quito,Pichincha
2013-12-25,2,True,D,13,Holiday,National,Ecuador,Quito,Pichincha
2013-12-25,3,True,D,8,Holiday,National,Ecuador,Quito,Pichincha
2013-12-25,4,True,D,9,Holiday,National,Ecuador,Quito,Pichincha
2013-12-25,5,True,D,4,Holiday,National,Ecuador,Santo Domingo,Santo Domingo de los Tsachilas
2013-12-25,6,True,D,13,Holiday,National,Ecuador,Quito,Pichincha
2013-12-25,7,True,D,8,Holiday,National,Ecuador,Quito,Pichincha
2013-12-25,8,True,D,8,Holiday,National,Ecuador,Quito,Pichincha
2013-12-25,9,True,B,6,Holiday,National,Ecuador,Quito,Pichincha
2013-12-25,10,True,C,15,Holiday,National,Ecuador,Quito,Pichincha
2013-12-25,11,True,B,6,Holiday,National,Ecuador,Cayambe,Pichincha
2013-12-25,12,True,C,15,Holiday,National,Ecuador,Latacunga,Cotopaxi
2013-12-25,13,True,C,15,Holiday,National,Ecuador,Latacunga,Cotopaxi
2013-12-25,14,True,C,7,Holiday,National,Ecuador,Riobamba,Chimborazo
2013-12-25,15,True,C,15,Holiday,National,Ecuador,Ibarra,Imbabura
2013-12-25,16,True,C,3,Holiday,National,Ecuador,Santo Domingo,Santo Domingo de los Tsachilas
2013-12-25,17,True,C,12,Holiday,National,Ecuador,Quito,Pichincha
2013-12-25,18,True,B,16,Holiday,National,Ecuador,Quito,Pichincha
2013-12-25,19,True,C,15,Holiday,National,Ecuador,Guaranda,Bolivar
2013-12-25,20,True,B,6,Holiday,National,Ecuador,Quito,Pichincha
2013-12-25,21,True,B,6,Holiday,National,Ecuador,Santo Domingo,Santo Domingo de los Tsachilas
2013-12-25,22,True,C,7,Holiday,National,Ecuador,Puyo,Pastaza
2013-12-25,23,True,D,9,Holiday,National,Ecuador,Ambato,Tungurahua
2013-12-25,24,True,D,1,Holiday,National,Ecuador,Guayaquil,Guayas
2013-12-25,25,True,D,1,Holiday,National,Ecuador,Salinas,Santa Elena
2013-12-25,26,True,D,10,Holiday,National,Ecuador,Guayaquil,Guayas
2013-12-25,27,True,D,1,Holiday,National,Ecuador,Daule,Guayas
2013-12-25,28,True,E,10,Holiday,National,Ecuador,Guayaquil,Guayas
2013-12-25,29,True,E,10,Holiday,National,Ecuador,Guayaquil,Guayas
2013-12-25,30,True,C,3,Holiday,National,Ecuador,Guayaquil,Guayas
2013-12-25,31,True,B,10,Holiday,National,Ecuador,Babahoyo,Los Rios
2013-12-25,32,True,C,3,Holiday,National,Ecuador,Guayaquil,Guayas
2013-12-25,33,True,C,3,Holiday,National,Ecuador,Quevedo,Los Rios
2013-12-25,34,True,B,6,Holiday,National,Ecuador,Guayaquil,Guayas
2013-12-25,35,True,C,3,Holiday,National,Ecuador,Playas,Guayas
2013-12-25,36,True,E,10,Holiday,National,Ecuador,Libertad,Guayas
2013-12-25,37,True,D,2,Holiday,National,Ecuador,Cuenca,Azuay
2013-12-25,38,True,D,4,Holiday,National,Ecuador,Loja,Loja
2013-12-25,39,True,B,6,Holiday,National,Ecuador,Cuenca,Azuay
2013-12-25,40,True,C,3,Holiday,National,Ecuador,Machala,El Oro
2013-12-25,41,True,D,4,Holiday,National,Ecuador,Machala,El Oro
2013-12-25,42,True,D,2,Holiday,National,Ecuador,Cuenca,Azuay
2013-12-25,43,True,E,10,Holiday,National,Ecuador,Esmeraldas,Esmeraldas
2013-12-25,44,True,A,5,Holiday,National,Ecuador,Quito,Pichincha
2013-12-25,45,True,A,11,Holiday,National,Ecuador,Quito,Pichincha
2013-12-25,46,True,A,14,Holiday,National,Ecuador,Quito,Pichincha
2013-12-25,47,True,A,14,Holiday,National,Ecuador,Quito,Pichincha
2013-12-25,48,True,A,14,Holiday,National,Ecuador,Quito,Pichincha
2013-12-25,49,True,A,11,Holiday,National,Ecuador,Quito,Pichincha
2013-12-25,50,True,A,14,Holiday,National,Ecuador,Ambato,Tungurahua
2013-12-25,51,True,A,17,Holiday,National,Ecuador,Guayaquil,Guayas
2013-12-25,52,True,A,11,Holiday,National,Ecuador,Manta,Manabi
2013-12-25,53,True,D,13,Holiday,National,Ecuador,Manta,Manabi
2013-12-25,54,True,C,3,Holiday,National,Ecuador,El Carmen,Manabi
2013-12-26,1,True,D,13,Additional,National,Ecuador,Quito,Pichincha
2013-12-26,2,True,D,13,Additional,National,Ecuador,Quito,Pichincha
2013-12-26,3,True,D,8,Additional,National,Ecuador,Quito,Pichincha
2013-12-26,4,True,D,9,Additional,National,Ecuador,Quito,Pichincha
2013-12-26,5,True,D,4,Additional,National,Ecuador,Santo Domingo,Santo Domingo de los Tsachilas
2013-12-26,6,True,D,13,Additional,National,Ecuador,Quito,Pichincha
2013-12-26,7,True,D,8,Additional,National,Ecuador,Quito,Pichincha
2013-12-26,8,True,D,8,Additional,National,Ecuador,Quito,Pichincha
2013-12-26,9,True,B,6,Additional,National,Ecuador,Quito,Pichincha
2013-12-26,10,True,C,15,Additional,National,Ecuador,Quito,Pichincha
2013-12-26,11,True,B,6,Additional,National,Ecuador,Cayambe,Pichincha
2013-12-26,12,True,C,15,Additional,National,Ecuador,Latacunga,Cotopaxi
2013-12-26,13,True,C,15,Additional,National,Ecuador,Latacunga,Cotopaxi
2013-12-26,14,True,C,7,Additional,National,Ecuador,Riobamba,Chimborazo
2013-12-26,15,True,C,15,Additional,National,Ecuador,Ibarra,Imbabura
2013-12-26,16,True,C,3,Additional,National,Ecuador,Santo Domingo,Santo Domingo de los Tsachilas
2013-12-26,17,True,C,12,Additional,National,Ecuador,Quito,Pichincha
2013-12-26,18,True,B,16,Additional,National,Ecuador,Quito,Pichincha
2013-12-26,19,True,C,15,Additional,National,Ecuador,Guaranda,Bolivar
2013-12-26,20,True,B,6,Additional,National,Ecuador,Quito,Pichincha
2013-12-26,21,True,B,6,Additional,National,Ecuador,Santo Domingo,Santo Domingo de los Tsachilas
2013-12-26,22,True,C,7,Additional,National,Ecuador,Puyo,Pastaza
2013-12-26,23,True,D,9,Additional,National,Ecuador,Ambato,Tungurahua
2013-12-26,24,True,D,1,Additional,National,Ecuador,Guayaquil,Guayas
2013-12-26,25,True,D,1,Additional,National,Ecuador,Salinas,Santa Elena
2013-12-26,26,True,D,10,Additional,National,Ecuador,Guayaquil,Guayas
2013-12-26,27,True,D,1,Additional,National,Ecuador,Daule,Guayas
2013-12-26,28,True,E,10,Additional,National,Ecuador,Guayaquil,Guayas
2013-12-26,29,True,E,10,Additional,National,Ecuador,Guayaquil,Guayas
2013-12-26,30,True,C,3,Additional,National,Ecuador,Guayaquil,Guayas
2013-12-26,31,True,B,10,Additional,National,Ecuador,Babahoyo,Los Rios
2013-12-26,32,True,C,3,Additional,National,Ecuador,Guayaquil,Guayas
2013-12-26,33,True,C,3,Additional,National,Ecuador,Quevedo,Los Rios
2013-12-26,34,True,B,6,Additional,National,Ecuador,Guayaquil,Guayas
2013-12-26,35,True,C,3,Additional,National,Ecuador,Playas,Guayas
2013-12-26,36,True,E,10,Additional,National,Ecuador,Libertad,Guayas
2013-12-26,37,True,D,2,Additional,National,Ecuador,Cuenca,Azuay
2013-12-26,38,True,D,4,Additional,National,Ecuador,Loja,Loja
2013-12-26,39,True,B,6,Additional,National,Ecuador,Cuenca,Azuay
2013-12-26,40,True,C,3,Additional,National,Ecuador,Machala,El Oro
2013-12-26,41,True,D,4,Additional,National,Ecuador,Machala,El Oro
2013-12-26,42,True,D,2,Additional,National,Ecuador,Cuenca,Azuay
2013-12-26,43,True,E,10,Additional,National,Ecuador,Esmeraldas,Esmeraldas
2013-12-26,44,True,A,5,Additional,National,Ecuador,Quito,Pichincha
2013-12-26,45,True,A,11,Additional,National,Ecuador,Quito,Pichincha
2013-12-26,46,True,A,14,Additional,National,Ecuador,Quito,Pichincha
2013-12-26,47,True,A,14,Additional,National,Ecuador,Quito,Pichincha
2013-12-26,48,True,A,14,Additional,National,Ecuador,Quito,Pichincha
2013-12-26,49,True,A,11,Additional,National,Ecuador,Quito,Pichincha
2013-12-26,50,True,A,14,Additional,National,Ecuador,Ambato,Tungurahua
2013-12-26,51,True,A,17,Additional,National,Ecuador,Guayaquil,Guayas
2013-12-26,52,True,A,11,Additional,National,Ecuador,Manta,Manabi
2013-12-26,53,True,D,13,Additional,National,Ecuador,Manta,Manabi
2013-12-26,54,True,C,3,Additional,National,Ecuador,El Carmen,Manabi
2013-12-31,1,True,D,13,Additional,National,Ecuador,Quito,Pichincha
2013-12-31,2,True,D,13,Additional,National,Ecuador,Quito,Pichincha
2013-12-31,3,True,D,8,Additional,National,Ecuador,Quito,Pichincha
2013-12-31,4,True,D,9,Additional,National,Ecuador,Quito,Pichincha
2013-12-31,5,True,D,4,Additional,National,Ecuador,Santo Domingo,Santo Domingo de los Tsachilas
2013-12-31,6,True,D,13,Additional,National,Ecuador,Quito,Pichincha
2013-12-31,7,True,D,8,Additional,National,Ecuador,Quito,Pichincha
2013-12-31,8,True,D,8,Additional,National,Ecuador,Quito,Pichincha
2013-12-31,9,True,B,6,Additional,National,Ecuador,Quito,Pichincha
2013-12-31,10,True,C,15,Additional,National,Ecuador,Quito,Pichincha
2013-12-31,11,True,B,6,Additional,National,Ecuador,Cayambe,Pichincha
2013-12-31,12,True,C,15,Additional,National,Ecuador,Latacunga,Cotopaxi
2013-12-31,13,True,C,15,Additional,National,Ecuador,Latacunga,Cotopaxi
2013-12-31,14,True,C,7,Additional,National,Ecuador,Riobamba,Chimborazo
2013-12-31,15,True,C,15,Additional,National,Ecuador,Ibarra,Imbabura
2013-12-31,16,True,C,3,Additional,National,Ecuador,Santo Domingo,Santo Domingo de los Tsachilas
2013-12-31,17,True,C,12,Additional,National,Ecuador,Quito,Pichincha
2013-12-31,18,True,B,16,Additional,National,Ecuador,Quito,Pichincha
2013-12-31,19,True,C,15,Additional,National,Ecuador,Guaranda,Bolivar
2013-12-31,20,True,B,6,Additional,National,Ecuador,Quito,Pichincha
2013-12-31,21,True,B,6,Additional,National,Ecuador,Santo Domingo,Santo Domingo de los Tsachilas
2013-12-31,22,True,C,7,Additional,National,Ecuador,Puyo,Pastaza
2013-12-31,23,True,D,9,Additional,National,Ecuador,Ambato,Tungurahua
2013-12-31,24,True,D,1,Additional,National,Ecuador,Guayaquil,Guayas
2013-12-31,25,True,D,1,Additional,National,Ecuador,Salinas,Santa Elena
2013-12-31,26,True,D,10,Additional,National,Ecuador,Guayaquil,Guayas
2013-12-31,27,True,D,1,Additional,National,Ecuador,Daule,Guayas
2013-12-31,28,True,E,10,Additional,National,Ecuador,Guayaquil,Guayas
2013-12-31,29,True,E,10,Additional,National,Ecuador,Guayaquil,Guayas
2013-12-31,30,True,C,3,Additional,National,Ecuador,Guayaquil,Guayas
2013-12-31,31,True,B,10,Additional,National,Ecuador,Babahoyo,Los Rios
2013-12-31,32,True,C,3,Additional,National,Ecuador,Guayaquil,Guayas
2013-12-31,33,True,C,3,Additional,National,Ecuador,Quevedo,Los Rios
2013-12-31,34,True,B,6,Additional,National,Ecuador,Guayaquil,Guayas
2013-12-31,35,True,C,3,Additional,National,Ecuador,Playas,Guayas
2013-12-31,36,True,E,10,Additional,National,Ecuador,Libertad,Guayas
2013-12-31,37,True,D,2,Additional,National,Ecuador,Cuenca,Azuay
2013-12-31,38,True,D,4,Additional,National,Ecuador,Loja,Loja
2013-12-31,39,True,B,6,Additional,National,Ecuador,Cuenca,Azuay
2013-12-31,40,True,C,3,Additional,National,Ecuador,Machala,El Oro
2013-12-31,41,True,D,4,Additional,National,Ecuador,Machala,El Oro
2013-12-31,42,True,D,2,Additional,National,Ecuador,Cuenca,Azuay
2013-12-31,43,True,E,10,Additional,National,Ecuador,Esmeraldas,Esmeraldas
2013-12-31,44,True,A,5,Additional,National,Ecuador,Quito,Pichincha
2013-12-31,45,True,A,11,Additional,National,Ecuador,Quito,Pichincha
2013-12-31,46,True,A,14,Additional,National,Ecuador,Quito,Pichincha
2013-12-31,47,True,A,14,Additional,National,Ecuador,Quito,Pichincha
2013-12-31,48,True,A,14,Additional,National,Ecuador,Quito,Pichincha
2013-12-31,49,True,A,11,Additional,National,Ecuador,Quito,Pichincha
2013-12-31,50,True,A,14,Additional,National,Ecuador,Ambato,Tungurahua
2013-12-31,51,True,A,17,Additional,National,Ecuador,Guayaquil,Guayas
2013-12-31,52,True,A,11,Additional,National,Ecuador,Manta,Manabi
2013-12-31,53,True,D,13,Additional,National,Ecuador,Manta,Manabi
2013-12-31,54,True,C,3,Additional,National,Ecuador,El Carmen,Manabi
2014-01-01,1,True,D,13,Holiday,National,Ecuador,Quito,Pichincha
2014-01-01,2,True,D,13,Holiday,National,Ecuador,Quito,Pichincha
2014-01-01,3,True,D,8,Holiday,National,Ecuador,Quito,Pichincha
2014-01-01,4,True,D,9,Holiday,National,Ecuador,Quito,Pichincha
2014-01-01,5,True,D,4,Holiday,National,Ecuador,Santo Domingo,Santo Domingo de los Tsachilas
2014-01-01,6,True,D,13,Holiday,National,Ecuador,Quito,Pichincha
2014-01-01,7,True,D,8,Holiday,National,Ecuador,Quito,Pichincha
2014-01-01,8,True,D,8,Holiday,National,Ecuador,Quito,Pichincha
2014-01-01,9,True,B,6,Holiday,National,Ecuador,Quito,Pichincha
2014-01-01,10,True,C,15,Holiday,National,Ecuador,Quito,Pichincha
2014-01-01,11,True,B,6,Holiday,National,Ecuador,Cayambe,Pichincha
2014-01-01,12,True,C,15,Holiday,National,Ecuador,Latacunga,Cotopaxi
2014-01-01,13,True,C,15,Holiday,National,Ecuador,Latacunga,Cotopaxi
2014-01-01,14,True,C,7,Holiday,National,Ecuador,Riobamba,Chimborazo
2014-01-01,15,True,C,15,Holiday,National,Ecuador,Ibarra,Imbabura
2014-01-01,16,True,C,3,Holiday,National,Ecuador,Santo Domingo,Santo Domingo de los Tsachilas
2014-01-01,17,True,C,12,Holiday,National,Ecuador,Quito,Pichincha
2014-01-01,18,True,B,16,Holiday,National,Ecuador,Quito,Pichincha
2014-01-01,19,True,C,15,Holiday,National,Ecuador,Guaranda,Bolivar
2014-01-01,20,True,B,6,Holiday,National,Ecuador,Quito,Pichincha
2014-01-01,21,True,B,6,Holiday,National,Ecuador,Santo Domingo,Santo Domingo de los Tsachilas
2014-01-01,22,True,C,7,Holiday,National,Ecuador,Puyo,Pastaza
2014-01-01,23,True,D,9,Holiday,National,Ecuador,Ambato,Tungurahua
2014-01-01,24,True,D,1,Holiday,National,Ecuador,Guayaquil,Guayas
2014-01-01,25,True,D,1,Holiday,National,Ecuador,Salinas,Santa Elena
2014-01-01,26,True,D,10,Holiday,National,Ecuador,Guayaquil,Guayas
2014-01-01,27,True,D,1,Holiday,National,Ecuador,Daule,Guayas
2014-01-01,28,True,E,10,Holiday,National,Ecuador,Guayaquil,Guayas
2014-01-01,29,True,E,10,Holiday,National,Ecuador,Guayaquil,Guayas
2014-01-01,30,True,C,3,Holiday,National,Ecuador,Guayaquil,Guayas
2014-01-01,31,True,B,10,Holiday,National,Ecuador,Babahoyo,Los Rios
2014-01-01,32,True,C,3,Holiday,National,Ecuador,Guayaquil,Guayas
2014-01-01,33,True,C,3,Holiday,National,Ecuador,Quevedo,Los Rios
2014-01-01,34,True,B,6,Holiday,National,Ecuador,Guayaquil,Guayas
2014-01-01,35,True,C,3,Holiday,National,Ecuador,Playas,Guayas
2014-01-01,36,True,E,10,Holiday,National,Ecuador,Libertad,Guayas
2014-01-01,37,True,D,2,Holiday,National,Ecuador,Cuenca,Azuay
2014-01-01,38,True,D,4,Holiday,National,Ecuador,Loja,Loja
2014-01-01,39,True,B,6,Holiday,National,Ecuador,Cuenca,Azuay
2014-01-01,40,True,C,3,Holiday,National,Ecuador,Machala,El Oro
2014-01-01,41,True,D,4,Holiday,National,Ecuador,Machala,El Oro
2014-01-01,42,True,D,2,Holiday,National,Ecuador,Cuenca,Azuay
2014-01-01,43,True,E,10,Holiday,National,Ecuador,Esmeraldas,Esmeraldas
2014-01-01,44,True,A,5,Holiday,National,Ecuador,Quito,Pichincha
2014-01-01,45,True,A,11,Holiday,National,Ecuador,Quito,Pichincha
2014-01-01,46,True,A,14,Holiday,National,Ecuador,Quito,Pichincha
2014-01-01,47,True,A,14,Holiday,National,Ecuador,Quito,Pichincha
2014-01-01,48,True,A,14,Holiday,National,Ecuador,Quito,Pichincha
2014-01-01,49,True,A,11,Holiday,National,Ecuador,Quito,Pichincha
2014-01-01,50,True,A,14,Holiday,National,Ecuador,Ambato,Tungurahua
2014-01-01,51,True,A,17,Holiday,National,Ecuador,Guayaquil,Guayas
2014-01-01,52,True,A,11,Holiday,National,Ecuador,Manta,Manabi
2014-01-01,53,True,D,13,Holiday,National,Ecuador,Manta,Manabi
2014-01-01,54,True,C,3,Holiday,National,Ecuador,El Carmen,Manabi
2014-03-03,1,True,D,13,Holiday,National,Ecuador,Quito,Pichincha
2014-03-03,2,True,D,13,Holiday,National,Ecuador,Quito,Pichincha
2014-03-03,3,True,D,8,Holiday,National,Ecuador,Quito,Pichincha
2014-03-03,4,True,D,9,Holiday,National,Ecuador,Quito,Pichincha
2014-03-03,5,True,D,4,Holiday,National,Ecuador,Santo Domingo,Santo Domingo de los Tsachilas
2014-03-03,6,True,D,13,Holiday,National,Ecuador,Quito,Pichincha
2014-03-03,7,True,D,8,Holiday,National,Ecuador,Quito,Pichincha
2014-03-03,8,True,D,8,Holiday,National,Ecuador,Quito,Pichincha
2014-03-03,9,True,B,6,Holiday,National,Ecuador,Quito,Pichincha
2014-03-03,10,True,C,15,Holiday,National,Ecuador,Quito,Pichincha
2014-03-03,11,True,B,6,Holiday,National,Ecuador,Cayambe,Pichincha
2014-03-03,12,True,C,15,Holiday,National,Ecuador,Latacunga,Cotopaxi
2014-03-03,13,True,C,15,Holiday,National,Ecuador,Latacunga,Cotopaxi
2014-03-03,14,True,C,7,Holiday,National,Ecuador,Riobamba,Chimborazo
2014-03-03,15,True,C,15,Holiday,National,Ecuador,Ibarra,Imbabura
2014-03-03,16,True,C,3,Holiday,National,Ecuador,Santo Domingo,Santo Domingo de los Tsachilas
2014-03-03,17,True,C,12,Holiday,National,Ecuador,Quito,Pichincha
2014-03-03,18,True,B,16,Holiday,National,Ecuador,Quito,Pichincha
2014-03-03,19,True,C,15,Holiday,National,Ecuador,Guaranda,Bolivar
2014-03-03,20,True,B,6,Holiday,National,Ecuador,Quito,Pichincha
2014-03-03,21,True,B,6,Holiday,National,Ecuador,Santo Domingo,Santo Domingo de los Tsachilas
2014-03-03,22,True,C,7,Holiday,National,Ecuador,Puyo,Pastaza
2014-03-03,23,True,D,9,Holiday,National,Ecuador,Ambato,Tungurahua
2014-03-03,24,True,D,1,Holiday,National,Ecuador,Guayaquil,Guayas
2014-03-03,25,True,D,1,Holiday,National,Ecuador,Salinas,Santa Elena
2014-03-03,26,True,D,10,Holiday,National,Ecuador,Guayaquil,Guayas
2014-03-03,27,True,D,1,Holiday,National,Ecuador,Daule,Guayas
2014-03-03,28,True,E,10,Holiday,National,Ecuador,Guayaquil,Guayas
2014-03-03,29,True,E,10,Holiday,National,Ecuador,Guayaquil,Guayas
2014-03-03,30,True,C,3,Holiday,National,Ecuador,Guayaquil,Guayas
2014-03-03,31,True,B,10,Holiday,National,Ecuador,Babahoyo,Los Rios
2014-03-03,32,True,C,3,Holiday,National,Ecuador,Guayaquil,Guayas
2014-03-03,33,True,C,3,Holiday,National,Ecuador,Quevedo,Los Rios
2014-03-03,34,True,B,6,Holiday,National,Ecuador,Guayaquil,Guayas
2014-03-03,35,True,C,3,Holiday,National,Ecuador,Playas,Guayas
2014-03-03,36,True,E,10,Holiday,National,Ecuador,Libertad,Guayas
2014-03-03,37,True,D,2,Holiday,National,Ecuador,Cuenca,Azuay
2014-03-03,38,True,D,4,Holiday,National,Ecuador,Loja,Loja
2014-03-03,39,True,B,6,Holiday,National,Ecuador,Cuenca,Azuay
2014-03-03,40,True,C,3,Holiday,National,Ecuador,Machala,El Oro
2014-03-03,41,True,D,4,Holiday,National,Ecuador,Machala,El Oro
2014-03-03,42,True,D,2,Holiday,National,Ecuador,Cuenca,Azuay
2014-03-03,43,True,E,10,Holiday,National,Ecuador,Esmeraldas,Esmeraldas
2014-03-03,44,True,A,5,Holiday,National,Ecuador,Quito,Pichincha
2014-03-03,45,True,A,11,Holiday,National,Ecuador,Quito,Pichincha
2014-03-03,46,True,A,14,Holiday,National,Ecuador,Quito,Pichincha
2014-03-03,47,True,A,14,Holiday,National,Ecuador,Quito,Pichincha
2014-03-03,48,True,A,14,Holiday,National,Ecuador,Quito,Pichincha
2014-03-03,49,True,A,11,Holiday,National,Ecuador,Quito,Pichincha
2014-03-03,50,True,A,14,Holiday,National,Ecuador,Ambato,Tungurahua
2014-03-03,51,True,A,17,Holiday,National,Ecuador,Guayaquil,Guayas
2014-03-03,52,True,A,11,Holiday,National,Ecuador,Manta,Manabi
2014-03-03,53,True,D,13,Holiday,National,Ecuador,Manta,Manabi
2014-03-03,54,True,C,3,Holiday,National,Ecuador,El Carmen,Manabi
2014-03-04,1,True,D,13,Holiday,National,Ecuador,Quito,Pichincha
2014-03-04,2,True,D,13,Holiday,National,Ecuador,Quito,Pichincha
2014-03-04,3,True,D,8,Holiday,National,Ecuador,Quito,Pichincha
2014-03-04,4,True,D,9,Holiday,National,Ecuador,Quito,Pichincha
2014-03-04,5,True,D,4,Holiday,National,Ecuador,Santo Domingo,Santo Domingo de los Tsachilas
2014-03-04,6,True,D,13,Holiday,National,Ecuador,Quito,Pichincha
2014-03-04,7,True,D,8,Holiday,National,Ecuador,Quito,Pichincha
2014-03-04,8,True,D,8,Holiday,National,Ecuador,Quito,Pichincha
2014-03-04,9,True,B,6,Holiday,National,Ecuador,Quito,Pichincha
2014-03-04,10,True,C,15,Holiday,National,Ecuador,Quito,Pichincha
2014-03-04,11,True,B,6,Holiday,National,Ecuador,Cayambe,Pichincha
2014-03-04,12,True,C,15,Holiday,National,Ecuador,Latacunga,Cotopaxi
2014-03-04,13,True,C,15,Holiday,National,Ecuador,Latacunga,Cotopaxi
2014-03-04,14,True,C,7,Holiday,National,Ecuador,Riobamba,Chimborazo
2014-03-04,15,True,C,15,Holiday,National,Ecuador,Ibarra,Imbabura
2014-03-04,16,True,C,3,Holiday,National,Ecuador,Santo Domingo,Santo Domingo de los Tsachilas
2014-03-04,17,True,C,12,Holiday,National,Ecuador,Quito,Pichincha
2014-03-04,18,True,B,16,Holiday,National,Ecuador,Quito,Pichincha
2014-03-04,19,True,C,15,Holiday,National,Ecuador,Guaranda,Bolivar
2014-03-04,20,True,B,6,Holiday,National,Ecuador,Quito,Pichincha
2014-03-04,21,True,B,6,Holiday,National,Ecuador,Santo Domingo,Santo Domingo de los Tsachilas
2014-03-04,22,True,C,7,Holiday,National,Ecuador,Puyo,Pastaza
2014-03-04,23,True,D,9,Holiday,National,Ecuador,Ambato,Tungurahua
2014-03-04,24,True,D,1,Holiday,National,Ecuador,Guayaquil,Guayas
2014-03-04,25,True,D,1,Holiday,National,Ecuador,Salinas,Santa Elena
2014-03-04,26,True,D,10,Holiday,National,Ecuador,Guayaquil,Guayas
2014-03-04,27,True,D,1,Holiday,National,Ecuador,Daule,Guayas
2014-03-04,28,True,E,10,Holiday,National,Ecuador,Guayaquil,Guayas
2014-03-04,29,True,E,10,Holiday,National,Ecuador,Guayaquil,Guayas
2014-03-04,30,True,C,3,Holiday,National,Ecuador,Guayaquil,Guayas
2014-03-04,31,True,B,10,Holiday,National,Ecuador,Babahoyo,Los Rios
2014-03-04,32,True,C,3,Holiday,National,Ecuador,Guayaquil,Guayas
2014-03-04,33,True,C,3,Holiday,National,Ecuador,Quevedo,Los Rios
2014-03-04,34,True,B,6,Holiday,National,Ecuador,Guayaquil,Guayas
2014-03-04,35,True,C,3,Holiday,National,Ecuador,Playas,Guayas
2014-03-04,36,True,E,10,Holiday,National,Ecuador,Libertad,Guayas
2014-03-04,37,True,D,2,Holiday,National,Ecuador,Cuenca,Azuay
2014-03-04,38,True,D,4,Holiday,National,Ecuador,Loja,Loja
2014-03-04,39,True,B,6,Holiday,National,Ecuador,Cuenca,Azuay
2014-03-04,40,True,C,3,Holiday,National,Ecuador,Machala,El Oro
2014-03-04,41,True,D,4,Holiday,National,Ecuador,Machala,El Oro
2014-03-04,42,True,D,2,Holiday,National,Ecuador,Cuenca,Azuay
2014-03-04,43,True,E,10,Holiday,National,Ecuador,Esmeraldas,Esmeraldas
2014-03-04,44,True,A,5,Holiday,National,Ecuador,Quito,Pichincha
2014-03-04,45,True,A,11,Holiday,National,Ecuador,Quito,Pichincha
2014-03-04,46,True,A,14,Holiday,National,Ecuador,Quito,Pichincha
2014-03-04,47,True,A,14,Holiday,National,Ecuador,Quito,Pichincha
2014-03-04,48,True,A,14,Holiday,National,Ecuador,Quito,Pichincha
2014-03-04,49,True,A,11,Holiday,National,Ecuador,Quito,Pichincha
2014-03-04,50,True,A,14,Holiday,National,Ecuador,Ambato,Tungurahua
2014-03-04,51,True,A,17,Holiday,National,Ecuador,Guayaquil,Guayas
2014-03-04,52,True,A,11,Holiday,National,Ecuador,Manta,Manabi
2014-03-04,53,True,D,13,Holiday,National,Ecuador,Manta,Manabi
2014-03-04,54,True,C,3,Holiday,National,Ecuador,El Carmen,Manabi
2014-04-18,1,True,D,13,Holiday,National,Ecuador,Quito,Pichincha
2014-04-18,2,True,D,13,Holiday,National,Ecuador,Quito,Pichincha
2014-04-18,3,True,D,8,Holiday,National,Ecuador,Quito,Pichincha
2014-04-18,4,True,D,9,Holiday,National,Ecuador,Quito,Pichincha
2014-04-18,5,True,D,4,Holiday,National,Ecuador,Santo Domingo,Santo Domingo de los Tsachilas
2014-04-18,6,True,D,13,Holiday,National,Ecuador,Quito,Pichincha
2014-04-18,7,True,D,8,Holiday,National,Ecuador,Quito,Pichincha
2014-04-18,8,True,D,8,Holiday,National,Ecuador,Quito,Pichincha
2014-04-18,9,True,B,6,Holiday,National,Ecuador,Quito,Pichincha
2014-04-18,10,True,C,15,Holiday,National,Ecuador,Quito,Pichincha
2014-04-18,11,True,B,6,Holiday,National,Ecuador,Cayambe,Pichincha
2014-04-18,12,True,C,15,Holiday,National,Ecuador,Latacunga,Cotopaxi
2014-04-18,13,True,C,15,Holiday,National,Ecuador,Latacunga,Cotopaxi
2014-04-18,14,True,C,7,Holiday,National,Ecuador,Riobamba,Chimborazo
2014-04-18,15,True,C,15,Holiday,National,Ecuador,Ibarra,Imbabura
2014-04-18,16,True,C,3,Holiday,National,Ecuador,Santo Domingo,Santo Domingo de los Tsachilas
2014-04-18,17,True,C,12,Holiday,National,Ecuador,Quito,Pichincha
2014-04-18,18,True,B,16,Holiday,National,Ecuador,Quito,Pichincha
2014-04-18,19,True,C,15,Holiday,National,Ecuador,Guaranda,Bolivar
2014-04-18,20,True,B,6,Holiday,National,Ecuador,Quito,Pichincha
2014-04-18,21,True,B,6,Holiday,National,Ecuador,Santo Domingo,Santo Domingo de los Tsachilas
2014-04-18,22,True,C,7,Holiday,National,Ecuador,Puyo,Pastaza
2014-04-18,23,True,D,9,Holiday,National,Ecuador,Ambato,Tungurahua
2014-04-18,24,True,D,1,Holiday,National,Ecuador,Guayaquil,Guayas
2014-04-18,25,True,D,1,Holiday,National,Ecuador,Salinas,Santa Elena
2014-04-18,26,True,D,10,Holiday,National,Ecuador,Guayaquil,Guayas
2014-04-18,27,True,D,1,Holiday,National,Ecuador,Daule,Guayas
2014-04-18,28,True,E,10,Holiday,National,Ecuador,Guayaquil,Guayas
2014-04-18,29,True,E,10,Holiday,National,Ecuador,Guayaquil,Guayas
2014-04-18,30,True,C,3,Holiday,National,Ecuador,Guayaquil,Guayas
2014-04-18,31,True,B,10,Holiday,National,Ecuador,Babahoyo,Los Rios
2014-04-18,32,True,C,3,Holiday,National,Ecuador,Guayaquil,Guayas
2014-04-18,33,True,C,3,Holiday,National,Ecuador,Quevedo,Los Rios
2014-04-18,34,True,B,6,Holiday,National,Ecuador,Guayaquil,Guayas
2014-04-18,35,True,C,3,Holiday,National,Ecuador,Playas,Guayas
2014-04-18,36,True,E,10,Holiday,National,Ecuador,Libertad,Guayas
2014-04-18,37,True,D,2,Holiday,National,Ecuador,Cuenca,Azuay
2014-04-18,38,True,D,4,Holiday,National,Ecuador,Loja,Loja
2014-04-18,39,True,B,6,Holiday,National,Ecuador,Cuenca,Azuay
2014-04-18,40,True,C,3,Holiday,National,Ecuador,Machala,El Oro
2014-04-18,41,True,D,4,Holiday,National,Ecuador,Machala,El Oro
2014-04-18,42,True,D,2,Holiday,National,Ecuador,Cuenca,Azuay
2014-04-18,43,True,E,10,Holiday,National,Ecuador,Esmeraldas,Esmeraldas
2014-04-18,44,True,A,5,Holiday,National,Ecuador,Quito,Pichincha
2014-04-18,45,True,A,11,Holiday,National,Ecuador,Quito,Pichincha
2014-04-18,46,True,A,14,Holiday,National,Ecuador,Quito,Pichincha
2014-04-18,47,True,A,14,Holiday,National,Ecuador,Quito,Pichincha
2014-04-18,48,True,A,14,Holiday,National,Ecuador,Quito,Pichincha
2014-04-18,49,True,A,11,Holiday,National,Ecuador,Quito,Pichincha
2014-04-18,50,True,A,14,Holiday,National,Ecuador,Ambato,Tungurahua
2014-04-18,51,True,A,17,Holiday,National,Ecuador,Guayaquil,Guayas
2014-04-18,52,True,A,11,Holiday,National,Ecuador,Manta,Manabi
2014-04-18,53,True,D,13,Holiday,National,Ecuador,Manta,Manabi
2014-04-18,54,True,C,3,Holiday,National,Ecuador,El Carmen,Manabi
2014-05-01,1,True,D,13,Holiday,National,Ecuador,Quito,Pichincha
2014-05-01,2,True,D,13,Holiday,National,Ecuador,Quito,Pichincha
2014-05-01,3,True,D,8,Holiday,National,Ecuador,Quito,Pichincha
2014-05-01,4,True,D,9,Holiday,National,Ecuador,Quito,Pichincha
2014-05-01,5,True,D,4,Holiday,National,Ecuador,Santo Domingo,Santo Domingo de los Tsachilas
2014-05-01,6,True,D,13,Holiday,National,Ecuador,Quito,Pichincha
2014-05-01,7,True,D,8,Holiday,National,Ecuador,Quito,Pichincha
2014-05-01,8,True,D,8,Holiday,National,Ecuador,Quito,Pichincha
2014-05-01,9,True,B,6,Holiday,National,Ecuador,Quito,Pichincha
2014-05-01,10,True,C,15,Holiday,National,Ecuador,Quito,Pichincha
2014-05-01,11,True,B,6,Holiday,National,Ecuador,Cayambe,Pichincha
2014-05-01,12,True,C,15,Holiday,National,Ecuador,Latacunga,Cotopaxi
2014-05-01,13,True,C,15,Holiday,National,Ecuador,Latacunga,Cotopaxi
2014-05-01,14,True,C,7,Holiday,National,Ecuador,Riobamba,Chimborazo
2014-05-01,15,True,C,15,Holiday,National,Ecuador,Ibarra,Imbabura
2014-05-01,16,True,C,3,Holiday,National,Ecuador,Santo Domingo,Santo Domingo de los Tsachilas
2014-05-01,17,True,C,12,Holiday,National,Ecuador,Quito,Pichincha
2014-05-01,18,True,B,16,Holiday,National,Ecuador,Quito,Pichincha
2014-05-01,19,True,C,15,Holiday,National,Ecuador,Guaranda,Bolivar
2014-05-01,20,True,B,6,Holiday,National,Ecuador,Quito,Pichincha
2014-05-01,21,True,B,6,Holiday,National,Ecuador,Santo Domingo,Santo Domingo de los Tsachilas
2014-05-01,22,True,C,7,Holiday,National,Ecuador,Puyo,Pastaza
2014-05-01,23,True,D,9,Holiday,National,Ecuador,Ambato,Tungurahua
2014-05-01,24,True,D,1,Holiday,National,Ecuador,Guayaquil,Guayas
2014-05-01,25,True,D,1,Holiday,National,Ecuador,Salinas,Santa Elena
2014-05-01,26,True,D,10,Holiday,National,Ecuador,Guayaquil,Guayas
2014-05-01,27,True,D,1,Holiday,National,Ecuador,Daule,Guayas
2014-05-01,28,True,E,10,Holiday,National,Ecuador,Guayaquil,Guayas
2014-05-01,29,True,E,10,Holiday,National,Ecuador,Guayaquil,Guayas
2014-05-01,30,True,C,3,Holiday,National,Ecuador,Guayaquil,Guayas
2014-05-01,31,True,B,10,Holiday,National,Ecuador,Babahoyo,Los Rios
2014-05-01,32,True,C,3,Holiday,National,Ecuador,Guayaquil,Guayas
2014-05-01,33,True,C,3,Holiday,National,Ecuador,Quevedo,Los Rios
2014-05-01,34,True,B,6,Holiday,National,Ecuador,Guayaquil,Guayas
2014-05-01,35,True,C,3,Holiday,National,Ecuador,Playas,Guayas
2014-05-01,36,True,E,10,Holiday,National,Ecuador,Libertad,Guayas
2014-05-01,37,True,D,2,Holiday,National,Ecuador,Cuenca,Azuay
2014-05-01,38,True,D,4,Holiday,National,Ecuador,Loja,Loja
2014-05-01,39,True,B,6,Holiday,National,Ecuador,Cuenca,Azuay
2014-05-01,40,True,C,3,Holiday,National,Ecuador,Machala,El Oro
2014-05-01,41,True,D,4,Holiday,National,Ecuador,Machala,El Oro
2014-05-01,42,True,D,2,Holiday,National,Ecuador,Cuenca,Azuay
2014-05-01,43,True,E,10,Holiday,National,Ecuador,Esmeraldas,Esmeraldas
2014-05-01,44,True,A,5,Holiday,National,Ecuador,Quito,Pichincha
2014-05-01,45,True,A,11,Holiday,National,Ecuador,Quito,Pichincha
2014-05-01,46,True,A,14,Holiday,National,Ecuador,Quito,Pichincha
2014-05-01,47,True,A,14,Holiday,National,Ecuador,Quito,Pichincha
2014-05-01,48,True,A,14,Holiday,National,Ecuador,Quito,Pichincha
2014-05-01,49,True,A,11,Holiday,National,Ecuador,Quito,Pichincha
2014-05-01,50,True,A,14,Holiday,National,Ecuador,Ambato,Tungurahua
2014-05-01,51,True,A,17,Holiday,National,Ecuador,Guayaquil,Guayas
2014-05-01,52,True,A,11,Holiday,National,Ecuador,Manta,Manabi
2014-05-01,53,True,D,13,Holiday,National,Ecuador,Manta,Manabi
2014-05-01,54,True,C,3,Holiday,National,Ecuador,El Carmen,Manabi
2014-05-10,1,True,D,13,Additional,National,Ecuador,Quito,Pichincha
2014-05-10,2,True,D,13,Additional,National,Ecuador,Quito,Pichincha
2014-05-10,3,True,D,8,Additional,National,Ecuador,Quito,Pichincha
2014-05-10,4,True,D,9,Additional,National,Ecuador,Quito,Pichincha
2014-05-10,5,True,D,4,Additional,National,Ecuador,Santo Domingo,Santo Domingo de los Tsachilas
2014-05-10,6,True,D,13,Additional,National,Ecuador,Quito,Pichincha
2014-05-10,7,True,D,8,Additional,National,Ecuador,Quito,Pichincha
2014-05-10,8,True,D,8,Additional,National,Ecuador,Quito,Pichincha
2014-05-10,9,True,B,6,Additional,National,Ecuador,Quito,Pichincha
2014-05-10,10,True,C,15,Additional,National,Ecuador,Quito,Pichincha
2014-05-10,11,True,B,6,Additional,National,Ecuador,Cayambe,Pichincha
2014-05-10,12,True,C,15,Additional,National,Ecuador,Latacunga,Cotopaxi
2014-05-10,13,True,C,15,Additional,National,Ecuador,Latacunga,Cotopaxi
2014-05-10,14,True,C,7,Additional,National,Ecuador,Riobamba,Chimborazo
2014-05-10,15,True,C,15,Additional,National,Ecuador,Ibarra,Imbabura
2014-05-10,16,True,C,3,Additional,National,Ecuador,Santo Domingo,Santo Domingo de los Tsachilas
2014-05-10,17,True,C,12,Additional,National,Ecuador,Quito,Pichincha
2014-05-10,18,True,B,16,Additional,National,Ecuador,Quito,Pichincha
2014-05-10,19,True,C,15,Additional,National,Ecuador,Guaranda,Bolivar
2014-05-10,20,True,B,6,Additional,National,Ecuador,Quito,Pichincha
2014-05-10,21,True,B,6,Additional,National,Ecuador,Santo Domingo,Santo Domingo de los Tsachilas
2014-05-10,22,True,C,7,Additional,National,Ecuador,Puyo,Pastaza
2014-05-10,23,True,D,9,Additional,National,Ecuador,Ambato,Tungurahua
2014-05-10,24,True,D,1,Additional,National,Ecuador,Guayaquil,Guayas
2014-05-10,25,True,D,1,Additional,National,Ecuador,Salinas,Santa Elena
2014-05-10,26,True,D,10,Additional,National,Ecuador,Guayaquil,Guayas
2014-05-10,27,True,D,1,Additional,National,Ecuador,Daule,Guayas
2014-05-10,28,True,E,10,Additional,National,Ecuador,Guayaquil,Guayas
2014-05-10,29,True,E,10,Additional,National,Ecuador,Guayaquil,Guayas
2014-05-10,30,True,C,3,Additional,National,Ecuador,Guayaquil,Guayas
2014-05-10,31,True,B,10,Additional,National,Ecuador,Babahoyo,Los Rios
2014-05-10,32,True,C,3,Additional,National,Ecuador,Guayaquil,Guayas
2014-05-10,33,True,C,3,Additional,National,Ecuador,Quevedo,Los Rios
2014-05-10,34,True,B,6,Additional,National,Ecuador,Guayaquil,Guayas
2014-05-10,35,True,C,3,Additional,National,Ecuador,Playas,Guayas
2014-05-10,36,True,E,10,Additional,National,Ecuador,Libertad,Guayas
2014-05-10,37,True,D,2,Additional,National,Ecuador,Cuenca,Azuay
2014-05-10,38,True,D,4,Additional,National,Ecuador,Loja,Loja
2014-05-10,39,True,B,6,Additional,National,Ecuador,Cuenca,Azuay
2014-05-10,40,True,C,3,Additional,National,Ecuador,Machala,El Oro
2014-05-10,41,True,D,4,Additional,National,Ecuador,Machala,El Oro
2014-05-10,42,True,D,2,Additional,National,Ecuador,Cuenca,Azuay
2014-05-10,43,True,E,10,Additional,National,Ecuador,Esmeraldas,Esmeraldas
2014-05-10,44,True,A,5,Additional,National,Ecuador,Quito,Pichincha
2014-05-10,45,True,A,11,Additional,National,Ecuador,Quito,Pichincha
2014-05-10,46,True,A,14,Additional,National,Ecuador,Quito,Pichincha
2014-05-10,47,True,A,14,Additional,National,Ecuador,Quito,Pichincha
2014-05-10,48,True,A,14,Additional,National,Ecuador,Quito,Pichincha
2014-05-10,49,True,A,11,Additional,National,Ecuador,Quito,Pichincha
2014-05-10,50,True,A,14,Additional,National,Ecuador,Ambato,Tungurahua
2014-05-10,51,True,A,17,Additional,National,Ecuador,Guayaquil,Guayas
2014-05-10,52,True,A,11,Additional,National,Ecuador,Manta,Manabi
2014-05-10,53,True,D,13,Additional,National,Ecuador,Manta,Manabi
2014-05-10,54,True,C,3,Additional,National,Ecuador,El Carmen,Manabi
2014-05-11,1,True,D,13,Event,National,Ecuador,Quito,Pichincha
2014-05-11,2,True,D,13,Event,National,Ecuador,Quito,Pichincha
2014-05-11,3,True,D,8,Event,National,Ecuador,Quito,Pichincha
2014-05-11,4,True,D,9,Event,National,Ecuador,Quito,Pichincha
2014-05-11,5,True,D,4,Event,National,Ecuador,Santo Domingo,Santo Domingo de los Tsachilas
2014-05-11,6,True,D,13,Event,National,Ecuador,Quito,Pichincha
2014-05-11,7,True,D,8,Event,National,Ecuador,Quito,Pichincha
2014-05-11,8,True,D,8,Event,National,Ecuador,Quito,Pichincha
2014-05-11,9,True,B,6,Event,National,Ecuador,Quito,Pichincha
2014-05-11,10,True,C,15,Event,National,Ecuador,Quito,Pichincha
2014-05-11,11,True,B,6,Event,National,Ecuador,Cayambe,Pichincha
2014-05-11,12,True,C,15,Event,National,Ecuador,Latacunga,Cotopaxi
2014-05-11,13,True,C,15,Event,National,Ecuador,Latacunga,Cotopaxi
2014-05-11,14,True,C,7,Event,National,Ecuador,Riobamba,Chimborazo
2014-05-11,15,True,C,15,Event,National,Ecuador,Ibarra,Imbabura
2014-05-11,16,True,C,3,Event,National,Ecuador,Santo Domingo,Santo Domingo de los Tsachilas
2014-05-11,17,True,C,12,Event,National,Ecuador,Quito,Pichincha
2014-05-11,18,True,B,16,Event,National,Ecuador,Quito,Pichincha
2014-05-11,19,True,C,15,Event,National,Ecuador,Guaranda,Bolivar
2014-05-11,20,True,B,6,Event,National,Ecuador,Quito,Pichincha
2014-05-11,21,True,B,6,Event,National,Ecuador,Santo Domingo,Santo Domingo de los Tsachilas
2014-05-11,22,True,C,7,Event,National,Ecuador,Puyo,Pastaza
2014-05-11,23,True,D,9,Event,National,Ecuador,Ambato,Tungurahua
2014-05-11,24,True,D,1,Event,National,Ecuador,Guayaquil,Guayas
2014-05-11,25,True,D,1,Event,National,Ecuador,Salinas,Santa Elena
2014-05-11,26,True,D,10,Event,National,Ecuador,Guayaquil,Guayas
2014-05-11,27,True,D,1,Event,National,Ecuador,Daule,Guayas
2014-05-11,28,True,E,10,Event,National,Ecuador,Guayaquil,Guayas
2014-05-11,29,True,E,10,Event,National,Ecuador,Guayaquil,Guayas
2014-05-11,30,True,C,3,Event,National,Ecuador,Guayaquil,Guayas
2014-05-11,31,True,B,10,Event,National,Ecuador,Babahoyo,Los Rios
2014-05-11,32,True,C,3,Event,National,Ecuador,Guayaquil,Guayas
2014-05-11,33,True,C,3,Event,National,Ecuador,Quevedo,Los Rios
2014-05-11,34,True,B,6,Event,National,Ecuador,Guayaquil,Guayas
2014-05-11,35,True,C,3,Event,National,Ecuador,Playas,Guayas
2014-05-11,36,True,E,10,Event,National,Ecuador,Libertad,Guayas
2014-05-11,37,True,D,2,Event,National,Ecuador,Cuenca,Azuay
2014-05-11,38,True,D,4,Event,National,Ecuador,Loja,Loja
2014-05-11,39,True,B,6,Event,National,Ecuador,Cuenca,Azuay
2014-05-11,40,True,C,3,Event,National,Ecuador,Machala,El Oro
2014-05-11,41,True,D,4,Event,National,Ecuador,Machala,El Oro
2014-05-11,42,True,D,2,Event,National,Ecuador,Cuenca,Azuay
2014-05-11,43,True,E,10,Event,National,Ecuador,Esmeraldas,Esmeraldas
2014-05-11,44,True,A,5,Event,National,Ecuador,Quito,Pichincha
2014-05-11,45,True,A,11,Event,National,Ecuador,Quito,Pichincha
2014-05-11,46,True,A,14,Event,National,Ecuador,Quito,Pichincha
2014-05-11,47,True,A,14,Event,National,Ecuador,Quito,Pichincha
2014-05-11,48,True,A,14,Event,National,Ecuador,Quito,Pichincha
2014-05-11,49,True,A,11,Event,National,Ecuador,Quito,Pichincha
2014-05-11,50,True,A,14,Event,National,Ecuador,Ambato,Tungurahua
2014-05-11,51,True,A,17,Event,National,Ecuador,Guayaquil,Guayas
2014-05-11,52,True,A,11,Event,National,Ecuador,Manta,Manabi
2014-05-11,53,True,D,13,Event,National,Ecuador,Manta,Manabi
2014-05-11,54,True,C,3,Event,National,Ecuador,El Carmen,Manabi
2014-05-24,1,True,D,13,Holiday,National,Ecuador,Quito,Pichincha
2014-05-24,2,True,D,13,Holiday,National,Ecuador,Quito,Pichincha
2014-05-24,3,True,D,8,Holiday,National,Ecuador,Quito,Pichincha
2014-05-24,4,True,D,9,Holiday,National,Ecuador,Quito,Pichincha
2014-05-24,5,True,D,4,Holiday,National,Ecuador,Santo Domingo,Santo Domingo de los Tsachilas
2014-05-24,6,True,D,13,Holiday,National,Ecuador,Quito,Pichincha
2014-05-24,7,True,D,8,Holiday,National,Ecuador,Quito,Pichincha
2014-05-24,8,True,D,8,Holiday,National,Ecuador,Quito,Pichincha
2014-05-24,9,True,B,6,Holiday,National,Ecuador,Quito,Pichincha
2014-05-24,10,True,C,15,Holiday,National,Ecuador,Quito,Pichincha
2014-05-24,11,True,B,6,Holiday,National,Ecuador,Cayambe,Pichincha
2014-05-24,12,True,C,15,Holiday,National,Ecuador,Latacunga,Cotopaxi
2014-05-24,13,True,C,15,Holiday,National,Ecuador,Latacunga,Cotopaxi
2014-05-24,14,True,C,7,Holiday,National,Ecuador,Riobamba,Chimborazo
2014-05-24,15,True,C,15,Holiday,National,Ecuador,Ibarra,Imbabura
2014-05-24,16,True,C,3,Holiday,National,Ecuador,Santo Domingo,Santo Domingo de los Tsachilas
2014-05-24,17,True,C,12,Holiday,National,Ecuador,Quito,Pichincha
2014-05-24,18,True,B,16,Holiday,National,Ecuador,Quito,Pichincha
2014-05-24,19,True,C,15,Holiday,National,Ecuador,Guaranda,Bolivar
2014-05-24,20,True,B,6,Holiday,National,Ecuador,Quito,Pichincha
2014-05-24,21,True,B,6,Holiday,National,Ecuador,Santo Domingo,Santo Domingo de los Tsachilas
2014-05-24,22,True,C,7,Holiday,National,Ecuador,Puyo,Pastaza
2014-05-24,23,True,D,9,Holiday,National,Ecuador,Ambato,Tungurahua
2014-05-24,24,True,D,1,Holiday,National,Ecuador,Guayaquil,Guayas
2014-05-24,25,True,D,1,Holiday,National,Ecuador,Salinas,Santa Elena
2014-05-24,26,True,D,10,Holiday,National,Ecuador,Guayaquil,Guayas
2014-05-24,27,True,D,1,Holiday,National,Ecuador,Daule,Guayas
2014-05-24,28,True,E,10,Holiday,National,Ecuador,Guayaquil,Guayas
2014-05-24,29,True,E,10,Holiday,National,Ecuador,Guayaquil,Guayas
2014-05-24,30,True,C,3,Holiday,National,Ecuador,Guayaquil,Guayas
2014-05-24,31,True,B,10,Holiday,National,Ecuador,Babahoyo,Los Rios
2014-05-24,32,True,C,3,Holiday,National,Ecuador,Guayaquil,Guayas
2014-05-24,33,True,C,3,Holiday,National,Ecuador,Quevedo,Los Rios
2014-05-24,34,True,B,6,Holiday,National,Ecuador,Guayaquil,Guayas
2014-05-24,35,True,C,3,Holiday,National,Ecuador,Playas,Guayas
2014-05-24,36,True,E,10,Holiday,National,Ecuador,Libertad,Guayas
2014-05-24,37,True,D,2,Holiday,National,Ecuador,Cuenca,Azuay
2014-05-24,38,True,D,4,Holiday,National,Ecuador,Loja,Loja
2014-05-24,39,True,B,6,Holiday,National,Ecuador,Cuenca,Azuay
2014-05-24,40,True,C,3,Holiday,National,Ecuador,Machala,El Oro
2014-05-24,41,True,D,4,Holiday,National,Ecuador,Machala,El Oro
2014-05-24,42,True,D,2,Holiday,National,Ecuador,Cuenca,Azuay
2014-05-24,43,True,E,10,Holiday,National,Ecuador,Esmeraldas,Esmeraldas
2014-05-24,44,True,A,5,Holiday,National,Ecuador,Quito,Pichincha
2014-05-24,45,True,A,11,Holiday,National,Ecuador,Quito,Pichincha
2014-05-24,46,True,A,14,Holiday,National,Ecuador,Quito,Pichincha
2014-05-24,47,True,A,14,Holiday,National,Ecuador,Quito,Pichincha
2014-05-24,48,True,A,14,Holiday,National,Ecuador,Quito,Pichincha
2014-05-24,49,True,A,11,Holiday,National,Ecuador,Quito,Pichincha
2014-05-24,50,True,A,14,Holiday,National,Ecuador,Ambato,Tungurahua
2014-05-24,51,True,A,17,Holiday,National,Ecuador,Guayaquil,Guayas
2014-05-24,52,True,A,11,Holiday,National,Ecuador,Manta,Manabi
2014-05-24,53,True,D,13,Holiday,National,Ecuador,Manta,Manabi
2014-05-24,54,True,C,3,Holiday,National,Ecuador,El Carmen,Manabi
2014-06-12,1,True,D,13,Event,National,Ecuador,Quito,Pichincha
2014-06-12,2,True,D,13,Event,National,Ecuador,Quito,Pichincha
2014-06-12,3,True,D,8,Event,National,Ecuador,Quito,Pichincha
2014-06-12,4,True,D,9,Event,National,Ecuador,Quito,Pichincha
2014-06-12,5,True,D,4,Event,National,Ecuador,Santo Domingo,Santo Domingo de los Tsachilas
2014-06-12,6,True,D,13,Event,National,Ecuador,Quito,Pichincha
2014-06-12,7,True,D,8,Event,National,Ecuador,Quito,Pichincha
2014-06-12,8,True,D,8,Event,National,Ecuador,Quito,Pichincha
2014-06-12,9,True,B,6,Event,National,Ecuador,Quito,Pichincha
2014-06-12,10,True,C,15,Event,National,Ecuador,Quito,Pichincha
2014-06-12,11,True,B,6,Event,National,Ecuador,Cayambe,Pichincha
2014-06-12,12,True,C,15,Event,National,Ecuador,Latacunga,Cotopaxi
2014-06-12,13,True,C,15,Event,National,Ecuador,Latacunga,Cotopaxi
2014-06-12,14,True,C,7,Event,National,Ecuador,Riobamba,Chimborazo
2014-06-12,15,True,C,15,Event,National,Ecuador,Ibarra,Imbabura
2014-06-12,16,True,C,3,Event,National,Ecuador,Santo Domingo,Santo Domingo de los Tsachilas
2014-06-12,17,True,C,12,Event,National,Ecuador,Quito,Pichincha
2014-06-12,18,True,B,16,Event,National,Ecuador,Quito,Pichincha
2014-06-12,19,True,C,15,Event,National,Ecuador,Guaranda,Bolivar
2014-06-12,20,True,B,6,Event,National,Ecuador,Quito,Pichincha
2014-06-12,21,True,B,6,Event,National,Ecuador,Santo Domingo,Santo Domingo de los Tsachilas
2014-06-12,22,True,C,7,Event,National,Ecuador,Puyo,Pastaza
2014-06-12,23,True,D,9,Event,National,Ecuador,Ambato,Tungurahua
2014-06-12,24,True,D,1,Event,National,Ecuador,Guayaquil,Guayas
2014-06-12,25,True,D,1,Event,National,Ecuador,Salinas,Santa Elena
2014-06-12,26,True,D,10,Event,National,Ecuador,Guayaquil,Guayas
2014-06-12,27,True,D,1,Event,National,Ecuador,Daule,Guayas
2014-06-12,28,True,E,10,Event,National,Ecuador,Guayaquil,Guayas
2014-06-12,29,True,E,10,Event,National,Ecuador,Guayaquil,Guayas
2014-06-12,30,True,C,3,Event,National,Ecuador,Guayaquil,Guayas
2014-06-12,31,True,B,10,Event,National,Ecuador,Babahoyo,Los Rios
2014-06-12,32,True,C,3,Event,National,Ecuador,Guayaquil,Guayas
2014-06-12,33,True,C,3,Event,National,Ecuador,Quevedo,Los Rios
2014-06-12,34,True,B,6,Event,National,Ecuador,Guayaquil,Guayas
2014-06-12,35,True,C,3,Event,National,Ecuador,Playas,Guayas
2014-06-12,36,True,E,10,Event,National,Ecuador,Libertad,Guayas
2014-06-12,37,True,D,2,Event,National,Ecuador,Cuenca,Azuay
2014-06-12,38,True,D,4,Event,National,Ecuador,Loja,Loja
2014-06-12,39,True,B,6,Event,National,Ecuador,Cuenca,Azuay
2014-06-12,40,True,C,3,Event,National,Ecuador,Machala,El Oro
2014-06-12,41,True,D,4,Event,National,Ecuador,Machala,El Oro
2014-06-12,42,True,D,2,Event,National,Ecuador,Cuenca,Azuay
2014-06-12,43,True,E,10,Event,National,Ecuador,Esmeraldas,Esmeraldas
2014-06-12,44,True,A,5,Event,National,Ecuador,Quito,Pichincha
2014-06-12,45,True,A,11,Event,National,Ecuador,Quito,Pichincha
2014-06-12,46,True,A,14,Event,National,Ecuador,Quito,Pichincha
2014-06-12,47,True,A,14,Event,National,Ecuador,Quito,Pichincha
2014-06-12,48,True,A,14,Event,National,Ecuador,Quito,Pichincha
2014-06-12,49,True,A,11,Event,National,Ecuador,Quito,Pichincha
2014-06-12,50,True,A,14,Event,National,Ecuador,Ambato,Tungurahua
2014-06-12,51,True,A,17,Event,National,Ecuador,Guayaquil,Guayas
2014-06-12,52,True,A,11,Event,National,Ecuador,Manta,Manabi
2014-06-12,53,True,D,13,Event,National,Ecuador,Manta,Manabi
2014-06-12,54,True,C,3,Event,National,Ecuador,El Carmen,Manabi
2014-06-15,1,True,D,13,Event,National,Ecuador,Quito,Pichincha
2014-06-15,2,True,D,13,Event,National,Ecuador,Quito,Pichincha
2014-06-15,3,True,D,8,Event,National,Ecuador,Quito,Pichincha
2014-06-15,4,True,D,9,Event,National,Ecuador,Quito,Pichincha
2014-06-15,5,True,D,4,Event,National,Ecuador,Santo Domingo,Santo Domingo de los Tsachilas
2014-06-15,6,True,D,13,Event,National,Ecuador,Quito,Pichincha
2014-06-15,7,True,D,8,Event,National,Ecuador,Quito,Pichincha
2014-06-15,8,True,D,8,Event,National,Ecuador,Quito,Pichincha
2014-06-15,9,True,B,6,Event,National,Ecuador,Quito,Pichincha
2014-06-15,10,True,C,15,Event,National,Ecuador,Quito,Pichincha
2014-06-15,11,True,B,6,Event,National,Ecuador,Cayambe,Pichincha
2014-06-15,12,True,C,15,Event,National,Ecuador,Latacunga,Cotopaxi
2014-06-15,13,True,C,15,Event,National,Ecuador,Latacunga,Cotopaxi
2014-06-15,14,True,C,7,Event,National,Ecuador,Riobamba,Chimborazo
2014-06-15,15,True,C,15,Event,National,Ecuador,Ibarra,Imbabura
2014-06-15,16,True,C,3,Event,National,Ecuador,Santo Domingo,Santo Domingo de los Tsachilas
2014-06-15,17,True,C,12,Event,National,Ecuador,Quito,Pichincha
2014-06-15,18,True,B,16,Event,National,Ecuador,Quito,Pichincha
2014-06-15,19,True,C,15,Event,National,Ecuador,Guaranda,Bolivar
2014-06-15,20,True,B,6,Event,National,Ecuador,Quito,Pichincha
2014-06-15,21,True,B,6,Event,National,Ecuador,Santo Domingo,Santo Domingo de los Tsachilas
2014-06-15,22,True,C,7,Event,National,Ecuador,Puyo,Pastaza
2014-06-15,23,True,D,9,Event,National,Ecuador,Ambato,Tungurahua
2014-06-15,24,True,D,1,Event,National,Ecuador,Guayaquil,Guayas
2014-06-15,25,True,D,1,Event,National,Ecuador,Salinas,Santa Elena
2014-06-15,26,True,D,10,Event,National,Ecuador,Guayaquil,Guayas
2014-06-15,27,True,D,1,Event,National,Ecuador,Daule,Guayas
2014-06-15,28,True,E,10,Event,National,Ecuador,Guayaquil,Guayas
2014-06-15,29,True,E,10,Event,National,Ecuador,Guayaquil,Guayas
2014-06-15,30,True,C,3,Event,National,Ecuador,Guayaquil,Guayas
2014-06-15,31,True,B,10,Event,National,Ecuador,Babahoyo,Los Rios
2014-06-15,32,True,C,3,Event,National,Ecuador,Guayaquil,Guayas
2014-06-15,33,True,C,3,Event,National,Ecuador,Quevedo,Los Rios
2014-06-15,34,True,B,6,Event,National,Ecuador,Guayaquil,Guayas
2014-06-15,35,True,C,3,Event,National,Ecuador,Playas,Guayas
2014-06-15,36,True,E,10,Event,National,Ecuador,Libertad,Guayas
2014-06-15,37,True,D,2,Event,National,Ecuador,Cuenca,Azuay
2014-06-15,38,True,D,4,Event,National,Ecuador,Loja,Loja
2014-06-15,39,True,B,6,Event,National,Ecuador,Cuenca,Azuay
2014-06-15,40,True,C,3,Event,National,Ecuador,Machala,El Oro
2014-06-15,41,True,D,4,Event,National,Ecuador,Machala,El Oro
2014-06-15,42,True,D,2,Event,National,Ecuador,Cuenca,Azuay
2014-06-15,43,True,E,10,Event,National,Ecuador,Esmeraldas,Esmeraldas
2014-06-15,44,True,A,5,Event,National,Ecuador,Quito,Pichincha
2014-06-15,45,True,A,11,Event,National,Ecuador,Quito,Pichincha
2014-06-15,46,True,A,14,Event,National,Ecuador,Quito,Pichincha
2014-06-15,47,True,A,14,Event,National,Ecuador,Quito,Pichincha
2014-06-15,48,True,A,14,Event,National,Ecuador,Quito,Pichincha
2014-06-15,49,True,A,11,Event,National,Ecuador,Quito,Pichincha
2014-06-15,50,True,A,14,Event,National,Ecuador,Ambato,Tungurahua
2014-06-15,51,True,A,17,Event,National,Ecuador,Guayaquil,Guayas
2014-06-15,52,True,A,11,Event,National,Ecuador,Manta,Manabi
2014-06-15,53,True,D,13,Event,National,Ecuador,Manta,Manabi
2014-06-15,54,True,C,3,Event,National,Ecuador,El Carmen,Manabi
2014-06-20,1,True,D,13,Event,National,Ecuador,Quito,Pichincha
2014-06-20,2,True,D,13,Event,National,Ecuador,Quito,Pichincha
2014-06-20,3,True,D,8,Event,National,Ecuador,Quito,Pichincha
2014-06-20,4,True,D,9,Event,National,Ecuador,Quito,Pichincha
2014-06-20,5,True,D,4,Event,National,Ecuador,Santo Domingo,Santo Domingo de los Tsachilas
2014-06-20,6,True,D,13,Event,National,Ecuador,Quito,Pichincha
2014-06-20,7,True,D,8,Event,National,Ecuador,Quito,Pichincha
2014-06-20,8,True,D,8,Event,National,Ecuador,Quito,Pichincha
2014-06-20,9,True,B,6,Event,National,Ecuador,Quito,Pichincha
2014-06-20,10,True,C,15,Event,National,Ecuador,Quito,Pichincha
2014-06-20,11,True,B,6,Event,National,Ecuador,Cayambe,Pichincha
2014-06-20,12,True,C,15,Event,National,Ecuador,Latacunga,Cotopaxi
2014-06-20,13,True,C,15,Event,National,Ecuador,Latacunga,Cotopaxi
2014-06-20,14,True,C,7,Event,National,Ecuador,Riobamba,Chimborazo
2014-06-20,15,True,C,15,Event,National,Ecuador,Ibarra,Imbabura
2014-06-20,16,True,C,3,Event,National,Ecuador,Santo Domingo,Santo Domingo de los Tsachilas
2014-06-20,17,True,C,12,Event,National,Ecuador,Quito,Pichincha
2014-06-20,18,True,B,16,Event,National,Ecuador,Quito,Pichincha
2014-06-20,19,True,C,15,Event,National,Ecuador,Guaranda,Bolivar
2014-06-20,20,True,B,6,Event,National,Ecuador,Quito,Pichincha
2014-06-20,21,True,B,6,Event,National,Ecuador,Santo Domingo,Santo Domingo de los Tsachilas
2014-06-20,22,True,C,7,Event,National,Ecuador,Puyo,Pastaza
2014-06-20,23,True,D,9,Event,National,Ecuador,Ambato,Tungurahua
2014-06-20,24,True,D,1,Event,National,Ecuador,Guayaquil,Guayas
2014-06-20,25,True,D,1,Event,National,Ecuador,Salinas,Santa Elena
2014-06-20,26,True,D,10,Event,National,Ecuador,Guayaquil,Guayas
2014-06-20,27,True,D,1,Event,National,Ecuador,Daule,Guayas
2014-06-20,28,True,E,10,Event,National,Ecuador,Guayaquil,Guayas
2014-06-20,29,True,E,10,Event,National,Ecuador,Guayaquil,Guayas
2014-06-20,30,True,C,3,Event,National,Ecuador,Guayaquil,Guayas
2014-06-20,31,True,B,10,Event,National,Ecuador,Babahoyo,Los Rios
2014-06-20,32,True,C,3,Event,National,Ecuador,Guayaquil,Guayas
2014-06-20,33,True,C,3,Event,National,Ecuador,Quevedo,Los Rios
2014-06-20,34,True,B,6,Event,National,Ecuador,Guayaquil,Guayas
2014-06-20,35,True,C,3,Event,National,Ecuador,Playas,Guayas
2014-06-20,36,True,E,10,Event,National,Ecuador,Libertad,Guayas
2014-06-20,37,True,D,2,Event,National,Ecuador,Cuenca,Azuay
2014-06-20,38,True,D,4,Event,National,Ecuador,Loja,Loja
2014-06-20,39,True,B,6,Event,National,Ecuador,Cuenca,Azuay
2014-06-20,40,True,C,3,Event,National,Ecuador,Machala,El Oro
2014-06-20,41,True,D,4,Event,National,Ecuador,Machala,El Oro
2014-06-20,42,True,D,2,Event,National,Ecuador,Cuenca,Azuay
2014-06-20,43,True,E,10,Event,National,Ecuador,Esmeraldas,Esmeraldas
2014-06-20,44,True,A,5,Event,National,Ecuador,Quito,Pichincha
2014-06-20,45,True,A,11,Event,National,Ecuador,Quito,Pichincha
2014-06-20,46,True,A,14,Event,National,Ecuador,Quito,Pichincha
2014-06-20,47,True,A,14,Event,National,Ecuador,Quito,Pichincha
2014-06-20,48,True,A,14,Event,National,Ecuador,Quito,Pichincha
2014-06-20,49,True,A,11,Event,National,Ecuador,Quito,Pichincha
2014-06-20,50,True,A,14,Event,National,Ecuador,Ambato,Tungurahua
2014-06-20,51,True,A,17,Event,National,Ecuador,Guayaquil,Guayas
2014-06-20,52,True,A,11,Event,National,Ecuador,Manta,Manabi
2014-06-20,53,True,D,13,Event,National,Ecuador,Manta,Manabi
2014-06-20,54,True,C,3,Event,National,Ecuador,El Carmen,Manabi
2014-06-25,1,True,D,13,Event,National,Ecuador,Quito,Pichincha
2014-06-25,2,True,D,13,Event,National,Ecuador,Quito,Pichincha
2014-06-25,3,True,D,8,Event,National,Ecuador,Quito,Pichincha
2014-06-25,4,True,D,9,Event,National,Ecuador,Quito,Pichincha
2014-06-25,5,True,D,4,Event,National,Ecuador,Santo Domingo,Santo Domingo de los Tsachilas
2014-06-25,6,True,D,13,Event,National,Ecuador,Quito,Pichincha
2014-06-25,7,True,D,8,Event,National,Ecuador,Quito,Pichincha
2014-06-25,8,True,D,8,Event,National,Ecuador,Quito,Pichincha
2014-06-25,9,True,B,6,Event,National,Ecuador,Quito,Pichincha
2014-06-25,10,True,C,15,Event,National,Ecuador,Quito,Pichincha
2014-06-25,11,True,B,6,Event,National,Ecuador,Cayambe,Pichincha
2014-06-25,12,True,C,15,Event,National,Ecuador,Latacunga,Cotopaxi
2014-06-25,13,True,C,15,Event,National,Ecuador,Latacunga,Cotopaxi
2014-06-25,14,True,C,7,Event,National,Ecuador,Riobamba,Chimborazo
2014-06-25,15,True,C,15,Event,National,Ecuador,Ibarra,Imbabura
2014-06-25,16,True,C,3,Event,National,Ecuador,Santo Domingo,Santo Domingo de los Tsachilas
2014-06-25,17,True,C,12,Event,National,Ecuador,Quito,Pichincha
2014-06-25,18,True,B,16,Event,National,Ecuador,Quito,Pichincha
2014-06-25,19,True,C,15,Event,National,Ecuador,Guaranda,Bolivar
2014-06-25,20,True,B,6,Event,National,Ecuador,Quito,Pichincha
2014-06-25,21,True,B,6,Event,National,Ecuador,Santo Domingo,Santo Domingo de los Tsachilas
2014-06-25,22,True,C,7,Event,National,Ecuador,Puyo,Pastaza
2014-06-25,23,True,D,9,Event,National,Ecuador,Ambato,Tungurahua
2014-06-25,24,True,D,1,Event,National,Ecuador,Guayaquil,Guayas
2014-06-25,25,True,D,1,Event,National,Ecuador,Salinas,Santa Elena
2014-06-25,26,True,D,10,Event,National,Ecuador,Guayaquil,Guayas
2014-06-25,27,True,D,1,Event,National,Ecuador,Daule,Guayas
2014-06-25,28,True,E,10,Event,National,Ecuador,Guayaquil,Guayas
2014-06-25,29,True,E,10,Event,National,Ecuador,Guayaquil,Guayas
2014-06-25,30,True,C,3,Event,National,Ecuador,Guayaquil,Guayas
2014-06-25,31,True,B,10,Event,National,Ecuador,Babahoyo,Los Rios
2014-06-25,32,True,C,3,Event,National,Ecuador,Guayaquil,Guayas
2014-06-25,33,True,C,3,Event,National,Ecuador,Quevedo,Los Rios
2014-06-25,34,True,B,6,Event,National,Ecuador,Guayaquil,Guayas
2014-06-25,35,True,C,3,Event,National,Ecuador,Playas,Guayas
2014-06-25,36,True,E,10,Event,National,Ecuador,Libertad,Guayas
2014-06-25,37,True,D,2,Event,National,Ecuador,Cuenca,Azuay
2014-06-25,38,True,D,4,Event,National,Ecuador,Loja,Loja
2014-06-25,39,True,B,6,Event,National,Ecuador,Cuenca,Azuay
2014-06-25,40,True,C,3,Event,National,Ecuador,Machala,El Oro
2014-06-25,41,True,D,4,Event,National,Ecuador,Machala,El Oro
2014-06-25,42,True,D,2,Event,National,Ecuador,Cuenca,Azuay
2014-06-25,43,True,E,10,Event,National,Ecuador,Esmeraldas,Esmeraldas
2014-06-25,44,True,A,5,Event,National,Ecuador,Quito,Pichincha
2014-06-25,45,True,A,11,Event,National,Ecuador,Quito,Pichincha
2014-06-25,46,True,A,14,Event,National,Ecuador,Quito,Pichincha
2014-06-25,47,True,A,14,Event,National,Ecuador,Quito,Pichincha
2014-06-25,48,True,A,14,Event,National,Ecuador,Quito,Pichincha
2014-06-25,49,True,A,11,Event,National,Ecuador,Quito,Pichincha
2014-06-25,50,True,A,14,Event,National,Ecuador,Ambato,Tungurahua
2014-06-25,51,True,A,17,Event,National,Ecuador,Guayaquil,Guayas
2014-06-25,52,True,A,11,Event,National,Ecuador,Manta,Manabi
2014-06-25,53,True,D,13,Event,National,Ecuador,Manta,Manabi
2014-06-25,54,True,C,3,Event,National,Ecuador,El Carmen,Manabi
2014-06-28,1,True,D,13,Event,National,Ecuador,Quito,Pichincha
2014-06-28,2,True,D,13,Event,National,Ecuador,Quito,Pichincha
2014-06-28,3,True,D,8,Event,National,Ecuador,Quito,Pichincha
2014-06-28,4,True,D,9,Event,National,Ecuador,Quito,Pichincha
2014-06-28,5,True,D,4,Event,National,Ecuador,Santo Domingo,Santo Domingo de los Tsachilas
2014-06-28,6,True,D,13,Event,National,Ecuador,Quito,Pichincha
2014-06-28,7,True,D,8,Event,National,Ecuador,Quito,Pichincha
2014-06-28,8,True,D,8,Event,National,Ecuador,Quito,Pichincha
2014-06-28,9,True,B,6,Event,National,Ecuador,Quito,Pichincha
2014-06-28,10,True,C,15,Event,National,Ecuador,Quito,Pichincha
2014-06-28,11,True,B,6,Event,National,Ecuador,Cayambe,Pichincha
2014-06-28,12,True,C,15,Event,National,Ecuador,Latacunga,Cotopaxi
2014-06-28,13,True,C,15,Event,National,Ecuador,Latacunga,Cotopaxi
2014-06-28,14,True,C,7,Event,National,Ecuador,Riobamba,Chimborazo
2014-06-28,15,True,C,15,Event,National,Ecuador,Ibarra,Imbabura
2014-06-28,16,True,C,3,Event,National,Ecuador,Santo Domingo,Santo Domingo de los Tsachilas
2014-06-28,17,True,C,12,Event,National,Ecuador,Quito,Pichincha
2014-06-28,18,True,B,16,Event,National,Ecuador,Quito,Pichincha
2014-06-28,19,True,C,15,Event,National,Ecuador,Guaranda,Bolivar
2014-06-28,20,True,B,6,Event,National,Ecuador,Quito,Pichincha
2014-06-28,21,True,B,6,Event,National,Ecuador,Santo Domingo,Santo Domingo de los Tsachilas
2014-06-28,22,True,C,7,Event,National,Ecuador,Puyo,Pastaza
2014-06-28,23,True,D,9,Event,National,Ecuador,Ambato,Tungurahua
2014-06-28,24,True,D,1,Event,National,Ecuador,Guayaquil,Guayas
2014-06-28,25,True,D,1,Event,National,Ecuador,Salinas,Santa Elena
2014-06-28,26,True,D,10,Event,National,Ecuador,Guayaquil,Guayas
2014-06-28,27,True,D,1,Event,National,Ecuador,Daule,Guayas
2014-06-28,28,True,E,10,Event,National,Ecuador,Guayaquil,Guayas
2014-06-28,29,True,E,10,Event,National,Ecuador,Guayaquil,Guayas
2014-06-28,30,True,C,3,Event,National,Ecuador,Guayaquil,Guayas
2014-06-28,31,True,B,10,Event,National,Ecuador,Babahoyo,Los Rios
2014-06-28,32,True,C,3,Event,National,Ecuador,Guayaquil,Guayas
2014-06-28,33,True,C,3,Event,National,Ecuador,Quevedo,Los Rios
2014-06-28,34,True,B,6,Event,National,Ecuador,Guayaquil,Guayas
2014-06-28,35,True,C,3,Event,National,Ecuador,Playas,Guayas
2014-06-28,36,True,E,10,Event,National,Ecuador,Libertad,Guayas
2014-06-28,37,True,D,2,Event,National,Ecuador,Cuenca,Azuay
2014-06-28,38,True,D,4,Event,National,Ecuador,Loja,Loja
2014-06-28,39,True,B,6,Event,National,Ecuador,Cuenca,Azuay
2014-06-28,40,True,C,3,Event,National,Ecuador,Machala,El Oro
2014-06-28,41,True,D,4,Event,National,Ecuador,Machala,El Oro
2014-06-28,42,True,D,2,Event,National,Ecuador,Cuenca,Azuay
2014-06-28,43,True,E,10,Event,National,Ecuador,Esmeraldas,Esmeraldas
2014-06-28,44,True,A,5,Event,National,Ecuador,Quito,Pichincha
2014-06-28,45,True,A,11,Event,National,Ecuador,Quito,Pichincha
2014-06-28,46,True,A,14,Event,National,Ecuador,Quito,Pichincha
2014-06-28,47,True,A,14,Event,National,Ecuador,Quito,Pichincha
2014-06-28,48,True,A,14,Event,National,Ecuador,Quito,Pichincha
2014-06-28,49,True,A,11,Event,National,Ecuador,Quito,Pichincha
2014-06-28,50,True,A,14,Event,National,Ecuador,Ambato,Tungurahua
2014-06-28,51,True,A,17,Event,National,Ecuador,Guayaquil,Guayas
2014-06-28,52,True,A,11,Event,National,Ecuador,Manta,Manabi
2014-06-28,53,True,D,13,Event,National,Ecuador,Manta,Manabi
2014-06-28,54,True,C,3,Event,National,Ecuador,El Carmen,Manabi
2014-06-29,1,True,D,13,Event,National,Ecuador,Quito,Pichincha
2014-06-29,2,True,D,13,Event,National,Ecuador,Quito,Pichincha
2014-06-29,3,True,D,8,Event,National,Ecuador,Quito,Pichincha
2014-06-29,4,True,D,9,Event,National,Ecuador,Quito,Pichincha
2014-06-29,5,True,D,4,Event,National,Ecuador,Santo Domingo,Santo Domingo de los Tsachilas
2014-06-29,6,True,D,13,Event,National,Ecuador,Quito,Pichincha
2014-06-29,7,True,D,8,Event,National,Ecuador,Quito,Pichincha
2014-06-29,8,True,D,8,Event,National,Ecuador,Quito,Pichincha
2014-06-29,9,True,B,6,Event,National,Ecuador,Quito,Pichincha
2014-06-29,10,True,C,15,Event,National,Ecuador,Quito,Pichincha
2014-06-29,11,True,B,6,Event,National,Ecuador,Cayambe,Pichincha
2014-06-29,12,True,C,15,Event,National,Ecuador,Latacunga,Cotopaxi
2014-06-29,13,True,C,15,Event,National,Ecuador,Latacunga,Cotopaxi
2014-06-29,14,True,C,7,Event,National,Ecuador,Riobamba,Chimborazo
2014-06-29,15,True,C,15,Event,National,Ecuador,Ibarra,Imbabura
2014-06-29,16,True,C,3,Event,National,Ecuador,Santo Domingo,Santo Domingo de los Tsachilas
2014-06-29,17,True,C,12,Event,National,Ecuador,Quito,Pichincha
2014-06-29,18,True,B,16,Event,National,Ecuador,Quito,Pichincha
2014-06-29,19,True,C,15,Event,National,Ecuador,Guaranda,Bolivar
2014-06-29,20,True,B,6,Event,National,Ecuador,Quito,Pichincha
2014-06-29,21,True,B,6,Event,National,Ecuador,Santo Domingo,Santo Domingo de los Tsachilas
2014-06-29,22,True,C,7,Event,National,Ecuador,Puyo,Pastaza
2014-06-29,23,True,D,9,Event,National,Ecuador,Ambato,Tungurahua
2014-06-29,24,True,D,1,Event,National,Ecuador,Guayaquil,Guayas
2014-06-29,25,True,D,1,Event,National,Ecuador,Salinas,Santa Elena
2014-06-29,26,True,D,10,Event,National,Ecuador,Guayaquil,Guayas
2014-06-29,27,True,D,1,Event,National,Ecuador,Daule,Guayas
2014-06-29,28,True,E,10,Event,National,Ecuador,Guayaquil,Guayas
2014-06-29,29,True,E,10,Event,National,Ecuador,Guayaquil,Guayas
2014-06-29,30,True,C,3,Event,National,Ecuador,Guayaquil,Guayas
2014-06-29,31,True,B,10,Event,National,Ecuador,Babahoyo,Los Rios
2014-06-29,32,True,C,3,Event,National,Ecuador,Guayaquil,Guayas
2014-06-29,33,True,C,3,Event,National,Ecuador,Quevedo,Los Rios
2014-06-29,34,True,B,6,Event,National,Ecuador,Guayaquil,Guayas
2014-06-29,35,True,C,3,Event,National,Ecuador,Playas,Guayas
2014-06-29,36,True,E,10,Event,National,Ecuador,Libertad,Guayas
2014-06-29,37,True,D,2,Event,National,Ecuador,Cuenca,Azuay
2014-06-29,38,True,D,4,Event,National,Ecuador,Loja,Loja
2014-06-29,39,True,B,6,Event,National,Ecuador,Cuenca,Azuay
2014-06-29,40,True,C,3,Event,National,Ecuador,Machala,El Oro
2014-06-29,41,True,D,4,Event,National,Ecuador,Machala,El Oro
2014-06-29,42,True,D,2,Event,National,Ecuador,Cuenca,Azuay
2014-06-29,43,True,E,10,Event,National,Ecuador,Esmeraldas,Esmeraldas
2014-06-29,44,True,A,5,Event,National,Ecuador,Quito,Pichincha
2014-06-29,45,True,A,11,Event,National,Ecuador,Quito,Pichincha
2014-06-29,46,True,A,14,Event,National,Ecuador,Quito,Pichincha
2014-06-29,47,True,A,14,Event,National,Ecuador,Quito,Pichincha
2014-06-29,48,True,A,14,Event,National,Ecuador,Quito,Pichincha
2014-06-29,49,True,A,11,Event,National,Ecuador,Quito,Pichincha
2014-06-29,50,True,A,14,Event,National,Ecuador,Ambato,Tungurahua
2014-06-29,51,True,A,17,Event,National,Ecuador,Guayaquil,Guayas
2014-06-29,52,True,A,11,Event,National,Ecuador,Manta,Manabi
2014-06-29,53,True,D,13,Event,National,Ecuador,Manta,Manabi
2014-06-29,54,True,C,3,Event,National,Ecuador,El Carmen,Manabi
2014-06-30,1,True,D,13,Event,National,Ecuador,Quito,Pichincha
2014-06-30,2,True,D,13,Event,National,Ecuador,Quito,Pichincha
2014-06-30,3,True,D,8,Event,National,Ecuador,Quito,Pichincha
2014-06-30,4,True,D,9,Event,National,Ecuador,Quito,Pichincha
2014-06-30,5,True,D,4,Event,National,Ecuador,Santo Domingo,Santo Domingo de los Tsachilas
2014-06-30,6,True,D,13,Event,National,Ecuador,Quito,Pichincha
2014-06-30,7,True,D,8,Event,National,Ecuador,Quito,Pichincha
2014-06-30,8,True,D,8,Event,National,Ecuador,Quito,Pichincha
2014-06-30,9,True,B,6,Event,National,Ecuador,Quito,Pichincha
2014-06-30,10,True,C,15,Event,National,Ecuador,Quito,Pichincha
2014-06-30,11,True,B,6,Event,National,Ecuador,Cayambe,Pichincha
2014-06-30,12,True,C,15,Event,National,Ecuador,Latacunga,Cotopaxi
2014-06-30,13,True,C,15,Event,National,Ecuador,Latacunga,Cotopaxi
2014-06-30,14,True,C,7,Event,National,Ecuador,Riobamba,Chimborazo
2014-06-30,15,True,C,15,Event,National,Ecuador,Ibarra,Imbabura
2014-06-30,16,True,C,3,Event,National,Ecuador,Santo Domingo,Santo Domingo de los Tsachilas
2014-06-30,17,True,C,12,Event,National,Ecuador,Quito,Pichincha
2014-06-30,18,True,B,16,Event,National,Ecuador,Quito,Pichincha
2014-06-30,19,True,C,15,Event,National,Ecuador,Guaranda,Bolivar
2014-06-30,20,True,B,6,Event,National,Ecuador,Quito,Pichincha
2014-06-30,21,True,B,6,Event,National,Ecuador,Santo Domingo,Santo Domingo de los Tsachilas
2014-06-30,22,True,C,7,Event,National,Ecuador,Puyo,Pastaza
2014-06-30,23,True,D,9,Event,National,Ecuador,Ambato,Tungurahua
2014-06-30,24,True,D,1,Event,National,Ecuador,Guayaquil,Guayas
2014-06-30,25,True,D,1,Event,National,Ecuador,Salinas,Santa Elena
2014-06-30,26,True,D,10,Event,National,Ecuador,Guayaquil,Guayas
2014-06-30,27,True,D,1,Event,National,Ecuador,Daule,Guayas
2014-06-30,28,True,E,10,Event,National,Ecuador,Guayaquil,Guayas
2014-06-30,29,True,E,10,Event,National,Ecuador,Guayaquil,Guayas
2014-06-30,30,True,C,3,Event,National,Ecuador,Guayaquil,Guayas
2014-06-30,31,True,B,10,Event,National,Ecuador,Babahoyo,Los Rios
2014-06-30,32,True,C,3,Event,National,Ecuador,Guayaquil,Guayas
2014-06-30,33,True,C,3,Event,National,Ecuador,Quevedo,Los Rios
2014-06-30,34,True,B,6,Event,National,Ecuador,Guayaquil,Guayas
2014-06-30,35,True,C,3,Event,National,Ecuador,Playas,Guayas
2014-06-30,36,True,E,10,Event,National,Ecuador,Libertad,Guayas
2014-06-30,37,True,D,2,Event,National,Ecuador,Cuenca,Azuay
2014-06-30,38,True,D,4,Event,National,Ecuador,Loja,Loja
2014-06-30,39,True,B,6,Event,National,Ecuador,Cuenca,Azuay
2014-06-30,40,True,C,3,Event,National,Ecuador,Machala,El Oro
2014-06-30,41,True,D,4,Event,National,Ecuador,Machala,El Oro
2014-06-30,42,True,D,2,Event,National,Ecuador,Cuenca,Azuay
2014-06-30,43,True,E,10,Event,National,Ecuador,Esmeraldas,Esmeraldas
2014-06-30,44,True,A,5,Event,National,Ecuador,Quito,Pichincha
2014-06-30,45,True,A,11,Event,National,Ecuador,Quito,Pichincha
2014-06-30,46,True,A,14,Event,National,Ecuador,Quito,Pichincha
2014-06-30,47,True,A,14,Event,National,Ecuador,Quito,Pichincha
2014-06-30,48,True,A,14,Event,National,Ecuador,Quito,Pichincha
2014-06-30,49,True,A,11,Event,National,Ecuador,Quito,Pichincha
2014-06-30,50,True,A,14,Event,National,Ecuador,Ambato,Tungurahua
2014-06-30,51,True,A,17,Event,National,Ecuador,Guayaquil,Guayas
2014-06-30,52,True,A,11,Event,National,Ecuador,Manta,Manabi
2014-06-30,53,True,D,13,Event,National,Ecuador,Manta,Manabi
2014-06-30,54,True,C,3,Event,National,Ecuador,El Carmen,Manabi
2014-07-01,1,True,D,13,Event,National,Ecuador,Quito,Pichincha
2014-07-01,2,True,D,13,Event,National,Ecuador,Quito,Pichincha
2014-07-01,3,True,D,8,Event,National,Ecuador,Quito,Pichincha
2014-07-01,4,True,D,9,Event,National,Ecuador,Quito,Pichincha
2014-07-01,5,True,D,4,Event,National,Ecuador,Santo Domingo,Santo Domingo de los Tsachilas
2014-07-01,6,True,D,13,Event,National,Ecuador,Quito,Pichincha
2014-07-01,7,True,D,8,Event,National,Ecuador,Quito,Pichincha
2014-07-01,8,True,D,8,Event,National,Ecuador,Quito,Pichincha
2014-07-01,9,True,B,6,Event,National,Ecuador,Quito,Pichincha
2014-07-01,10,True,C,15,Event,National,Ecuador,Quito,Pichincha
2014-07-01,11,True,B,6,Event,National,Ecuador,Cayambe,Pichincha
2014-07-01,12,True,C,15,Event,National,Ecuador,Latacunga,Cotopaxi
2014-07-01,13,True,C,15,Event,National,Ecuador,Latacunga,Cotopaxi
2014-07-01,14,True,C,7,Event,National,Ecuador,Riobamba,Chimborazo
2014-07-01,15,True,C,15,Event,National,Ecuador,Ibarra,Imbabura
2014-07-01,16,True,C,3,Event,National,Ecuador,Santo Domingo,Santo Domingo de los Tsachilas
2014-07-01,17,True,C,12,Event,National,Ecuador,Quito,Pichincha
2014-07-01,18,True,B,16,Event,National,Ecuador,Quito,Pichincha
2014-07-01,19,True,C,15,Event,National,Ecuador,Guaranda,Bolivar
2014-07-01,20,True,B,6,Event,National,Ecuador,Quito,Pichincha
2014-07-01,21,True,B,6,Event,National,Ecuador,Santo Domingo,Santo Domingo de los Tsachilas
2014-07-01,22,True,C,7,Event,National,Ecuador,Puyo,Pastaza
2014-07-01,23,True,D,9,Event,National,Ecuador,Ambato,Tungurahua
2014-07-01,24,True,D,1,Event,National,Ecuador,Guayaquil,Guayas
2014-07-01,25,True,D,1,Event,National,Ecuador,Salinas,Santa Elena
2014-07-01,26,True,D,10,Event,National,Ecuador,Guayaquil,Guayas
2014-07-01,27,True,D,1,Event,National,Ecuador,Daule,Guayas
2014-07-01,28,True,E,10,Event,National,Ecuador,Guayaquil,Guayas
2014-07-01,29,True,E,10,Event,National,Ecuador,Guayaquil,Guayas
2014-07-01,30,True,C,3,Event,National,Ecuador,Guayaquil,Guayas
2014-07-01,31,True,B,10,Event,National,Ecuador,Babahoyo,Los Rios
2014-07-01,32,True,C,3,Event,National,Ecuador,Guayaquil,Guayas
2014-07-01,33,True,C,3,Event,National,Ecuador,Quevedo,Los Rios
2014-07-01,34,True,B,6,Event,National,Ecuador,Guayaquil,Guayas
2014-07-01,35,True,C,3,Event,National,Ecuador,Playas,Guayas
2014-07-01,36,True,E,10,Event,National,Ecuador,Libertad,Guayas
2014-07-01,37,True,D,2,Event,National,Ecuador,Cuenca,Azuay
2014-07-01,38,True,D,4,Event,National,Ecuador,Loja,Loja
2014-07-01,39,True,B,6,Event,National,Ecuador,Cuenca,Azuay
2014-07-01,40,True,C,3,Event,National,Ecuador,Machala,El Oro
2014-07-01,41,True,D,4,Event,National,Ecuador,Machala,El Oro
2014-07-01,42,True,D,2,Event,National,Ecuador,Cuenca,Azuay
2014-07-01,43,True,E,10,Event,National,Ecuador,Esmeraldas,Esmeraldas
2014-07-01,44,True,A,5,Event,National,Ecuador,Quito,Pichincha
2014-07-01,45,True,A,11,Event,National,Ecuador,Quito,Pichincha
2014-07-01,46,True,A,14,Event,National,Ecuador,Quito,Pichincha
2014-07-01,47,True,A,14,Event,National,Ecuador,Quito,Pichincha
2014-07-01,48,True,A,14,Event,National,Ecuador,Quito,Pichincha
2014-07-01,49,True,A,11,Event,National,Ecuador,Quito,Pichincha
2014-07-01,50,True,A,14,Event,National,Ecuador,Ambato,Tungurahua
2014-07-01,51,True,A,17,Event,National,Ecuador,Guayaquil,Guayas
2014-07-01,52,True,A,11,Event,National,Ecuador,Manta,Manabi
2014-07-01,53,True,D,13,Event,National,Ecuador,Manta,Manabi
2014-07-01,54,True,C,3,Event,National,Ecuador,El Carmen,Manabi
2014-07-04,1,True,D,13,Event,National,Ecuador,Quito,Pichincha
2014-07-04,2,True,D,13,Event,National,Ecuador,Quito,Pichincha
2014-07-04,3,True,D,8,Event,National,Ecuador,Quito,Pichincha
2014-07-04,4,True,D,9,Event,National,Ecuador,Quito,Pichincha
2014-07-04,5,True,D,4,Event,National,Ecuador,Santo Domingo,Santo Domingo de los Tsachilas
2014-07-04,6,True,D,13,Event,National,Ecuador,Quito,Pichincha
2014-07-04,7,True,D,8,Event,National,Ecuador,Quito,Pichincha
2014-07-04,8,True,D,8,Event,National,Ecuador,Quito,Pichincha
2014-07-04,9,True,B,6,Event,National,Ecuador,Quito,Pichincha
2014-07-04,10,True,C,15,Event,National,Ecuador,Quito,Pichincha
2014-07-04,11,True,B,6,Event,National,Ecuador,Cayambe,Pichincha
2014-07-04,12,True,C,15,Event,National,Ecuador,Latacunga,Cotopaxi
2014-07-04,13,True,C,15,Event,National,Ecuador,Latacunga,Cotopaxi
2014-07-04,14,True,C,7,Event,National,Ecuador,Riobamba,Chimborazo
2014-07-04,15,True,C,15,Event,National,Ecuador,Ibarra,Imbabura
2014-07-04,16,True,C,3,Event,National,Ecuador,Santo Domingo,Santo Domingo de los Tsachilas
2014-07-04,17,True,C,12,Event,National,Ecuador,Quito,Pichincha
2014-07-04,18,True,B,16,Event,National,Ecuador,Quito,Pichincha
2014-07-04,19,True,C,15,Event,National,Ecuador,Guaranda,Bolivar
2014-07-04,20,True,B,6,Event,National,Ecuador,Quito,Pichincha
2014-07-04,21,True,B,6,Event,National,Ecuador,Santo Domingo,Santo Domingo de los Tsachilas
2014-07-04,22,True,C,7,Event,National,Ecuador,Puyo,Pastaza
2014-07-04,23,True,D,9,Event,National,Ecuador,Ambato,Tungurahua
2014-07-04,24,True,D,1,Event,National,Ecuador,Guayaquil,Guayas
2014-07-04,25,True,D,1,Event,National,Ecuador,Salinas,Santa Elena
2014-07-04,26,True,D,10,Event,National,Ecuador,Guayaquil,Guayas
2014-07-04,27,True,D,1,Event,National,Ecuador,Daule,Guayas
2014-07-04,28,True,E,10,Event,National,Ecuador,Guayaquil,Guayas
2014-07-04,29,True,E,10,Event,National,Ecuador,Guayaquil,Guayas
2014-07-04,30,True,C,3,Event,National,Ecuador,Guayaquil,Guayas
2014-07-04,31,True,B,10,Event,National,Ecuador,Babahoyo,Los Rios
2014-07-04,32,True,C,3,Event,National,Ecuador,Guayaquil,Guayas
2014-07-04,33,True,C,3,Event,National,Ecuador,Quevedo,Los Rios
2014-07-04,34,True,B,6,Event,National,Ecuador,Guayaquil,Guayas
2014-07-04,35,True,C,3,Event,National,Ecuador,Playas,Guayas
2014-07-04,36,True,E,10,Event,National,Ecuador,Libertad,Guayas
2014-07-04,37,True,D,2,Event,National,Ecuador,Cuenca,Azuay
2014-07-04,38,True,D,4,Event,National,Ecuador,Loja,Loja
2014-07-04,39,True,B,6,Event,National,Ecuador,Cuenca,Azuay
2014-07-04,40,True,C,3,Event,National,Ecuador,Machala,El Oro
2014-07-04,41,True,D,4,Event,National,Ecuador,Machala,El Oro
2014-07-04,42,True,D,2,Event,National,Ecuador,Cuenca,Azuay
2014-07-04,43,True,E,10,Event,National,Ecuador,Esmeraldas,Esmeraldas
2014-07-04,44,True,A,5,Event,National,Ecuador,Quito,Pichincha
2014-07-04,45,True,A,11,Event,National,Ecuador,Quito,Pichincha
2014-07-04,46,True,A,14,Event,National,Ecuador,Quito,Pichincha
2014-07-04,47,True,A,14,Event,National,Ecuador,Quito,Pichincha
2014-07-04,48,True,A,14,Event,National,Ecuador,Quito,Pichincha
2014-07-04,49,True,A,11,Event,National,Ecuador,Quito,Pichincha
2014-07-04,50,True,A,14,Event,National,Ecuador,Ambato,Tungurahua
2014-07-04,51,True,A,17,Event,National,Ecuador,Guayaquil,Guayas
2014-07-04,52,True,A,11,Event,National,Ecuador,Manta,Manabi
2014-07-04,53,True,D,13,Event,National,Ecuador,Manta,Manabi
2014-07-04,54,True,C,3,Event,National,Ecuador,El Carmen,Manabi
2014-07-05,1,True,D,13,Event,National,Ecuador,Quito,Pichincha
2014-07-05,2,True,D,13,Event,National,Ecuador,Quito,Pichincha
2014-07-05,3,True,D,8,Event,National,Ecuador,Quito,Pichincha
2014-07-05,4,True,D,9,Event,National,Ecuador,Quito,Pichincha
2014-07-05,5,True,D,4,Event,National,Ecuador,Santo Domingo,Santo Domingo de los Tsachilas
2014-07-05,6,True,D,13,Event,National,Ecuador,Quito,Pichincha
2014-07-05,7,True,D,8,Event,National,Ecuador,Quito,Pichincha
2014-07-05,8,True,D,8,Event,National,Ecuador,Quito,Pichincha
2014-07-05,9,True,B,6,Event,National,Ecuador,Quito,Pichincha
2014-07-05,10,True,C,15,Event,National,Ecuador,Quito,Pichincha
2014-07-05,11,True,B,6,Event,National,Ecuador,Cayambe,Pichincha
2014-07-05,12,True,C,15,Event,National,Ecuador,Latacunga,Cotopaxi
2014-07-05,13,True,C,15,Event,National,Ecuador,Latacunga,Cotopaxi
2014-07-05,14,True,C,7,Event,National,Ecuador,Riobamba,Chimborazo
2014-07-05,15,True,C,15,Event,National,Ecuador,Ibarra,Imbabura
2014-07-05,16,True,C,3,Event,National,Ecuador,Santo Domingo,Santo Domingo de los Tsachilas
2014-07-05,17,True,C,12,Event,National,Ecuador,Quito,Pichincha
2014-07-05,18,True,B,16,Event,National,Ecuador,Quito,Pichincha
2014-07-05,19,True,C,15,Event,National,Ecuador,Guaranda,Bolivar
2014-07-05,20,True,B,6,Event,National,Ecuador,Quito,Pichincha
2014-07-05,21,True,B,6,Event,National,Ecuador,Santo Domingo,Santo Domingo de los Tsachilas
2014-07-05,22,True,C,7,Event,National,Ecuador,Puyo,Pastaza
2014-07-05,23,True,D,9,Event,National,Ecuador,Ambato,Tungurahua
2014-07-05,24,True,D,1,Event,National,Ecuador,Guayaquil,Guayas
2014-07-05,25,True,D,1,Event,National,Ecuador,Salinas,Santa Elena
2014-07-05,26,True,D,10,Event,National,Ecuador,Guayaquil,Guayas
2014-07-05,27,True,D,1,Event,National,Ecuador,Daule,Guayas
2014-07-05,28,True,E,10,Event,National,Ecuador,Guayaquil,Guayas
2014-07-05,29,True,E,10,Event,National,Ecuador,Guayaquil,Guayas
2014-07-05,30,True,C,3,Event,National,Ecuador,Guayaquil,Guayas
2014-07-05,31,True,B,10,Event,National,Ecuador,Babahoyo,Los Rios
2014-07-05,32,True,C,3,Event,National,Ecuador,Guayaquil,Guayas
2014-07-05,33,True,C,3,Event,National,Ecuador,Quevedo,Los Rios
2014-07-05,34,True,B,6,Event,National,Ecuador,Guayaquil,Guayas
2014-07-05,35,True,C,3,Event,National,Ecuador,Playas,Guayas
2014-07-05,36,True,E,10,Event,National,Ecuador,Libertad,Guayas
2014-07-05,37,True,D,2,Event,National,Ecuador,Cuenca,Azuay
2014-07-05,38,True,D,4,Event,National,Ecuador,Loja,Loja
2014-07-05,39,True,B,6,Event,National,Ecuador,Cuenca,Azuay
2014-07-05,40,True,C,3,Event,National,Ecuador,Machala,El Oro
2014-07-05,41,True,D,4,Event,National,Ecuador,Machala,El Oro
2014-07-05,42,True,D,2,Event,National,Ecuador,Cuenca,Azuay
2014-07-05,43,True,E,10,Event,National,Ecuador,Esmeraldas,Esmeraldas
2014-07-05,44,True,A,5,Event,National,Ecuador,Quito,Pichincha
2014-07-05,45,True,A,11,Event,National,Ecuador,Quito,Pichincha
2014-07-05,46,True,A,14,Event,National,Ecuador,Quito,Pichincha
2014-07-05,47,True,A,14,Event,National,Ecuador,Quito,Pichincha
2014-07-05,48,True,A,14,Event,National,Ecuador,Quito,Pichincha
2014-07-05,49,True,A,11,Event,National,Ecuador,Quito,Pichincha
2014-07-05,50,True,A,14,Event,National,Ecuador,Ambato,Tungurahua
2014-07-05,51,True,A,17,Event,National,Ecuador,Guayaquil,Guayas
2014-07-05,52,True,A,11,Event,National,Ecuador,Manta,Manabi
2014-07-05,53,True,D,13,Event,National,Ecuador,Manta,Manabi
2014-07-05,54,True,C,3,Event,National,Ecuador,El Carmen,Manabi
2014-07-08,1,True,D,13,Event,National,Ecuador,Quito,Pichincha
2014-07-08,2,True,D,13,Event,National,Ecuador,Quito,Pichincha
2014-07-08,3,True,D,8,Event,National,Ecuador,Quito,Pichincha
2014-07-08,4,True,D,9,Event,National,Ecuador,Quito,Pichincha
2014-07-08,5,True,D,4,Event,National,Ecuador,Santo Domingo,Santo Domingo de los Tsachilas
2014-07-08,6,True,D,13,Event,National,Ecuador,Quito,Pichincha
2014-07-08,7,True,D,8,Event,National,Ecuador,Quito,Pichincha
2014-07-08,8,True,D,8,Event,National,Ecuador,Quito,Pichincha
2014-07-08,9,True,B,6,Event,National,Ecuador,Quito,Pichincha
2014-07-08,10,True,C,15,Event,National,Ecuador,Quito,Pichincha
2014-07-08,11,True,B,6,Event,National,Ecuador,Cayambe,Pichincha
2014-07-08,12,True,C,15,Event,National,Ecuador,Latacunga,Cotopaxi
2014-07-08,13,True,C,15,Event,National,Ecuador,Latacunga,Cotopaxi
2014-07-08,14,True,C,7,Event,National,Ecuador,Riobamba,Chimborazo
2014-07-08,15,True,C,15,Event,National,Ecuador,Ibarra,Imbabura
2014-07-08,16,True,C,3,Event,National,Ecuador,Santo Domingo,Santo Domingo de los Tsachilas
2014-07-08,17,True,C,12,Event,National,Ecuador,Quito,Pichincha
2014-07-08,18,True,B,16,Event,National,Ecuador,Quito,Pichincha
2014-07-08,19,True,C,15,Event,National,Ecuador,Guaranda,Bolivar
2014-07-08,20,True,B,6,Event,National,Ecuador,Quito,Pichincha
2014-07-08,21,True,B,6,Event,National,Ecuador,Santo Domingo,Santo Domingo de los Tsachilas
2014-07-08,22,True,C,7,Event,National,Ecuador,Puyo,Pastaza
2014-07-08,23,True,D,9,Event,National,Ecuador,Ambato,Tungurahua
2014-07-08,24,True,D,1,Event,National,Ecuador,Guayaquil,Guayas
2014-07-08,25,True,D,1,Event,National,Ecuador,Salinas,Santa Elena
2014-07-08,26,True,D,10,Event,National,Ecuador,Guayaquil,Guayas
2014-07-08,27,True,D,1,Event,National,Ecuador,Daule,Guayas
2014-07-08,28,True,E,10,Event,National,Ecuador,Guayaquil,Guayas
2014-07-08,29,True,E,10,Event,National,Ecuador,Guayaquil,Guayas
2014-07-08,30,True,C,3,Event,National,Ecuador,Guayaquil,Guayas
2014-07-08,31,True,B,10,Event,National,Ecuador,Babahoyo,Los Rios
2014-07-08,32,True,C,3,Event,National,Ecuador,Guayaquil,Guayas
2014-07-08,33,True,C,3,Event,National,Ecuador,Quevedo,Los Rios
2014-07-08,34,True,B,6,Event,National,Ecuador,Guayaquil,Guayas
2014-07-08,35,True,C,3,Event,National,Ecuador,Playas,Guayas
2014-07-08,36,True,E,10,Event,National,Ecuador,Libertad,Guayas
2014-07-08,37,True,D,2,Event,National,Ecuador,Cuenca,Azuay
2014-07-08,38,True,D,4,Event,National,Ecuador,Loja,Loja
2014-07-08,39,True,B,6,Event,National,Ecuador,Cuenca,Azuay
2014-07-08,40,True,C,3,Event,National,Ecuador,Machala,El Oro
2014-07-08,41,True,D,4,Event,National,Ecuador,Machala,El Oro
2014-07-08,42,True,D,2,Event,National,Ecuador,Cuenca,Azuay
2014-07-08,43,True,E,10,Event,National,Ecuador,Esmeraldas,Esmeraldas
2014-07-08,44,True,A,5,Event,National,Ecuador,Quito,Pichincha
2014-07-08,45,True,A,11,Event,National,Ecuador,Quito,Pichincha
2014-07-08,46,True,A,14,Event,National,Ecuador,Quito,Pichincha
2014-07-08,47,True,A,14,Event,National,Ecuador,Quito,Pichincha
2014-07-08,48,True,A,14,Event,National,Ecuador,Quito,Pichincha
2014-07-08,49,True,A,11,Event,National,Ecuador,Quito,Pichincha
2014-07-08,50,True,A,14,Event,National,Ecuador,Ambato,Tungurahua
2014-07-08,51,True,A,17,Event,National,Ecuador,Guayaquil,Guayas
2014-07-08,52,True,A,11,Event,National,Ecuador,Manta,Manabi
2014-07-08,53,True,D,13,Event,National,Ecuador,Manta,Manabi
2014-07-08,54,True,C,3,Event,National,Ecuador,El Carmen,Manabi
2014-07-09,1,True,D,13,Event,National,Ecuador,Quito,Pichincha
2014-07-09,2,True,D,13,Event,National,Ecuador,Quito,Pichincha
2014-07-09,3,True,D,8,Event,National,Ecuador,Quito,Pichincha
2014-07-09,4,True,D,9,Event,National,Ecuador,Quito,Pichincha
2014-07-09,5,True,D,4,Event,National,Ecuador,Santo Domingo,Santo Domingo de los Tsachilas
2014-07-09,6,True,D,13,Event,National,Ecuador,Quito,Pichincha
2014-07-09,7,True,D,8,Event,National,Ecuador,Quito,Pichincha
2014-07-09,8,True,D,8,Event,National,Ecuador,Quito,Pichincha
2014-07-09,9,True,B,6,Event,National,Ecuador,Quito,Pichincha
2014-07-09,10,True,C,15,Event,National,Ecuador,Quito,Pichincha
2014-07-09,11,True,B,6,Event,National,Ecuador,Cayambe,Pichincha
2014-07-09,12,True,C,15,Event,National,Ecuador,Latacunga,Cotopaxi
2014-07-09,13,True,C,15,Event,National,Ecuador,Latacunga,Cotopaxi
2014-07-09,14,True,C,7,Event,National,Ecuador,Riobamba,Chimborazo
2014-07-09,15,True,C,15,Event,National,Ecuador,Ibarra,Imbabura
2014-07-09,16,True,C,3,Event,National,Ecuador,Santo Domingo,Santo Domingo de los Tsachilas
2014-07-09,17,True,C,12,Event,National,Ecuador,Quito,Pichincha
2014-07-09,18,True,B,16,Event,National,Ecuador,Quito,Pichincha
2014-07-09,19,True,C,15,Event,National,Ecuador,Guaranda,Bolivar
2014-07-09,20,True,B,6,Event,National,Ecuador,Quito,Pichincha
2014-07-09,21,True,B,6,Event,National,Ecuador,Santo Domingo,Santo Domingo de los Tsachilas
2014-07-09,22,True,C,7,Event,National,Ecuador,Puyo,Pastaza
2014-07-09,23,True,D,9,Event,National,Ecuador,Ambato,Tungurahua
2014-07-09,24,True,D,1,Event,National,Ecuador,Guayaquil,Guayas
2014-07-09,25,True,D,1,Event,National,Ecuador,Salinas,Santa Elena
2014-07-09,26,True,D,10,Event,National,Ecuador,Guayaquil,Guayas
2014-07-09,27,True,D,1,Event,National,Ecuador,Daule,Guayas
2014-07-09,28,True,E,10,Event,National,Ecuador,Guayaquil,Guayas
2014-07-09,29,True,E,10,Event,National,Ecuador,Guayaquil,Guayas
2014-07-09,30,True,C,3,Event,National,Ecuador,Guayaquil,Guayas
2014-07-09,31,True,B,10,Event,National,Ecuador,Babahoyo,Los Rios
2014-07-09,32,True,C,3,Event,National,Ecuador,Guayaquil,Guayas
2014-07-09,33,True,C,3,Event,National,Ecuador,Quevedo,Los Rios
2014-07-09,34,True,B,6,Event,National,Ecuador,Guayaquil,Guayas
2014-07-09,35,True,C,3,Event,National,Ecuador,Playas,Guayas
2014-07-09,36,True,E,10,Event,National,Ecuador,Libertad,Guayas
2014-07-09,37,True,D,2,Event,National,Ecuador,Cuenca,Azuay
2014-07-09,38,True,D,4,Event,National,Ecuador,Loja,Loja
2014-07-09,39,True,B,6,Event,National,Ecuador,Cuenca,Azuay
2014-07-09,40,True,C,3,Event,National,Ecuador,Machala,El Oro
2014-07-09,41,True,D,4,Event,National,Ecuador,Machala,El Oro
2014-07-09,42,True,D,2,Event,National,Ecuador,Cuenca,Azuay
2014-07-09,43,True,E,10,Event,National,Ecuador,Esmeraldas,Esmeraldas
2014-07-09,44,True,A,5,Event,National,Ecuador,Quito,Pichincha
2014-07-09,45,True,A,11,Event,National,Ecuador,Quito,Pichincha
2014-07-09,46,True,A,14,Event,National,Ecuador,Quito,Pichincha
2014-07-09,47,True,A,14,Event,National,Ecuador,Quito,Pichincha
2014-07-09,48,True,A,14,Event,National,Ecuador,Quito,Pichincha
2014-07-09,49,True,A,11,Event,National,Ecuador,Quito,Pichincha
2014-07-09,50,True,A,14,Event,National,Ecuador,Ambato,Tungurahua
2014-07-09,51,True,A,17,Event,National,Ecuador,Guayaquil,Guayas
2014-07-09,52,True,A,11,Event,National,Ecuador,Manta,Manabi
2014-07-09,53,True,D,13,Event,National,Ecuador,Manta,Manabi
2014-07-09,54,True,C,3,Event,National,Ecuador,El Carmen,Manabi
2014-07-12,1,True,D,13,Event,National,Ecuador,Quito,Pichincha
2014-07-12,2,True,D,13,Event,National,Ecuador,Quito,Pichincha
2014-07-12,3,True,D,8,Event,National,Ecuador,Quito,Pichincha
2014-07-12,4,True,D,9,Event,National,Ecuador,Quito,Pichincha
2014-07-12,5,True,D,4,Event,National,Ecuador,Santo Domingo,Santo Domingo de los Tsachilas
2014-07-12,6,True,D,13,Event,National,Ecuador,Quito,Pichincha
2014-07-12,7,True,D,8,Event,National,Ecuador,Quito,Pichincha
2014-07-12,8,True,D,8,Event,National,Ecuador,Quito,Pichincha
2014-07-12,9,True,B,6,Event,National,Ecuador,Quito,Pichincha
2014-07-12,10,True,C,15,Event,National,Ecuador,Quito,Pichincha
2014-07-12,11,True,B,6,Event,National,Ecuador,Cayambe,Pichincha
2014-07-12,12,True,C,15,Event,National,Ecuador,Latacunga,Cotopaxi
2014-07-12,13,True,C,15,Event,National,Ecuador,Latacunga,Cotopaxi
2014-07-12,14,True,C,7,Event,National,Ecuador,Riobamba,Chimborazo
2014-07-12,15,True,C,15,Event,National,Ecuador,Ibarra,Imbabura
2014-07-12,16,True,C,3,Event,National,Ecuador,Santo Domingo,Santo Domingo de los Tsachilas
2014-07-12,17,True,C,12,Event,National,Ecuador,Quito,Pichincha
2014-07-12,18,True,B,16,Event,National,Ecuador,Quito,Pichincha
2014-07-12,19,True,C,15,Event,National,Ecuador,Guaranda,Bolivar
2014-07-12,20,True,B,6,Event,National,Ecuador,Quito,Pichincha
2014-07-12,21,True,B,6,Event,National,Ecuador,Santo Domingo,Santo Domingo de los Tsachilas
2014-07-12,22,True,C,7,Event,National,Ecuador,Puyo,Pastaza
2014-07-12,23,True,D,9,Event,National,Ecuador,Ambato,Tungurahua
2014-07-12,24,True,D,1,Event,National,Ecuador,Guayaquil,Guayas
2014-07-12,25,True,D,1,Event,National,Ecuador,Salinas,Santa Elena
2014-07-12,26,True,D,10,Event,National,Ecuador,Guayaquil,Guayas
2014-07-12,27,True,D,1,Event,National,Ecuador,Daule,Guayas
2014-07-12,28,True,E,10,Event,National,Ecuador,Guayaquil,Guayas
2014-07-12,29,True,E,10,Event,National,Ecuador,Guayaquil,Guayas
2014-07-12,30,True,C,3,Event,National,Ecuador,Guayaquil,Guayas
2014-07-12,31,True,B,10,Event,National,Ecuador,Babahoyo,Los Rios
2014-07-12,32,True,C,3,Event,National,Ecuador,Guayaquil,Guayas
2014-07-12,33,True,C,3,Event,National,Ecuador,Quevedo,Los Rios
2014-07-12,34,True,B,6,Event,National,Ecuador,Guayaquil,Guayas
2014-07-12,35,True,C,3,Event,National,Ecuador,Playas,Guayas
2014-07-12,36,True,E,10,Event,National,Ecuador,Libertad,Guayas
2014-07-12,37,True,D,2,Event,National,Ecuador,Cuenca,Azuay
2014-07-12,38,True,D,4,Event,National,Ecuador,Loja,Loja
2014-07-12,39,True,B,6,Event,National,Ecuador,Cuenca,Azuay
2014-07-12,40,True,C,3,Event,National,Ecuador,Machala,El Oro
2014-07-12,41,True,D,4,Event,National,Ecuador,Machala,El Oro
2014-07-12,42,True,D,2,Event,National,Ecuador,Cuenca,Azuay
2014-07-12,43,True,E,10,Event,National,Ecuador,Esmeraldas,Esmeraldas
2014-07-12,44,True,A,5,Event,National,Ecuador,Quito,Pichincha
2014-07-12,45,True,A,11,Event,National,Ecuador,Quito,Pichincha
2014-07-12,46,True,A,14,Event,National,Ecuador,Quito,Pichincha
2014-07-12,47,True,A,14,Event,National,Ecuador,Quito,Pichincha
2014-07-12,48,True,A,14,Event,National,Ecuador,Quito,Pichincha
2014-07-12,49,True,A,11,Event,National,Ecuador,Quito,Pichincha
2014-07-12,50,True,A,14,Event,National,Ecuador,Ambato,Tungurahua
2014-07-12,51,True,A,17,Event,National,Ecuador,Guayaquil,Guayas
2014-07-12,52,True,A,11,Event,National,Ecuador,Manta,Manabi
2014-07-12,53,True,D,13,Event,National,Ecuador,Manta,Manabi
2014-07-12,54,True,C,3,Event,National,Ecuador,El Carmen,Manabi
2014-07-13,1,True,D,13,Event,National,Ecuador,Quito,Pichincha
2014-07-13,2,True,D,13,Event,National,Ecuador,Quito,Pichincha
2014-07-13,3,True,D,8,Event,National,Ecuador,Quito,Pichincha
2014-07-13,4,True,D,9,Event,National,Ecuador,Quito,Pichincha
2014-07-13,5,True,D,4,Event,National,Ecuador,Santo Domingo,Santo Domingo de los Tsachilas
2014-07-13,6,True,D,13,Event,National,Ecuador,Quito,Pichincha
2014-07-13,7,True,D,8,Event,National,Ecuador,Quito,Pichincha
2014-07-13,8,True,D,8,Event,National,Ecuador,Quito,Pichincha
2014-07-13,9,True,B,6,Event,National,Ecuador,Quito,Pichincha
2014-07-13,10,True,C,15,Event,National,Ecuador,Quito,Pichincha
2014-07-13,11,True,B,6,Event,National,Ecuador,Cayambe,Pichincha
2014-07-13,12,True,C,15,Event,National,Ecuador,Latacunga,Cotopaxi
2014-07-13,13,True,C,15,Event,National,Ecuador,Latacunga,Cotopaxi
2014-07-13,14,True,C,7,Event,National,Ecuador,Riobamba,Chimborazo
2014-07-13,15,True,C,15,Event,National,Ecuador,Ibarra,Imbabura
2014-07-13,16,True,C,3,Event,National,Ecuador,Santo Domingo,Santo Domingo de los Tsachilas
2014-07-13,17,True,C,12,Event,National,Ecuador,Quito,Pichincha
2014-07-13,18,True,B,16,Event,National,Ecuador,Quito,Pichincha
2014-07-13,19,True,C,15,Event,National,Ecuador,Guaranda,Bolivar
2014-07-13,20,True,B,6,Event,National,Ecuador,Quito,Pichincha
2014-07-13,21,True,B,6,Event,National,Ecuador,Santo Domingo,Santo Domingo de los Tsachilas
2014-07-13,22,True,C,7,Event,National,Ecuador,Puyo,Pastaza
2014-07-13,23,True,D,9,Event,National,Ecuador,Ambato,Tungurahua
2014-07-13,24,True,D,1,Event,National,Ecuador,Guayaquil,Guayas
2014-07-13,25,True,D,1,Event,National,Ecuador,Salinas,Santa Elena
2014-07-13,26,True,D,10,Event,National,Ecuador,Guayaquil,Guayas
2014-07-13,27,True,D,1,Event,National,Ecuador,Daule,Guayas
2014-07-13,28,True,E,10,Event,National,Ecuador,Guayaquil,Guayas
2014-07-13,29,True,E,10,Event,National,Ecuador,Guayaquil,Guayas
2014-07-13,30,True,C,3,Event,National,Ecuador,Guayaquil,Guayas
2014-07-13,31,True,B,10,Event,National,Ecuador,Babahoyo,Los Rios
2014-07-13,32,True,C,3,Event,National,Ecuador,Guayaquil,Guayas
2014-07-13,33,True,C,3,Event,National,Ecuador,Quevedo,Los Rios
2014-07-13,34,True,B,6,Event,National,Ecuador,Guayaquil,Guayas
2014-07-13,35,True,C,3,Event,National,Ecuador,Playas,Guayas
2014-07-13,36,True,E,10,Event,National,Ecuador,Libertad,Guayas
2014-07-13,37,True,D,2,Event,National,Ecuador,Cuenca,Azuay
2014-07-13,38,True,D,4,Event,National,Ecuador,Loja,Loja
2014-07-13,39,True,B,6,Event,National,Ecuador,Cuenca,Azuay
2014-07-13,40,True,C,3,Event,National,Ecuador,Machala,El Oro
2014-07-13,41,True,D,4,Event,National,Ecuador,Machala,El Oro
2014-07-13,42,True,D,2,Event,National,Ecuador,Cuenca,Azuay
2014-07-13,43,True,E,10,Event,National,Ecuador,Esmeraldas,Esmeraldas
2014-07-13,44,True,A,5,Event,National,Ecuador,Quito,Pichincha
2014-07-13,45,True,A,11,Event,National,Ecuador,Quito,Pichincha
2014-07-13,46,True,A,14,Event,National,Ecuador,Quito,Pichincha
2014-07-13,47,True,A,14,Event,National,Ecuador,Quito,Pichincha
2014-07-13,48,True,A,14,Event,National,Ecuador,Quito,Pichincha
2014-07-13,49,True,A,11,Event,National,Ecuador,Quito,Pichincha
2014-07-13,50,True,A,14,Event,National,Ecuador,Ambato,Tungurahua
2014-07-13,51,True,A,17,Event,National,Ecuador,Guayaquil,Guayas
2014-07-13,52,True,A,11,Event,National,Ecuador,Manta,Manabi
2014-07-13,53,True,D,13,Event,National,Ecuador,Manta,Manabi
2014-07-13,54,True,C,3,Event,National,Ecuador,El Carmen,Manabi
2014-08-10,1,True,D,13,Holiday,National,Ecuador,Quito,Pichincha
2014-08-10,2,True,D,13,Holiday,National,Ecuador,Quito,Pichincha
2014-08-10,3,True,D,8,Holiday,National,Ecuador,Quito,Pichincha
2014-08-10,4,True,D,9,Holiday,National,Ecuador,Quito,Pichincha
2014-08-10,5,True,D,4,Holiday,National,Ecuador,Santo Domingo,Santo Domingo de los Tsachilas
2014-08-10,6,True,D,13,Holiday,National,Ecuador,Quito,Pichincha
2014-08-10,7,True,D,8,Holiday,National,Ecuador,Quito,Pichincha
2014-08-10,8,True,D,8,Holiday,National,Ecuador,Quito,Pichincha
2014-08-10,9,True,B,6,Holiday,National,Ecuador,Quito,Pichincha
2014-08-10,10,True,C,15,Holiday,National,Ecuador,Quito,Pichincha
2014-08-10,11,True,B,6,Holiday,National,Ecuador,Cayambe,Pichincha
2014-08-10,12,True,C,15,Holiday,National,Ecuador,Latacunga,Cotopaxi
2014-08-10,13,True,C,15,Holiday,National,Ecuador,Latacunga,Cotopaxi
2014-08-10,14,True,C,7,Holiday,National,Ecuador,Riobamba,Chimborazo
2014-08-10,15,True,C,15,Holiday,National,Ecuador,Ibarra,Imbabura
2014-08-10,16,True,C,3,Holiday,National,Ecuador,Santo Domingo,Santo Domingo de los Tsachilas
2014-08-10,17,True,C,12,Holiday,National,Ecuador,Quito,Pichincha
2014-08-10,18,True,B,16,Holiday,National,Ecuador,Quito,Pichincha
2014-08-10,19,True,C,15,Holiday,National,Ecuador,Guaranda,Bolivar
2014-08-10,20,True,B,6,Holiday,National,Ecuador,Quito,Pichincha
2014-08-10,21,True,B,6,Holiday,National,Ecuador,Santo Domingo,Santo Domingo de los Tsachilas
2014-08-10,22,True,C,7,Holiday,National,Ecuador,Puyo,Pastaza
2014-08-10,23,True,D,9,Holiday,National,Ecuador,Ambato,Tungurahua
2014-08-10,24,True,D,1,Holiday,National,Ecuador,Guayaquil,Guayas
2014-08-10,25,True,D,1,Holiday,National,Ecuador,Salinas,Santa Elena
2014-08-10,26,True,D,10,Holiday,National,Ecuador,Guayaquil,Guayas
2014-08-10,27,True,D,1,Holiday,National,Ecuador,Daule,Guayas
2014-08-10,28,True,E,10,Holiday,National,Ecuador,Guayaquil,Guayas
2014-08-10,29,True,E,10,Holiday,National,Ecuador,Guayaquil,Guayas
2014-08-10,30,True,C,3,Holiday,National,Ecuador,Guayaquil,Guayas
2014-08-10,31,True,B,10,Holiday,National,Ecuador,Babahoyo,Los Rios
2014-08-10,32,True,C,3,Holiday,National,Ecuador,Guayaquil,Guayas
2014-08-10,33,True,C,3,Holiday,National,Ecuador,Quevedo,Los Rios
2014-08-10,34,True,B,6,Holiday,National,Ecuador,Guayaquil,Guayas
2014-08-10,35,True,C,3,Holiday,National,Ecuador,Playas,Guayas
2014-08-10,36,True,E,10,Holiday,National,Ecuador,Libertad,Guayas
2014-08-10,37,True,D,2,Holiday,National,Ecuador,Cuenca,Azuay
2014-08-10,38,True,D,4,Holiday,National,Ecuador,Loja,Loja
2014-08-10,39,True,B,6,Holiday,National,Ecuador,Cuenca,Azuay
2014-08-10,40,True,C,3,Holiday,National,Ecuador,Machala,El Oro
2014-08-10,41,True,D,4,Holiday,National,Ecuador,Machala,El Oro
2014-08-10,42,True,D,2,Holiday,National,Ecuador,Cuenca,Azuay
2014-08-10,43,True,E,10,Holiday,National,Ecuador,Esmeraldas,Esmeraldas
2014-08-10,44,True,A,5,Holiday,National,Ecuador,Quito,Pichincha
2014-08-10,45,True,A,11,Holiday,National,Ecuador,Quito,Pichincha
2014-08-10,46,True,A,14,Holiday,National,Ecuador,Quito,Pichincha
2014-08-10,47,True,A,14,Holiday,National,Ecuador,Quito,Pichincha
2014-08-10,48,True,A,14,Holiday,National,Ecuador,Quito,Pichincha
2014-08-10,49,True,A,11,Holiday,National,Ecuador,Quito,Pichincha
2014-08-10,50,True,A,14,Holiday,National,Ecuador,Ambato,Tungurahua
2014-08-10,51,True,A,17,Holiday,National,Ecuador,Guayaquil,Guayas
2014-08-10,52,True,A,11,Holiday,National,Ecuador,Manta,Manabi
2014-08-10,53,True,D,13,Holiday,National,Ecuador,Manta,Manabi
2014-08-10,54,True,C,3,Holiday,National,Ecuador,El Carmen,Manabi
2014-10-09,1,False,D,13,Holiday,National,Ecuador,Quito,Pichincha
2014-10-09,2,False,D,13,Holiday,National,Ecuador,Quito,Pichincha
2014-10-09,3,False,D,8,Holiday,National,Ecuador,Quito,Pichincha
2014-10-09,4,False,D,9,Holiday,National,Ecuador,Quito,Pichincha
2014-10-09,5,False,D,4,Holiday,National,Ecuador,Santo Domingo,Santo Domingo de los Tsachilas
2014-10-09,6,False,D,13,Holiday,National,Ecuador,Quito,Pichincha
2014-10-09,7,False,D,8,Holiday,National,Ecuador,Quito,Pichincha
2014-10-09,8,False,D,8,Holiday,National,Ecuador,Quito,Pichincha
2014-10-09,9,False,B,6,Holiday,National,Ecuador,Quito,Pichincha
2014-10-09,10,False,C,15,Holiday,National,Ecuador,Quito,Pichincha
2014-10-09,11,False,B,6,Holiday,National,Ecuador,Cayambe,Pichincha
2014-10-09,12,False,C,15,Holiday,National,Ecuador,Latacunga,Cotopaxi
2014-10-09,13,False,C,15,Holiday,National,Ecuador,Latacunga,Cotopaxi
2014-10-09,14,False,C,7,Holiday,National,Ecuador,Riobamba,Chimborazo
2014-10-09,15,False,C,15,Holiday,National,Ecuador,Ibarra,Imbabura
2014-10-09,16,False,C,3,Holiday,National,Ecuador,Santo Domingo,Santo Domingo de los Tsachilas
2014-10-09,17,False,C,12,Holiday,National,Ecuador,Quito,Pichincha
2014-10-09,18,False,B,16,Holiday,National,Ecuador,Quito,Pichincha
2014-10-09,19,False,C,15,Holiday,National,Ecuador,Guaranda,Bolivar
2014-10-09,20,False,B,6,Holiday,National,Ecuador,Quito,Pichincha
2014-10-09,21,False,B,6,Holiday,National,Ecuador,Santo Domingo,Santo Domingo de los Tsachilas
2014-10-09,22,False,C,7,Holiday,National,Ecuador,Puyo,Pastaza
2014-10-09,23,False,D,9,Holiday,National,Ecuador,Ambato,Tungurahua
2014-10-09,24,False,D,1,Holiday,National,Ecuador,Guayaquil,Guayas
2014-10-09,25,False,D,1,Holiday,National,Ecuador,Salinas,Santa Elena
2014-10-09,26,False,D,10,Holiday,National,Ecuador,Guayaquil,Guayas
2014-10-09,27,False,D,1,Holiday,National,Ecuador,Daule,Guayas
2014-10-09,28,False,E,10,Holiday,National,Ecuador,Guayaquil,Guayas
2014-10-09,29,False,E,10,Holiday,National,Ecuador,Guayaquil,Guayas
2014-10-09,30,False,C,3,Holiday,National,Ecuador,Guayaquil,Guayas
2014-10-09,31,False,B,10,Holiday,National,Ecuador,Babahoyo,Los Rios
2014-10-09,32,False,C,3,Holiday,National,Ecuador,Guayaquil,Guayas
2014-10-09,33,False,C,3,Holiday,National,Ecuador,Quevedo,Los Rios
2014-10-09,34,False,B,6,Holiday,National,Ecuador,Guayaquil,Guayas
2014-10-09,35,False,C,3,Holiday,National,Ecuador,Playas,Guayas
2014-10-09,36,False,E,10,Holiday,National,Ecuador,Libertad,Guayas
2014-10-09,37,False,D,2,Holiday,National,Ecuador,Cuenca,Azuay
2014-10-09,38,False,D,4,Holiday,National,Ecuador,Loja,Loja
2014-10-09,39,False,B,6,Holiday,National,Ecuador,Cuenca,Azuay
2014-10-09,40,False,C,3,Holiday,National,Ecuador,Machala,El Oro
2014-10-09,41,False,D,4,Holiday,National,Ecuador,Machala,El Oro
2014-10-09,42,False,D,2,Holiday,National,Ecuador,Cuenca,Azuay
2014-10-09,43,False,E,10,Holiday,National,Ecuador,Esmeraldas,Esmeraldas
2014-10-09,44,False,A,5,Holiday,National,Ecuador,Quito,Pichincha
2014-10-09,45,False,A,11,Holiday,National,Ecuador,Quito,Pichincha
2014-10-09,46,False,A,14,Holiday,National,Ecuador,Quito,Pichincha
2014-10-09,47,False,A,14,Holiday,National,Ecuador,Quito,Pichincha
2014-10-09,48,False,A,14,Holiday,National,Ecuador,Quito,Pichincha
2014-10-09,49,False,A,11,Holiday,National,Ecuador,Quito,Pichincha
2014-10-09,50,False,A,14,Holiday,National,Ecuador,Ambato,Tungurahua
2014-10-09,51,False,A,17,Holiday,National,Ecuador,Guayaquil,Guayas
2014-10-09,52,False,A,11,Holiday,National,Ecuador,Manta,Manabi
2014-10-09,53,False,D,13,Holiday,National,Ecuador,Manta,Manabi
2014-10-09,54,False,C,3,Holiday,National,Ecuador,El Carmen,Manabi
2014-10-10,1,True,D,13,Transfer,National,Ecuador,Quito,Pichincha
2014-10-10,2,True,D,13,Transfer,National,Ecuador,Quito,Pichincha
2014-10-10,3,True,D,8,Transfer,National,Ecuador,Quito,Pichincha
2014-10-10,4,True,D,9,Transfer,National,Ecuador,Quito,Pichincha
2014-10-10,5,True,D,4,Transfer,National,Ecuador,Santo Domingo,Santo Domingo de los Tsachilas
2014-10-10,6,True,D,13,Transfer,National,Ecuador,Quito,Pichincha
2014-10-10,7,True,D,8,Transfer,National,Ecuador,Quito,Pichincha
2014-10-10,8,True,D,8,Transfer,National,Ecuador,Quito,Pichincha
2014-10-10,9,True,B,6,Transfer,National,Ecuador,Quito,Pichincha
2014-10-10,10,True,C,15,Transfer,National,Ecuador,Quito,Pichincha
2014-10-10,11,True,B,6,Transfer,National,Ecuador,Cayambe,Pichincha
2014-10-10,12,True,C,15,Transfer,National,Ecuador,Latacunga,Cotopaxi
2014-10-10,13,True,C,15,Transfer,National,Ecuador,Latacunga,Cotopaxi
2014-10-10,14,True,C,7,Transfer,National,Ecuador,Riobamba,Chimborazo
2014-10-10,15,True,C,15,Transfer,National,Ecuador,Ibarra,Imbabura
2014-10-10,16,True,C,3,Transfer,National,Ecuador,Santo Domingo,Santo Domingo de los Tsachilas
2014-10-10,17,True,C,12,Transfer,National,Ecuador,Quito,Pichincha
2014-10-10,18,True,B,16,Transfer,National,Ecuador,Quito,Pichincha
2014-10-10,19,True,C,15,Transfer,National,Ecuador,Guaranda,Bolivar
2014-10-10,20,True,B,6,Transfer,National,Ecuador,Quito,Pichincha
2014-10-10,21,True,B,6,Transfer,National,Ecuador,Santo Domingo,Santo Domingo de los Tsachilas
2014-10-10,22,True,C,7,Transfer,National,Ecuador,Puyo,Pastaza
2014-10-10,23,True,D,9,Transfer,National,Ecuador,Ambato,Tungurahua
2014-10-10,24,True,D,1,Transfer,National,Ecuador,Guayaquil,Guayas
2014-10-10,25,True,D,1,Transfer,National,Ecuador,Salinas,Santa Elena
2014-10-10,26,True,D,10,Transfer,National,Ecuador,Guayaquil,Guayas
2014-10-10,27,True,D,1,Transfer,National,Ecuador,Daule,Guayas
2014-10-10,28,True,E,10,Transfer,National,Ecuador,Guayaquil,Guayas
2014-10-10,29,True,E,10,Transfer,National,Ecuador,Guayaquil,Guayas
2014-10-10,30,True,C,3,Transfer,National,Ecuador,Guayaquil,Guayas
2014-10-10,31,True,B,10,Transfer,National,Ecuador,Babahoyo,Los Rios
2014-10-10,32,True,C,3,Transfer,National,Ecuador,Guayaquil,Guayas
2014-10-10,33,True,C,3,Transfer,National,Ecuador,Quevedo,Los Rios
2014-10-10,34,True,B,6,Transfer,National,Ecuador,Guayaquil,Guayas
2014-10-10,35,True,C,3,Transfer,National,Ecuador,Playas,Guayas
2014-10-10,36,True,E,10,Transfer,National,Ecuador,Libertad,Guayas
2014-10-10,37,True,D,2,Transfer,National,Ecuador,Cuenca,Azuay
2014-10-10,38,True,D,4,Transfer,National,Ecuador,Loja,Loja
2014-10-10,39,True,B,6,Transfer,National,Ecuador,Cuenca,Azuay
2014-10-10,40,True,C,3,Transfer,National,Ecuador,Machala,El Oro
2014-10-10,41,True,D,4,Transfer,National,Ecuador,Machala,El Oro
2014-10-10,42,True,D,2,Transfer,National,Ecuador,Cuenca,Azuay
2014-10-10,43,True,E,10,Transfer,National,Ecuador,Esmeraldas,Esmeraldas
2014-10-10,44,True,A,5,Transfer,National,Ecuador,Quito,Pichincha
2014-10-10,45,True,A,11,Transfer,National,Ecuador,Quito,Pichincha
2014-10-10,46,True,A,14,Transfer,National,Ecuador,Quito,Pichincha
2014-10-10,47,True,A,14,Transfer,National,Ecuador,Quito,Pichincha
2014-10-10,48,True,A,14,Transfer,National,Ecuador,Quito,Pichincha
2014-10-10,49,True,A,11,Transfer,National,Ecuador,Quito,Pichincha
2014-10-10,50,True,A,14,Transfer,National,Ecuador,Ambato,Tungurahua
2014-10-10,51,True,A,17,Transfer,National,Ecuador,Guayaquil,Guayas
2014-10-10,52,True,A,11,Transfer,National,Ecuador,Manta,Manabi
2014-10-10,53,True,D,13,Transfer,National,Ecuador,Manta,Manabi
2014-10-10,54,True,C,3,Transfer,National,Ecuador,El Carmen,Manabi
2014-11-02,1,True,D,13,Holiday,National,Ecuador,Quito,Pichincha
2014-11-02,2,True,D,13,Holiday,National,Ecuador,Quito,Pichincha
2014-11-02,3,True,D,8,Holiday,National,Ecuador,Quito,Pichincha
2014-11-02,4,True,D,9,Holiday,National,Ecuador,Quito,Pichincha
2014-11-02,5,True,D,4,Holiday,National,Ecuador,Santo Domingo,Santo Domingo de los Tsachilas
2014-11-02,6,True,D,13,Holiday,National,Ecuador,Quito,Pichincha
2014-11-02,7,True,D,8,Holiday,National,Ecuador,Quito,Pichincha
2014-11-02,8,True,D,8,Holiday,National,Ecuador,Quito,Pichincha
2014-11-02,9,True,B,6,Holiday,National,Ecuador,Quito,Pichincha
2014-11-02,10,True,C,15,Holiday,National,Ecuador,Quito,Pichincha
2014-11-02,11,True,B,6,Holiday,National,Ecuador,Cayambe,Pichincha
2014-11-02,12,True,C,15,Holiday,National,Ecuador,Latacunga,Cotopaxi
2014-11-02,13,True,C,15,Holiday,National,Ecuador,Latacunga,Cotopaxi
2014-11-02,14,True,C,7,Holiday,National,Ecuador,Riobamba,Chimborazo
2014-11-02,15,True,C,15,Holiday,National,Ecuador,Ibarra,Imbabura
2014-11-02,16,True,C,3,Holiday,National,Ecuador,Santo Domingo,Santo Domingo de los Tsachilas
2014-11-02,17,True,C,12,Holiday,National,Ecuador,Quito,Pichincha
2014-11-02,18,True,B,16,Holiday,National,Ecuador,Quito,Pichincha
2014-11-02,19,True,C,15,Holiday,National,Ecuador,Guaranda,Bolivar
2014-11-02,20,True,B,6,Holiday,National,Ecuador,Quito,Pichincha
2014-11-02,21,True,B,6,Holiday,National,Ecuador,Santo Domingo,Santo Domingo de los Tsachilas
2014-11-02,22,True,C,7,Holiday,National,Ecuador,Puyo,Pastaza
2014-11-02,23,True,D,9,Holiday,National,Ecuador,Ambato,Tungurahua
2014-11-02,24,True,D,1,Holiday,National,Ecuador,Guayaquil,Guayas
2014-11-02,25,True,D,1,Holiday,National,Ecuador,Salinas,Santa Elena
2014-11-02,26,True,D,10,Holiday,National,Ecuador,Guayaquil,Guayas
2014-11-02,27,True,D,1,Holiday,National,Ecuador,Daule,Guayas
2014-11-02,28,True,E,10,Holiday,National,Ecuador,Guayaquil,Guayas
2014-11-02,29,True,E,10,Holiday,National,Ecuador,Guayaquil,Guayas
2014-11-02,30,True,C,3,Holiday,National,Ecuador,Guayaquil,Guayas
2014-11-02,31,True,B,10,Holiday,National,Ecuador,Babahoyo,Los Rios
2014-11-02,32,True,C,3,Holiday,National,Ecuador,Guayaquil,Guayas
2014-11-02,33,True,C,3,Holiday,National,Ecuador,Quevedo,Los Rios
2014-11-02,34,True,B,6,Holiday,National,Ecuador,Guayaquil,Guayas
2014-11-02,35,True,C,3,Holiday,National,Ecuador,Playas,Guayas
2014-11-02,36,True,E,10,Holiday,National,Ecuador,Libertad,Guayas
2014-11-02,37,True,D,2,Holiday,National,Ecuador,Cuenca,Azuay
2014-11-02,38,True,D,4,Holiday,National,Ecuador,Loja,Loja
2014-11-02,39,True,B,6,Holiday,National,Ecuador,Cuenca,Azuay
2014-11-02,40,True,C,3,Holiday,National,Ecuador,Machala,El Oro
2014-11-02,41,True,D,4,Holiday,National,Ecuador,Machala,El Oro
2014-11-02,42,True,D,2,Holiday,National,Ecuador,Cuenca,Azuay
2014-11-02,43,True,E,10,Holiday,National,Ecuador,Esmeraldas,Esmeraldas
2014-11-02,44,True,A,5,Holiday,National,Ecuador,Quito,Pichincha
2014-11-02,45,True,A,11,Holiday,National,Ecuador,Quito,Pichincha
2014-11-02,46,True,A,14,Holiday,National,Ecuador,Quito,Pichincha
2014-11-02,47,True,A,14,Holiday,National,Ecuador,Quito,Pichincha
2014-11-02,48,True,A,14,Holiday,National,Ecuador,Quito,Pichincha
2014-11-02,49,True,A,11,Holiday,National,Ecuador,Quito,Pichincha
2014-11-02,50,True,A,14,Holiday,National,Ecuador,Ambato,Tungurahua
2014-11-02,51,True,A,17,Holiday,National,Ecuador,Guayaquil,Guayas
2014-11-02,52,True,A,11,Holiday,National,Ecuador,Manta,Manabi
2014-11-02,53,True,D,13,Holiday,National,Ecuador,Manta,Manabi
2014-11-02,54,True,C,3,Holiday,National,Ecuador,El Carmen,Manabi
2014-11-03,1,True,D,13,Holiday,National,Ecuador,Quito,Pichincha
2014-11-03,2,True,D,13,Holiday,National,Ecuador,Quito,Pichincha
2014-11-03,3,True,D,8,Holiday,National,Ecuador,Quito,Pichincha
2014-11-03,4,True,D,9,Holiday,National,Ecuador,Quito,Pichincha
2014-11-03,5,True,D,4,Holiday,National,Ecuador,Santo Domingo,Santo Domingo de los Tsachilas
2014-11-03,6,True,D,13,Holiday,National,Ecuador,Quito,Pichincha
2014-11-03,7,True,D,8,Holiday,National,Ecuador,Quito,Pichincha
2014-11-03,8,True,D,8,Holiday,National,Ecuador,Quito,Pichincha
2014-11-03,9,True,B,6,Holiday,National,Ecuador,Quito,Pichincha
2014-11-03,10,True,C,15,Holiday,National,Ecuador,Quito,Pichincha
2014-11-03,11,True,B,6,Holiday,National,Ecuador,Cayambe,Pichincha
2014-11-03,12,True,C,15,Holiday,National,Ecuador,Latacunga,Cotopaxi
2014-11-03,13,True,C,15,Holiday,National,Ecuador,Latacunga,Cotopaxi
2014-11-03,14,True,C,7,Holiday,National,Ecuador,Riobamba,Chimborazo
2014-11-03,15,True,C,15,Holiday,National,Ecuador,Ibarra,Imbabura
2014-11-03,16,True,C,3,Holiday,National,Ecuador,Santo Domingo,Santo Domingo de los Tsachilas
2014-11-03,17,True,C,12,Holiday,National,Ecuador,Quito,Pichincha
2014-11-03,18,True,B,16,Holiday,National,Ecuador,Quito,Pichincha
2014-11-03,19,True,C,15,Holiday,National,Ecuador,Guaranda,Bolivar
2014-11-03,20,True,B,6,Holiday,National,Ecuador,Quito,Pichincha
2014-11-03,21,True,B,6,Holiday,National,Ecuador,Santo Domingo,Santo Domingo de los Tsachilas
2014-11-03,22,True,C,7,Holiday,National,Ecuador,Puyo,Pastaza
2014-11-03,23,True,D,9,Holiday,National,Ecuador,Ambato,Tungurahua
2014-11-03,24,True,D,1,Holiday,National,Ecuador,Guayaquil,Guayas
2014-11-03,25,True,D,1,Holiday,National,Ecuador,Salinas,Santa Elena
2014-11-03,26,True,D,10,Holiday,National,Ecuador,Guayaquil,Guayas
2014-11-03,27,True,D,1,Holiday,National,Ecuador,Daule,Guayas
2014-11-03,28,True,E,10,Holiday,National,Ecuador,Guayaquil,Guayas
2014-11-03,29,True,E,10,Holiday,National,Ecuador,Guayaquil,Guayas
2014-11-03,30,True,C,3,Holiday,National,Ecuador,Guayaquil,Guayas
2014-11-03,31,True,B,10,Holiday,National,Ecuador,Babahoyo,Los Rios
2014-11-03,32,True,C,3,Holiday,National,Ecuador,Guayaquil,Guayas
2014-11-03,33,True,C,3,Holiday,National,Ecuador,Quevedo,Los Rios
2014-11-03,34,True,B,6,Holiday,National,Ecuador,Guayaquil,Guayas
2014-11-03,35,True,C,3,Holiday,National,Ecuador,Playas,Guayas
2014-11-03,36,True,E,10,Holiday,National,Ecuador,Libertad,Guayas
2014-11-03,37,True,D,2,Holiday,National,Ecuador,Cuenca,Azuay
2014-11-03,38,True,D,4,Holiday,National,Ecuador,Loja,Loja
2014-11-03,39,True,B,6,Holiday,National,Ecuador,Cuenca,Azuay
2014-11-03,40,True,C,3,Holiday,National,Ecuador,Machala,El Oro
2014-11-03,41,True,D,4,Holiday,National,Ecuador,Machala,El Oro
2014-11-03,42,True,D,2,Holiday,National,Ecuador,Cuenca,Azuay
2014-11-03,43,True,E,10,Holiday,National,Ecuador,Esmeraldas,Esmeraldas
2014-11-03,44,True,A,5,Holiday,National,Ecuador,Quito,Pichincha
2014-11-03,45,True,A,11,Holiday,National,Ecuador,Quito,Pichincha
2014-11-03,46,True,A,14,Holiday,National,Ecuador,Quito,Pichincha
2014-11-03,47,True,A,14,Holiday,National,Ecuador,Quito,Pichincha
2014-11-03,48,True,A,14,Holiday,National,Ecuador,Quito,Pichincha
2014-11-03,49,True,A,11,Holiday,National,Ecuador,Quito,Pichincha
2014-11-03,50,True,A,14,Holiday,National,Ecuador,Ambato,Tungurahua
2014-11-03,51,True,A,17,Holiday,National,Ecuador,Guayaquil,Guayas
2014-11-03,52,True,A,11,Holiday,National,Ecuador,Manta,Manabi
2014-11-03,53,True,D,13,Holiday,National,Ecuador,Manta,Manabi
2014-11-03,54,True,C,3,Holiday,National,Ecuador,El Carmen,Manabi
2014-11-28,1,True,D,13,Event,National,Ecuador,Quito,Pichincha
2014-11-28,2,True,D,13,Event,National,Ecuador,Quito,Pichincha
2014-11-28,3,True,D,8,Event,National,Ecuador,Quito,Pichincha
2014-11-28,4,True,D,9,Event,National,Ecuador,Quito,Pichincha
2014-11-28,5,True,D,4,Event,National,Ecuador,Santo Domingo,Santo Domingo de los Tsachilas
2014-11-28,6,True,D,13,Event,National,Ecuador,Quito,Pichincha
2014-11-28,7,True,D,8,Event,National,Ecuador,Quito,Pichincha
2014-11-28,8,True,D,8,Event,National,Ecuador,Quito,Pichincha
2014-11-28,9,True,B,6,Event,National,Ecuador,Quito,Pichincha
2014-11-28,10,True,C,15,Event,National,Ecuador,Quito,Pichincha
2014-11-28,11,True,B,6,Event,National,Ecuador,Cayambe,Pichincha
2014-11-28,12,True,C,15,Event,National,Ecuador,Latacunga,Cotopaxi
2014-11-28,13,True,C,15,Event,National,Ecuador,Latacunga,Cotopaxi
2014-11-28,14,True,C,7,Event,National,Ecuador,Riobamba,Chimborazo
2014-11-28,15,True,C,15,Event,National,Ecuador,Ibarra,Imbabura
2014-11-28,16,True,C,3,Event,National,Ecuador,Santo Domingo,Santo Domingo de los Tsachilas
2014-11-28,17,True,C,12,Event,National,Ecuador,Quito,Pichincha
2014-11-28,18,True,B,16,Event,National,Ecuador,Quito,Pichincha
2014-11-28,19,True,C,15,Event,National,Ecuador,Guaranda,Bolivar
2014-11-28,20,True,B,6,Event,National,Ecuador,Quito,Pichincha
2014-11-28,21,True,B,6,Event,National,Ecuador,Santo Domingo,Santo Domingo de los Tsachilas
2014-11-28,22,True,C,7,Event,National,Ecuador,Puyo,Pastaza
2014-11-28,23,True,D,9,Event,National,Ecuador,Ambato,Tungurahua
2014-11-28,24,True,D,1,Event,National,Ecuador,Guayaquil,Guayas
2014-11-28,25,True,D,1,Event,National,Ecuador,Salinas,Santa Elena
2014-11-28,26,True,D,10,Event,National,Ecuador,Guayaquil,Guayas
2014-11-28,27,True,D,1,Event,National,Ecuador,Daule,Guayas
2014-11-28,28,True,E,10,Event,National,Ecuador,Guayaquil,Guayas
2014-11-28,29,True,E,10,Event,National,Ecuador,Guayaquil,Guayas
2014-11-28,30,True,C,3,Event,National,Ecuador,Guayaquil,Guayas
2014-11-28,31,True,B,10,Event,National,Ecuador,Babahoyo,Los Rios
2014-11-28,32,True,C,3,Event,National,Ecuador,Guayaquil,Guayas
2014-11-28,33,True,C,3,Event,National,Ecuador,Quevedo,Los Rios
2014-11-28,34,True,B,6,Event,National,Ecuador,Guayaquil,Guayas
2014-11-28,35,True,C,3,Event,National,Ecuador,Playas,Guayas
2014-11-28,36,True,E,10,Event,National,Ecuador,Libertad,Guayas
2014-11-28,37,True,D,2,Event,National,Ecuador,Cuenca,Azuay
2014-11-28,38,True,D,4,Event,National,Ecuador,Loja,Loja
2014-11-28,39,True,B,6,Event,National,Ecuador,Cuenca,Azuay
2014-11-28,40,True,C,3,Event,National,Ecuador,Machala,El Oro
2014-11-28,41,True,D,4,Event,National,Ecuador,Machala,El Oro
2014-11-28,42,True,D,2,Event,National,Ecuador,Cuenca,Azuay
2014-11-28,43,True,E,10,Event,National,Ecuador,Esmeraldas,Esmeraldas
2014-11-28,44,True,A,5,Event,National,Ecuador,Quito,Pichincha
2014-11-28,45,True,A,11,Event,National,Ecuador,Quito,Pichincha
2014-11-28,46,True,A,14,Event,National,Ecuador,Quito,Pichincha
2014-11-28,47,True,A,14,Event,National,Ecuador,Quito,Pichincha
2014-11-28,48,True,A,14,Event,National,Ecuador,Quito,Pichincha
2014-11-28,49,True,A,11,Event,National,Ecuador,Quito,Pichincha
2014-11-28,50,True,A,14,Event,National,Ecuador,Ambato,Tungurahua
2014-11-28,51,True,A,17,Event,National,Ecuador,Guayaquil,Guayas
2014-11-28,52,True,A,11,Event,National,Ecuador,Manta,Manabi
2014-11-28,53,True,D,13,Event,National,Ecuador,Manta,Manabi
2014-11-28,54,True,C,3,Event,National,Ecuador,El Carmen,Manabi
2014-12-01,1,True,D,13,Event,National,Ecuador,Quito,Pichincha
2014-12-01,2,True,D,13,Event,National,Ecuador,Quito,Pichincha
2014-12-01,3,True,D,8,Event,National,Ecuador,Quito,Pichincha
2014-12-01,4,True,D,9,Event,National,Ecuador,Quito,Pichincha
2014-12-01,5,True,D,4,Event,National,Ecuador,Santo Domingo,Santo Domingo de los Tsachilas
2014-12-01,6,True,D,13,Event,National,Ecuador,Quito,Pichincha
2014-12-01,7,True,D,8,Event,National,Ecuador,Quito,Pichincha
2014-12-01,8,True,D,8,Event,National,Ecuador,Quito,Pichincha
2014-12-01,9,True,B,6,Event,National,Ecuador,Quito,Pichincha
2014-12-01,10,True,C,15,Event,National,Ecuador,Quito,Pichincha
2014-12-01,11,True,B,6,Event,National,Ecuador,Cayambe,Pichincha
2014-12-01,12,True,C,15,Event,National,Ecuador,Latacunga,Cotopaxi
2014-12-01,13,True,C,15,Event,National,Ecuador,Latacunga,Cotopaxi
2014-12-01,14,True,C,7,Event,National,Ecuador,Riobamba,Chimborazo
2014-12-01,15,True,C,15,Event,National,Ecuador,Ibarra,Imbabura
2014-12-01,16,True,C,3,Event,National,Ecuador,Santo Domingo,Santo Domingo de los Tsachilas
2014-12-01,17,True,C,12,Event,National,Ecuador,Quito,Pichincha
2014-12-01,18,True,B,16,Event,National,Ecuador,Quito,Pichincha
2014-12-01,19,True,C,15,Event,National,Ecuador,Guaranda,Bolivar
2014-12-01,20,True,B,6,Event,National,Ecuador,Quito,Pichincha
2014-12-01,21,True,B,6,Event,National,Ecuador,Santo Domingo,Santo Domingo de los Tsachilas
2014-12-01,22,True,C,7,Event,National,Ecuador,Puyo,Pastaza
2014-12-01,23,True,D,9,Event,National,Ecuador,Ambato,Tungurahua
2014-12-01,24,True,D,1,Event,National,Ecuador,Guayaquil,Guayas
2014-12-01,25,True,D,1,Event,National,Ecuador,Salinas,Santa Elena
2014-12-01,26,True,D,10,Event,National,Ecuador,Guayaquil,Guayas
2014-12-01,27,True,D,1,Event,National,Ecuador,Daule,Guayas
2014-12-01,28,True,E,10,Event,National,Ecuador,Guayaquil,Guayas
2014-12-01,29,True,E,10,Event,National,Ecuador,Guayaquil,Guayas
2014-12-01,30,True,C,3,Event,National,Ecuador,Guayaquil,Guayas
2014-12-01,31,True,B,10,Event,National,Ecuador,Babahoyo,Los Rios
2014-12-01,32,True,C,3,Event,National,Ecuador,Guayaquil,Guayas
2014-12-01,33,True,C,3,Event,National,Ecuador,Quevedo,Los Rios
2014-12-01,34,True,B,6,Event,National,Ecuador,Guayaquil,Guayas
2014-12-01,35,True,C,3,Event,National,Ecuador,Playas,Guayas
2014-12-01,36,True,E,10,Event,National,Ecuador,Libertad,Guayas
2014-12-01,37,True,D,2,Event,National,Ecuador,Cuenca,Azuay
2014-12-01,38,True,D,4,Event,National,Ecuador,Loja,Loja
2014-12-01,39,True,B,6,Event,National,Ecuador,Cuenca,Azuay
2014-12-01,40,True,C,3,Event,National,Ecuador,Machala,El Oro
2014-12-01,41,True,D,4,Event,National,Ecuador,Machala,El Oro
2014-12-01,42,True,D,2,Event,National,Ecuador,Cuenca,Azuay
2014-12-01,43,True,E,10,Event,National,Ecuador,Esmeraldas,Esmeraldas
2014-12-01,44,True,A,5,Event,National,Ecuador,Quito,Pichincha
2014-12-01,45,True,A,11,Event,National,Ecuador,Quito,Pichincha
2014-12-01,46,True,A,14,Event,National,Ecuador,Quito,Pichincha
2014-12-01,47,True,A,14,Event,National,Ecuador,Quito,Pichincha
2014-12-01,48,True,A,14,Event,National,Ecuador,Quito,Pichincha
2014-12-01,49,True,A,11,Event,National,Ecuador,Quito,Pichincha
2014-12-01,50,True,A,14,Event,National,Ecuador,Ambato,Tungurahua
2014-12-01,51,True,A,17,Event,National,Ecuador,Guayaquil,Guayas
2014-12-01,52,True,A,11,Event,National,Ecuador,Manta,Manabi
2014-12-01,53,True,D,13,Event,National,Ecuador,Manta,Manabi
2014-12-01,54,True,C,3,Event,National,Ecuador,El Carmen,Manabi
2014-12-20,1,False,D,13,Work Day,National,Ecuador,Quito,Pichincha
2014-12-20,2,False,D,13,Work Day,National,Ecuador,Quito,Pichincha
2014-12-20,3,False,D,8,Work Day,National,Ecuador,Quito,Pichincha
2014-12-20,4,False,D,9,Work Day,National,Ecuador,Quito,Pichincha
2014-12-20,5,False,D,4,Work Day,National,Ecuador,Santo Domingo,Santo Domingo de los Tsachilas
2014-12-20,6,False,D,13,Work Day,National,Ecuador,Quito,Pichincha
2014-12-20,7,False,D,8,Work Day,National,Ecuador,Quito,Pichincha
2014-12-20,8,False,D,8,Work Day,National,Ecuador,Quito,Pichincha
2014-12-20,9,False,B,6,Work Day,National,Ecuador,Quito,Pichincha
2014-12-20,10,False,C,15,Work Day,National,Ecuador,Quito,Pichincha
2014-12-20,11,False,B,6,Work Day,National,Ecuador,Cayambe,Pichincha
2014-12-20,12,False,C,15,Work Day,National,Ecuador,Latacunga,Cotopaxi
2014-12-20,13,False,C,15,Work Day,National,Ecuador,Latacunga,Cotopaxi
2014-12-20,14,False,C,7,Work Day,National,Ecuador,Riobamba,Chimborazo
2014-12-20,15,False,C,15,Work Day,National,Ecuador,Ibarra,Imbabura
2014-12-20,16,False,C,3,Work Day,National,Ecuador,Santo Domingo,Santo Domingo de los Tsachilas
2014-12-20,17,False,C,12,Work Day,National,Ecuador,Quito,Pichincha
2014-12-20,18,False,B,16,Work Day,National,Ecuador,Quito,Pichincha
2014-12-20,19,False,C,15,Work Day,National,Ecuador,Guaranda,Bolivar
2014-12-20,20,False,B,6,Work Day,National,Ecuador,Quito,Pichincha
2014-12-20,21,False,B,6,Work Day,National,Ecuador,Santo Domingo,Santo Domingo de los Tsachilas
2014-12-20,22,False,C,7,Work Day,National,Ecuador,Puyo,Pastaza
2014-12-20,23,False,D,9,Work Day,National,Ecuador,Ambato,Tungurahua
2014-12-20,24,False,D,1,Work Day,National,Ecuador,Guayaquil,Guayas
2014-12-20,25,False,D,1,Work Day,National,Ecuador,Salinas,Santa Elena
2014-12-20,26,False,D,10,Work Day,National,Ecuador,Guayaquil,Guayas
2014-12-20,27,False,D,1,Work Day,National,Ecuador,Daule,Guayas
2014-12-20,28,False,E,10,Work Day,National,Ecuador,Guayaquil,Guayas
2014-12-20,29,False,E,10,Work Day,National,Ecuador,Guayaquil,Guayas
2014-12-20,30,False,C,3,Work Day,National,Ecuador,Guayaquil,Guayas
2014-12-20,31,False,B,10,Work Day,National,Ecuador,Babahoyo,Los Rios
2014-12-20,32,False,C,3,Work Day,National,Ecuador,Guayaquil,Guayas
2014-12-20,33,False,C,3,Work Day,National,Ecuador,Quevedo,Los Rios
2014-12-20,34,False,B,6,Work Day,National,Ecuador,Guayaquil,Guayas
2014-12-20,35,False,C,3,Work Day,National,Ecuador,Playas,Guayas
2014-12-20,36,False,E,10,Work Day,National,Ecuador,Libertad,Guayas
2014-12-20,37,False,D,2,Work Day,National,Ecuador,Cuenca,Azuay
2014-12-20,38,False,D,4,Work Day,National,Ecuador,Loja,Loja
2014-12-20,39,False,B,6,Work Day,National,Ecuador,Cuenca,Azuay
2014-12-20,40,False,C,3,Work Day,National,Ecuador,Machala,El Oro
2014-12-20,41,False,D,4,Work Day,National,Ecuador,Machala,El Oro
2014-12-20,42,False,D,2,Work Day,National,Ecuador,Cuenca,Azuay
2014-12-20,43,False,E,10,Work Day,National,Ecuador,Esmeraldas,Esmeraldas
2014-12-20,44,False,A,5,Work Day,National,Ecuador,Quito,Pichincha
2014-12-20,45,False,A,11,Work Day,National,Ecuador,Quito,Pichincha
2014-12-20,46,False,A,14,Work Day,National,Ecuador,Quito,Pichincha
2014-12-20,47,False,A,14,Work Day,National,Ecuador,Quito,Pichincha
2014-12-20,48,False,A,14,Work Day,National,Ecuador,Quito,Pichincha
2014-12-20,49,False,A,11,Work Day,National,Ecuador,Quito,Pichincha
2014-12-20,50,False,A,14,Work Day,National,Ecuador,Ambato,Tungurahua
2014-12-20,51,False,A,17,Work Day,National,Ecuador,Guayaquil,Guayas
2014-12-20,52,False,A,11,Work Day,National,Ecuador,Manta,Manabi
2014-12-20,53,False,D,13,Work Day,National,Ecuador,Manta,Manabi
2014-12-20,54,False,C,3,Work Day,National,Ecuador,El Carmen,Manabi
2014-12-21,1,True,D,13,Additional,National,Ecuador,Quito,Pichincha
2014-12-21,2,True,D,13,Additional,National,Ecuador,Quito,Pichincha
2014-12-21,3,True,D,8,Additional,National,Ecuador,Quito,Pichincha
2014-12-21,4,True,D,9,Additional,National,Ecuador,Quito,Pichincha
2014-12-21,5,True,D,4,Additional,National,Ecuador,Santo Domingo,Santo Domingo de los Tsachilas
2014-12-21,6,True,D,13,Additional,National,Ecuador,Quito,Pichincha
2014-12-21,7,True,D,8,Additional,National,Ecuador,Quito,Pichincha
2014-12-21,8,True,D,8,Additional,National,Ecuador,Quito,Pichincha
2014-12-21,9,True,B,6,Additional,National,Ecuador,Quito,Pichincha
2014-12-21,10,True,C,15,Additional,National,Ecuador,Quito,Pichincha
2014-12-21,11,True,B,6,Additional,National,Ecuador,Cayambe,Pichincha
2014-12-21,12,True,C,15,Additional,National,Ecuador,Latacunga,Cotopaxi
2014-12-21,13,True,C,15,Additional,National,Ecuador,Latacunga,Cotopaxi
2014-12-21,14,True,C,7,Additional,National,Ecuador,Riobamba,Chimborazo
2014-12-21,15,True,C,15,Additional,National,Ecuador,Ibarra,Imbabura
2014-12-21,16,True,C,3,Additional,National,Ecuador,Santo Domingo,Santo Domingo de los Tsachilas
2014-12-21,17,True,C,12,Additional,National,Ecuador,Quito,Pichincha
2014-12-21,18,True,B,16,Additional,National,Ecuador,Quito,Pichincha
2014-12-21,19,True,C,15,Additional,National,Ecuador,Guaranda,Bolivar
2014-12-21,20,True,B,6,Additional,National,Ecuador,Quito,Pichincha
2014-12-21,21,True,B,6,Additional,National,Ecuador,Santo Domingo,Santo Domingo de los Tsachilas
2014-12-21,22,True,C,7,Additional,National,Ecuador,Puyo,Pastaza
2014-12-21,23,True,D,9,Additional,National,Ecuador,Ambato,Tungurahua
2014-12-21,24,True,D,1,Additional,National,Ecuador,Guayaquil,Guayas
2014-12-21,25,True,D,1,Additional,National,Ecuador,Salinas,Santa Elena
2014-12-21,26,True,D,10,Additional,National,Ecuador,Guayaquil,Guayas
2014-12-21,27,True,D,1,Additional,National,Ecuador,Daule,Guayas
2014-12-21,28,True,E,10,Additional,National,Ecuador,Guayaquil,Guayas
2014-12-21,29,True,E,10,Additional,National,Ecuador,Guayaquil,Guayas
2014-12-21,30,True,C,3,Additional,National,Ecuador,Guayaquil,Guayas
2014-12-21,31,True,B,10,Additional,National,Ecuador,Babahoyo,Los Rios
2014-12-21,32,True,C,3,Additional,National,Ecuador,Guayaquil,Guayas
2014-12-21,33,True,C,3,Additional,National,Ecuador,Quevedo,Los Rios
2014-12-21,34,True,B,6,Additional,National,Ecuador,Guayaquil,Guayas
2014-12-21,35,True,C,3,Additional,National,Ecuador,Playas,Guayas
2014-12-21,36,True,E,10,Additional,National,Ecuador,Libertad,Guayas
2014-12-21,37,True,D,2,Additional,National,Ecuador,Cuenca,Azuay
2014-12-21,38,True,D,4,Additional,National,Ecuador,Loja,Loja
2014-12-21,39,True,B,6,Additional,National,Ecuador,Cuenca,Azuay
2014-12-21,40,True,C,3,Additional,National,Ecuador,Machala,El Oro
2014-12-21,41,True,D,4,Additional,National,Ecuador,Machala,El Oro
2014-12-21,42,True,D,2,Additional,National,Ecuador,Cuenca,Azuay
2014-12-21,43,True,E,10,Additional,National,Ecuador,Esmeraldas,Esmeraldas
2014-12-21,44,True,A,5,Additional,National,Ecuador,Quito,Pichincha
2014-12-21,45,True,A,11,Additional,National,Ecuador,Quito,Pichincha
2014-12-21,46,True,A,14,Additional,National,Ecuador,Quito,Pichincha
2014-12-21,47,True,A,14,Additional,National,Ecuador,Quito,Pichincha
2014-12-21,48,True,A,14,Additional,National,Ecuador,Quito,Pichincha
2014-12-21,49,True,A,11,Additional,National,Ecuador,Quito,Pichincha
2014-12-21,50,True,A,14,Additional,National,Ecuador,Ambato,Tungurahua
2014-12-21,51,True,A,17,Additional,National,Ecuador,Guayaquil,Guayas
2014-12-21,52,True,A,11,Additional,National,Ecuador,Manta,Manabi
2014-12-21,53,True,D,13,Additional,National,Ecuador,Manta,Manabi
2014-12-21,54,True,C,3,Additional,National,Ecuador,El Carmen,Manabi
2014-12-22,1,True,D,13,Additional,National,Ecuador,Quito,Pichincha
2014-12-22,2,True,D,13,Additional,National,Ecuador,Quito,Pichincha
2014-12-22,3,True,D,8,Additional,National,Ecuador,Quito,Pichincha
2014-12-22,4,True,D,9,Additional,National,Ecuador,Quito,Pichincha
2014-12-22,5,True,D,4,Additional,National,Ecuador,Santo Domingo,Santo Domingo de los Tsachilas
2014-12-22,6,True,D,13,Additional,National,Ecuador,Quito,Pichincha
2014-12-22,7,True,D,8,Additional,National,Ecuador,Quito,Pichincha
2014-12-22,8,True,D,8,Additional,National,Ecuador,Quito,Pichincha
2014-12-22,9,True,B,6,Additional,National,Ecuador,Quito,Pichincha
2014-12-22,10,True,C,15,Additional,National,Ecuador,Quito,Pichincha
2014-12-22,11,True,B,6,Additional,National,Ecuador,Cayambe,Pichincha
2014-12-22,12,True,C,15,Additional,National,Ecuador,Latacunga,Cotopaxi
2014-12-22,13,True,C,15,Additional,National,Ecuador,Latacunga,Cotopaxi
2014-12-22,14,True,C,7,Additional,National,Ecuador,Riobamba,Chimborazo
2014-12-22,15,True,C,15,Additional,National,Ecuador,Ibarra,Imbabura
2014-12-22,16,True,C,3,Additional,National,Ecuador,Santo Domingo,Santo Domingo de los Tsachilas
2014-12-22,17,True,C,12,Additional,National,Ecuador,Quito,Pichincha
2014-12-22,18,True,B,16,Additional,National,Ecuador,Quito,Pichincha
2014-12-22,19,True,C,15,Additional,National,Ecuador,Guaranda,Bolivar
2014-12-22,20,True,B,6,Additional,National,Ecuador,Quito,Pichincha
2014-12-22,21,True,B,6,Additional,National,Ecuador,Santo Domingo,Santo Domingo de los Tsachilas
2014-12-22,22,True,C,7,Additional,National,Ecuador,Puyo,Pastaza
2014-12-22,23,True,D,9,Additional,National,Ecuador,Ambato,Tungurahua
2014-12-22,24,True,D,1,Additional,National,Ecuador,Guayaquil,Guayas
2014-12-22,25,True,D,1,Additional,National,Ecuador,Salinas,Santa Elena
2014-12-22,26,True,D,10,Additional,National,Ecuador,Guayaquil,Guayas
2014-12-22,27,True,D,1,Additional,National,Ecuador,Daule,Guayas
2014-12-22,28,True,E,10,Additional,National,Ecuador,Guayaquil,Guayas
2014-12-22,29,True,E,10,Additional,National,Ecuador,Guayaquil,Guayas
2014-12-22,30,True,C,3,Additional,National,Ecuador,Guayaquil,Guayas
2014-12-22,31,True,B,10,Additional,National,Ecuador,Babahoyo,Los Rios
2014-12-22,32,True,C,3,Additional,National,Ecuador,Guayaquil,Guayas
2014-12-22,33,True,C,3,Additional,National,Ecuador,Quevedo,Los Rios
2014-12-22,34,True,B,6,Additional,National,Ecuador,Guayaquil,Guayas
2014-12-22,35,True,C,3,Additional,National,Ecuador,Playas,Guayas
2014-12-22,36,True,E,10,Additional,National,Ecuador,Libertad,Guayas
2014-12-22,37,True,D,2,Additional,National,Ecuador,Cuenca,Azuay
2014-12-22,38,True,D,4,Additional,National,Ecuador,Loja,Loja
2014-12-22,39,True,B,6,Additional,National,Ecuador,Cuenca,Azuay
2014-12-22,40,True,C,3,Additional,National,Ecuador,Machala,El Oro
2014-12-22,41,True,D,4,Additional,National,Ecuador,Machala,El Oro
2014-12-22,42,True,D,2,Additional,National,Ecuador,Cuenca,Azuay
2014-12-22,43,True,E,10,Additional,National,Ecuador,Esmeraldas,Esmeraldas
2014-12-22,44,True,A,5,Additional,National,Ecuador,Quito,Pichincha
2014-12-22,45,True,A,11,Additional,National,Ecuador,Quito,Pichincha
2014-12-22,46,True,A,14,Additional,National,Ecuador,Quito,Pichincha
2014-12-22,47,True,A,14,Additional,National,Ecuador,Quito,Pichincha
2014-12-22,48,True,A,14,Additional,National,Ecuador,Quito,Pichincha
2014-12-22,49,True,A,11,Additional,National,Ecuador,Quito,Pichincha
2014-12-22,50,True,A,14,Additional,National,Ecuador,Ambato,Tungurahua
2014-12-22,51,True,A,17,Additional,National,Ecuador,Guayaquil,Guayas
2014-12-22,52,True,A,11,Additional,National,Ecuador,Manta,Manabi
2014-12-22,53,True,D,13,Additional,National,Ecuador,Manta,Manabi
2014-12-22,54,True,C,3,Additional,National,Ecuador,El Carmen,Manabi
2014-12-23,1,True,D,13,Additional,National,Ecuador,Quito,Pichincha
2014-12-23,2,True,D,13,Additional,National,Ecuador,Quito,Pichincha
2014-12-23,3,True,D,8,Additional,National,Ecuador,Quito,Pichincha
2014-12-23,4,True,D,9,Additional,National,Ecuador,Quito,Pichincha
2014-12-23,5,True,D,4,Additional,National,Ecuador,Santo Domingo,Santo Domingo de los Tsachilas
2014-12-23,6,True,D,13,Additional,National,Ecuador,Quito,Pichincha
2014-12-23,7,True,D,8,Additional,National,Ecuador,Quito,Pichincha
2014-12-23,8,True,D,8,Additional,National,Ecuador,Quito,Pichincha
2014-12-23,9,True,B,6,Additional,National,Ecuador,Quito,Pichincha
2014-12-23,10,True,C,15,Additional,National,Ecuador,Quito,Pichincha
2014-12-23,11,True,B,6,Additional,National,Ecuador,Cayambe,Pichincha
2014-12-23,12,True,C,15,Additional,National,Ecuador,Latacunga,Cotopaxi
2014-12-23,13,True,C,15,Additional,National,Ecuador,Latacunga,Cotopaxi
2014-12-23,14,True,C,7,Additional,National,Ecuador,Riobamba,Chimborazo
2014-12-23,15,True,C,15,Additional,National,Ecuador,Ibarra,Imbabura
2014-12-23,16,True,C,3,Additional,National,Ecuador,Santo Domingo,Santo Domingo de los Tsachilas
2014-12-23,17,True,C,12,Additional,National,Ecuador,Quito,Pichincha
2014-12-23,18,True,B,16,Additional,National,Ecuador,Quito,Pichincha
2014-12-23,19,True,C,15,Additional,National,Ecuador,Guaranda,Bolivar
2014-12-23,20,True,B,6,Additional,National,Ecuador,Quito,Pichincha
2014-12-23,21,True,B,6,Additional,National,Ecuador,Santo Domingo,Santo Domingo de los Tsachilas
2014-12-23,22,True,C,7,Additional,National,Ecuador,Puyo,Pastaza
2014-12-23,23,True,D,9,Additional,National,Ecuador,Ambato,Tungurahua
2014-12-23,24,True,D,1,Additional,National,Ecuador,Guayaquil,Guayas
2014-12-23,25,True,D,1,Additional,National,Ecuador,Salinas,Santa Elena
2014-12-23,26,True,D,10,Additional,National,Ecuador,Guayaquil,Guayas
2014-12-23,27,True,D,1,Additional,National,Ecuador,Daule,Guayas
2014-12-23,28,True,E,10,Additional,National,Ecuador,Guayaquil,Guayas
2014-12-23,29,True,E,10,Additional,National,Ecuador,Guayaquil,Guayas
2014-12-23,30,True,C,3,Additional,National,Ecuador,Guayaquil,Guayas
2014-12-23,31,True,B,10,Additional,National,Ecuador,Babahoyo,Los Rios
2014-12-23,32,True,C,3,Additional,National,Ecuador,Guayaquil,Guayas
2014-12-23,33,True,C,3,Additional,National,Ecuador,Quevedo,Los Rios
2014-12-23,34,True,B,6,Additional,National,Ecuador,Guayaquil,Guayas
2014-12-23,35,True,C,3,Additional,National,Ecuador,Playas,Guayas
2014-12-23,36,True,E,10,Additional,National,Ecuador,Libertad,Guayas
2014-12-23,37,True,D,2,Additional,National,Ecuador,Cuenca,Azuay
2014-12-23,38,True,D,4,Additional,National,Ecuador,Loja,Loja
2014-12-23,39,True,B,6,Additional,National,Ecuador,Cuenca,Azuay
2014-12-23,40,True,C,3,Additional,National,Ecuador,Machala,El Oro
2014-12-23,41,True,D,4,Additional,National,Ecuador,Machala,El Oro
2014-12-23,42,True,D,2,Additional,National,Ecuador,Cuenca,Azuay
2014-12-23,43,True,E,10,Additional,National,Ecuador,Esmeraldas,Esmeraldas
2014-12-23,44,True,A,5,Additional,National,Ecuador,Quito,Pichincha
2014-12-23,45,True,A,11,Additional,National,Ecuador,Quito,Pichincha
2014-12-23,46,True,A,14,Additional,National,Ecuador,Quito,Pichincha
2014-12-23,47,True,A,14,Additional,National,Ecuador,Quito,Pichincha
2014-12-23,48,True,A,14,Additional,National,Ecuador,Quito,Pichincha
2014-12-23,49,True,A,11,Additional,National,Ecuador,Quito,Pichincha
2014-12-23,50,True,A,14,Additional,National,Ecuador,Ambato,Tungurahua
2014-12-23,51,True,A,17,Additional,National,Ecuador,Guayaquil,Guayas
2014-12-23,52,True,A,11,Additional,National,Ecuador,Manta,Manabi
2014-12-23,53,True,D,13,Additional,National,Ecuador,Manta,Manabi
2014-12-23,54,True,C,3,Additional,National,Ecuador,El Carmen,Manabi
2014-12-24,1,True,D,13,Additional,National,Ecuador,Quito,Pichincha
2014-12-24,2,True,D,13,Additional,National,Ecuador,Quito,Pichincha
2014-12-24,3,True,D,8,Additional,National,Ecuador,Quito,Pichincha
2014-12-24,4,True,D,9,Additional,National,Ecuador,Quito,Pichincha
2014-12-24,5,True,D,4,Additional,National,Ecuador,Santo Domingo,Santo Domingo de los Tsachilas
2014-12-24,6,True,D,13,Additional,National,Ecuador,Quito,Pichincha
2014-12-24,7,True,D,8,Additional,National,Ecuador,Quito,Pichincha
2014-12-24,8,True,D,8,Additional,National,Ecuador,Quito,Pichincha
2014-12-24,9,True,B,6,Additional,National,Ecuador,Quito,Pichincha
2014-12-24,10,True,C,15,Additional,National,Ecuador,Quito,Pichincha
2014-12-24,11,True,B,6,Additional,National,Ecuador,Cayambe,Pichincha
2014-12-24,12,True,C,15,Additional,National,Ecuador,Latacunga,Cotopaxi
2014-12-24,13,True,C,15,Additional,National,Ecuador,Latacunga,Cotopaxi
2014-12-24,14,True,C,7,Additional,National,Ecuador,Riobamba,Chimborazo
2014-12-24,15,True,C,15,Additional,National,Ecuador,Ibarra,Imbabura
2014-12-24,16,True,C,3,Additional,National,Ecuador,Santo Domingo,Santo Domingo de los Tsachilas
2014-12-24,17,True,C,12,Additional,National,Ecuador,Quito,Pichincha
2014-12-24,18,True,B,16,Additional,National,Ecuador,Quito,Pichincha
2014-12-24,19,True,C,15,Additional,National,Ecuador,Guaranda,Bolivar
2014-12-24,20,True,B,6,Additional,National,Ecuador,Quito,Pichincha
2014-12-24,21,True,B,6,Additional,National,Ecuador,Santo Domingo,Santo Domingo de los Tsachilas
2014-12-24,22,True,C,7,Additional,National,Ecuador,Puyo,Pastaza
2014-12-24,23,True,D,9,Additional,National,Ecuador,Ambato,Tungurahua
2014-12-24,24,True,D,1,Additional,National,Ecuador,Guayaquil,Guayas
2014-12-24,25,True,D,1,Additional,National,Ecuador,Salinas,Santa Elena
2014-12-24,26,True,D,10,Additional,National,Ecuador,Guayaquil,Guayas
2014-12-24,27,True,D,1,Additional,National,Ecuador,Daule,Guayas
2014-12-24,28,True,E,10,Additional,National,Ecuador,Guayaquil,Guayas
2014-12-24,29,True,E,10,Additional,National,Ecuador,Guayaquil,Guayas
2014-12-24,30,True,C,3,Additional,National,Ecuador,Guayaquil,Guayas
2014-12-24,31,True,B,10,Additional,National,Ecuador,Babahoyo,Los Rios
2014-12-24,32,True,C,3,Additional,National,Ecuador,Guayaquil,Guayas
2014-12-24,33,True,C,3,Additional,National,Ecuador,Quevedo,Los Rios
2014-12-24,34,True,B,6,Additional,National,Ecuador,Guayaquil,Guayas
2014-12-24,35,True,C,3,Additional,National,Ecuador,Playas,Guayas
2014-12-24,36,True,E,10,Additional,National,Ecuador,Libertad,Guayas
2014-12-24,37,True,D,2,Additional,National,Ecuador,Cuenca,Azuay
2014-12-24,38,True,D,4,Additional,National,Ecuador,Loja,Loja
2014-12-24,39,True,B,6,Additional,National,Ecuador,Cuenca,Azuay
2014-12-24,40,True,C,3,Additional,National,Ecuador,Machala,El Oro
2014-12-24,41,True,D,4,Additional,National,Ecuador,Machala,El Oro
2014-12-24,42,True,D,2,Additional,National,Ecuador,Cuenca,Azuay
2014-12-24,43,True,E,10,Additional,National,Ecuador,Esmeraldas,Esmeraldas
2014-12-24,44,True,A,5,Additional,National,Ecuador,Quito,Pichincha
2014-12-24,45,True,A,11,Additional,National,Ecuador,Quito,Pichincha
2014-12-24,46,True,A,14,Additional,National,Ecuador,Quito,Pichincha
2014-12-24,47,True,A,14,Additional,National,Ecuador,Quito,Pichincha
2014-12-24,48,True,A,14,Additional,National,Ecuador,Quito,Pichincha
2014-12-24,49,True,A,11,Additional,National,Ecuador,Quito,Pichincha
2014-12-24,50,True,A,14,Additional,National,Ecuador,Ambato,Tungurahua
2014-12-24,51,True,A,17,Additional,National,Ecuador,Guayaquil,Guayas
2014-12-24,52,True,A,11,Additional,National,Ecuador,Manta,Manabi
2014-12-24,53,True,D,13,Additional,National,Ecuador,Manta,Manabi
2014-12-24,54,True,C,3,Additional,National,Ecuador,El Carmen,Manabi
2014-12-25,1,True,D,13,Holiday,National,Ecuador,Quito,Pichincha
2014-12-25,2,True,D,13,Holiday,National,Ecuador,Quito,Pichincha
2014-12-25,3,True,D,8,Holiday,National,Ecuador,Quito,Pichincha
2014-12-25,4,True,D,9,Holiday,National,Ecuador,Quito,Pichincha
2014-12-25,5,True,D,4,Holiday,National,Ecuador,Santo Domingo,Santo Domingo de los Tsachilas
2014-12-25,6,True,D,13,Holiday,National,Ecuador,Quito,Pichincha
2014-12-25,7,True,D,8,Holiday,National,Ecuador,Quito,Pichincha
2014-12-25,8,True,D,8,Holiday,National,Ecuador,Quito,Pichincha
2014-12-25,9,True,B,6,Holiday,National,Ecuador,Quito,Pichincha
2014-12-25,10,True,C,15,Holiday,National,Ecuador,Quito,Pichincha
2014-12-25,11,True,B,6,Holiday,National,Ecuador,Cayambe,Pichincha
2014-12-25,12,True,C,15,Holiday,National,Ecuador,Latacunga,Cotopaxi
2014-12-25,13,True,C,15,Holiday,National,Ecuador,Latacunga,Cotopaxi
2014-12-25,14,True,C,7,Holiday,National,Ecuador,Riobamba,Chimborazo
2014-12-25,15,True,C,15,Holiday,National,Ecuador,Ibarra,Imbabura
2014-12-25,16,True,C,3,Holiday,National,Ecuador,Santo Domingo,Santo Domingo de los Tsachilas
2014-12-25,17,True,C,12,Holiday,National,Ecuador,Quito,Pichincha
2014-12-25,18,True,B,16,Holiday,National,Ecuador,Quito,Pichincha
2014-12-25,19,True,C,15,Holiday,National,Ecuador,Guaranda,Bolivar
2014-12-25,20,True,B,6,Holiday,National,Ecuador,Quito,Pichincha
2014-12-25,21,True,B,6,Holiday,National,Ecuador,Santo Domingo,Santo Domingo de los Tsachilas
2014-12-25,22,True,C,7,Holiday,National,Ecuador,Puyo,Pastaza
2014-12-25,23,True,D,9,Holiday,National,Ecuador,Ambato,Tungurahua
2014-12-25,24,True,D,1,Holiday,National,Ecuador,Guayaquil,Guayas
2014-12-25,25,True,D,1,Holiday,National,Ecuador,Salinas,Santa Elena
2014-12-25,26,True,D,10,Holiday,National,Ecuador,Guayaquil,Guayas
2014-12-25,27,True,D,1,Holiday,National,Ecuador,Daule,Guayas
2014-12-25,28,True,E,10,Holiday,National,Ecuador,Guayaquil,Guayas
2014-12-25,29,True,E,10,Holiday,National,Ecuador,Guayaquil,Guayas
2014-12-25,30,True,C,3,Holiday,National,Ecuador,Guayaquil,Guayas
2014-12-25,31,True,B,10,Holiday,National,Ecuador,Babahoyo,Los Rios
2014-12-25,32,True,C,3,Holiday,National,Ecuador,Guayaquil,Guayas
2014-12-25,33,True,C,3,Holiday,National,Ecuador,Quevedo,Los Rios
2014-12-25,34,True,B,6,Holiday,National,Ecuador,Guayaquil,Guayas
2014-12-25,35,True,C,3,Holiday,National,Ecuador,Playas,Guayas
2014-12-25,36,True,E,10,Holiday,National,Ecuador,Libertad,Guayas
2014-12-25,37,True,D,2,Holiday,National,Ecuador,Cuenca,Azuay
2014-12-25,38,True,D,4,Holiday,National,Ecuador,Loja,Loja
2014-12-25,39,True,B,6,Holiday,National,Ecuador,Cuenca,Azuay
2014-12-25,40,True,C,3,Holiday,National,Ecuador,Machala,El Oro
2014-12-25,41,True,D,4,Holiday,National,Ecuador,Machala,El Oro
2014-12-25,42,True,D,2,Holiday,National,Ecuador,Cuenca,Azuay
2014-12-25,43,True,E,10,Holiday,National,Ecuador,Esmeraldas,Esmeraldas
2014-12-25,44,True,A,5,Holiday,National,Ecuador,Quito,Pichincha
2014-12-25,45,True,A,11,Holiday,National,Ecuador,Quito,Pichincha
2014-12-25,46,True,A,14,Holiday,National,Ecuador,Quito,Pichincha
2014-12-25,47,True,A,14,Holiday,National,Ecuador,Quito,Pichincha
2014-12-25,48,True,A,14,Holiday,National,Ecuador,Quito,Pichincha
2014-12-25,49,True,A,11,Holiday,National,Ecuador,Quito,Pichincha
2014-12-25,50,True,A,14,Holiday,National,Ecuador,Ambato,Tungurahua
2014-12-25,51,True,A,17,Holiday,National,Ecuador,Guayaquil,Guayas
2014-12-25,52,True,A,11,Holiday,National,Ecuador,Manta,Manabi
2014-12-25,53,True,D,13,Holiday,National,Ecuador,Manta,Manabi
2014-12-25,54,True,C,3,Holiday,National,Ecuador,El Carmen,Manabi
2014-12-26,1,True,D,13,Bridge,National,Ecuador,Quito,Pichincha
2014-12-26,2,True,D,13,Bridge,National,Ecuador,Quito,Pichincha
2014-12-26,3,True,D,8,Bridge,National,Ecuador,Quito,Pichincha
2014-12-26,4,True,D,9,Bridge,National,Ecuador,Quito,Pichincha
2014-12-26,5,True,D,4,Bridge,National,Ecuador,Santo Domingo,Santo Domingo de los Tsachilas
2014-12-26,6,True,D,13,Bridge,National,Ecuador,Quito,Pichincha
2014-12-26,7,True,D,8,Bridge,National,Ecuador,Quito,Pichincha
2014-12-26,8,True,D,8,Bridge,National,Ecuador,Quito,Pichincha
2014-12-26,9,True,B,6,Bridge,National,Ecuador,Quito,Pichincha
2014-12-26,10,True,C,15,Bridge,National,Ecuador,Quito,Pichincha
2014-12-26,11,True,B,6,Bridge,National,Ecuador,Cayambe,Pichincha
2014-12-26,12,True,C,15,Bridge,National,Ecuador,Latacunga,Cotopaxi
2014-12-26,13,True,C,15,Bridge,National,Ecuador,Latacunga,Cotopaxi
2014-12-26,14,True,C,7,Bridge,National,Ecuador,Riobamba,Chimborazo
2014-12-26,15,True,C,15,Bridge,National,Ecuador,Ibarra,Imbabura
2014-12-26,16,True,C,3,Bridge,National,Ecuador,Santo Domingo,Santo Domingo de los Tsachilas
2014-12-26,17,True,C,12,Bridge,National,Ecuador,Quito,Pichincha
2014-12-26,18,True,B,16,Bridge,National,Ecuador,Quito,Pichincha
2014-12-26,19,True,C,15,Bridge,National,Ecuador,Guaranda,Bolivar
2014-12-26,20,True,B,6,Bridge,National,Ecuador,Quito,Pichincha
2014-12-26,21,True,B,6,Bridge,National,Ecuador,Santo Domingo,Santo Domingo de los Tsachilas
2014-12-26,22,True,C,7,Bridge,National,Ecuador,Puyo,Pastaza
2014-12-26,23,True,D,9,Bridge,National,Ecuador,Ambato,Tungurahua
2014-12-26,24,True,D,1,Bridge,National,Ecuador,Guayaquil,Guayas
2014-12-26,25,True,D,1,Bridge,National,Ecuador,Salinas,Santa Elena
2014-12-26,26,True,D,10,Bridge,National,Ecuador,Guayaquil,Guayas
2014-12-26,27,True,D,1,Bridge,National,Ecuador,Daule,Guayas
2014-12-26,28,True,E,10,Bridge,National,Ecuador,Guayaquil,Guayas
2014-12-26,29,True,E,10,Bridge,National,Ecuador,Guayaquil,Guayas
2014-12-26,30,True,C,3,Bridge,National,Ecuador,Guayaquil,Guayas
2014-12-26,31,True,B,10,Bridge,National,Ecuador,Babahoyo,Los Rios
2014-12-26,32,True,C,3,Bridge,National,Ecuador,Guayaquil,Guayas
2014-12-26,33,True,C,3,Bridge,National,Ecuador,Quevedo,Los Rios
2014-12-26,34,True,B,6,Bridge,National,Ecuador,Guayaquil,Guayas
2014-12-26,35,True,C,3,Bridge,National,Ecuador,Playas,Guayas
2014-12-26,36,True,E,10,Bridge,National,Ecuador,Libertad,Guayas
2014-12-26,37,True,D,2,Bridge,National,Ecuador,Cuenca,Azuay
2014-12-26,38,True,D,4,Bridge,National,Ecuador,Loja,Loja
2014-12-26,39,True,B,6,Bridge,National,Ecuador,Cuenca,Azuay
2014-12-26,40,True,C,3,Bridge,National,Ecuador,Machala,El Oro
2014-12-26,41,True,D,4,Bridge,National,Ecuador,Machala,El Oro
2014-12-26,42,True,D,2,Bridge,National,Ecuador,Cuenca,Azuay
2014-12-26,43,True,E,10,Bridge,National,Ecuador,Esmeraldas,Esmeraldas
2014-12-26,44,True,A,5,Bridge,National,Ecuador,Quito,Pichincha
2014-12-26,45,True,A,11,Bridge,National,Ecuador,Quito,Pichincha
2014-12-26,46,True,A,14,Bridge,National,Ecuador,Quito,Pichincha
2014-12-26,47,True,A,14,Bridge,National,Ecuador,Quito,Pichincha
2014-12-26,48,True,A,14,Bridge,National,Ecuador,Quito,Pichincha
2014-12-26,49,True,A,11,Bridge,National,Ecuador,Quito,Pichincha
2014-12-26,50,True,A,14,Bridge,National,Ecuador,Ambato,Tungurahua
2014-12-26,51,True,A,17,Bridge,National,Ecuador,Guayaquil,Guayas
2014-12-26,52,True,A,11,Bridge,National,Ecuador,Manta,Manabi
2014-12-26,53,True,D,13,Bridge,National,Ecuador,Manta,Manabi
2014-12-26,54,True,C,3,Bridge,National,Ecuador,El Carmen,Manabi
2014-12-26,1,True,D,13,Additional,National,Ecuador,Quito,Pichincha
2014-12-26,2,True,D,13,Additional,National,Ecuador,Quito,Pichincha
2014-12-26,3,True,D,8,Additional,National,Ecuador,Quito,Pichincha
2014-12-26,4,True,D,9,Additional,National,Ecuador,Quito,Pichincha
2014-12-26,5,True,D,4,Additional,National,Ecuador,Santo Domingo,Santo Domingo de los Tsachilas
2014-12-26,6,True,D,13,Additional,National,Ecuador,Quito,Pichincha
2014-12-26,7,True,D,8,Additional,National,Ecuador,Quito,Pichincha
2014-12-26,8,True,D,8,Additional,National,Ecuador,Quito,Pichincha
2014-12-26,9,True,B,6,Additional,National,Ecuador,Quito,Pichincha
2014-12-26,10,True,C,15,Additional,National,Ecuador,Quito,Pichincha
2014-12-26,11,True,B,6,Additional,National,Ecuador,Cayambe,Pichincha
2014-12-26,12,True,C,15,Additional,National,Ecuador,Latacunga,Cotopaxi
2014-12-26,13,True,C,15,Additional,National,Ecuador,Latacunga,Cotopaxi
2014-12-26,14,True,C,7,Additional,National,Ecuador,Riobamba,Chimborazo
2014-12-26,15,True,C,15,Additional,National,Ecuador,Ibarra,Imbabura
2014-12-26,16,True,C,3,Additional,National,Ecuador,Santo Domingo,Santo Domingo de los Tsachilas
2014-12-26,17,True,C,12,Additional,National,Ecuador,Quito,Pichincha
2014-12-26,18,True,B,16,Additional,National,Ecuador,Quito,Pichincha
2014-12-26,19,True,C,15,Additional,National,Ecuador,Guaranda,Bolivar
2014-12-26,20,True,B,6,Additional,National,Ecuador,Quito,Pichincha
2014-12-26,21,True,B,6,Additional,National,Ecuador,Santo Domingo,Santo Domingo de los Tsachilas
2014-12-26,22,True,C,7,Additional,National,Ecuador,Puyo,Pastaza
2014-12-26,23,True,D,9,Additional,National,Ecuador,Ambato,Tungurahua
2014-12-26,24,True,D,1,Additional,National,Ecuador,Guayaquil,Guayas
2014-12-26,25,True,D,1,Additional,National,Ecuador,Salinas,Santa Elena
2014-12-26,26,True,D,10,Additional,National,Ecuador,Guayaquil,Guayas
2014-12-26,27,True,D,1,Additional,National,Ecuador,Daule,Guayas
2014-12-26,28,True,E,10,Additional,National,Ecuador,Guayaquil,Guayas
2014-12-26,29,True,E,10,Additional,National,Ecuador,Guayaquil,Guayas
2014-12-26,30,True,C,3,Additional,National,Ecuador,Guayaquil,Guayas
2014-12-26,31,True,B,10,Additional,National,Ecuador,Babahoyo,Los Rios
2014-12-26,32,True,C,3,Additional,National,Ecuador,Guayaquil,Guayas
2014-12-26,33,True,C,3,Additional,National,Ecuador,Quevedo,Los Rios
2014-12-26,34,True,B,6,Additional,National,Ecuador,Guayaquil,Guayas
2014-12-26,35,True,C,3,Additional,National,Ecuador,Playas,Guayas
2014-12-26,36,True,E,10,Additional,National,Ecuador,Libertad,Guayas
2014-12-26,37,True,D,2,Additional,National,Ecuador,Cuenca,Azuay
2014-12-26,38,True,D,4,Additional,National,Ecuador,Loja,Loja
2014-12-26,39,True,B,6,Additional,National,Ecuador,Cuenca,Azuay
2014-12-26,40,True,C,3,Additional,National,Ecuador,Machala,El Oro
2014-12-26,41,True,D,4,Additional,National,Ecuador,Machala,El Oro
2014-12-26,42,True,D,2,Additional,National,Ecuador,Cuenca,Azuay
2014-12-26,43,True,E,10,Additional,National,Ecuador,Esmeraldas,Esmeraldas
2014-12-26,44,True,A,5,Additional,National,Ecuador,Quito,Pichincha
2014-12-26,45,True,A,11,Additional,National,Ecuador,Quito,Pichincha
2014-12-26,46,True,A,14,Additional,National,Ecuador,Quito,Pichincha
2014-12-26,47,True,A,14,Additional,National,Ecuador,Quito,Pichincha
2014-12-26,48,True,A,14,Additional,National,Ecuador,Quito,Pichincha
2014-12-26,49,True,A,11,Additional,National,Ecuador,Quito,Pichincha
2014-12-26,50,True,A,14,Additional,National,Ecuador,Ambato,Tungurahua
2014-12-26,51,True,A,17,Additional,National,Ecuador,Guayaquil,Guayas
2014-12-26,52,True,A,11,Additional,National,Ecuador,Manta,Manabi
2014-12-26,53,True,D,13,Additional,National,Ecuador,Manta,Manabi
2014-12-26,54,True,C,3,Additional,National,Ecuador,El Carmen,Manabi
2014-12-31,1,True,D,13,Additional,National,Ecuador,Quito,Pichincha
2014-12-31,2,True,D,13,Additional,National,Ecuador,Quito,Pichincha
2014-12-31,3,True,D,8,Additional,National,Ecuador,Quito,Pichincha
2014-12-31,4,True,D,9,Additional,National,Ecuador,Quito,Pichincha
2014-12-31,5,True,D,4,Additional,National,Ecuador,Santo Domingo,Santo Domingo de los Tsachilas
2014-12-31,6,True,D,13,Additional,National,Ecuador,Quito,Pichincha
2014-12-31,7,True,D,8,Additional,National,Ecuador,Quito,Pichincha
2014-12-31,8,True,D,8,Additional,National,Ecuador,Quito,Pichincha
2014-12-31,9,True,B,6,Additional,National,Ecuador,Quito,Pichincha
2014-12-31,10,True,C,15,Additional,National,Ecuador,Quito,Pichincha
2014-12-31,11,True,B,6,Additional,National,Ecuador,Cayambe,Pichincha
2014-12-31,12,True,C,15,Additional,National,Ecuador,Latacunga,Cotopaxi
2014-12-31,13,True,C,15,Additional,National,Ecuador,Latacunga,Cotopaxi
2014-12-31,14,True,C,7,Additional,National,Ecuador,Riobamba,Chimborazo
2014-12-31,15,True,C,15,Additional,National,Ecuador,Ibarra,Imbabura
2014-12-31,16,True,C,3,Additional,National,Ecuador,Santo Domingo,Santo Domingo de los Tsachilas
2014-12-31,17,True,C,12,Additional,National,Ecuador,Quito,Pichincha
2014-12-31,18,True,B,16,Additional,National,Ecuador,Quito,Pichincha
2014-12-31,19,True,C,15,Additional,National,Ecuador,Guaranda,Bolivar
2014-12-31,20,True,B,6,Additional,National,Ecuador,Quito,Pichincha
2014-12-31,21,True,B,6,Additional,National,Ecuador,Santo Domingo,Santo Domingo de los Tsachilas
2014-12-31,22,True,C,7,Additional,National,Ecuador,Puyo,Pastaza
2014-12-31,23,True,D,9,Additional,National,Ecuador,Ambato,Tungurahua
2014-12-31,24,True,D,1,Additional,National,Ecuador,Guayaquil,Guayas
2014-12-31,25,True,D,1,Additional,National,Ecuador,Salinas,Santa Elena
2014-12-31,26,True,D,10,Additional,National,Ecuador,Guayaquil,Guayas
2014-12-31,27,True,D,1,Additional,National,Ecuador,Daule,Guayas
2014-12-31,28,True,E,10,Additional,National,Ecuador,Guayaquil,Guayas
2014-12-31,29,True,E,10,Additional,National,Ecuador,Guayaquil,Guayas
2014-12-31,30,True,C,3,Additional,National,Ecuador,Guayaquil,Guayas
2014-12-31,31,True,B,10,Additional,National,Ecuador,Babahoyo,Los Rios
2014-12-31,32,True,C,3,Additional,National,Ecuador,Guayaquil,Guayas
2014-12-31,33,True,C,3,Additional,National,Ecuador,Quevedo,Los Rios
2014-12-31,34,True,B,6,Additional,National,Ecuador,Guayaquil,Guayas
2014-12-31,35,True,C,3,Additional,National,Ecuador,Playas,Guayas
2014-12-31,36,True,E,10,Additional,National,Ecuador,Libertad,Guayas
2014-12-31,37,True,D,2,Additional,National,Ecuador,Cuenca,Azuay
2014-12-31,38,True,D,4,Additional,National,Ecuador,Loja,Loja
2014-12-31,39,True,B,6,Additional,National,Ecuador,Cuenca,Azuay
2014-12-31,40,True,C,3,Additional,National,Ecuador,Machala,El Oro
2014-12-31,41,True,D,4,Additional,National,Ecuador,Machala,El Oro
2014-12-31,42,True,D,2,Additional,National,Ecuador,Cuenca,Azuay
2014-12-31,43,True,E,10,Additional,National,Ecuador,Esmeraldas,Esmeraldas
2014-12-31,44,True,A,5,Additional,National,Ecuador,Quito,Pichincha
2014-12-31,45,True,A,11,Additional,National,Ecuador,Quito,Pichincha
2014-12-31,46,True,A,14,Additional,National,Ecuador,Quito,Pichincha
2014-12-31,47,True,A,14,Additional,National,Ecuador,Quito,Pichincha
2014-12-31,48,True,A,14,Additional,National,Ecuador,Quito,Pichincha
2014-12-31,49,True,A,11,Additional,National,Ecuador,Quito,Pichincha
2014-12-31,50,True,A,14,Additional,National,Ecuador,Ambato,Tungurahua
2014-12-31,51,True,A,17,Additional,National,Ecuador,Guayaquil,Guayas
2014-12-31,52,True,A,11,Additional,National,Ecuador,Manta,Manabi
2014-12-31,53,True,D,13,Additional,National,Ecuador,Manta,Manabi
2014-12-31,54,True,C,3,Additional,National,Ecuador,El Carmen,Manabi
2015-01-01,1,True,D,13,Holiday,National,Ecuador,Quito,Pichincha
2015-01-01,2,True,D,13,Holiday,National,Ecuador,Quito,Pichincha
2015-01-01,3,True,D,8,Holiday,National,Ecuador,Quito,Pichincha
2015-01-01,4,True,D,9,Holiday,National,Ecuador,Quito,Pichincha
2015-01-01,5,True,D,4,Holiday,National,Ecuador,Santo Domingo,Santo Domingo de los Tsachilas
2015-01-01,6,True,D,13,Holiday,National,Ecuador,Quito,Pichincha
2015-01-01,7,True,D,8,Holiday,National,Ecuador,Quito,Pichincha
2015-01-01,8,True,D,8,Holiday,National,Ecuador,Quito,Pichincha
2015-01-01,9,True,B,6,Holiday,National,Ecuador,Quito,Pichincha
2015-01-01,10,True,C,15,Holiday,National,Ecuador,Quito,Pichincha
2015-01-01,11,True,B,6,Holiday,National,Ecuador,Cayambe,Pichincha
2015-01-01,12,True,C,15,Holiday,National,Ecuador,Latacunga,Cotopaxi
2015-01-01,13,True,C,15,Holiday,National,Ecuador,Latacunga,Cotopaxi
2015-01-01,14,True,C,7,Holiday,National,Ecuador,Riobamba,Chimborazo
2015-01-01,15,True,C,15,Holiday,National,Ecuador,Ibarra,Imbabura
2015-01-01,16,True,C,3,Holiday,National,Ecuador,Santo Domingo,Santo Domingo de los Tsachilas
2015-01-01,17,True,C,12,Holiday,National,Ecuador,Quito,Pichincha
2015-01-01,18,True,B,16,Holiday,National,Ecuador,Quito,Pichincha
2015-01-01,19,True,C,15,Holiday,National,Ecuador,Guaranda,Bolivar
2015-01-01,20,True,B,6,Holiday,National,Ecuador,Quito,Pichincha
2015-01-01,21,True,B,6,Holiday,National,Ecuador,Santo Domingo,Santo Domingo de los Tsachilas
2015-01-01,22,True,C,7,Holiday,National,Ecuador,Puyo,Pastaza
2015-01-01,23,True,D,9,Holiday,National,Ecuador,Ambato,Tungurahua
2015-01-01,24,True,D,1,Holiday,National,Ecuador,Guayaquil,Guayas
2015-01-01,25,True,D,1,Holiday,National,Ecuador,Salinas,Santa Elena
2015-01-01,26,True,D,10,Holiday,National,Ecuador,Guayaquil,Guayas
2015-01-01,27,True,D,1,Holiday,National,Ecuador,Daule,Guayas
2015-01-01,28,True,E,10,Holiday,National,Ecuador,Guayaquil,Guayas
2015-01-01,29,True,E,10,Holiday,National,Ecuador,Guayaquil,Guayas
2015-01-01,30,True,C,3,Holiday,National,Ecuador,Guayaquil,Guayas
2015-01-01,31,True,B,10,Holiday,National,Ecuador,Babahoyo,Los Rios
2015-01-01,32,True,C,3,Holiday,National,Ecuador,Guayaquil,Guayas
2015-01-01,33,True,C,3,Holiday,National,Ecuador,Quevedo,Los Rios
2015-01-01,34,True,B,6,Holiday,National,Ecuador,Guayaquil,Guayas
2015-01-01,35,True,C,3,Holiday,National,Ecuador,Playas,Guayas
2015-01-01,36,True,E,10,Holiday,National,Ecuador,Libertad,Guayas
2015-01-01,37,True,D,2,Holiday,National,Ecuador,Cuenca,Azuay
2015-01-01,38,True,D,4,Holiday,National,Ecuador,Loja,Loja
2015-01-01,39,True,B,6,Holiday,National,Ecuador,Cuenca,Azuay
2015-01-01,40,True,C,3,Holiday,National,Ecuador,Machala,El Oro
2015-01-01,41,True,D,4,Holiday,National,Ecuador,Machala,El Oro
2015-01-01,42,True,D,2,Holiday,National,Ecuador,Cuenca,Azuay
2015-01-01,43,True,E,10,Holiday,National,Ecuador,Esmeraldas,Esmeraldas
2015-01-01,44,True,A,5,Holiday,National,Ecuador,Quito,Pichincha
2015-01-01,45,True,A,11,Holiday,National,Ecuador,Quito,Pichincha
2015-01-01,46,True,A,14,Holiday,National,Ecuador,Quito,Pichincha
2015-01-01,47,True,A,14,Holiday,National,Ecuador,Quito,Pichincha
2015-01-01,48,True,A,14,Holiday,National,Ecuador,Quito,Pichincha
2015-01-01,49,True,A,11,Holiday,National,Ecuador,Quito,Pichincha
2015-01-01,50,True,A,14,Holiday,National,Ecuador,Ambato,Tungurahua
2015-01-01,51,True,A,17,Holiday,National,Ecuador,Guayaquil,Guayas
2015-01-01,52,True,A,11,Holiday,National,Ecuador,Manta,Manabi
2015-01-01,53,True,D,13,Holiday,National,Ecuador,Manta,Manabi
2015-01-01,54,True,C,3,Holiday,National,Ecuador,El Carmen,Manabi
2015-01-02,1,True,D,13,Bridge,National,Ecuador,Quito,Pichincha
2015-01-02,2,True,D,13,Bridge,National,Ecuador,Quito,Pichincha
2015-01-02,3,True,D,8,Bridge,National,Ecuador,Quito,Pichincha
2015-01-02,4,True,D,9,Bridge,National,Ecuador,Quito,Pichincha
2015-01-02,5,True,D,4,Bridge,National,Ecuador,Santo Domingo,Santo Domingo de los Tsachilas
2015-01-02,6,True,D,13,Bridge,National,Ecuador,Quito,Pichincha
2015-01-02,7,True,D,8,Bridge,National,Ecuador,Quito,Pichincha
2015-01-02,8,True,D,8,Bridge,National,Ecuador,Quito,Pichincha
2015-01-02,9,True,B,6,Bridge,National,Ecuador,Quito,Pichincha
2015-01-02,10,True,C,15,Bridge,National,Ecuador,Quito,Pichincha
2015-01-02,11,True,B,6,Bridge,National,Ecuador,Cayambe,Pichincha
2015-01-02,12,True,C,15,Bridge,National,Ecuador,Latacunga,Cotopaxi
2015-01-02,13,True,C,15,Bridge,National,Ecuador,Latacunga,Cotopaxi
2015-01-02,14,True,C,7,Bridge,National,Ecuador,Riobamba,Chimborazo
2015-01-02,15,True,C,15,Bridge,National,Ecuador,Ibarra,Imbabura
2015-01-02,16,True,C,3,Bridge,National,Ecuador,Santo Domingo,Santo Domingo de los Tsachilas
2015-01-02,17,True,C,12,Bridge,National,Ecuador,Quito,Pichincha
2015-01-02,18,True,B,16,Bridge,National,Ecuador,Quito,Pichincha
2015-01-02,19,True,C,15,Bridge,National,Ecuador,Guaranda,Bolivar
2015-01-02,20,True,B,6,Bridge,National,Ecuador,Quito,Pichincha
2015-01-02,21,True,B,6,Bridge,National,Ecuador,Santo Domingo,Santo Domingo de los Tsachilas
2015-01-02,22,True,C,7,Bridge,National,Ecuador,Puyo,Pastaza
2015-01-02,23,True,D,9,Bridge,National,Ecuador,Ambato,Tungurahua
2015-01-02,24,True,D,1,Bridge,National,Ecuador,Guayaquil,Guayas
2015-01-02,25,True,D,1,Bridge,National,Ecuador,Salinas,Santa Elena
2015-01-02,26,True,D,10,Bridge,National,Ecuador,Guayaquil,Guayas
2015-01-02,27,True,D,1,Bridge,National,Ecuador,Daule,Guayas
2015-01-02,28,True,E,10,Bridge,National,Ecuador,Guayaquil,Guayas
2015-01-02,29,True,E,10,Bridge,National,Ecuador,Guayaquil,Guayas
2015-01-02,30,True,C,3,Bridge,National,Ecuador,Guayaquil,Guayas
2015-01-02,31,True,B,10,Bridge,National,Ecuador,Babahoyo,Los Rios
2015-01-02,32,True,C,3,Bridge,National,Ecuador,Guayaquil,Guayas
2015-01-02,33,True,C,3,Bridge,National,Ecuador,Quevedo,Los Rios
2015-01-02,34,True,B,6,Bridge,National,Ecuador,Guayaquil,Guayas
2015-01-02,35,True,C,3,Bridge,National,Ecuador,Playas,Guayas
2015-01-02,36,True,E,10,Bridge,National,Ecuador,Libertad,Guayas
2015-01-02,37,True,D,2,Bridge,National,Ecuador,Cuenca,Azuay
2015-01-02,38,True,D,4,Bridge,National,Ecuador,Loja,Loja
2015-01-02,39,True,B,6,Bridge,National,Ecuador,Cuenca,Azuay
2015-01-02,40,True,C,3,Bridge,National,Ecuador,Machala,El Oro
2015-01-02,41,True,D,4,Bridge,National,Ecuador,Machala,El Oro
2015-01-02,42,True,D,2,Bridge,National,Ecuador,Cuenca,Azuay
2015-01-02,43,True,E,10,Bridge,National,Ecuador,Esmeraldas,Esmeraldas
2015-01-02,44,True,A,5,Bridge,National,Ecuador,Quito,Pichincha
2015-01-02,45,True,A,11,Bridge,National,Ecuador,Quito,Pichincha
2015-01-02,46,True,A,14,Bridge,National,Ecuador,Quito,Pichincha
2015-01-02,47,True,A,14,Bridge,National,Ecuador,Quito,Pichincha
2015-01-02,48,True,A,14,Bridge,National,Ecuador,Quito,Pichincha
2015-01-02,49,True,A,11,Bridge,National,Ecuador,Quito,Pichincha
2015-01-02,50,True,A,14,Bridge,National,Ecuador,Ambato,Tungurahua
2015-01-02,51,True,A,17,Bridge,National,Ecuador,Guayaquil,Guayas
2015-01-02,52,True,A,11,Bridge,National,Ecuador,Manta,Manabi
2015-01-02,53,True,D,13,Bridge,National,Ecuador,Manta,Manabi
2015-01-02,54,True,C,3,Bridge,National,Ecuador,El Carmen,Manabi
2015-01-10,1,False,D,13,Work Day,National,Ecuador,Quito,Pichincha
2015-01-10,2,False,D,13,Work Day,National,Ecuador,Quito,Pichincha
2015-01-10,3,False,D,8,Work Day,National,Ecuador,Quito,Pichincha
2015-01-10,4,False,D,9,Work Day,National,Ecuador,Quito,Pichincha
2015-01-10,5,False,D,4,Work Day,National,Ecuador,Santo Domingo,Santo Domingo de los Tsachilas
2015-01-10,6,False,D,13,Work Day,National,Ecuador,Quito,Pichincha
2015-01-10,7,False,D,8,Work Day,National,Ecuador,Quito,Pichincha
2015-01-10,8,False,D,8,Work Day,National,Ecuador,Quito,Pichincha
2015-01-10,9,False,B,6,Work Day,National,Ecuador,Quito,Pichincha
2015-01-10,10,False,C,15,Work Day,National,Ecuador,Quito,Pichincha
2015-01-10,11,False,B,6,Work Day,National,Ecuador,Cayambe,Pichincha
2015-01-10,12,False,C,15,Work Day,National,Ecuador,Latacunga,Cotopaxi
2015-01-10,13,False,C,15,Work Day,National,Ecuador,Latacunga,Cotopaxi
2015-01-10,14,False,C,7,Work Day,National,Ecuador,Riobamba,Chimborazo
2015-01-10,15,False,C,15,Work Day,National,Ecuador,Ibarra,Imbabura
2015-01-10,16,False,C,3,Work Day,National,Ecuador,Santo Domingo,Santo Domingo de los Tsachilas
2015-01-10,17,False,C,12,Work Day,National,Ecuador,Quito,Pichincha
2015-01-10,18,False,B,16,Work Day,National,Ecuador,Quito,Pichincha
2015-01-10,19,False,C,15,Work Day,National,Ecuador,Guaranda,Bolivar
2015-01-10,20,False,B,6,Work Day,National,Ecuador,Quito,Pichincha
2015-01-10,21,False,B,6,Work Day,National,Ecuador,Santo Domingo,Santo Domingo de los Tsachilas
2015-01-10,22,False,C,7,Work Day,National,Ecuador,Puyo,Pastaza
2015-01-10,23,False,D,9,Work Day,National,Ecuador,Ambato,Tungurahua
2015-01-10,24,False,D,1,Work Day,National,Ecuador,Guayaquil,Guayas
2015-01-10,25,False,D,1,Work Day,National,Ecuador,Salinas,Santa Elena
2015-01-10,26,False,D,10,Work Day,National,Ecuador,Guayaquil,Guayas
2015-01-10,27,False,D,1,Work Day,National,Ecuador,Daule,Guayas
2015-01-10,28,False,E,10,Work Day,National,Ecuador,Guayaquil,Guayas
2015-01-10,29,False,E,10,Work Day,National,Ecuador,Guayaquil,Guayas
2015-01-10,30,False,C,3,Work Day,National,Ecuador,Guayaquil,Guayas
2015-01-10,31,False,B,10,Work Day,National,Ecuador,Babahoyo,Los Rios
2015-01-10,32,False,C,3,Work Day,National,Ecuador,Guayaquil,Guayas
2015-01-10,33,False,C,3,Work Day,National,Ecuador,Quevedo,Los Rios
2015-01-10,34,False,B,6,Work Day,National,Ecuador,Guayaquil,Guayas
2015-01-10,35,False,C,3,Work Day,National,Ecuador,Playas,Guayas
2015-01-10,36,False,E,10,Work Day,National,Ecuador,Libertad,Guayas
2015-01-10,37,False,D,2,Work Day,National,Ecuador,Cuenca,Azuay
2015-01-10,38,False,D,4,Work Day,National,Ecuador,Loja,Loja
2015-01-10,39,False,B,6,Work Day,National,Ecuador,Cuenca,Azuay
2015-01-10,40,False,C,3,Work Day,National,Ecuador,Machala,El Oro
2015-01-10,41,False,D,4,Work Day,National,Ecuador,Machala,El Oro
2015-01-10,42,False,D,2,Work Day,National,Ecuador,Cuenca,Azuay
2015-01-10,43,False,E,10,Work Day,National,Ecuador,Esmeraldas,Esmeraldas
2015-01-10,44,False,A,5,Work Day,National,Ecuador,Quito,Pichincha
2015-01-10,45,False,A,11,Work Day,National,Ecuador,Quito,Pichincha
2015-01-10,46,False,A,14,Work Day,National,Ecuador,Quito,Pichincha
2015-01-10,47,False,A,14,Work Day,National,Ecuador,Quito,Pichincha
2015-01-10,48,False,A,14,Work Day,National,Ecuador,Quito,Pichincha
2015-01-10,49,False,A,11,Work Day,National,Ecuador,Quito,Pichincha
2015-01-10,50,False,A,14,Work Day,National,Ecuador,Ambato,Tungurahua
2015-01-10,51,False,A,17,Work Day,National,Ecuador,Guayaquil,Guayas
2015-01-10,52,False,A,11,Work Day,National,Ecuador,Manta,Manabi
2015-01-10,53,False,D,13,Work Day,National,Ecuador,Manta,Manabi
2015-01-10,54,False,C,3,Work Day,National,Ecuador,El Carmen,Manabi
2015-02-16,1,True,D,13,Holiday,National,Ecuador,Quito,Pichincha
2015-02-16,2,True,D,13,Holiday,National,Ecuador,Quito,Pichincha
2015-02-16,3,True,D,8,Holiday,National,Ecuador,Quito,Pichincha
2015-02-16,4,True,D,9,Holiday,National,Ecuador,Quito,Pichincha
2015-02-16,5,True,D,4,Holiday,National,Ecuador,Santo Domingo,Santo Domingo de los Tsachilas
2015-02-16,6,True,D,13,Holiday,National,Ecuador,Quito,Pichincha
2015-02-16,7,True,D,8,Holiday,National,Ecuador,Quito,Pichincha
2015-02-16,8,True,D,8,Holiday,National,Ecuador,Quito,Pichincha
2015-02-16,9,True,B,6,Holiday,National,Ecuador,Quito,Pichincha
2015-02-16,10,True,C,15,Holiday,National,Ecuador,Quito,Pichincha
2015-02-16,11,True,B,6,Holiday,National,Ecuador,Cayambe,Pichincha
2015-02-16,12,True,C,15,Holiday,National,Ecuador,Latacunga,Cotopaxi
2015-02-16,13,True,C,15,Holiday,National,Ecuador,Latacunga,Cotopaxi
2015-02-16,14,True,C,7,Holiday,National,Ecuador,Riobamba,Chimborazo
2015-02-16,15,True,C,15,Holiday,National,Ecuador,Ibarra,Imbabura
2015-02-16,16,True,C,3,Holiday,National,Ecuador,Santo Domingo,Santo Domingo de los Tsachilas
2015-02-16,17,True,C,12,Holiday,National,Ecuador,Quito,Pichincha
2015-02-16,18,True,B,16,Holiday,National,Ecuador,Quito,Pichincha
2015-02-16,19,True,C,15,Holiday,National,Ecuador,Guaranda,Bolivar
2015-02-16,20,True,B,6,Holiday,National,Ecuador,Quito,Pichincha
2015-02-16,21,True,B,6,Holiday,National,Ecuador,Santo Domingo,Santo Domingo de los Tsachilas
2015-02-16,22,True,C,7,Holiday,National,Ecuador,Puyo,Pastaza
2015-02-16,23,True,D,9,Holiday,National,Ecuador,Ambato,Tungurahua
2015-02-16,24,True,D,1,Holiday,National,Ecuador,Guayaquil,Guayas
2015-02-16,25,True,D,1,Holiday,National,Ecuador,Salinas,Santa Elena
2015-02-16,26,True,D,10,Holiday,National,Ecuador,Guayaquil,Guayas
2015-02-16,27,True,D,1,Holiday,National,Ecuador,Daule,Guayas
2015-02-16,28,True,E,10,Holiday,National,Ecuador,Guayaquil,Guayas
2015-02-16,29,True,E,10,Holiday,National,Ecuador,Guayaquil,Guayas
2015-02-16,30,True,C,3,Holiday,National,Ecuador,Guayaquil,Guayas
2015-02-16,31,True,B,10,Holiday,National,Ecuador,Babahoyo,Los Rios
2015-02-16,32,True,C,3,Holiday,National,Ecuador,Guayaquil,Guayas
2015-02-16,33,True,C,3,Holiday,National,Ecuador,Quevedo,Los Rios
2015-02-16,34,True,B,6,Holiday,National,Ecuador,Guayaquil,Guayas
2015-02-16,35,True,C,3,Holiday,National,Ecuador,Playas,Guayas
2015-02-16,36,True,E,10,Holiday,National,Ecuador,Libertad,Guayas
2015-02-16,37,True,D,2,Holiday,National,Ecuador,Cuenca,Azuay
2015-02-16,38,True,D,4,Holiday,National,Ecuador,Loja,Loja
2015-02-16,39,True,B,6,Holiday,National,Ecuador,Cuenca,Azuay
2015-02-16,40,True,C,3,Holiday,National,Ecuador,Machala,El Oro
2015-02-16,41,True,D,4,Holiday,National,Ecuador,Machala,El Oro
2015-02-16,42,True,D,2,Holiday,National,Ecuador,Cuenca,Azuay
2015-02-16,43,True,E,10,Holiday,National,Ecuador,Esmeraldas,Esmeraldas
2015-02-16,44,True,A,5,Holiday,National,Ecuador,Quito,Pichincha
2015-02-16,45,True,A,11,Holiday,National,Ecuador,Quito,Pichincha
2015-02-16,46,True,A,14,Holiday,National,Ecuador,Quito,Pichincha
2015-02-16,47,True,A,14,Holiday,National,Ecuador,Quito,Pichincha
2015-02-16,48,True,A,14,Holiday,National,Ecuador,Quito,Pichincha
2015-02-16,49,True,A,11,Holiday,National,Ecuador,Quito,Pichincha
2015-02-16,50,True,A,14,Holiday,National,Ecuador,Ambato,Tungurahua
2015-02-16,51,True,A,17,Holiday,National,Ecuador,Guayaquil,Guayas
2015-02-16,52,True,A,11,Holiday,National,Ecuador,Manta,Manabi
2015-02-16,53,True,D,13,Holiday,National,Ecuador,Manta,Manabi
2015-02-16,54,True,C,3,Holiday,National,Ecuador,El Carmen,Manabi
2015-02-17,1,True,D,13,Holiday,National,Ecuador,Quito,Pichincha
2015-02-17,2,True,D,13,Holiday,National,Ecuador,Quito,Pichincha
2015-02-17,3,True,D,8,Holiday,National,Ecuador,Quito,Pichincha
2015-02-17,4,True,D,9,Holiday,National,Ecuador,Quito,Pichincha
2015-02-17,5,True,D,4,Holiday,National,Ecuador,Santo Domingo,Santo Domingo de los Tsachilas
2015-02-17,6,True,D,13,Holiday,National,Ecuador,Quito,Pichincha
2015-02-17,7,True,D,8,Holiday,National,Ecuador,Quito,Pichincha
2015-02-17,8,True,D,8,Holiday,National,Ecuador,Quito,Pichincha
2015-02-17,9,True,B,6,Holiday,National,Ecuador,Quito,Pichincha
2015-02-17,10,True,C,15,Holiday,National,Ecuador,Quito,Pichincha
2015-02-17,11,True,B,6,Holiday,National,Ecuador,Cayambe,Pichincha
2015-02-17,12,True,C,15,Holiday,National,Ecuador,Latacunga,Cotopaxi
2015-02-17,13,True,C,15,Holiday,National,Ecuador,Latacunga,Cotopaxi
2015-02-17,14,True,C,7,Holiday,National,Ecuador,Riobamba,Chimborazo
2015-02-17,15,True,C,15,Holiday,National,Ecuador,Ibarra,Imbabura
2015-02-17,16,True,C,3,Holiday,National,Ecuador,Santo Domingo,Santo Domingo de los Tsachilas
2015-02-17,17,True,C,12,Holiday,National,Ecuador,Quito,Pichincha
2015-02-17,18,True,B,16,Holiday,National,Ecuador,Quito,Pichincha
2015-02-17,19,True,C,15,Holiday,National,Ecuador,Guaranda,Bolivar
2015-02-17,20,True,B,6,Holiday,National,Ecuador,Quito,Pichincha
2015-02-17,21,True,B,6,Holiday,National,Ecuador,Santo Domingo,Santo Domingo de los Tsachilas
2015-02-17,22,True,C,7,Holiday,National,Ecuador,Puyo,Pastaza
2015-02-17,23,True,D,9,Holiday,National,Ecuador,Ambato,Tungurahua
2015-02-17,24,True,D,1,Holiday,National,Ecuador,Guayaquil,Guayas
2015-02-17,25,True,D,1,Holiday,National,Ecuador,Salinas,Santa Elena
2015-02-17,26,True,D,10,Holiday,National,Ecuador,Guayaquil,Guayas
2015-02-17,27,True,D,1,Holiday,National,Ecuador,Daule,Guayas
2015-02-17,28,True,E,10,Holiday,National,Ecuador,Guayaquil,Guayas
2015-02-17,29,True,E,10,Holiday,National,Ecuador,Guayaquil,Guayas
2015-02-17,30,True,C,3,Holiday,National,Ecuador,Guayaquil,Guayas
2015-02-17,31,True,B,10,Holiday,National,Ecuador,Babahoyo,Los Rios
2015-02-17,32,True,C,3,Holiday,National,Ecuador,Guayaquil,Guayas
2015-02-17,33,True,C,3,Holiday,National,Ecuador,Quevedo,Los Rios
2015-02-17,34,True,B,6,Holiday,National,Ecuador,Guayaquil,Guayas
2015-02-17,35,True,C,3,Holiday,National,Ecuador,Playas,Guayas
2015-02-17,36,True,E,10,Holiday,National,Ecuador,Libertad,Guayas
2015-02-17,37,True,D,2,Holiday,National,Ecuador,Cuenca,Azuay
2015-02-17,38,True,D,4,Holiday,National,Ecuador,Loja,Loja
2015-02-17,39,True,B,6,Holiday,National,Ecuador,Cuenca,Azuay
2015-02-17,40,True,C,3,Holiday,National,Ecuador,Machala,El Oro
2015-02-17,41,True,D,4,Holiday,National,Ecuador,Machala,El Oro
2015-02-17,42,True,D,2,Holiday,National,Ecuador,Cuenca,Azuay
2015-02-17,43,True,E,10,Holiday,National,Ecuador,Esmeraldas,Esmeraldas
2015-02-17,44,True,A,5,Holiday,National,Ecuador,Quito,Pichincha
2015-02-17,45,True,A,11,Holiday,National,Ecuador,Quito,Pichincha
2015-02-17,46,True,A,14,Holiday,National,Ecuador,Quito,Pichincha
2015-02-17,47,True,A,14,Holiday,National,Ecuador,Quito,Pichincha
2015-02-17,48,True,A,14,Holiday,National,Ecuador,Quito,Pichincha
2015-02-17,49,True,A,11,Holiday,National,Ecuador,Quito,Pichincha
2015-02-17,50,True,A,14,Holiday,National,Ecuador,Ambato,Tungurahua
2015-02-17,51,True,A,17,Holiday,National,Ecuador,Guayaquil,Guayas
2015-02-17,52,True,A,11,Holiday,National,Ecuador,Manta,Manabi
2015-02-17,53,True,D,13,Holiday,National,Ecuador,Manta,Manabi
2015-02-17,54,True,C,3,Holiday,National,Ecuador,El Carmen,Manabi
2015-04-03,1,True,D,13,Holiday,National,Ecuador,Quito,Pichincha
2015-04-03,2,True,D,13,Holiday,National,Ecuador,Quito,Pichincha
2015-04-03,3,True,D,8,Holiday,National,Ecuador,Quito,Pichincha
2015-04-03,4,True,D,9,Holiday,National,Ecuador,Quito,Pichincha
2015-04-03,5,True,D,4,Holiday,National,Ecuador,Santo Domingo,Santo Domingo de los Tsachilas
2015-04-03,6,True,D,13,Holiday,National,Ecuador,Quito,Pichincha
2015-04-03,7,True,D,8,Holiday,National,Ecuador,Quito,Pichincha
2015-04-03,8,True,D,8,Holiday,National,Ecuador,Quito,Pichincha
2015-04-03,9,True,B,6,Holiday,National,Ecuador,Quito,Pichincha
2015-04-03,10,True,C,15,Holiday,National,Ecuador,Quito,Pichincha
2015-04-03,11,True,B,6,Holiday,National,Ecuador,Cayambe,Pichincha
2015-04-03,12,True,C,15,Holiday,National,Ecuador,Latacunga,Cotopaxi
2015-04-03,13,True,C,15,Holiday,National,Ecuador,Latacunga,Cotopaxi
2015-04-03,14,True,C,7,Holiday,National,Ecuador,Riobamba,Chimborazo
2015-04-03,15,True,C,15,Holiday,National,Ecuador,Ibarra,Imbabura
2015-04-03,16,True,C,3,Holiday,National,Ecuador,Santo Domingo,Santo Domingo de los Tsachilas
2015-04-03,17,True,C,12,Holiday,National,Ecuador,Quito,Pichincha
2015-04-03,18,True,B,16,Holiday,National,Ecuador,Quito,Pichincha
2015-04-03,19,True,C,15,Holiday,National,Ecuador,Guaranda,Bolivar
2015-04-03,20,True,B,6,Holiday,National,Ecuador,Quito,Pichincha
2015-04-03,21,True,B,6,Holiday,National,Ecuador,Santo Domingo,Santo Domingo de los Tsachilas
2015-04-03,22,True,C,7,Holiday,National,Ecuador,Puyo,Pastaza
2015-04-03,23,True,D,9,Holiday,National,Ecuador,Ambato,Tungurahua
2015-04-03,24,True,D,1,Holiday,National,Ecuador,Guayaquil,Guayas
2015-04-03,25,True,D,1,Holiday,National,Ecuador,Salinas,Santa Elena
2015-04-03,26,True,D,10,Holiday,National,Ecuador,Guayaquil,Guayas
2015-04-03,27,True,D,1,Holiday,National,Ecuador,Daule,Guayas
2015-04-03,28,True,E,10,Holiday,National,Ecuador,Guayaquil,Guayas
2015-04-03,29,True,E,10,Holiday,National,Ecuador,Guayaquil,Guayas
2015-04-03,30,True,C,3,Holiday,National,Ecuador,Guayaquil,Guayas
2015-04-03,31,True,B,10,Holiday,National,Ecuador,Babahoyo,Los Rios
2015-04-03,32,True,C,3,Holiday,National,Ecuador,Guayaquil,Guayas
2015-04-03,33,True,C,3,Holiday,National,Ecuador,Quevedo,Los Rios
2015-04-03,34,True,B,6,Holiday,National,Ecuador,Guayaquil,Guayas
2015-04-03,35,True,C,3,Holiday,National,Ecuador,Playas,Guayas
2015-04-03,36,True,E,10,Holiday,National,Ecuador,Libertad,Guayas
2015-04-03,37,True,D,2,Holiday,National,Ecuador,Cuenca,Azuay
2015-04-03,38,True,D,4,Holiday,National,Ecuador,Loja,Loja
2015-04-03,39,True,B,6,Holiday,National,Ecuador,Cuenca,Azuay
2015-04-03,40,True,C,3,Holiday,National,Ecuador,Machala,El Oro
2015-04-03,41,True,D,4,Holiday,National,Ecuador,Machala,El Oro
2015-04-03,42,True,D,2,Holiday,National,Ecuador,Cuenca,Azuay
2015-04-03,43,True,E,10,Holiday,National,Ecuador,Esmeraldas,Esmeraldas
2015-04-03,44,True,A,5,Holiday,National,Ecuador,Quito,Pichincha
2015-04-03,45,True,A,11,Holiday,National,Ecuador,Quito,Pichincha
2015-04-03,46,True,A,14,Holiday,National,Ecuador,Quito,Pichincha
2015-04-03,47,True,A,14,Holiday,National,Ecuador,Quito,Pichincha
2015-04-03,48,True,A,14,Holiday,National,Ecuador,Quito,Pichincha
2015-04-03,49,True,A,11,Holiday,National,Ecuador,Quito,Pichincha
2015-04-03,50,True,A,14,Holiday,National,Ecuador,Ambato,Tungurahua
2015-04-03,51,True,A,17,Holiday,National,Ecuador,Guayaquil,Guayas
2015-04-03,52,True,A,11,Holiday,National,Ecuador,Manta,Manabi
2015-04-03,53,True,D,13,Holiday,National,Ecuador,Manta,Manabi
2015-04-03,54,True,C,3,Holiday,National,Ecuador,El Carmen,Manabi
2015-05-01,1,True,D,13,Holiday,National,Ecuador,Quito,Pichincha
2015-05-01,2,True,D,13,Holiday,National,Ecuador,Quito,Pichincha
2015-05-01,3,True,D,8,Holiday,National,Ecuador,Quito,Pichincha
2015-05-01,4,True,D,9,Holiday,National,Ecuador,Quito,Pichincha
2015-05-01,5,True,D,4,Holiday,National,Ecuador,Santo Domingo,Santo Domingo de los Tsachilas
2015-05-01,6,True,D,13,Holiday,National,Ecuador,Quito,Pichincha
2015-05-01,7,True,D,8,Holiday,National,Ecuador,Quito,Pichincha
2015-05-01,8,True,D,8,Holiday,National,Ecuador,Quito,Pichincha
2015-05-01,9,True,B,6,Holiday,National,Ecuador,Quito,Pichincha
2015-05-01,10,True,C,15,Holiday,National,Ecuador,Quito,Pichincha
2015-05-01,11,True,B,6,Holiday,National,Ecuador,Cayambe,Pichincha
2015-05-01,12,True,C,15,Holiday,National,Ecuador,Latacunga,Cotopaxi
2015-05-01,13,True,C,15,Holiday,National,Ecuador,Latacunga,Cotopaxi
2015-05-01,14,True,C,7,Holiday,National,Ecuador,Riobamba,Chimborazo
2015-05-01,15,True,C,15,Holiday,National,Ecuador,Ibarra,Imbabura
2015-05-01,16,True,C,3,Holiday,National,Ecuador,Santo Domingo,Santo Domingo de los Tsachilas
2015-05-01,17,True,C,12,Holiday,National,Ecuador,Quito,Pichincha
2015-05-01,18,True,B,16,Holiday,National,Ecuador,Quito,Pichincha
2015-05-01,19,True,C,15,Holiday,National,Ecuador,Guaranda,Bolivar
2015-05-01,20,True,B,6,Holiday,National,Ecuador,Quito,Pichincha
2015-05-01,21,True,B,6,Holiday,National,Ecuador,Santo Domingo,Santo Domingo de los Tsachilas
2015-05-01,22,True,C,7,Holiday,National,Ecuador,Puyo,Pastaza
2015-05-01,23,True,D,9,Holiday,National,Ecuador,Ambato,Tungurahua
2015-05-01,24,True,D,1,Holiday,National,Ecuador,Guayaquil,Guayas
2015-05-01,25,True,D,1,Holiday,National,Ecuador,Salinas,Santa Elena
2015-05-01,26,True,D,10,Holiday,National,Ecuador,Guayaquil,Guayas
2015-05-01,27,True,D,1,Holiday,National,Ecuador,Daule,Guayas
2015-05-01,28,True,E,10,Holiday,National,Ecuador,Guayaquil,Guayas
2015-05-01,29,True,E,10,Holiday,National,Ecuador,Guayaquil,Guayas
2015-05-01,30,True,C,3,Holiday,National,Ecuador,Guayaquil,Guayas
2015-05-01,31,True,B,10,Holiday,National,Ecuador,Babahoyo,Los Rios
2015-05-01,32,True,C,3,Holiday,National,Ecuador,Guayaquil,Guayas
2015-05-01,33,True,C,3,Holiday,National,Ecuador,Quevedo,Los Rios
2015-05-01,34,True,B,6,Holiday,National,Ecuador,Guayaquil,Guayas
2015-05-01,35,True,C,3,Holiday,National,Ecuador,Playas,Guayas
2015-05-01,36,True,E,10,Holiday,National,Ecuador,Libertad,Guayas
2015-05-01,37,True,D,2,Holiday,National,Ecuador,Cuenca,Azuay
2015-05-01,38,True,D,4,Holiday,National,Ecuador,Loja,Loja
2015-05-01,39,True,B,6,Holiday,National,Ecuador,Cuenca,Azuay
2015-05-01,40,True,C,3,Holiday,National,Ecuador,Machala,El Oro
2015-05-01,41,True,D,4,Holiday,National,Ecuador,Machala,El Oro
2015-05-01,42,True,D,2,Holiday,National,Ecuador,Cuenca,Azuay
2015-05-01,43,True,E,10,Holiday,National,Ecuador,Esmeraldas,Esmeraldas
2015-05-01,44,True,A,5,Holiday,National,Ecuador,Quito,Pichincha
2015-05-01,45,True,A,11,Holiday,National,Ecuador,Quito,Pichincha
2015-05-01,46,True,A,14,Holiday,National,Ecuador,Quito,Pichincha
2015-05-01,47,True,A,14,Holiday,National,Ecuador,Quito,Pichincha
2015-05-01,48,True,A,14,Holiday,National,Ecuador,Quito,Pichincha
2015-05-01,49,True,A,11,Holiday,National,Ecuador,Quito,Pichincha
2015-05-01,50,True,A,14,Holiday,National,Ecuador,Ambato,Tungurahua
2015-05-01,51,True,A,17,Holiday,National,Ecuador,Guayaquil,Guayas
2015-05-01,52,True,A,11,Holiday,National,Ecuador,Manta,Manabi
2015-05-01,53,True,D,13,Holiday,National,Ecuador,Manta,Manabi
2015-05-01,54,True,C,3,Holiday,National,Ecuador,El Carmen,Manabi
2015-05-09,1,True,D,13,Additional,National,Ecuador,Quito,Pichincha
2015-05-09,2,True,D,13,Additional,National,Ecuador,Quito,Pichincha
2015-05-09,3,True,D,8,Additional,National,Ecuador,Quito,Pichincha
2015-05-09,4,True,D,9,Additional,National,Ecuador,Quito,Pichincha
2015-05-09,5,True,D,4,Additional,National,Ecuador,Santo Domingo,Santo Domingo de los Tsachilas
2015-05-09,6,True,D,13,Additional,National,Ecuador,Quito,Pichincha
2015-05-09,7,True,D,8,Additional,National,Ecuador,Quito,Pichincha
2015-05-09,8,True,D,8,Additional,National,Ecuador,Quito,Pichincha
2015-05-09,9,True,B,6,Additional,National,Ecuador,Quito,Pichincha
2015-05-09,10,True,C,15,Additional,National,Ecuador,Quito,Pichincha
2015-05-09,11,True,B,6,Additional,National,Ecuador,Cayambe,Pichincha
2015-05-09,12,True,C,15,Additional,National,Ecuador,Latacunga,Cotopaxi
2015-05-09,13,True,C,15,Additional,National,Ecuador,Latacunga,Cotopaxi
2015-05-09,14,True,C,7,Additional,National,Ecuador,Riobamba,Chimborazo
2015-05-09,15,True,C,15,Additional,National,Ecuador,Ibarra,Imbabura
2015-05-09,16,True,C,3,Additional,National,Ecuador,Santo Domingo,Santo Domingo de los Tsachilas
2015-05-09,17,True,C,12,Additional,National,Ecuador,Quito,Pichincha
2015-05-09,18,True,B,16,Additional,National,Ecuador,Quito,Pichincha
2015-05-09,19,True,C,15,Additional,National,Ecuador,Guaranda,Bolivar
2015-05-09,20,True,B,6,Additional,National,Ecuador,Quito,Pichincha
2015-05-09,21,True,B,6,Additional,National,Ecuador,Santo Domingo,Santo Domingo de los Tsachilas
2015-05-09,22,True,C,7,Additional,National,Ecuador,Puyo,Pastaza
2015-05-09,23,True,D,9,Additional,National,Ecuador,Ambato,Tungurahua
2015-05-09,24,True,D,1,Additional,National,Ecuador,Guayaquil,Guayas
2015-05-09,25,True,D,1,Additional,National,Ecuador,Salinas,Santa Elena
2015-05-09,26,True,D,10,Additional,National,Ecuador,Guayaquil,Guayas
2015-05-09,27,True,D,1,Additional,National,Ecuador,Daule,Guayas
2015-05-09,28,True,E,10,Additional,National,Ecuador,Guayaquil,Guayas
2015-05-09,29,True,E,10,Additional,National,Ecuador,Guayaquil,Guayas
2015-05-09,30,True,C,3,Additional,National,Ecuador,Guayaquil,Guayas
2015-05-09,31,True,B,10,Additional,National,Ecuador,Babahoyo,Los Rios
2015-05-09,32,True,C,3,Additional,National,Ecuador,Guayaquil,Guayas
2015-05-09,33,True,C,3,Additional,National,Ecuador,Quevedo,Los Rios
2015-05-09,34,True,B,6,Additional,National,Ecuador,Guayaquil,Guayas
2015-05-09,35,True,C,3,Additional,National,Ecuador,Playas,Guayas
2015-05-09,36,True,E,10,Additional,National,Ecuador,Libertad,Guayas
2015-05-09,37,True,D,2,Additional,National,Ecuador,Cuenca,Azuay
2015-05-09,38,True,D,4,Additional,National,Ecuador,Loja,Loja
2015-05-09,39,True,B,6,Additional,National,Ecuador,Cuenca,Azuay
2015-05-09,40,True,C,3,Additional,National,Ecuador,Machala,El Oro
2015-05-09,41,True,D,4,Additional,National,Ecuador,Machala,El Oro
2015-05-09,42,True,D,2,Additional,National,Ecuador,Cuenca,Azuay
2015-05-09,43,True,E,10,Additional,National,Ecuador,Esmeraldas,Esmeraldas
2015-05-09,44,True,A,5,Additional,National,Ecuador,Quito,Pichincha
2015-05-09,45,True,A,11,Additional,National,Ecuador,Quito,Pichincha
2015-05-09,46,True,A,14,Additional,National,Ecuador,Quito,Pichincha
2015-05-09,47,True,A,14,Additional,National,Ecuador,Quito,Pichincha
2015-05-09,48,True,A,14,Additional,National,Ecuador,Quito,Pichincha
2015-05-09,49,True,A,11,Additional,National,Ecuador,Quito,Pichincha
2015-05-09,50,True,A,14,Additional,National,Ecuador,Ambato,Tungurahua
2015-05-09,51,True,A,17,Additional,National,Ecuador,Guayaquil,Guayas
2015-05-09,52,True,A,11,Additional,National,Ecuador,Manta,Manabi
2015-05-09,53,True,D,13,Additional,National,Ecuador,Manta,Manabi
2015-05-09,54,True,C,3,Additional,National,Ecuador,El Carmen,Manabi
2015-05-10,1,True,D,13,Event,National,Ecuador,Quito,Pichincha
2015-05-10,2,True,D,13,Event,National,Ecuador,Quito,Pichincha
2015-05-10,3,True,D,8,Event,National,Ecuador,Quito,Pichincha
2015-05-10,4,True,D,9,Event,National,Ecuador,Quito,Pichincha
2015-05-10,5,True,D,4,Event,National,Ecuador,Santo Domingo,Santo Domingo de los Tsachilas
2015-05-10,6,True,D,13,Event,National,Ecuador,Quito,Pichincha
2015-05-10,7,True,D,8,Event,National,Ecuador,Quito,Pichincha
2015-05-10,8,True,D,8,Event,National,Ecuador,Quito,Pichincha
2015-05-10,9,True,B,6,Event,National,Ecuador,Quito,Pichincha
2015-05-10,10,True,C,15,Event,National,Ecuador,Quito,Pichincha
2015-05-10,11,True,B,6,Event,National,Ecuador,Cayambe,Pichincha
2015-05-10,12,True,C,15,Event,National,Ecuador,Latacunga,Cotopaxi
2015-05-10,13,True,C,15,Event,National,Ecuador,Latacunga,Cotopaxi
2015-05-10,14,True,C,7,Event,National,Ecuador,Riobamba,Chimborazo
2015-05-10,15,True,C,15,Event,National,Ecuador,Ibarra,Imbabura
2015-05-10,16,True,C,3,Event,National,Ecuador,Santo Domingo,Santo Domingo de los Tsachilas
2015-05-10,17,True,C,12,Event,National,Ecuador,Quito,Pichincha
2015-05-10,18,True,B,16,Event,National,Ecuador,Quito,Pichincha
2015-05-10,19,True,C,15,Event,National,Ecuador,Guaranda,Bolivar
2015-05-10,20,True,B,6,Event,National,Ecuador,Quito,Pichincha
2015-05-10,21,True,B,6,Event,National,Ecuador,Santo Domingo,Santo Domingo de los Tsachilas
2015-05-10,22,True,C,7,Event,National,Ecuador,Puyo,Pastaza
2015-05-10,23,True,D,9,Event,National,Ecuador,Ambato,Tungurahua
2015-05-10,24,True,D,1,Event,National,Ecuador,Guayaquil,Guayas
2015-05-10,25,True,D,1,Event,National,Ecuador,Salinas,Santa Elena
2015-05-10,26,True,D,10,Event,National,Ecuador,Guayaquil,Guayas
2015-05-10,27,True,D,1,Event,National,Ecuador,Daule,Guayas
2015-05-10,28,True,E,10,Event,National,Ecuador,Guayaquil,Guayas
2015-05-10,29,True,E,10,Event,National,Ecuador,Guayaquil,Guayas
2015-05-10,30,True,C,3,Event,National,Ecuador,Guayaquil,Guayas
2015-05-10,31,True,B,10,Event,National,Ecuador,Babahoyo,Los Rios
2015-05-10,32,True,C,3,Event,National,Ecuador,Guayaquil,Guayas
2015-05-10,33,True,C,3,Event,National,Ecuador,Quevedo,Los Rios
2015-05-10,34,True,B,6,Event,National,Ecuador,Guayaquil,Guayas
2015-05-10,35,True,C,3,Event,National,Ecuador,Playas,Guayas
2015-05-10,36,True,E,10,Event,National,Ecuador,Libertad,Guayas
2015-05-10,37,True,D,2,Event,National,Ecuador,Cuenca,Azuay
2015-05-10,38,True,D,4,Event,National,Ecuador,Loja,Loja
2015-05-10,39,True,B,6,Event,National,Ecuador,Cuenca,Azuay
2015-05-10,40,True,C,3,Event,National,Ecuador,Machala,El Oro
2015-05-10,41,True,D,4,Event,National,Ecuador,Machala,El Oro
2015-05-10,42,True,D,2,Event,National,Ecuador,Cuenca,Azuay
2015-05-10,43,True,E,10,Event,National,Ecuador,Esmeraldas,Esmeraldas
2015-05-10,44,True,A,5,Event,National,Ecuador,Quito,Pichincha
2015-05-10,45,True,A,11,Event,National,Ecuador,Quito,Pichincha
2015-05-10,46,True,A,14,Event,National,Ecuador,Quito,Pichincha
2015-05-10,47,True,A,14,Event,National,Ecuador,Quito,Pichincha
2015-05-10,48,True,A,14,Event,National,Ecuador,Quito,Pichincha
2015-05-10,49,True,A,11,Event,National,Ecuador,Quito,Pichincha
2015-05-10,50,True,A,14,Event,National,Ecuador,Ambato,Tungurahua
2015-05-10,51,True,A,17,Event,National,Ecuador,Guayaquil,Guayas
2015-05-10,52,True,A,11,Event,National,Ecuador,Manta,Manabi
2015-05-10,53,True,D,13,Event,National,Ecuador,Manta,Manabi
2015-05-10,54,True,C,3,Event,National,Ecuador,El Carmen,Manabi
2015-05-24,1,True,D,13,Holiday,National,Ecuador,Quito,Pichincha
2015-05-24,2,True,D,13,Holiday,National,Ecuador,Quito,Pichincha
2015-05-24,3,True,D,8,Holiday,National,Ecuador,Quito,Pichincha
2015-05-24,4,True,D,9,Holiday,National,Ecuador,Quito,Pichincha
2015-05-24,5,True,D,4,Holiday,National,Ecuador,Santo Domingo,Santo Domingo de los Tsachilas
2015-05-24,6,True,D,13,Holiday,National,Ecuador,Quito,Pichincha
2015-05-24,7,True,D,8,Holiday,National,Ecuador,Quito,Pichincha
2015-05-24,8,True,D,8,Holiday,National,Ecuador,Quito,Pichincha
2015-05-24,9,True,B,6,Holiday,National,Ecuador,Quito,Pichincha
2015-05-24,10,True,C,15,Holiday,National,Ecuador,Quito,Pichincha
2015-05-24,11,True,B,6,Holiday,National,Ecuador,Cayambe,Pichincha
2015-05-24,12,True,C,15,Holiday,National,Ecuador,Latacunga,Cotopaxi
2015-05-24,13,True,C,15,Holiday,National,Ecuador,Latacunga,Cotopaxi
2015-05-24,14,True,C,7,Holiday,National,Ecuador,Riobamba,Chimborazo
2015-05-24,15,True,C,15,Holiday,National,Ecuador,Ibarra,Imbabura
2015-05-24,16,True,C,3,Holiday,National,Ecuador,Santo Domingo,Santo Domingo de los Tsachilas
2015-05-24,17,True,C,12,Holiday,National,Ecuador,Quito,Pichincha
2015-05-24,18,True,B,16,Holiday,National,Ecuador,Quito,Pichincha
2015-05-24,19,True,C,15,Holiday,National,Ecuador,Guaranda,Bolivar
2015-05-24,20,True,B,6,Holiday,National,Ecuador,Quito,Pichincha
2015-05-24,21,True,B,6,Holiday,National,Ecuador,Santo Domingo,Santo Domingo de los Tsachilas
2015-05-24,22,True,C,7,Holiday,National,Ecuador,Puyo,Pastaza
2015-05-24,23,True,D,9,Holiday,National,Ecuador,Ambato,Tungurahua
2015-05-24,24,True,D,1,Holiday,National,Ecuador,Guayaquil,Guayas
2015-05-24,25,True,D,1,Holiday,National,Ecuador,Salinas,Santa Elena
2015-05-24,26,True,D,10,Holiday,National,Ecuador,Guayaquil,Guayas
2015-05-24,27,True,D,1,Holiday,National,Ecuador,Daule,Guayas
2015-05-24,28,True,E,10,Holiday,National,Ecuador,Guayaquil,Guayas
2015-05-24,29,True,E,10,Holiday,National,Ecuador,Guayaquil,Guayas
2015-05-24,30,True,C,3,Holiday,National,Ecuador,Guayaquil,Guayas
2015-05-24,31,True,B,10,Holiday,National,Ecuador,Babahoyo,Los Rios
2015-05-24,32,True,C,3,Holiday,National,Ecuador,Guayaquil,Guayas
2015-05-24,33,True,C,3,Holiday,National,Ecuador,Quevedo,Los Rios
2015-05-24,34,True,B,6,Holiday,National,Ecuador,Guayaquil,Guayas
2015-05-24,35,True,C,3,Holiday,National,Ecuador,Playas,Guayas
2015-05-24,36,True,E,10,Holiday,National,Ecuador,Libertad,Guayas
2015-05-24,37,True,D,2,Holiday,National,Ecuador,Cuenca,Azuay
2015-05-24,38,True,D,4,Holiday,National,Ecuador,Loja,Loja
2015-05-24,39,True,B,6,Holiday,National,Ecuador,Cuenca,Azuay
2015-05-24,40,True,C,3,Holiday,National,Ecuador,Machala,El Oro
2015-05-24,41,True,D,4,Holiday,National,Ecuador,Machala,El Oro
2015-05-24,42,True,D,2,Holiday,National,Ecuador,Cuenca,Azuay
2015-05-24,43,True,E,10,Holiday,National,Ecuador,Esmeraldas,Esmeraldas
2015-05-24,44,True,A,5,Holiday,National,Ecuador,Quito,Pichincha
2015-05-24,45,True,A,11,Holiday,National,Ecuador,Quito,Pichincha
2015-05-24,46,True,A,14,Holiday,National,Ecuador,Quito,Pichincha
2015-05-24,47,True,A,14,Holiday,National,Ecuador,Quito,Pichincha
2015-05-24,48,True,A,14,Holiday,National,Ecuador,Quito,Pichincha
2015-05-24,49,True,A,11,Holiday,National,Ecuador,Quito,Pichincha
2015-05-24,50,True,A,14,Holiday,National,Ecuador,Ambato,Tungurahua
2015-05-24,51,True,A,17,Holiday,National,Ecuador,Guayaquil,Guayas
2015-05-24,52,True,A,11,Holiday,National,Ecuador,Manta,Manabi
2015-05-24,53,True,D,13,Holiday,National,Ecuador,Manta,Manabi
2015-05-24,54,True,C,3,Holiday,National,Ecuador,El Carmen,Manabi
2015-08-10,1,True,D,13,Holiday,National,Ecuador,Quito,Pichincha
2015-08-10,2,True,D,13,Holiday,National,Ecuador,Quito,Pichincha
2015-08-10,3,True,D,8,Holiday,National,Ecuador,Quito,Pichincha
2015-08-10,4,True,D,9,Holiday,National,Ecuador,Quito,Pichincha
2015-08-10,5,True,D,4,Holiday,National,Ecuador,Santo Domingo,Santo Domingo de los Tsachilas
2015-08-10,6,True,D,13,Holiday,National,Ecuador,Quito,Pichincha
2015-08-10,7,True,D,8,Holiday,National,Ecuador,Quito,Pichincha
2015-08-10,8,True,D,8,Holiday,National,Ecuador,Quito,Pichincha
2015-08-10,9,True,B,6,Holiday,National,Ecuador,Quito,Pichincha
2015-08-10,10,True,C,15,Holiday,National,Ecuador,Quito,Pichincha
2015-08-10,11,True,B,6,Holiday,National,Ecuador,Cayambe,Pichincha
2015-08-10,12,True,C,15,Holiday,National,Ecuador,Latacunga,Cotopaxi
2015-08-10,13,True,C,15,Holiday,National,Ecuador,Latacunga,Cotopaxi
2015-08-10,14,True,C,7,Holiday,National,Ecuador,Riobamba,Chimborazo
2015-08-10,15,True,C,15,Holiday,National,Ecuador,Ibarra,Imbabura
2015-08-10,16,True,C,3,Holiday,National,Ecuador,Santo Domingo,Santo Domingo de los Tsachilas
2015-08-10,17,True,C,12,Holiday,National,Ecuador,Quito,Pichincha
2015-08-10,18,True,B,16,Holiday,National,Ecuador,Quito,Pichincha
2015-08-10,19,True,C,15,Holiday,National,Ecuador,Guaranda,Bolivar
2015-08-10,20,True,B,6,Holiday,National,Ecuador,Quito,Pichincha
2015-08-10,21,True,B,6,Holiday,National,Ecuador,Santo Domingo,Santo Domingo de los Tsachilas
2015-08-10,22,True,C,7,Holiday,National,Ecuador,Puyo,Pastaza
2015-08-10,23,True,D,9,Holiday,National,Ecuador,Ambato,Tungurahua
2015-08-10,24,True,D,1,Holiday,National,Ecuador,Guayaquil,Guayas
2015-08-10,25,True,D,1,Holiday,National,Ecuador,Salinas,Santa Elena
2015-08-10,26,True,D,10,Holiday,National,Ecuador,Guayaquil,Guayas
2015-08-10,27,True,D,1,Holiday,National,Ecuador,Daule,Guayas
2015-08-10,28,True,E,10,Holiday,National,Ecuador,Guayaquil,Guayas
2015-08-10,29,True,E,10,Holiday,National,Ecuador,Guayaquil,Guayas
2015-08-10,30,True,C,3,Holiday,National,Ecuador,Guayaquil,Guayas
2015-08-10,31,True,B,10,Holiday,National,Ecuador,Babahoyo,Los Rios
2015-08-10,32,True,C,3,Holiday,National,Ecuador,Guayaquil,Guayas
2015-08-10,33,True,C,3,Holiday,National,Ecuador,Quevedo,Los Rios
2015-08-10,34,True,B,6,Holiday,National,Ecuador,Guayaquil,Guayas
2015-08-10,35,True,C,3,Holiday,National,Ecuador,Playas,Guayas
2015-08-10,36,True,E,10,Holiday,National,Ecuador,Libertad,Guayas
2015-08-10,37,True,D,2,Holiday,National,Ecuador,Cuenca,Azuay
2015-08-10,38,True,D,4,Holiday,National,Ecuador,Loja,Loja
2015-08-10,39,True,B,6,Holiday,National,Ecuador,Cuenca,Azuay
2015-08-10,40,True,C,3,Holiday,National,Ecuador,Machala,El Oro
2015-08-10,41,True,D,4,Holiday,National,Ecuador,Machala,El Oro
2015-08-10,42,True,D,2,Holiday,National,Ecuador,Cuenca,Azuay
2015-08-10,43,True,E,10,Holiday,National,Ecuador,Esmeraldas,Esmeraldas
2015-08-10,44,True,A,5,Holiday,National,Ecuador,Quito,Pichincha
2015-08-10,45,True,A,11,Holiday,National,Ecuador,Quito,Pichincha
2015-08-10,46,True,A,14,Holiday,National,Ecuador,Quito,Pichincha
2015-08-10,47,True,A,14,Holiday,National,Ecuador,Quito,Pichincha
2015-08-10,48,True,A,14,Holiday,National,Ecuador,Quito,Pichincha
2015-08-10,49,True,A,11,Holiday,National,Ecuador,Quito,Pichincha
2015-08-10,50,True,A,14,Holiday,National,Ecuador,Ambato,Tungurahua
2015-08-10,51,True,A,17,Holiday,National,Ecuador,Guayaquil,Guayas
2015-08-10,52,True,A,11,Holiday,National,Ecuador,Manta,Manabi
2015-08-10,53,True,D,13,Holiday,National,Ecuador,Manta,Manabi
2015-08-10,54,True,C,3,Holiday,National,Ecuador,El Carmen,Manabi
2015-10-09,1,True,D,13,Holiday,National,Ecuador,Quito,Pichincha
2015-10-09,2,True,D,13,Holiday,National,Ecuador,Quito,Pichincha
2015-10-09,3,True,D,8,Holiday,National,Ecuador,Quito,Pichincha
2015-10-09,4,True,D,9,Holiday,National,Ecuador,Quito,Pichincha
2015-10-09,5,True,D,4,Holiday,National,Ecuador,Santo Domingo,Santo Domingo de los Tsachilas
2015-10-09,6,True,D,13,Holiday,National,Ecuador,Quito,Pichincha
2015-10-09,7,True,D,8,Holiday,National,Ecuador,Quito,Pichincha
2015-10-09,8,True,D,8,Holiday,National,Ecuador,Quito,Pichincha
2015-10-09,9,True,B,6,Holiday,National,Ecuador,Quito,Pichincha
2015-10-09,10,True,C,15,Holiday,National,Ecuador,Quito,Pichincha
2015-10-09,11,True,B,6,Holiday,National,Ecuador,Cayambe,Pichincha
2015-10-09,12,True,C,15,Holiday,National,Ecuador,Latacunga,Cotopaxi
2015-10-09,13,True,C,15,Holiday,National,Ecuador,Latacunga,Cotopaxi
2015-10-09,14,True,C,7,Holiday,National,Ecuador,Riobamba,Chimborazo
2015-10-09,15,True,C,15,Holiday,National,Ecuador,Ibarra,Imbabura
2015-10-09,16,True,C,3,Holiday,National,Ecuador,Santo Domingo,Santo Domingo de los Tsachilas
2015-10-09,17,True,C,12,Holiday,National,Ecuador,Quito,Pichincha
2015-10-09,18,True,B,16,Holiday,National,Ecuador,Quito,Pichincha
2015-10-09,19,True,C,15,Holiday,National,Ecuador,Guaranda,Bolivar
2015-10-09,20,True,B,6,Holiday,National,Ecuador,Quito,Pichincha
2015-10-09,21,True,B,6,Holiday,National,Ecuador,Santo Domingo,Santo Domingo de los Tsachilas
2015-10-09,22,True,C,7,Holiday,National,Ecuador,Puyo,Pastaza
2015-10-09,23,True,D,9,Holiday,National,Ecuador,Ambato,Tungurahua
2015-10-09,24,True,D,1,Holiday,National,Ecuador,Guayaquil,Guayas
2015-10-09,25,True,D,1,Holiday,National,Ecuador,Salinas,Santa Elena
2015-10-09,26,True,D,10,Holiday,National,Ecuador,Guayaquil,Guayas
2015-10-09,27,True,D,1,Holiday,National,Ecuador,Daule,Guayas
2015-10-09,28,True,E,10,Holiday,National,Ecuador,Guayaquil,Guayas
2015-10-09,29,True,E,10,Holiday,National,Ecuador,Guayaquil,Guayas
2015-10-09,30,True,C,3,Holiday,National,Ecuador,Guayaquil,Guayas
2015-10-09,31,True,B,10,Holiday,National,Ecuador,Babahoyo,Los Rios
2015-10-09,32,True,C,3,Holiday,National,Ecuador,Guayaquil,Guayas
2015-10-09,33,True,C,3,Holiday,National,Ecuador,Quevedo,Los Rios
2015-10-09,34,True,B,6,Holiday,National,Ecuador,Guayaquil,Guayas
2015-10-09,35,True,C,3,Holiday,National,Ecuador,Playas,Guayas
2015-10-09,36,True,E,10,Holiday,National,Ecuador,Libertad,Guayas
2015-10-09,37,True,D,2,Holiday,National,Ecuador,Cuenca,Azuay
2015-10-09,38,True,D,4,Holiday,National,Ecuador,Loja,Loja
2015-10-09,39,True,B,6,Holiday,National,Ecuador,Cuenca,Azuay
2015-10-09,40,True,C,3,Holiday,National,Ecuador,Machala,El Oro
2015-10-09,41,True,D,4,Holiday,National,Ecuador,Machala,El Oro
2015-10-09,42,True,D,2,Holiday,National,Ecuador,Cuenca,Azuay
2015-10-09,43,True,E,10,Holiday,National,Ecuador,Esmeraldas,Esmeraldas
2015-10-09,44,True,A,5,Holiday,National,Ecuador,Quito,Pichincha
2015-10-09,45,True,A,11,Holiday,National,Ecuador,Quito,Pichincha
2015-10-09,46,True,A,14,Holiday,National,Ecuador,Quito,Pichincha
2015-10-09,47,True,A,14,Holiday,National,Ecuador,Quito,Pichincha
2015-10-09,48,True,A,14,Holiday,National,Ecuador,Quito,Pichincha
2015-10-09,49,True,A,11,Holiday,National,Ecuador,Quito,Pichincha
2015-10-09,50,True,A,14,Holiday,National,Ecuador,Ambato,Tungurahua
2015-10-09,51,True,A,17,Holiday,National,Ecuador,Guayaquil,Guayas
2015-10-09,52,True,A,11,Holiday,National,Ecuador,Manta,Manabi
2015-10-09,53,True,D,13,Holiday,National,Ecuador,Manta,Manabi
2015-10-09,54,True,C,3,Holiday,National,Ecuador,El Carmen,Manabi
2015-11-02,1,True,D,13,Holiday,National,Ecuador,Quito,Pichincha
2015-11-02,2,True,D,13,Holiday,National,Ecuador,Quito,Pichincha
2015-11-02,3,True,D,8,Holiday,National,Ecuador,Quito,Pichincha
2015-11-02,4,True,D,9,Holiday,National,Ecuador,Quito,Pichincha
2015-11-02,5,True,D,4,Holiday,National,Ecuador,Santo Domingo,Santo Domingo de los Tsachilas
2015-11-02,6,True,D,13,Holiday,National,Ecuador,Quito,Pichincha
2015-11-02,7,True,D,8,Holiday,National,Ecuador,Quito,Pichincha
2015-11-02,8,True,D,8,Holiday,National,Ecuador,Quito,Pichincha
2015-11-02,9,True,B,6,Holiday,National,Ecuador,Quito,Pichincha
2015-11-02,10,True,C,15,Holiday,National,Ecuador,Quito,Pichincha
2015-11-02,11,True,B,6,Holiday,National,Ecuador,Cayambe,Pichincha
2015-11-02,12,True,C,15,Holiday,National,Ecuador,Latacunga,Cotopaxi
2015-11-02,13,True,C,15,Holiday,National,Ecuador,Latacunga,Cotopaxi
2015-11-02,14,True,C,7,Holiday,National,Ecuador,Riobamba,Chimborazo
2015-11-02,15,True,C,15,Holiday,National,Ecuador,Ibarra,Imbabura
2015-11-02,16,True,C,3,Holiday,National,Ecuador,Santo Domingo,Santo Domingo de los Tsachilas
2015-11-02,17,True,C,12,Holiday,National,Ecuador,Quito,Pichincha
2015-11-02,18,True,B,16,Holiday,National,Ecuador,Quito,Pichincha
2015-11-02,19,True,C,15,Holiday,National,Ecuador,Guaranda,Bolivar
2015-11-02,20,True,B,6,Holiday,National,Ecuador,Quito,Pichincha
2015-11-02,21,True,B,6,Holiday,National,Ecuador,Santo Domingo,Santo Domingo de los Tsachilas
2015-11-02,22,True,C,7,Holiday,National,Ecuador,Puyo,Pastaza
2015-11-02,23,True,D,9,Holiday,National,Ecuador,Ambato,Tungurahua
2015-11-02,24,True,D,1,Holiday,National,Ecuador,Guayaquil,Guayas
2015-11-02,25,True,D,1,Holiday,National,Ecuador,Salinas,Santa Elena
2015-11-02,26,True,D,10,Holiday,National,Ecuador,Guayaquil,Guayas
2015-11-02,27,True,D,1,Holiday,National,Ecuador,Daule,Guayas
2015-11-02,28,True,E,10,Holiday,National,Ecuador,Guayaquil,Guayas
2015-11-02,29,True,E,10,Holiday,National,Ecuador,Guayaquil,Guayas
2015-11-02,30,True,C,3,Holiday,National,Ecuador,Guayaquil,Guayas
2015-11-02,31,True,B,10,Holiday,National,Ecuador,Babahoyo,Los Rios
2015-11-02,32,True,C,3,Holiday,National,Ecuador,Guayaquil,Guayas
2015-11-02,33,True,C,3,Holiday,National,Ecuador,Quevedo,Los Rios
2015-11-02,34,True,B,6,Holiday,National,Ecuador,Guayaquil,Guayas
2015-11-02,35,True,C,3,Holiday,National,Ecuador,Playas,Guayas
2015-11-02,36,True,E,10,Holiday,National,Ecuador,Libertad,Guayas
2015-11-02,37,True,D,2,Holiday,National,Ecuador,Cuenca,Azuay
2015-11-02,38,True,D,4,Holiday,National,Ecuador,Loja,Loja
2015-11-02,39,True,B,6,Holiday,National,Ecuador,Cuenca,Azuay
2015-11-02,40,True,C,3,Holiday,National,Ecuador,Machala,El Oro
2015-11-02,41,True,D,4,Holiday,National,Ecuador,Machala,El Oro
2015-11-02,42,True,D,2,Holiday,National,Ecuador,Cuenca,Azuay
2015-11-02,43,True,E,10,Holiday,National,Ecuador,Esmeraldas,Esmeraldas
2015-11-02,44,True,A,5,Holiday,National,Ecuador,Quito,Pichincha
2015-11-02,45,True,A,11,Holiday,National,Ecuador,Quito,Pichincha
2015-11-02,46,True,A,14,Holiday,National,Ecuador,Quito,Pichincha
2015-11-02,47,True,A,14,Holiday,National,Ecuador,Quito,Pichincha
2015-11-02,48,True,A,14,Holiday,National,Ecuador,Quito,Pichincha
2015-11-02,49,True,A,11,Holiday,National,Ecuador,Quito,Pichincha
2015-11-02,50,True,A,14,Holiday,National,Ecuador,Ambato,Tungurahua
2015-11-02,51,True,A,17,Holiday,National,Ecuador,Guayaquil,Guayas
2015-11-02,52,True,A,11,Holiday,National,Ecuador,Manta,Manabi
2015-11-02,53,True,D,13,Holiday,National,Ecuador,Manta,Manabi
2015-11-02,54,True,C,3,Holiday,National,Ecuador,El Carmen,Manabi
2015-11-03,1,True,D,13,Holiday,National,Ecuador,Quito,Pichincha
2015-11-03,2,True,D,13,Holiday,National,Ecuador,Quito,Pichincha
2015-11-03,3,True,D,8,Holiday,National,Ecuador,Quito,Pichincha
2015-11-03,4,True,D,9,Holiday,National,Ecuador,Quito,Pichincha
2015-11-03,5,True,D,4,Holiday,National,Ecuador,Santo Domingo,Santo Domingo de los Tsachilas
2015-11-03,6,True,D,13,Holiday,National,Ecuador,Quito,Pichincha
2015-11-03,7,True,D,8,Holiday,National,Ecuador,Quito,Pichincha
2015-11-03,8,True,D,8,Holiday,National,Ecuador,Quito,Pichincha
2015-11-03,9,True,B,6,Holiday,National,Ecuador,Quito,Pichincha
2015-11-03,10,True,C,15,Holiday,National,Ecuador,Quito,Pichincha
2015-11-03,11,True,B,6,Holiday,National,Ecuador,Cayambe,Pichincha
2015-11-03,12,True,C,15,Holiday,National,Ecuador,Latacunga,Cotopaxi
2015-11-03,13,True,C,15,Holiday,National,Ecuador,Latacunga,Cotopaxi
2015-11-03,14,True,C,7,Holiday,National,Ecuador,Riobamba,Chimborazo
2015-11-03,15,True,C,15,Holiday,National,Ecuador,Ibarra,Imbabura
2015-11-03,16,True,C,3,Holiday,National,Ecuador,Santo Domingo,Santo Domingo de los Tsachilas
2015-11-03,17,True,C,12,Holiday,National,Ecuador,Quito,Pichincha
2015-11-03,18,True,B,16,Holiday,National,Ecuador,Quito,Pichincha
2015-11-03,19,True,C,15,Holiday,National,Ecuador,Guaranda,Bolivar
2015-11-03,20,True,B,6,Holiday,National,Ecuador,Quito,Pichincha
2015-11-03,21,True,B,6,Holiday,National,Ecuador,Santo Domingo,Santo Domingo de los Tsachilas
2015-11-03,22,True,C,7,Holiday,National,Ecuador,Puyo,Pastaza
2015-11-03,23,True,D,9,Holiday,National,Ecuador,Ambato,Tungurahua
2015-11-03,24,True,D,1,Holiday,National,Ecuador,Guayaquil,Guayas
2015-11-03,25,True,D,1,Holiday,National,Ecuador,Salinas,Santa Elena
2015-11-03,26,True,D,10,Holiday,National,Ecuador,Guayaquil,Guayas
2015-11-03,27,True,D,1,Holiday,National,Ecuador,Daule,Guayas
2015-11-03,28,True,E,10,Holiday,National,Ecuador,Guayaquil,Guayas
2015-11-03,29,True,E,10,Holiday,National,Ecuador,Guayaquil,Guayas
2015-11-03,30,True,C,3,Holiday,National,Ecuador,Guayaquil,Guayas
2015-11-03,31,True,B,10,Holiday,National,Ecuador,Babahoyo,Los Rios
2015-11-03,32,True,C,3,Holiday,National,Ecuador,Guayaquil,Guayas
2015-11-03,33,True,C,3,Holiday,National,Ecuador,Quevedo,Los Rios
2015-11-03,34,True,B,6,Holiday,National,Ecuador,Guayaquil,Guayas
2015-11-03,35,True,C,3,Holiday,National,Ecuador,Playas,Guayas
2015-11-03,36,True,E,10,Holiday,National,Ecuador,Libertad,Guayas
2015-11-03,37,True,D,2,Holiday,National,Ecuador,Cuenca,Azuay
2015-11-03,38,True,D,4,Holiday,National,Ecuador,Loja,Loja
2015-11-03,39,True,B,6,Holiday,National,Ecuador,Cuenca,Azuay
2015-11-03,40,True,C,3,Holiday,National,Ecuador,Machala,El Oro
2015-11-03,41,True,D,4,Holiday,National,Ecuador,Machala,El Oro
2015-11-03,42,True,D,2,Holiday,National,Ecuador,Cuenca,Azuay
2015-11-03,43,True,E,10,Holiday,National,Ecuador,Esmeraldas,Esmeraldas
2015-11-03,44,True,A,5,Holiday,National,Ecuador,Quito,Pichincha
2015-11-03,45,True,A,11,Holiday,National,Ecuador,Quito,Pichincha
2015-11-03,46,True,A,14,Holiday,National,Ecuador,Quito,Pichincha
2015-11-03,47,True,A,14,Holiday,National,Ecuador,Quito,Pichincha
2015-11-03,48,True,A,14,Holiday,National,Ecuador,Quito,Pichincha
2015-11-03,49,True,A,11,Holiday,National,Ecuador,Quito,Pichincha
2015-11-03,50,True,A,14,Holiday,National,Ecuador,Ambato,Tungurahua
2015-11-03,51,True,A,17,Holiday,National,Ecuador,Guayaquil,Guayas
2015-11-03,52,True,A,11,Holiday,National,Ecuador,Manta,Manabi
2015-11-03,53,True,D,13,Holiday,National,Ecuador,Manta,Manabi
2015-11-03,54,True,C,3,Holiday,National,Ecuador,El Carmen,Manabi
2015-11-27,1,True,D,13,Event,National,Ecuador,Quito,Pichincha
2015-11-27,2,True,D,13,Event,National,Ecuador,Quito,Pichincha
2015-11-27,3,True,D,8,Event,National,Ecuador,Quito,Pichincha
2015-11-27,4,True,D,9,Event,National,Ecuador,Quito,Pichincha
2015-11-27,5,True,D,4,Event,National,Ecuador,Santo Domingo,Santo Domingo de los Tsachilas
2015-11-27,6,True,D,13,Event,National,Ecuador,Quito,Pichincha
2015-11-27,7,True,D,8,Event,National,Ecuador,Quito,Pichincha
2015-11-27,8,True,D,8,Event,National,Ecuador,Quito,Pichincha
2015-11-27,9,True,B,6,Event,National,Ecuador,Quito,Pichincha
2015-11-27,10,True,C,15,Event,National,Ecuador,Quito,Pichincha
2015-11-27,11,True,B,6,Event,National,Ecuador,Cayambe,Pichincha
2015-11-27,12,True,C,15,Event,National,Ecuador,Latacunga,Cotopaxi
2015-11-27,13,True,C,15,Event,National,Ecuador,Latacunga,Cotopaxi
2015-11-27,14,True,C,7,Event,National,Ecuador,Riobamba,Chimborazo
2015-11-27,15,True,C,15,Event,National,Ecuador,Ibarra,Imbabura
2015-11-27,16,True,C,3,Event,National,Ecuador,Santo Domingo,Santo Domingo de los Tsachilas
2015-11-27,17,True,C,12,Event,National,Ecuador,Quito,Pichincha
2015-11-27,18,True,B,16,Event,National,Ecuador,Quito,Pichincha
2015-11-27,19,True,C,15,Event,National,Ecuador,Guaranda,Bolivar
2015-11-27,20,True,B,6,Event,National,Ecuador,Quito,Pichincha
2015-11-27,21,True,B,6,Event,National,Ecuador,Santo Domingo,Santo Domingo de los Tsachilas
2015-11-27,22,True,C,7,Event,National,Ecuador,Puyo,Pastaza
2015-11-27,23,True,D,9,Event,National,Ecuador,Ambato,Tungurahua
2015-11-27,24,True,D,1,Event,National,Ecuador,Guayaquil,Guayas
2015-11-27,25,True,D,1,Event,National,Ecuador,Salinas,Santa Elena
2015-11-27,26,True,D,10,Event,National,Ecuador,Guayaquil,Guayas
2015-11-27,27,True,D,1,Event,National,Ecuador,Daule,Guayas
2015-11-27,28,True,E,10,Event,National,Ecuador,Guayaquil,Guayas
2015-11-27,29,True,E,10,Event,National,Ecuador,Guayaquil,Guayas
2015-11-27,30,True,C,3,Event,National,Ecuador,Guayaquil,Guayas
2015-11-27,31,True,B,10,Event,National,Ecuador,Babahoyo,Los Rios
2015-11-27,32,True,C,3,Event,National,Ecuador,Guayaquil,Guayas
2015-11-27,33,True,C,3,Event,National,Ecuador,Quevedo,Los Rios
2015-11-27,34,True,B,6,Event,National,Ecuador,Guayaquil,Guayas
2015-11-27,35,True,C,3,Event,National,Ecuador,Playas,Guayas
2015-11-27,36,True,E,10,Event,National,Ecuador,Libertad,Guayas
2015-11-27,37,True,D,2,Event,National,Ecuador,Cuenca,Azuay
2015-11-27,38,True,D,4,Event,National,Ecuador,Loja,Loja
2015-11-27,39,True,B,6,Event,National,Ecuador,Cuenca,Azuay
2015-11-27,40,True,C,3,Event,National,Ecuador,Machala,El Oro
2015-11-27,41,True,D,4,Event,National,Ecuador,Machala,El Oro
2015-11-27,42,True,D,2,Event,National,Ecuador,Cuenca,Azuay
2015-11-27,43,True,E,10,Event,National,Ecuador,Esmeraldas,Esmeraldas
2015-11-27,44,True,A,5,Event,National,Ecuador,Quito,Pichincha
2015-11-27,45,True,A,11,Event,National,Ecuador,Quito,Pichincha
2015-11-27,46,True,A,14,Event,National,Ecuador,Quito,Pichincha
2015-11-27,47,True,A,14,Event,National,Ecuador,Quito,Pichincha
2015-11-27,48,True,A,14,Event,National,Ecuador,Quito,Pichincha
2015-11-27,49,True,A,11,Event,National,Ecuador,Quito,Pichincha
2015-11-27,50,True,A,14,Event,National,Ecuador,Ambato,Tungurahua
2015-11-27,51,True,A,17,Event,National,Ecuador,Guayaquil,Guayas
2015-11-27,52,True,A,11,Event,National,Ecuador,Manta,Manabi
2015-11-27,53,True,D,13,Event,National,Ecuador,Manta,Manabi
2015-11-27,54,True,C,3,Event,National,Ecuador,El Carmen,Manabi
2015-11-30,1,True,D,13,Event,National,Ecuador,Quito,Pichincha
2015-11-30,2,True,D,13,Event,National,Ecuador,Quito,Pichincha
2015-11-30,3,True,D,8,Event,National,Ecuador,Quito,Pichincha
2015-11-30,4,True,D,9,Event,National,Ecuador,Quito,Pichincha
2015-11-30,5,True,D,4,Event,National,Ecuador,Santo Domingo,Santo Domingo de los Tsachilas
2015-11-30,6,True,D,13,Event,National,Ecuador,Quito,Pichincha
2015-11-30,7,True,D,8,Event,National,Ecuador,Quito,Pichincha
2015-11-30,8,True,D,8,Event,National,Ecuador,Quito,Pichincha
2015-11-30,9,True,B,6,Event,National,Ecuador,Quito,Pichincha
2015-11-30,10,True,C,15,Event,National,Ecuador,Quito,Pichincha
2015-11-30,11,True,B,6,Event,National,Ecuador,Cayambe,Pichincha
2015-11-30,12,True,C,15,Event,National,Ecuador,Latacunga,Cotopaxi
2015-11-30,13,True,C,15,Event,National,Ecuador,Latacunga,Cotopaxi
2015-11-30,14,True,C,7,Event,National,Ecuador,Riobamba,Chimborazo
2015-11-30,15,True,C,15,Event,National,Ecuador,Ibarra,Imbabura
2015-11-30,16,True,C,3,Event,National,Ecuador,Santo Domingo,Santo Domingo de los Tsachilas
2015-11-30,17,True,C,12,Event,National,Ecuador,Quito,Pichincha
2015-11-30,18,True,B,16,Event,National,Ecuador,Quito,Pichincha
2015-11-30,19,True,C,15,Event,National,Ecuador,Guaranda,Bolivar
2015-11-30,20,True,B,6,Event,National,Ecuador,Quito,Pichincha
2015-11-30,21,True,B,6,Event,National,Ecuador,Santo Domingo,Santo Domingo de los Tsachilas
2015-11-30,22,True,C,7,Event,National,Ecuador,Puyo,Pastaza
2015-11-30,23,True,D,9,Event,National,Ecuador,Ambato,Tungurahua
2015-11-30,24,True,D,1,Event,National,Ecuador,Guayaquil,Guayas
2015-11-30,25,True,D,1,Event,National,Ecuador,Salinas,Santa Elena
2015-11-30,26,True,D,10,Event,National,Ecuador,Guayaquil,Guayas
2015-11-30,27,True,D,1,Event,National,Ecuador,Daule,Guayas
2015-11-30,28,True,E,10,Event,National,Ecuador,Guayaquil,Guayas
2015-11-30,29,True,E,10,Event,National,Ecuador,Guayaquil,Guayas
2015-11-30,30,True,C,3,Event,National,Ecuador,Guayaquil,Guayas
2015-11-30,31,True,B,10,Event,National,Ecuador,Babahoyo,Los Rios
2015-11-30,32,True,C,3,Event,National,Ecuador,Guayaquil,Guayas
2015-11-30,33,True,C,3,Event,National,Ecuador,Quevedo,Los Rios
2015-11-30,34,True,B,6,Event,National,Ecuador,Guayaquil,Guayas
2015-11-30,35,True,C,3,Event,National,Ecuador,Playas,Guayas
2015-11-30,36,True,E,10,Event,National,Ecuador,Libertad,Guayas
2015-11-30,37,True,D,2,Event,National,Ecuador,Cuenca,Azuay
2015-11-30,38,True,D,4,Event,National,Ecuador,Loja,Loja
2015-11-30,39,True,B,6,Event,National,Ecuador,Cuenca,Azuay
2015-11-30,40,True,C,3,Event,National,Ecuador,Machala,El Oro
2015-11-30,41,True,D,4,Event,National,Ecuador,Machala,El Oro
2015-11-30,42,True,D,2,Event,National,Ecuador,Cuenca,Azuay
2015-11-30,43,True,E,10,Event,National,Ecuador,Esmeraldas,Esmeraldas
2015-11-30,44,True,A,5,Event,National,Ecuador,Quito,Pichincha
2015-11-30,45,True,A,11,Event,National,Ecuador,Quito,Pichincha
2015-11-30,46,True,A,14,Event,National,Ecuador,Quito,Pichincha
2015-11-30,47,True,A,14,Event,National,Ecuador,Quito,Pichincha
2015-11-30,48,True,A,14,Event,National,Ecuador,Quito,Pichincha
2015-11-30,49,True,A,11,Event,National,Ecuador,Quito,Pichincha
2015-11-30,50,True,A,14,Event,National,Ecuador,Ambato,Tungurahua
2015-11-30,51,True,A,17,Event,National,Ecuador,Guayaquil,Guayas
2015-11-30,52,True,A,11,Event,National,Ecuador,Manta,Manabi
2015-11-30,53,True,D,13,Event,National,Ecuador,Manta,Manabi
2015-11-30,54,True,C,3,Event,National,Ecuador,El Carmen,Manabi
2015-12-21,1,True,D,13,Additional,National,Ecuador,Quito,Pichincha
2015-12-21,2,True,D,13,Additional,National,Ecuador,Quito,Pichincha
2015-12-21,3,True,D,8,Additional,National,Ecuador,Quito,Pichincha
2015-12-21,4,True,D,9,Additional,National,Ecuador,Quito,Pichincha
2015-12-21,5,True,D,4,Additional,National,Ecuador,Santo Domingo,Santo Domingo de los Tsachilas
2015-12-21,6,True,D,13,Additional,National,Ecuador,Quito,Pichincha
2015-12-21,7,True,D,8,Additional,National,Ecuador,Quito,Pichincha
2015-12-21,8,True,D,8,Additional,National,Ecuador,Quito,Pichincha
2015-12-21,9,True,B,6,Additional,National,Ecuador,Quito,Pichincha
2015-12-21,10,True,C,15,Additional,National,Ecuador,Quito,Pichincha
2015-12-21,11,True,B,6,Additional,National,Ecuador,Cayambe,Pichincha
2015-12-21,12,True,C,15,Additional,National,Ecuador,Latacunga,Cotopaxi
2015-12-21,13,True,C,15,Additional,National,Ecuador,Latacunga,Cotopaxi
2015-12-21,14,True,C,7,Additional,National,Ecuador,Riobamba,Chimborazo
2015-12-21,15,True,C,15,Additional,National,Ecuador,Ibarra,Imbabura
2015-12-21,16,True,C,3,Additional,National,Ecuador,Santo Domingo,Santo Domingo de los Tsachilas
2015-12-21,17,True,C,12,Additional,National,Ecuador,Quito,Pichincha
2015-12-21,18,True,B,16,Additional,National,Ecuador,Quito,Pichincha
2015-12-21,19,True,C,15,Additional,National,Ecuador,Guaranda,Bolivar
2015-12-21,20,True,B,6,Additional,National,Ecuador,Quito,Pichincha
2015-12-21,21,True,B,6,Additional,National,Ecuador,Santo Domingo,Santo Domingo de los Tsachilas
2015-12-21,22,True,C,7,Additional,National,Ecuador,Puyo,Pastaza
2015-12-21,23,True,D,9,Additional,National,Ecuador,Ambato,Tungurahua
2015-12-21,24,True,D,1,Additional,National,Ecuador,Guayaquil,Guayas
2015-12-21,25,True,D,1,Additional,National,Ecuador,Salinas,Santa Elena
2015-12-21,26,True,D,10,Additional,National,Ecuador,Guayaquil,Guayas
2015-12-21,27,True,D,1,Additional,National,Ecuador,Daule,Guayas
2015-12-21,28,True,E,10,Additional,National,Ecuador,Guayaquil,Guayas
2015-12-21,29,True,E,10,Additional,National,Ecuador,Guayaquil,Guayas
2015-12-21,30,True,C,3,Additional,National,Ecuador,Guayaquil,Guayas
2015-12-21,31,True,B,10,Additional,National,Ecuador,Babahoyo,Los Rios
2015-12-21,32,True,C,3,Additional,National,Ecuador,Guayaquil,Guayas
2015-12-21,33,True,C,3,Additional,National,Ecuador,Quevedo,Los Rios
2015-12-21,34,True,B,6,Additional,National,Ecuador,Guayaquil,Guayas
2015-12-21,35,True,C,3,Additional,National,Ecuador,Playas,Guayas
2015-12-21,36,True,E,10,Additional,National,Ecuador,Libertad,Guayas
2015-12-21,37,True,D,2,Additional,National,Ecuador,Cuenca,Azuay
2015-12-21,38,True,D,4,Additional,National,Ecuador,Loja,Loja
2015-12-21,39,True,B,6,Additional,National,Ecuador,Cuenca,Azuay
2015-12-21,40,True,C,3,Additional,National,Ecuador,Machala,El Oro
2015-12-21,41,True,D,4,Additional,National,Ecuador,Machala,El Oro
2015-12-21,42,True,D,2,Additional,National,Ecuador,Cuenca,Azuay
2015-12-21,43,True,E,10,Additional,National,Ecuador,Esmeraldas,Esmeraldas
2015-12-21,44,True,A,5,Additional,National,Ecuador,Quito,Pichincha
2015-12-21,45,True,A,11,Additional,National,Ecuador,Quito,Pichincha
2015-12-21,46,True,A,14,Additional,National,Ecuador,Quito,Pichincha
2015-12-21,47,True,A,14,Additional,National,Ecuador,Quito,Pichincha
2015-12-21,48,True,A,14,Additional,National,Ecuador,Quito,Pichincha
2015-12-21,49,True,A,11,Additional,National,Ecuador,Quito,Pichincha
2015-12-21,50,True,A,14,Additional,National,Ecuador,Ambato,Tungurahua
2015-12-21,51,True,A,17,Additional,National,Ecuador,Guayaquil,Guayas
2015-12-21,52,True,A,11,Additional,National,Ecuador,Manta,Manabi
2015-12-21,53,True,D,13,Additional,National,Ecuador,Manta,Manabi
2015-12-21,54,True,C,3,Additional,National,Ecuador,El Carmen,Manabi
2015-12-22,1,True,D,13,Additional,National,Ecuador,Quito,Pichincha
2015-12-22,2,True,D,13,Additional,National,Ecuador,Quito,Pichincha
2015-12-22,3,True,D,8,Additional,National,Ecuador,Quito,Pichincha
2015-12-22,4,True,D,9,Additional,National,Ecuador,Quito,Pichincha
2015-12-22,5,True,D,4,Additional,National,Ecuador,Santo Domingo,Santo Domingo de los Tsachilas
2015-12-22,6,True,D,13,Additional,National,Ecuador,Quito,Pichincha
2015-12-22,7,True,D,8,Additional,National,Ecuador,Quito,Pichincha
2015-12-22,8,True,D,8,Additional,National,Ecuador,Quito,Pichincha
2015-12-22,9,True,B,6,Additional,National,Ecuador,Quito,Pichincha
2015-12-22,10,True,C,15,Additional,National,Ecuador,Quito,Pichincha
2015-12-22,11,True,B,6,Additional,National,Ecuador,Cayambe,Pichincha
2015-12-22,12,True,C,15,Additional,National,Ecuador,Latacunga,Cotopaxi
2015-12-22,13,True,C,15,Additional,National,Ecuador,Latacunga,Cotopaxi
2015-12-22,14,True,C,7,Additional,National,Ecuador,Riobamba,Chimborazo
2015-12-22,15,True,C,15,Additional,National,Ecuador,Ibarra,Imbabura
2015-12-22,16,True,C,3,Additional,National,Ecuador,Santo Domingo,Santo Domingo de los Tsachilas
2015-12-22,17,True,C,12,Additional,National,Ecuador,Quito,Pichincha
2015-12-22,18,True,B,16,Additional,National,Ecuador,Quito,Pichincha
2015-12-22,19,True,C,15,Additional,National,Ecuador,Guaranda,Bolivar
2015-12-22,20,True,B,6,Additional,National,Ecuador,Quito,Pichincha
2015-12-22,21,True,B,6,Additional,National,Ecuador,Santo Domingo,Santo Domingo de los Tsachilas
2015-12-22,22,True,C,7,Additional,National,Ecuador,Puyo,Pastaza
2015-12-22,23,True,D,9,Additional,National,Ecuador,Ambato,Tungurahua
2015-12-22,24,True,D,1,Additional,National,Ecuador,Guayaquil,Guayas
2015-12-22,25,True,D,1,Additional,National,Ecuador,Salinas,Santa Elena
2015-12-22,26,True,D,10,Additional,National,Ecuador,Guayaquil,Guayas
2015-12-22,27,True,D,1,Additional,National,Ecuador,Daule,Guayas
2015-12-22,28,True,E,10,Additional,National,Ecuador,Guayaquil,Guayas
2015-12-22,29,True,E,10,Additional,National,Ecuador,Guayaquil,Guayas
2015-12-22,30,True,C,3,Additional,National,Ecuador,Guayaquil,Guayas
2015-12-22,31,True,B,10,Additional,National,Ecuador,Babahoyo,Los Rios
2015-12-22,32,True,C,3,Additional,National,Ecuador,Guayaquil,Guayas
2015-12-22,33,True,C,3,Additional,National,Ecuador,Quevedo,Los Rios
2015-12-22,34,True,B,6,Additional,National,Ecuador,Guayaquil,Guayas
2015-12-22,35,True,C,3,Additional,National,Ecuador,Playas,Guayas
2015-12-22,36,True,E,10,Additional,National,Ecuador,Libertad,Guayas
2015-12-22,37,True,D,2,Additional,National,Ecuador,Cuenca,Azuay
2015-12-22,38,True,D,4,Additional,National,Ecuador,Loja,Loja
2015-12-22,39,True,B,6,Additional,National,Ecuador,Cuenca,Azuay
2015-12-22,40,True,C,3,Additional,National,Ecuador,Machala,El Oro
2015-12-22,41,True,D,4,Additional,National,Ecuador,Machala,El Oro
2015-12-22,42,True,D,2,Additional,National,Ecuador,Cuenca,Azuay
2015-12-22,43,True,E,10,Additional,National,Ecuador,Esmeraldas,Esmeraldas
2015-12-22,44,True,A,5,Additional,National,Ecuador,Quito,Pichincha
2015-12-22,45,True,A,11,Additional,National,Ecuador,Quito,Pichincha
2015-12-22,46,True,A,14,Additional,National,Ecuador,Quito,Pichincha
2015-12-22,47,True,A,14,Additional,National,Ecuador,Quito,Pichincha
2015-12-22,48,True,A,14,Additional,National,Ecuador,Quito,Pichincha
2015-12-22,49,True,A,11,Additional,National,Ecuador,Quito,Pichincha
2015-12-22,50,True,A,14,Additional,National,Ecuador,Ambato,Tungurahua
2015-12-22,51,True,A,17,Additional,National,Ecuador,Guayaquil,Guayas
2015-12-22,52,True,A,11,Additional,National,Ecuador,Manta,Manabi
2015-12-22,53,True,D,13,Additional,National,Ecuador,Manta,Manabi
2015-12-22,54,True,C,3,Additional,National,Ecuador,El Carmen,Manabi
2015-12-23,1,True,D,13,Additional,National,Ecuador,Quito,Pichincha
2015-12-23,2,True,D,13,Additional,National,Ecuador,Quito,Pichincha
2015-12-23,3,True,D,8,Additional,National,Ecuador,Quito,Pichincha
2015-12-23,4,True,D,9,Additional,National,Ecuador,Quito,Pichincha
2015-12-23,5,True,D,4,Additional,National,Ecuador,Santo Domingo,Santo Domingo de los Tsachilas
2015-12-23,6,True,D,13,Additional,National,Ecuador,Quito,Pichincha
2015-12-23,7,True,D,8,Additional,National,Ecuador,Quito,Pichincha
2015-12-23,8,True,D,8,Additional,National,Ecuador,Quito,Pichincha
2015-12-23,9,True,B,6,Additional,National,Ecuador,Quito,Pichincha
2015-12-23,10,True,C,15,Additional,National,Ecuador,Quito,Pichincha
2015-12-23,11,True,B,6,Additional,National,Ecuador,Cayambe,Pichincha
2015-12-23,12,True,C,15,Additional,National,Ecuador,Latacunga,Cotopaxi
2015-12-23,13,True,C,15,Additional,National,Ecuador,Latacunga,Cotopaxi
2015-12-23,14,True,C,7,Additional,National,Ecuador,Riobamba,Chimborazo
2015-12-23,15,True,C,15,Additional,National,Ecuador,Ibarra,Imbabura
2015-12-23,16,True,C,3,Additional,National,Ecuador,Santo Domingo,Santo Domingo de los Tsachilas
2015-12-23,17,True,C,12,Additional,National,Ecuador,Quito,Pichincha
2015-12-23,18,True,B,16,Additional,National,Ecuador,Quito,Pichincha
2015-12-23,19,True,C,15,Additional,National,Ecuador,Guaranda,Bolivar
2015-12-23,20,True,B,6,Additional,National,Ecuador,Quito,Pichincha
2015-12-23,21,True,B,6,Additional,National,Ecuador,Santo Domingo,Santo Domingo de los Tsachilas
2015-12-23,22,True,C,7,Additional,National,Ecuador,Puyo,Pastaza
2015-12-23,23,True,D,9,Additional,National,Ecuador,Ambato,Tungurahua
2015-12-23,24,True,D,1,Additional,National,Ecuador,Guayaquil,Guayas
2015-12-23,25,True,D,1,Additional,National,Ecuador,Salinas,Santa Elena
2015-12-23,26,True,D,10,Additional,National,Ecuador,Guayaquil,Guayas
2015-12-23,27,True,D,1,Additional,National,Ecuador,Daule,Guayas
2015-12-23,28,True,E,10,Additional,National,Ecuador,Guayaquil,Guayas
2015-12-23,29,True,E,10,Additional,National,Ecuador,Guayaquil,Guayas
2015-12-23,30,True,C,3,Additional,National,Ecuador,Guayaquil,Guayas
2015-12-23,31,True,B,10,Additional,National,Ecuador,Babahoyo,Los Rios
2015-12-23,32,True,C,3,Additional,National,Ecuador,Guayaquil,Guayas
2015-12-23,33,True,C,3,Additional,National,Ecuador,Quevedo,Los Rios
2015-12-23,34,True,B,6,Additional,National,Ecuador,Guayaquil,Guayas
2015-12-23,35,True,C,3,Additional,National,Ecuador,Playas,Guayas
2015-12-23,36,True,E,10,Additional,National,Ecuador,Libertad,Guayas
2015-12-23,37,True,D,2,Additional,National,Ecuador,Cuenca,Azuay
2015-12-23,38,True,D,4,Additional,National,Ecuador,Loja,Loja
2015-12-23,39,True,B,6,Additional,National,Ecuador,Cuenca,Azuay
2015-12-23,40,True,C,3,Additional,National,Ecuador,Machala,El Oro
2015-12-23,41,True,D,4,Additional,National,Ecuador,Machala,El Oro
2015-12-23,42,True,D,2,Additional,National,Ecuador,Cuenca,Azuay
2015-12-23,43,True,E,10,Additional,National,Ecuador,Esmeraldas,Esmeraldas
2015-12-23,44,True,A,5,Additional,National,Ecuador,Quito,Pichincha
2015-12-23,45,True,A,11,Additional,National,Ecuador,Quito,Pichincha
2015-12-23,46,True,A,14,Additional,National,Ecuador,Quito,Pichincha
2015-12-23,47,True,A,14,Additional,National,Ecuador,Quito,Pichincha
2015-12-23,48,True,A,14,Additional,National,Ecuador,Quito,Pichincha
2015-12-23,49,True,A,11,Additional,National,Ecuador,Quito,Pichincha
2015-12-23,50,True,A,14,Additional,National,Ecuador,Ambato,Tungurahua
2015-12-23,51,True,A,17,Additional,National,Ecuador,Guayaquil,Guayas
2015-12-23,52,True,A,11,Additional,National,Ecuador,Manta,Manabi
2015-12-23,53,True,D,13,Additional,National,Ecuador,Manta,Manabi
2015-12-23,54,True,C,3,Additional,National,Ecuador,El Carmen,Manabi
2015-12-24,1,True,D,13,Additional,National,Ecuador,Quito,Pichincha
2015-12-24,2,True,D,13,Additional,National,Ecuador,Quito,Pichincha
2015-12-24,3,True,D,8,Additional,National,Ecuador,Quito,Pichincha
2015-12-24,4,True,D,9,Additional,National,Ecuador,Quito,Pichincha
2015-12-24,5,True,D,4,Additional,National,Ecuador,Santo Domingo,Santo Domingo de los Tsachilas
2015-12-24,6,True,D,13,Additional,National,Ecuador,Quito,Pichincha
2015-12-24,7,True,D,8,Additional,National,Ecuador,Quito,Pichincha
2015-12-24,8,True,D,8,Additional,National,Ecuador,Quito,Pichincha
2015-12-24,9,True,B,6,Additional,National,Ecuador,Quito,Pichincha
2015-12-24,10,True,C,15,Additional,National,Ecuador,Quito,Pichincha
2015-12-24,11,True,B,6,Additional,National,Ecuador,Cayambe,Pichincha
2015-12-24,12,True,C,15,Additional,National,Ecuador,Latacunga,Cotopaxi
2015-12-24,13,True,C,15,Additional,National,Ecuador,Latacunga,Cotopaxi
2015-12-24,14,True,C,7,Additional,National,Ecuador,Riobamba,Chimborazo
2015-12-24,15,True,C,15,Additional,National,Ecuador,Ibarra,Imbabura
2015-12-24,16,True,C,3,Additional,National,Ecuador,Santo Domingo,Santo Domingo de los Tsachilas
2015-12-24,17,True,C,12,Additional,National,Ecuador,Quito,Pichincha
2015-12-24,18,True,B,16,Additional,National,Ecuador,Quito,Pichincha
2015-12-24,19,True,C,15,Additional,National,Ecuador,Guaranda,Bolivar
2015-12-24,20,True,B,6,Additional,National,Ecuador,Quito,Pichincha
2015-12-24,21,True,B,6,Additional,National,Ecuador,Santo Domingo,Santo Domingo de los Tsachilas
2015-12-24,22,True,C,7,Additional,National,Ecuador,Puyo,Pastaza
2015-12-24,23,True,D,9,Additional,National,Ecuador,Ambato,Tungurahua
2015-12-24,24,True,D,1,Additional,National,Ecuador,Guayaquil,Guayas
2015-12-24,25,True,D,1,Additional,National,Ecuador,Salinas,Santa Elena
2015-12-24,26,True,D,10,Additional,National,Ecuador,Guayaquil,Guayas
2015-12-24,27,True,D,1,Additional,National,Ecuador,Daule,Guayas
2015-12-24,28,True,E,10,Additional,National,Ecuador,Guayaquil,Guayas
2015-12-24,29,True,E,10,Additional,National,Ecuador,Guayaquil,Guayas
2015-12-24,30,True,C,3,Additional,National,Ecuador,Guayaquil,Guayas
2015-12-24,31,True,B,10,Additional,National,Ecuador,Babahoyo,Los Rios
2015-12-24,32,True,C,3,Additional,National,Ecuador,Guayaquil,Guayas
2015-12-24,33,True,C,3,Additional,National,Ecuador,Quevedo,Los Rios
2015-12-24,34,True,B,6,Additional,National,Ecuador,Guayaquil,Guayas
2015-12-24,35,True,C,3,Additional,National,Ecuador,Playas,Guayas
2015-12-24,36,True,E,10,Additional,National,Ecuador,Libertad,Guayas
2015-12-24,37,True,D,2,Additional,National,Ecuador,Cuenca,Azuay
2015-12-24,38,True,D,4,Additional,National,Ecuador,Loja,Loja
2015-12-24,39,True,B,6,Additional,National,Ecuador,Cuenca,Azuay
2015-12-24,40,True,C,3,Additional,National,Ecuador,Machala,El Oro
2015-12-24,41,True,D,4,Additional,National,Ecuador,Machala,El Oro
2015-12-24,42,True,D,2,Additional,National,Ecuador,Cuenca,Azuay
2015-12-24,43,True,E,10,Additional,National,Ecuador,Esmeraldas,Esmeraldas
2015-12-24,44,True,A,5,Additional,National,Ecuador,Quito,Pichincha
2015-12-24,45,True,A,11,Additional,National,Ecuador,Quito,Pichincha
2015-12-24,46,True,A,14,Additional,National,Ecuador,Quito,Pichincha
2015-12-24,47,True,A,14,Additional,National,Ecuador,Quito,Pichincha
2015-12-24,48,True,A,14,Additional,National,Ecuador,Quito,Pichincha
2015-12-24,49,True,A,11,Additional,National,Ecuador,Quito,Pichincha
2015-12-24,50,True,A,14,Additional,National,Ecuador,Ambato,Tungurahua
2015-12-24,51,True,A,17,Additional,National,Ecuador,Guayaquil,Guayas
2015-12-24,52,True,A,11,Additional,National,Ecuador,Manta,Manabi
2015-12-24,53,True,D,13,Additional,National,Ecuador,Manta,Manabi
2015-12-24,54,True,C,3,Additional,National,Ecuador,El Carmen,Manabi
2015-12-25,1,True,D,13,Holiday,National,Ecuador,Quito,Pichincha
2015-12-25,2,True,D,13,Holiday,National,Ecuador,Quito,Pichincha
2015-12-25,3,True,D,8,Holiday,National,Ecuador,Quito,Pichincha
2015-12-25,4,True,D,9,Holiday,National,Ecuador,Quito,Pichincha
2015-12-25,5,True,D,4,Holiday,National,Ecuador,Santo Domingo,Santo Domingo de los Tsachilas
2015-12-25,6,True,D,13,Holiday,National,Ecuador,Quito,Pichincha
2015-12-25,7,True,D,8,Holiday,National,Ecuador,Quito,Pichincha
2015-12-25,8,True,D,8,Holiday,National,Ecuador,Quito,Pichincha
2015-12-25,9,True,B,6,Holiday,National,Ecuador,Quito,Pichincha
2015-12-25,10,True,C,15,Holiday,National,Ecuador,Quito,Pichincha
2015-12-25,11,True,B,6,Holiday,National,Ecuador,Cayambe,Pichincha
2015-12-25,12,True,C,15,Holiday,National,Ecuador,Latacunga,Cotopaxi
2015-12-25,13,True,C,15,Holiday,National,Ecuador,Latacunga,Cotopaxi
2015-12-25,14,True,C,7,Holiday,National,Ecuador,Riobamba,Chimborazo
2015-12-25,15,True,C,15,Holiday,National,Ecuador,Ibarra,Imbabura
2015-12-25,16,True,C,3,Holiday,National,Ecuador,Santo Domingo,Santo Domingo de los Tsachilas
2015-12-25,17,True,C,12,Holiday,National,Ecuador,Quito,Pichincha
2015-12-25,18,True,B,16,Holiday,National,Ecuador,Quito,Pichincha
2015-12-25,19,True,C,15,Holiday,National,Ecuador,Guaranda,Bolivar
2015-12-25,20,True,B,6,Holiday,National,Ecuador,Quito,Pichincha
2015-12-25,21,True,B,6,Holiday,National,Ecuador,Santo Domingo,Santo Domingo de los Tsachilas
2015-12-25,22,True,C,7,Holiday,National,Ecuador,Puyo,Pastaza
2015-12-25,23,True,D,9,Holiday,National,Ecuador,Ambato,Tungurahua
2015-12-25,24,True,D,1,Holiday,National,Ecuador,Guayaquil,Guayas
2015-12-25,25,True,D,1,Holiday,National,Ecuador,Salinas,Santa Elena
2015-12-25,26,True,D,10,Holiday,National,Ecuador,Guayaquil,Guayas
2015-12-25,27,True,D,1,Holiday,National,Ecuador,Daule,Guayas
2015-12-25,28,True,E,10,Holiday,National,Ecuador,Guayaquil,Guayas
2015-12-25,29,True,E,10,Holiday,National,Ecuador,Guayaquil,Guayas
2015-12-25,30,True,C,3,Holiday,National,Ecuador,Guayaquil,Guayas
2015-12-25,31,True,B,10,Holiday,National,Ecuador,Babahoyo,Los Rios
2015-12-25,32,True,C,3,Holiday,National,Ecuador,Guayaquil,Guayas
2015-12-25,33,True,C,3,Holiday,National,Ecuador,Quevedo,Los Rios
2015-12-25,34,True,B,6,Holiday,National,Ecuador,Guayaquil,Guayas
2015-12-25,35,True,C,3,Holiday,National,Ecuador,Playas,Guayas
2015-12-25,36,True,E,10,Holiday,National,Ecuador,Libertad,Guayas
2015-12-25,37,True,D,2,Holiday,National,Ecuador,Cuenca,Azuay
2015-12-25,38,True,D,4,Holiday,National,Ecuador,Loja,Loja
2015-12-25,39,True,B,6,Holiday,National,Ecuador,Cuenca,Azuay
2015-12-25,40,True,C,3,Holiday,National,Ecuador,Machala,El Oro
2015-12-25,41,True,D,4,Holiday,National,Ecuador,Machala,El Oro
2015-12-25,42,True,D,2,Holiday,National,Ecuador,Cuenca,Azuay
2015-12-25,43,True,E,10,Holiday,National,Ecuador,Esmeraldas,Esmeraldas
2015-12-25,44,True,A,5,Holiday,National,Ecuador,Quito,Pichincha
2015-12-25,45,True,A,11,Holiday,National,Ecuador,Quito,Pichincha
2015-12-25,46,True,A,14,Holiday,National,Ecuador,Quito,Pichincha
2015-12-25,47,True,A,14,Holiday,National,Ecuador,Quito,Pichincha
2015-12-25,48,True,A,14,Holiday,National,Ecuador,Quito,Pichincha
2015-12-25,49,True,A,11,Holiday,National,Ecuador,Quito,Pichincha
2015-12-25,50,True,A,14,Holiday,National,Ecuador,Ambato,Tungurahua
2015-12-25,51,True,A,17,Holiday,National,Ecuador,Guayaquil,Guayas
2015-12-25,52,True,A,11,Holiday,National,Ecuador,Manta,Manabi
2015-12-25,53,True,D,13,Holiday,National,Ecuador,Manta,Manabi
2015-12-25,54,True,C,3,Holiday,National,Ecuador,El Carmen,Manabi
2015-12-26,1,True,D,13,Additional,National,Ecuador,Quito,Pichincha
2015-12-26,2,True,D,13,Additional,National,Ecuador,Quito,Pichincha
2015-12-26,3,True,D,8,Additional,National,Ecuador,Quito,Pichincha
2015-12-26,4,True,D,9,Additional,National,Ecuador,Quito,Pichincha
2015-12-26,5,True,D,4,Additional,National,Ecuador,Santo Domingo,Santo Domingo de los Tsachilas
2015-12-26,6,True,D,13,Additional,National,Ecuador,Quito,Pichincha
2015-12-26,7,True,D,8,Additional,National,Ecuador,Quito,Pichincha
2015-12-26,8,True,D,8,Additional,National,Ecuador,Quito,Pichincha
2015-12-26,9,True,B,6,Additional,National,Ecuador,Quito,Pichincha
2015-12-26,10,True,C,15,Additional,National,Ecuador,Quito,Pichincha
2015-12-26,11,True,B,6,Additional,National,Ecuador,Cayambe,Pichincha
2015-12-26,12,True,C,15,Additional,National,Ecuador,Latacunga,Cotopaxi
2015-12-26,13,True,C,15,Additional,National,Ecuador,Latacunga,Cotopaxi
2015-12-26,14,True,C,7,Additional,National,Ecuador,Riobamba,Chimborazo
2015-12-26,15,True,C,15,Additional,National,Ecuador,Ibarra,Imbabura
2015-12-26,16,True,C,3,Additional,National,Ecuador,Santo Domingo,Santo Domingo de los Tsachilas
2015-12-26,17,True,C,12,Additional,National,Ecuador,Quito,Pichincha
2015-12-26,18,True,B,16,Additional,National,Ecuador,Quito,Pichincha
2015-12-26,19,True,C,15,Additional,National,Ecuador,Guaranda,Bolivar
2015-12-26,20,True,B,6,Additional,National,Ecuador,Quito,Pichincha
2015-12-26,21,True,B,6,Additional,National,Ecuador,Santo Domingo,Santo Domingo de los Tsachilas
2015-12-26,22,True,C,7,Additional,National,Ecuador,Puyo,Pastaza
2015-12-26,23,True,D,9,Additional,National,Ecuador,Ambato,Tungurahua
2015-12-26,24,True,D,1,Additional,National,Ecuador,Guayaquil,Guayas
2015-12-26,25,True,D,1,Additional,National,Ecuador,Salinas,Santa Elena
2015-12-26,26,True,D,10,Additional,National,Ecuador,Guayaquil,Guayas
2015-12-26,27,True,D,1,Additional,National,Ecuador,Daule,Guayas
2015-12-26,28,True,E,10,Additional,National,Ecuador,Guayaquil,Guayas
2015-12-26,29,True,E,10,Additional,National,Ecuador,Guayaquil,Guayas
2015-12-26,30,True,C,3,Additional,National,Ecuador,Guayaquil,Guayas
2015-12-26,31,True,B,10,Additional,National,Ecuador,Babahoyo,Los Rios
2015-12-26,32,True,C,3,Additional,National,Ecuador,Guayaquil,Guayas
2015-12-26,33,True,C,3,Additional,National,Ecuador,Quevedo,Los Rios
2015-12-26,34,True,B,6,Additional,National,Ecuador,Guayaquil,Guayas
2015-12-26,35,True,C,3,Additional,National,Ecuador,Playas,Guayas
2015-12-26,36,True,E,10,Additional,National,Ecuador,Libertad,Guayas
2015-12-26,37,True,D,2,Additional,National,Ecuador,Cuenca,Azuay
2015-12-26,38,True,D,4,Additional,National,Ecuador,Loja,Loja
2015-12-26,39,True,B,6,Additional,National,Ecuador,Cuenca,Azuay
2015-12-26,40,True,C,3,Additional,National,Ecuador,Machala,El Oro
2015-12-26,41,True,D,4,Additional,National,Ecuador,Machala,El Oro
2015-12-26,42,True,D,2,Additional,National,Ecuador,Cuenca,Azuay
2015-12-26,43,True,E,10,Additional,National,Ecuador,Esmeraldas,Esmeraldas
2015-12-26,44,True,A,5,Additional,National,Ecuador,Quito,Pichincha
2015-12-26,45,True,A,11,Additional,National,Ecuador,Quito,Pichincha
2015-12-26,46,True,A,14,Additional,National,Ecuador,Quito,Pichincha
2015-12-26,47,True,A,14,Additional,National,Ecuador,Quito,Pichincha
2015-12-26,48,True,A,14,Additional,National,Ecuador,Quito,Pichincha
2015-12-26,49,True,A,11,Additional,National,Ecuador,Quito,Pichincha
2015-12-26,50,True,A,14,Additional,National,Ecuador,Ambato,Tungurahua
2015-12-26,51,True,A,17,Additional,National,Ecuador,Guayaquil,Guayas
2015-12-26,52,True,A,11,Additional,National,Ecuador,Manta,Manabi
2015-12-26,53,True,D,13,Additional,National,Ecuador,Manta,Manabi
2015-12-26,54,True,C,3,Additional,National,Ecuador,El Carmen,Manabi
2015-12-31,1,True,D,13,Additional,National,Ecuador,Quito,Pichincha
2015-12-31,2,True,D,13,Additional,National,Ecuador,Quito,Pichincha
2015-12-31,3,True,D,8,Additional,National,Ecuador,Quito,Pichincha
2015-12-31,4,True,D,9,Additional,National,Ecuador,Quito,Pichincha
2015-12-31,5,True,D,4,Additional,National,Ecuador,Santo Domingo,Santo Domingo de los Tsachilas
2015-12-31,6,True,D,13,Additional,National,Ecuador,Quito,Pichincha
2015-12-31,7,True,D,8,Additional,National,Ecuador,Quito,Pichincha
2015-12-31,8,True,D,8,Additional,National,Ecuador,Quito,Pichincha
2015-12-31,9,True,B,6,Additional,National,Ecuador,Quito,Pichincha
2015-12-31,10,True,C,15,Additional,National,Ecuador,Quito,Pichincha
2015-12-31,11,True,B,6,Additional,National,Ecuador,Cayambe,Pichincha
2015-12-31,12,True,C,15,Additional,National,Ecuador,Latacunga,Cotopaxi
2015-12-31,13,True,C,15,Additional,National,Ecuador,Latacunga,Cotopaxi
2015-12-31,14,True,C,7,Additional,National,Ecuador,Riobamba,Chimborazo
2015-12-31,15,True,C,15,Additional,National,Ecuador,Ibarra,Imbabura
2015-12-31,16,True,C,3,Additional,National,Ecuador,Santo Domingo,Santo Domingo de los Tsachilas
2015-12-31,17,True,C,12,Additional,National,Ecuador,Quito,Pichincha
2015-12-31,18,True,B,16,Additional,National,Ecuador,Quito,Pichincha
2015-12-31,19,True,C,15,Additional,National,Ecuador,Guaranda,Bolivar
2015-12-31,20,True,B,6,Additional,National,Ecuador,Quito,Pichincha
2015-12-31,21,True,B,6,Additional,National,Ecuador,Santo Domingo,Santo Domingo de los Tsachilas
2015-12-31,22,True,C,7,Additional,National,Ecuador,Puyo,Pastaza
2015-12-31,23,True,D,9,Additional,National,Ecuador,Ambato,Tungurahua
2015-12-31,24,True,D,1,Additional,National,Ecuador,Guayaquil,Guayas
2015-12-31,25,True,D,1,Additional,National,Ecuador,Salinas,Santa Elena
2015-12-31,26,True,D,10,Additional,National,Ecuador,Guayaquil,Guayas
2015-12-31,27,True,D,1,Additional,National,Ecuador,Daule,Guayas
2015-12-31,28,True,E,10,Additional,National,Ecuador,Guayaquil,Guayas
2015-12-31,29,True,E,10,Additional,National,Ecuador,Guayaquil,Guayas
2015-12-31,30,True,C,3,Additional,National,Ecuador,Guayaquil,Guayas
2015-12-31,31,True,B,10,Additional,National,Ecuador,Babahoyo,Los Rios
2015-12-31,32,True,C,3,Additional,National,Ecuador,Guayaquil,Guayas
2015-12-31,33,True,C,3,Additional,National,Ecuador,Quevedo,Los Rios
2015-12-31,34,True,B,6,Additional,National,Ecuador,Guayaquil,Guayas
2015-12-31,35,True,C,3,Additional,National,Ecuador,Playas,Guayas
2015-12-31,36,True,E,10,Additional,National,Ecuador,Libertad,Guayas
2015-12-31,37,True,D,2,Additional,National,Ecuador,Cuenca,Azuay
2015-12-31,38,True,D,4,Additional,National,Ecuador,Loja,Loja
2015-12-31,39,True,B,6,Additional,National,Ecuador,Cuenca,Azuay
2015-12-31,40,True,C,3,Additional,National,Ecuador,Machala,El Oro
2015-12-31,41,True,D,4,Additional,National,Ecuador,Machala,El Oro
2015-12-31,42,True,D,2,Additional,National,Ecuador,Cuenca,Azuay
2015-12-31,43,True,E,10,Additional,National,Ecuador,Esmeraldas,Esmeraldas
2015-12-31,44,True,A,5,Additional,National,Ecuador,Quito,Pichincha
2015-12-31,45,True,A,11,Additional,National,Ecuador,Quito,Pichincha
2015-12-31,46,True,A,14,Additional,National,Ecuador,Quito,Pichincha
2015-12-31,47,True,A,14,Additional,National,Ecuador,Quito,Pichincha
2015-12-31,48,True,A,14,Additional,National,Ecuador,Quito,Pichincha
2015-12-31,49,True,A,11,Additional,National,Ecuador,Quito,Pichincha
2015-12-31,50,True,A,14,Additional,National,Ecuador,Ambato,Tungurahua
2015-12-31,51,True,A,17,Additional,National,Ecuador,Guayaquil,Guayas
2015-12-31,52,True,A,11,Additional,National,Ecuador,Manta,Manabi
2015-12-31,53,True,D,13,Additional,National,Ecuador,Manta,Manabi
2015-12-31,54,True,C,3,Additional,National,Ecuador,El Carmen,Manabi
2016-01-01,1,True,D,13,Holiday,National,Ecuador,Quito,Pichincha
2016-01-01,2,True,D,13,Holiday,National,Ecuador,Quito,Pichincha
2016-01-01,3,True,D,8,Holiday,National,Ecuador,Quito,Pichincha
2016-01-01,4,True,D,9,Holiday,National,Ecuador,Quito,Pichincha
2016-01-01,5,True,D,4,Holiday,National,Ecuador,Santo Domingo,Santo Domingo de los Tsachilas
2016-01-01,6,True,D,13,Holiday,National,Ecuador,Quito,Pichincha
2016-01-01,7,True,D,8,Holiday,National,Ecuador,Quito,Pichincha
2016-01-01,8,True,D,8,Holiday,National,Ecuador,Quito,Pichincha
2016-01-01,9,True,B,6,Holiday,National,Ecuador,Quito,Pichincha
2016-01-01,10,True,C,15,Holiday,National,Ecuador,Quito,Pichincha
2016-01-01,11,True,B,6,Holiday,National,Ecuador,Cayambe,Pichincha
2016-01-01,12,True,C,15,Holiday,National,Ecuador,Latacunga,Cotopaxi
2016-01-01,13,True,C,15,Holiday,National,Ecuador,Latacunga,Cotopaxi
2016-01-01,14,True,C,7,Holiday,National,Ecuador,Riobamba,Chimborazo
2016-01-01,15,True,C,15,Holiday,National,Ecuador,Ibarra,Imbabura
2016-01-01,16,True,C,3,Holiday,National,Ecuador,Santo Domingo,Santo Domingo de los Tsachilas
2016-01-01,17,True,C,12,Holiday,National,Ecuador,Quito,Pichincha
2016-01-01,18,True,B,16,Holiday,National,Ecuador,Quito,Pichincha
2016-01-01,19,True,C,15,Holiday,National,Ecuador,Guaranda,Bolivar
2016-01-01,20,True,B,6,Holiday,National,Ecuador,Quito,Pichincha
2016-01-01,21,True,B,6,Holiday,National,Ecuador,Santo Domingo,Santo Domingo de los Tsachilas
2016-01-01,22,True,C,7,Holiday,National,Ecuador,Puyo,Pastaza
2016-01-01,23,True,D,9,Holiday,National,Ecuador,Ambato,Tungurahua
2016-01-01,24,True,D,1,Holiday,National,Ecuador,Guayaquil,Guayas
2016-01-01,25,True,D,1,Holiday,National,Ecuador,Salinas,Santa Elena
2016-01-01,26,True,D,10,Holiday,National,Ecuador,Guayaquil,Guayas
2016-01-01,27,True,D,1,Holiday,National,Ecuador,Daule,Guayas
2016-01-01,28,True,E,10,Holiday,National,Ecuador,Guayaquil,Guayas
2016-01-01,29,True,E,10,Holiday,National,Ecuador,Guayaquil,Guayas
2016-01-01,30,True,C,3,Holiday,National,Ecuador,Guayaquil,Guayas
2016-01-01,31,True,B,10,Holiday,National,Ecuador,Babahoyo,Los Rios
2016-01-01,32,True,C,3,Holiday,National,Ecuador,Guayaquil,Guayas
2016-01-01,33,True,C,3,Holiday,National,Ecuador,Quevedo,Los Rios
2016-01-01,34,True,B,6,Holiday,National,Ecuador,Guayaquil,Guayas
2016-01-01,35,True,C,3,Holiday,National,Ecuador,Playas,Guayas
2016-01-01,36,True,E,10,Holiday,National,Ecuador,Libertad,Guayas
2016-01-01,37,True,D,2,Holiday,National,Ecuador,Cuenca,Azuay
2016-01-01,38,True,D,4,Holiday,National,Ecuador,Loja,Loja
2016-01-01,39,True,B,6,Holiday,National,Ecuador,Cuenca,Azuay
2016-01-01,40,True,C,3,Holiday,National,Ecuador,Machala,El Oro
2016-01-01,41,True,D,4,Holiday,National,Ecuador,Machala,El Oro
2016-01-01,42,True,D,2,Holiday,National,Ecuador,Cuenca,Azuay
2016-01-01,43,True,E,10,Holiday,National,Ecuador,Esmeraldas,Esmeraldas
2016-01-01,44,True,A,5,Holiday,National,Ecuador,Quito,Pichincha
2016-01-01,45,True,A,11,Holiday,National,Ecuador,Quito,Pichincha
2016-01-01,46,True,A,14,Holiday,National,Ecuador,Quito,Pichincha
2016-01-01,47,True,A,14,Holiday,National,Ecuador,Quito,Pichincha
2016-01-01,48,True,A,14,Holiday,National,Ecuador,Quito,Pichincha
2016-01-01,49,True,A,11,Holiday,National,Ecuador,Quito,Pichincha
2016-01-01,50,True,A,14,Holiday,National,Ecuador,Ambato,Tungurahua
2016-01-01,51,True,A,17,Holiday,National,Ecuador,Guayaquil,Guayas
2016-01-01,52,True,A,11,Holiday,National,Ecuador,Manta,Manabi
2016-01-01,53,True,D,13,Holiday,National,Ecuador,Manta,Manabi
2016-01-01,54,True,C,3,Holiday,National,Ecuador,El Carmen,Manabi
2016-02-08,1,True,D,13,Holiday,National,Ecuador,Quito,Pichincha
2016-02-08,2,True,D,13,Holiday,National,Ecuador,Quito,Pichincha
2016-02-08,3,True,D,8,Holiday,National,Ecuador,Quito,Pichincha
2016-02-08,4,True,D,9,Holiday,National,Ecuador,Quito,Pichincha
2016-02-08,5,True,D,4,Holiday,National,Ecuador,Santo Domingo,Santo Domingo de los Tsachilas
2016-02-08,6,True,D,13,Holiday,National,Ecuador,Quito,Pichincha
2016-02-08,7,True,D,8,Holiday,National,Ecuador,Quito,Pichincha
2016-02-08,8,True,D,8,Holiday,National,Ecuador,Quito,Pichincha
2016-02-08,9,True,B,6,Holiday,National,Ecuador,Quito,Pichincha
2016-02-08,10,True,C,15,Holiday,National,Ecuador,Quito,Pichincha
2016-02-08,11,True,B,6,Holiday,National,Ecuador,Cayambe,Pichincha
2016-02-08,12,True,C,15,Holiday,National,Ecuador,Latacunga,Cotopaxi
2016-02-08,13,True,C,15,Holiday,National,Ecuador,Latacunga,Cotopaxi
2016-02-08,14,True,C,7,Holiday,National,Ecuador,Riobamba,Chimborazo
2016-02-08,15,True,C,15,Holiday,National,Ecuador,Ibarra,Imbabura
2016-02-08,16,True,C,3,Holiday,National,Ecuador,Santo Domingo,Santo Domingo de los Tsachilas
2016-02-08,17,True,C,12,Holiday,National,Ecuador,Quito,Pichincha
2016-02-08,18,True,B,16,Holiday,National,Ecuador,Quito,Pichincha
2016-02-08,19,True,C,15,Holiday,National,Ecuador,Guaranda,Bolivar
2016-02-08,20,True,B,6,Holiday,National,Ecuador,Quito,Pichincha
2016-02-08,21,True,B,6,Holiday,National,Ecuador,Santo Domingo,Santo Domingo de los Tsachilas
2016-02-08,22,True,C,7,Holiday,National,Ecuador,Puyo,Pastaza
2016-02-08,23,True,D,9,Holiday,National,Ecuador,Ambato,Tungurahua
2016-02-08,24,True,D,1,Holiday,National,Ecuador,Guayaquil,Guayas
2016-02-08,25,True,D,1,Holiday,National,Ecuador,Salinas,Santa Elena
2016-02-08,26,True,D,10,Holiday,National,Ecuador,Guayaquil,Guayas
2016-02-08,27,True,D,1,Holiday,National,Ecuador,Daule,Guayas
2016-02-08,28,True,E,10,Holiday,National,Ecuador,Guayaquil,Guayas
2016-02-08,29,True,E,10,Holiday,National,Ecuador,Guayaquil,Guayas
2016-02-08,30,True,C,3,Holiday,National,Ecuador,Guayaquil,Guayas
2016-02-08,31,True,B,10,Holiday,National,Ecuador,Babahoyo,Los Rios
2016-02-08,32,True,C,3,Holiday,National,Ecuador,Guayaquil,Guayas
2016-02-08,33,True,C,3,Holiday,National,Ecuador,Quevedo,Los Rios
2016-02-08,34,True,B,6,Holiday,National,Ecuador,Guayaquil,Guayas
2016-02-08,35,True,C,3,Holiday,National,Ecuador,Playas,Guayas
2016-02-08,36,True,E,10,Holiday,National,Ecuador,Libertad,Guayas
2016-02-08,37,True,D,2,Holiday,National,Ecuador,Cuenca,Azuay
2016-02-08,38,True,D,4,Holiday,National,Ecuador,Loja,Loja
2016-02-08,39,True,B,6,Holiday,National,Ecuador,Cuenca,Azuay
2016-02-08,40,True,C,3,Holiday,National,Ecuador,Machala,El Oro
2016-02-08,41,True,D,4,Holiday,National,Ecuador,Machala,El Oro
2016-02-08,42,True,D,2,Holiday,National,Ecuador,Cuenca,Azuay
2016-02-08,43,True,E,10,Holiday,National,Ecuador,Esmeraldas,Esmeraldas
2016-02-08,44,True,A,5,Holiday,National,Ecuador,Quito,Pichincha
2016-02-08,45,True,A,11,Holiday,National,Ecuador,Quito,Pichincha
2016-02-08,46,True,A,14,Holiday,National,Ecuador,Quito,Pichincha
2016-02-08,47,True,A,14,Holiday,National,Ecuador,Quito,Pichincha
2016-02-08,48,True,A,14,Holiday,National,Ecuador,Quito,Pichincha
2016-02-08,49,True,A,11,Holiday,National,Ecuador,Quito,Pichincha
2016-02-08,50,True,A,14,Holiday,National,Ecuador,Ambato,Tungurahua
2016-02-08,51,True,A,17,Holiday,National,Ecuador,Guayaquil,Guayas
2016-02-08,52,True,A,11,Holiday,National,Ecuador,Manta,Manabi
2016-02-08,53,True,D,13,Holiday,National,Ecuador,Manta,Manabi
2016-02-08,54,True,C,3,Holiday,National,Ecuador,El Carmen,Manabi
2016-02-09,1,True,D,13,Holiday,National,Ecuador,Quito,Pichincha
2016-02-09,2,True,D,13,Holiday,National,Ecuador,Quito,Pichincha
2016-02-09,3,True,D,8,Holiday,National,Ecuador,Quito,Pichincha
2016-02-09,4,True,D,9,Holiday,National,Ecuador,Quito,Pichincha
2016-02-09,5,True,D,4,Holiday,National,Ecuador,Santo Domingo,Santo Domingo de los Tsachilas
2016-02-09,6,True,D,13,Holiday,National,Ecuador,Quito,Pichincha
2016-02-09,7,True,D,8,Holiday,National,Ecuador,Quito,Pichincha
2016-02-09,8,True,D,8,Holiday,National,Ecuador,Quito,Pichincha
2016-02-09,9,True,B,6,Holiday,National,Ecuador,Quito,Pichincha
2016-02-09,10,True,C,15,Holiday,National,Ecuador,Quito,Pichincha
2016-02-09,11,True,B,6,Holiday,National,Ecuador,Cayambe,Pichincha
2016-02-09,12,True,C,15,Holiday,National,Ecuador,Latacunga,Cotopaxi
2016-02-09,13,True,C,15,Holiday,National,Ecuador,Latacunga,Cotopaxi
2016-02-09,14,True,C,7,Holiday,National,Ecuador,Riobamba,Chimborazo
2016-02-09,15,True,C,15,Holiday,National,Ecuador,Ibarra,Imbabura
2016-02-09,16,True,C,3,Holiday,National,Ecuador,Santo Domingo,Santo Domingo de los Tsachilas
2016-02-09,17,True,C,12,Holiday,National,Ecuador,Quito,Pichincha
2016-02-09,18,True,B,16,Holiday,National,Ecuador,Quito,Pichincha
2016-02-09,19,True,C,15,Holiday,National,Ecuador,Guaranda,Bolivar
2016-02-09,20,True,B,6,Holiday,National,Ecuador,Quito,Pichincha
2016-02-09,21,True,B,6,Holiday,National,Ecuador,Santo Domingo,Santo Domingo de los Tsachilas
2016-02-09,22,True,C,7,Holiday,National,Ecuador,Puyo,Pastaza
2016-02-09,23,True,D,9,Holiday,National,Ecuador,Ambato,Tungurahua
2016-02-09,24,True,D,1,Holiday,National,Ecuador,Guayaquil,Guayas
2016-02-09,25,True,D,1,Holiday,National,Ecuador,Salinas,Santa Elena
2016-02-09,26,True,D,10,Holiday,National,Ecuador,Guayaquil,Guayas
2016-02-09,27,True,D,1,Holiday,National,Ecuador,Daule,Guayas
2016-02-09,28,True,E,10,Holiday,National,Ecuador,Guayaquil,Guayas
2016-02-09,29,True,E,10,Holiday,National,Ecuador,Guayaquil,Guayas
2016-02-09,30,True,C,3,Holiday,National,Ecuador,Guayaquil,Guayas
2016-02-09,31,True,B,10,Holiday,National,Ecuador,Babahoyo,Los Rios
2016-02-09,32,True,C,3,Holiday,National,Ecuador,Guayaquil,Guayas
2016-02-09,33,True,C,3,Holiday,National,Ecuador,Quevedo,Los Rios
2016-02-09,34,True,B,6,Holiday,National,Ecuador,Guayaquil,Guayas
2016-02-09,35,True,C,3,Holiday,National,Ecuador,Playas,Guayas
2016-02-09,36,True,E,10,Holiday,National,Ecuador,Libertad,Guayas
2016-02-09,37,True,D,2,Holiday,National,Ecuador,Cuenca,Azuay
2016-02-09,38,True,D,4,Holiday,National,Ecuador,Loja,Loja
2016-02-09,39,True,B,6,Holiday,National,Ecuador,Cuenca,Azuay
2016-02-09,40,True,C,3,Holiday,National,Ecuador,Machala,El Oro
2016-02-09,41,True,D,4,Holiday,National,Ecuador,Machala,El Oro
2016-02-09,42,True,D,2,Holiday,National,Ecuador,Cuenca,Azuay
2016-02-09,43,True,E,10,Holiday,National,Ecuador,Esmeraldas,Esmeraldas
2016-02-09,44,True,A,5,Holiday,National,Ecuador,Quito,Pichincha
2016-02-09,45,True,A,11,Holiday,National,Ecuador,Quito,Pichincha
2016-02-09,46,True,A,14,Holiday,National,Ecuador,Quito,Pichincha
2016-02-09,47,True,A,14,Holiday,National,Ecuador,Quito,Pichincha
2016-02-09,48,True,A,14,Holiday,National,Ecuador,Quito,Pichincha
2016-02-09,49,True,A,11,Holiday,National,Ecuador,Quito,Pichincha
2016-02-09,50,True,A,14,Holiday,National,Ecuador,Ambato,Tungurahua
2016-02-09,51,True,A,17,Holiday,National,Ecuador,Guayaquil,Guayas
2016-02-09,52,True,A,11,Holiday,National,Ecuador,Manta,Manabi
2016-02-09,53,True,D,13,Holiday,National,Ecuador,Manta,Manabi
2016-02-09,54,True,C,3,Holiday,National,Ecuador,El Carmen,Manabi
2016-03-25,1,True,D,13,Holiday,National,Ecuador,Quito,Pichincha
2016-03-25,2,True,D,13,Holiday,National,Ecuador,Quito,Pichincha
2016-03-25,3,True,D,8,Holiday,National,Ecuador,Quito,Pichincha
2016-03-25,4,True,D,9,Holiday,National,Ecuador,Quito,Pichincha
2016-03-25,5,True,D,4,Holiday,National,Ecuador,Santo Domingo,Santo Domingo de los Tsachilas
2016-03-25,6,True,D,13,Holiday,National,Ecuador,Quito,Pichincha
2016-03-25,7,True,D,8,Holiday,National,Ecuador,Quito,Pichincha
2016-03-25,8,True,D,8,Holiday,National,Ecuador,Quito,Pichincha
2016-03-25,9,True,B,6,Holiday,National,Ecuador,Quito,Pichincha
2016-03-25,10,True,C,15,Holiday,National,Ecuador,Quito,Pichincha
2016-03-25,11,True,B,6,Holiday,National,Ecuador,Cayambe,Pichincha
2016-03-25,12,True,C,15,Holiday,National,Ecuador,Latacunga,Cotopaxi
2016-03-25,13,True,C,15,Holiday,National,Ecuador,Latacunga,Cotopaxi
2016-03-25,14,True,C,7,Holiday,National,Ecuador,Riobamba,Chimborazo
2016-03-25,15,True,C,15,Holiday,National,Ecuador,Ibarra,Imbabura
2016-03-25,16,True,C,3,Holiday,National,Ecuador,Santo Domingo,Santo Domingo de los Tsachilas
2016-03-25,17,True,C,12,Holiday,National,Ecuador,Quito,Pichincha
2016-03-25,18,True,B,16,Holiday,National,Ecuador,Quito,Pichincha
2016-03-25,19,True,C,15,Holiday,National,Ecuador,Guaranda,Bolivar
2016-03-25,20,True,B,6,Holiday,National,Ecuador,Quito,Pichincha
2016-03-25,21,True,B,6,Holiday,National,Ecuador,Santo Domingo,Santo Domingo de los Tsachilas
2016-03-25,22,True,C,7,Holiday,National,Ecuador,Puyo,Pastaza
2016-03-25,23,True,D,9,Holiday,National,Ecuador,Ambato,Tungurahua
2016-03-25,24,True,D,1,Holiday,National,Ecuador,Guayaquil,Guayas
2016-03-25,25,True,D,1,Holiday,National,Ecuador,Salinas,Santa Elena
2016-03-25,26,True,D,10,Holiday,National,Ecuador,Guayaquil,Guayas
2016-03-25,27,True,D,1,Holiday,National,Ecuador,Daule,Guayas
2016-03-25,28,True,E,10,Holiday,National,Ecuador,Guayaquil,Guayas
2016-03-25,29,True,E,10,Holiday,National,Ecuador,Guayaquil,Guayas
2016-03-25,30,True,C,3,Holiday,National,Ecuador,Guayaquil,Guayas
2016-03-25,31,True,B,10,Holiday,National,Ecuador,Babahoyo,Los Rios
2016-03-25,32,True,C,3,Holiday,National,Ecuador,Guayaquil,Guayas
2016-03-25,33,True,C,3,Holiday,National,Ecuador,Quevedo,Los Rios
2016-03-25,34,True,B,6,Holiday,National,Ecuador,Guayaquil,Guayas
2016-03-25,35,True,C,3,Holiday,National,Ecuador,Playas,Guayas
2016-03-25,36,True,E,10,Holiday,National,Ecuador,Libertad,Guayas
2016-03-25,37,True,D,2,Holiday,National,Ecuador,Cuenca,Azuay
2016-03-25,38,True,D,4,Holiday,National,Ecuador,Loja,Loja
2016-03-25,39,True,B,6,Holiday,National,Ecuador,Cuenca,Azuay
2016-03-25,40,True,C,3,Holiday,National,Ecuador,Machala,El Oro
2016-03-25,41,True,D,4,Holiday,National,Ecuador,Machala,El Oro
2016-03-25,42,True,D,2,Holiday,National,Ecuador,Cuenca,Azuay
2016-03-25,43,True,E,10,Holiday,National,Ecuador,Esmeraldas,Esmeraldas
2016-03-25,44,True,A,5,Holiday,National,Ecuador,Quito,Pichincha
2016-03-25,45,True,A,11,Holiday,National,Ecuador,Quito,Pichincha
2016-03-25,46,True,A,14,Holiday,National,Ecuador,Quito,Pichincha
2016-03-25,47,True,A,14,Holiday,National,Ecuador,Quito,Pichincha
2016-03-25,48,True,A,14,Holiday,National,Ecuador,Quito,Pichincha
2016-03-25,49,True,A,11,Holiday,National,Ecuador,Quito,Pichincha
2016-03-25,50,True,A,14,Holiday,National,Ecuador,Ambato,Tungurahua
2016-03-25,51,True,A,17,Holiday,National,Ecuador,Guayaquil,Guayas
2016-03-25,52,True,A,11,Holiday,National,Ecuador,Manta,Manabi
2016-03-25,53,True,D,13,Holiday,National,Ecuador,Manta,Manabi
2016-03-25,54,True,C,3,Holiday,National,Ecuador,El Carmen,Manabi
2016-04-16,1,True,D,13,Event,National,Ecuador,Quito,Pichincha
2016-04-16,2,True,D,13,Event,National,Ecuador,Quito,Pichincha
2016-04-16,3,True,D,8,Event,National,Ecuador,Quito,Pichincha
2016-04-16,4,True,D,9,Event,National,Ecuador,Quito,Pichincha
2016-04-16,5,True,D,4,Event,National,Ecuador,Santo Domingo,Santo Domingo de los Tsachilas
2016-04-16,6,True,D,13,Event,National,Ecuador,Quito,Pichincha
2016-04-16,7,True,D,8,Event,National,Ecuador,Quito,Pichincha
2016-04-16,8,True,D,8,Event,National,Ecuador,Quito,Pichincha
2016-04-16,9,True,B,6,Event,National,Ecuador,Quito,Pichincha
2016-04-16,10,True,C,15,Event,National,Ecuador,Quito,Pichincha
2016-04-16,11,True,B,6,Event,National,Ecuador,Cayambe,Pichincha
2016-04-16,12,True,C,15,Event,National,Ecuador,Latacunga,Cotopaxi
2016-04-16,13,True,C,15,Event,National,Ecuador,Latacunga,Cotopaxi
2016-04-16,14,True,C,7,Event,National,Ecuador,Riobamba,Chimborazo
2016-04-16,15,True,C,15,Event,National,Ecuador,Ibarra,Imbabura
2016-04-16,16,True,C,3,Event,National,Ecuador,Santo Domingo,Santo Domingo de los Tsachilas
2016-04-16,17,True,C,12,Event,National,Ecuador,Quito,Pichincha
2016-04-16,18,True,B,16,Event,National,Ecuador,Quito,Pichincha
2016-04-16,19,True,C,15,Event,National,Ecuador,Guaranda,Bolivar
2016-04-16,20,True,B,6,Event,National,Ecuador,Quito,Pichincha
2016-04-16,21,True,B,6,Event,National,Ecuador,Santo Domingo,Santo Domingo de los Tsachilas
2016-04-16,22,True,C,7,Event,National,Ecuador,Puyo,Pastaza
2016-04-16,23,True,D,9,Event,National,Ecuador,Ambato,Tungurahua
2016-04-16,24,True,D,1,Event,National,Ecuador,Guayaquil,Guayas
2016-04-16,25,True,D,1,Event,National,Ecuador,Salinas,Santa Elena
2016-04-16,26,True,D,10,Event,National,Ecuador,Guayaquil,Guayas
2016-04-16,27,True,D,1,Event,National,Ecuador,Daule,Guayas
2016-04-16,28,True,E,10,Event,National,Ecuador,Guayaquil,Guayas
2016-04-16,29,True,E,10,Event,National,Ecuador,Guayaquil,Guayas
2016-04-16,30,True,C,3,Event,National,Ecuador,Guayaquil,Guayas
2016-04-16,31,True,B,10,Event,National,Ecuador,Babahoyo,Los Rios
2016-04-16,32,True,C,3,Event,National,Ecuador,Guayaquil,Guayas
2016-04-16,33,True,C,3,Event,National,Ecuador,Quevedo,Los Rios
2016-04-16,34,True,B,6,Event,National,Ecuador,Guayaquil,Guayas
2016-04-16,35,True,C,3,Event,National,Ecuador,Playas,Guayas
2016-04-16,36,True,E,10,Event,National,Ecuador,Libertad,Guayas
2016-04-16,37,True,D,2,Event,National,Ecuador,Cuenca,Azuay
2016-04-16,38,True,D,4,Event,National,Ecuador,Loja,Loja
2016-04-16,39,True,B,6,Event,National,Ecuador,Cuenca,Azuay
2016-04-16,40,True,C,3,Event,National,Ecuador,Machala,El Oro
2016-04-16,41,True,D,4,Event,National,Ecuador,Machala,El Oro
2016-04-16,42,True,D,2,Event,National,Ecuador,Cuenca,Azuay
2016-04-16,43,True,E,10,Event,National,Ecuador,Esmeraldas,Esmeraldas
2016-04-16,44,True,A,5,Event,National,Ecuador,Quito,Pichincha
2016-04-16,45,True,A,11,Event,National,Ecuador,Quito,Pichincha
2016-04-16,46,True,A,14,Event,National,Ecuador,Quito,Pichincha
2016-04-16,47,True,A,14,Event,National,Ecuador,Quito,Pichincha
2016-04-16,48,True,A,14,Event,National,Ecuador,Quito,Pichincha
2016-04-16,49,True,A,11,Event,National,Ecuador,Quito,Pichincha
2016-04-16,50,True,A,14,Event,National,Ecuador,Ambato,Tungurahua
2016-04-16,51,True,A,17,Event,National,Ecuador,Guayaquil,Guayas
2016-04-16,52,True,A,11,Event,National,Ecuador,Manta,Manabi
2016-04-16,53,True,D,13,Event,National,Ecuador,Manta,Manabi
2016-04-16,54,True,C,3,Event,National,Ecuador,El Carmen,Manabi
2016-04-17,1,True,D,13,Event,National,Ecuador,Quito,Pichincha
2016-04-17,2,True,D,13,Event,National,Ecuador,Quito,Pichincha
2016-04-17,3,True,D,8,Event,National,Ecuador,Quito,Pichincha
2016-04-17,4,True,D,9,Event,National,Ecuador,Quito,Pichincha
2016-04-17,5,True,D,4,Event,National,Ecuador,Santo Domingo,Santo Domingo de los Tsachilas
2016-04-17,6,True,D,13,Event,National,Ecuador,Quito,Pichincha
2016-04-17,7,True,D,8,Event,National,Ecuador,Quito,Pichincha
2016-04-17,8,True,D,8,Event,National,Ecuador,Quito,Pichincha
2016-04-17,9,True,B,6,Event,National,Ecuador,Quito,Pichincha
2016-04-17,10,True,C,15,Event,National,Ecuador,Quito,Pichincha
2016-04-17,11,True,B,6,Event,National,Ecuador,Cayambe,Pichincha
2016-04-17,12,True,C,15,Event,National,Ecuador,Latacunga,Cotopaxi
2016-04-17,13,True,C,15,Event,National,Ecuador,Latacunga,Cotopaxi
2016-04-17,14,True,C,7,Event,National,Ecuador,Riobamba,Chimborazo
2016-04-17,15,True,C,15,Event,National,Ecuador,Ibarra,Imbabura
2016-04-17,16,True,C,3,Event,National,Ecuador,Santo Domingo,Santo Domingo de los Tsachilas
2016-04-17,17,True,C,12,Event,National,Ecuador,Quito,Pichincha
2016-04-17,18,True,B,16,Event,National,Ecuador,Quito,Pichincha
2016-04-17,19,True,C,15,Event,National,Ecuador,Guaranda,Bolivar
2016-04-17,20,True,B,6,Event,National,Ecuador,Quito,Pichincha
2016-04-17,21,True,B,6,Event,National,Ecuador,Santo Domingo,Santo Domingo de los Tsachilas
2016-04-17,22,True,C,7,Event,National,Ecuador,Puyo,Pastaza
2016-04-17,23,True,D,9,Event,National,Ecuador,Ambato,Tungurahua
2016-04-17,24,True,D,1,Event,National,Ecuador,Guayaquil,Guayas
2016-04-17,25,True,D,1,Event,National,Ecuador,Salinas,Santa Elena
2016-04-17,26,True,D,10,Event,National,Ecuador,Guayaquil,Guayas
2016-04-17,27,True,D,1,Event,National,Ecuador,Daule,Guayas
2016-04-17,28,True,E,10,Event,National,Ecuador,Guayaquil,Guayas
2016-04-17,29,True,E,10,Event,National,Ecuador,Guayaquil,Guayas
2016-04-17,30,True,C,3,Event,National,Ecuador,Guayaquil,Guayas
2016-04-17,31,True,B,10,Event,National,Ecuador,Babahoyo,Los Rios
2016-04-17,32,True,C,3,Event,National,Ecuador,Guayaquil,Guayas
2016-04-17,33,True,C,3,Event,National,Ecuador,Quevedo,Los Rios
2016-04-17,34,True,B,6,Event,National,Ecuador,Guayaquil,Guayas
2016-04-17,35,True,C,3,Event,National,Ecuador,Playas,Guayas
2016-04-17,36,True,E,10,Event,National,Ecuador,Libertad,Guayas
2016-04-17,37,True,D,2,Event,National,Ecuador,Cuenca,Azuay
2016-04-17,38,True,D,4,Event,National,Ecuador,Loja,Loja
2016-04-17,39,True,B,6,Event,National,Ecuador,Cuenca,Azuay
2016-04-17,40,True,C,3,Event,National,Ecuador,Machala,El Oro
2016-04-17,41,True,D,4,Event,National,Ecuador,Machala,El Oro
2016-04-17,42,True,D,2,Event,National,Ecuador,Cuenca,Azuay
2016-04-17,43,True,E,10,Event,National,Ecuador,Esmeraldas,Esmeraldas
2016-04-17,44,True,A,5,Event,National,Ecuador,Quito,Pichincha
2016-04-17,45,True,A,11,Event,National,Ecuador,Quito,Pichincha
2016-04-17,46,True,A,14,Event,National,Ecuador,Quito,Pichincha
2016-04-17,47,True,A,14,Event,National,Ecuador,Quito,Pichincha
2016-04-17,48,True,A,14,Event,National,Ecuador,Quito,Pichincha
2016-04-17,49,True,A,11,Event,National,Ecuador,Quito,Pichincha
2016-04-17,50,True,A,14,Event,National,Ecuador,Ambato,Tungurahua
2016-04-17,51,True,A,17,Event,National,Ecuador,Guayaquil,Guayas
2016-04-17,52,True,A,11,Event,National,Ecuador,Manta,Manabi
2016-04-17,53,True,D,13,Event,National,Ecuador,Manta,Manabi
2016-04-17,54,True,C,3,Event,National,Ecuador,El Carmen,Manabi
2016-04-18,1,True,D,13,Event,National,Ecuador,Quito,Pichincha
2016-04-18,2,True,D,13,Event,National,Ecuador,Quito,Pichincha
2016-04-18,3,True,D,8,Event,National,Ecuador,Quito,Pichincha
2016-04-18,4,True,D,9,Event,National,Ecuador,Quito,Pichincha
2016-04-18,5,True,D,4,Event,National,Ecuador,Santo Domingo,Santo Domingo de los Tsachilas
2016-04-18,6,True,D,13,Event,National,Ecuador,Quito,Pichincha
2016-04-18,7,True,D,8,Event,National,Ecuador,Quito,Pichincha
2016-04-18,8,True,D,8,Event,National,Ecuador,Quito,Pichincha
2016-04-18,9,True,B,6,Event,National,Ecuador,Quito,Pichincha
2016-04-18,10,True,C,15,Event,National,Ecuador,Quito,Pichincha
2016-04-18,11,True,B,6,Event,National,Ecuador,Cayambe,Pichincha
2016-04-18,12,True,C,15,Event,National,Ecuador,Latacunga,Cotopaxi
2016-04-18,13,True,C,15,Event,National,Ecuador,Latacunga,Cotopaxi
2016-04-18,14,True,C,7,Event,National,Ecuador,Riobamba,Chimborazo
2016-04-18,15,True,C,15,Event,National,Ecuador,Ibarra,Imbabura
2016-04-18,16,True,C,3,Event,National,Ecuador,Santo Domingo,Santo Domingo de los Tsachilas
2016-04-18,17,True,C,12,Event,National,Ecuador,Quito,Pichincha
2016-04-18,18,True,B,16,Event,National,Ecuador,Quito,Pichincha
2016-04-18,19,True,C,15,Event,National,Ecuador,Guaranda,Bolivar
2016-04-18,20,True,B,6,Event,National,Ecuador,Quito,Pichincha
2016-04-18,21,True,B,6,Event,National,Ecuador,Santo Domingo,Santo Domingo de los Tsachilas
2016-04-18,22,True,C,7,Event,National,Ecuador,Puyo,Pastaza
2016-04-18,23,True,D,9,Event,National,Ecuador,Ambato,Tungurahua
2016-04-18,24,True,D,1,Event,National,Ecuador,Guayaquil,Guayas
2016-04-18,25,True,D,1,Event,National,Ecuador,Salinas,Santa Elena
2016-04-18,26,True,D,10,Event,National,Ecuador,Guayaquil,Guayas
2016-04-18,27,True,D,1,Event,National,Ecuador,Daule,Guayas
2016-04-18,28,True,E,10,Event,National,Ecuador,Guayaquil,Guayas
2016-04-18,29,True,E,10,Event,National,Ecuador,Guayaquil,Guayas
2016-04-18,30,True,C,3,Event,National,Ecuador,Guayaquil,Guayas
2016-04-18,31,True,B,10,Event,National,Ecuador,Babahoyo,Los Rios
2016-04-18,32,True,C,3,Event,National,Ecuador,Guayaquil,Guayas
2016-04-18,33,True,C,3,Event,National,Ecuador,Quevedo,Los Rios
2016-04-18,34,True,B,6,Event,National,Ecuador,Guayaquil,Guayas
2016-04-18,35,True,C,3,Event,National,Ecuador,Playas,Guayas
2016-04-18,36,True,E,10,Event,National,Ecuador,Libertad,Guayas
2016-04-18,37,True,D,2,Event,National,Ecuador,Cuenca,Azuay
2016-04-18,38,True,D,4,Event,National,Ecuador,Loja,Loja
2016-04-18,39,True,B,6,Event,National,Ecuador,Cuenca,Azuay
2016-04-18,40,True,C,3,Event,National,Ecuador,Machala,El Oro
2016-04-18,41,True,D,4,Event,National,Ecuador,Machala,El Oro
2016-04-18,42,True,D,2,Event,National,Ecuador,Cuenca,Azuay
2016-04-18,43,True,E,10,Event,National,Ecuador,Esmeraldas,Esmeraldas
2016-04-18,44,True,A,5,Event,National,Ecuador,Quito,Pichincha
2016-04-18,45,True,A,11,Event,National,Ecuador,Quito,Pichincha
2016-04-18,46,True,A,14,Event,National,Ecuador,Quito,Pichincha
2016-04-18,47,True,A,14,Event,National,Ecuador,Quito,Pichincha
2016-04-18,48,True,A,14,Event,National,Ecuador,Quito,Pichincha
2016-04-18,49,True,A,11,Event,National,Ecuador,Quito,Pichincha
2016-04-18,50,True,A,14,Event,National,Ecuador,Ambato,Tungurahua
2016-04-18,51,True,A,17,Event,National,Ecuador,Guayaquil,Guayas
2016-04-18,52,True,A,11,Event,National,Ecuador,Manta,Manabi
2016-04-18,53,True,D,13,Event,National,Ecuador,Manta,Manabi
2016-04-18,54,True,C,3,Event,National,Ecuador,El Carmen,Manabi
2016-04-19,1,True,D,13,Event,National,Ecuador,Quito,Pichincha
2016-04-19,2,True,D,13,Event,National,Ecuador,Quito,Pichincha
2016-04-19,3,True,D,8,Event,National,Ecuador,Quito,Pichincha
2016-04-19,4,True,D,9,Event,National,Ecuador,Quito,Pichincha
2016-04-19,5,True,D,4,Event,National,Ecuador,Santo Domingo,Santo Domingo de los Tsachilas
2016-04-19,6,True,D,13,Event,National,Ecuador,Quito,Pichincha
2016-04-19,7,True,D,8,Event,National,Ecuador,Quito,Pichincha
2016-04-19,8,True,D,8,Event,National,Ecuador,Quito,Pichincha
2016-04-19,9,True,B,6,Event,National,Ecuador,Quito,Pichincha
2016-04-19,10,True,C,15,Event,National,Ecuador,Quito,Pichincha
2016-04-19,11,True,B,6,Event,National,Ecuador,Cayambe,Pichincha
2016-04-19,12,True,C,15,Event,National,Ecuador,Latacunga,Cotopaxi
2016-04-19,13,True,C,15,Event,National,Ecuador,Latacunga,Cotopaxi
2016-04-19,14,True,C,7,Event,National,Ecuador,Riobamba,Chimborazo
2016-04-19,15,True,C,15,Event,National,Ecuador,Ibarra,Imbabura
2016-04-19,16,True,C,3,Event,National,Ecuador,Santo Domingo,Santo Domingo de los Tsachilas
2016-04-19,17,True,C,12,Event,National,Ecuador,Quito,Pichincha
2016-04-19,18,True,B,16,Event,National,Ecuador,Quito,Pichincha
2016-04-19,19,True,C,15,Event,National,Ecuador,Guaranda,Bolivar
2016-04-19,20,True,B,6,Event,National,Ecuador,Quito,Pichincha
2016-04-19,21,True,B,6,Event,National,Ecuador,Santo Domingo,Santo Domingo de los Tsachilas
2016-04-19,22,True,C,7,Event,National,Ecuador,Puyo,Pastaza
2016-04-19,23,True,D,9,Event,National,Ecuador,Ambato,Tungurahua
2016-04-19,24,True,D,1,Event,National,Ecuador,Guayaquil,Guayas
2016-04-19,25,True,D,1,Event,National,Ecuador,Salinas,Santa Elena
2016-04-19,26,True,D,10,Event,National,Ecuador,Guayaquil,Guayas
2016-04-19,27,True,D,1,Event,National,Ecuador,Daule,Guayas
2016-04-19,28,True,E,10,Event,National,Ecuador,Guayaquil,Guayas
2016-04-19,29,True,E,10,Event,National,Ecuador,Guayaquil,Guayas
2016-04-19,30,True,C,3,Event,National,Ecuador,Guayaquil,Guayas
2016-04-19,31,True,B,10,Event,National,Ecuador,Babahoyo,Los Rios
2016-04-19,32,True,C,3,Event,National,Ecuador,Guayaquil,Guayas
2016-04-19,33,True,C,3,Event,National,Ecuador,Quevedo,Los Rios
2016-04-19,34,True,B,6,Event,National,Ecuador,Guayaquil,Guayas
2016-04-19,35,True,C,3,Event,National,Ecuador,Playas,Guayas
2016-04-19,36,True,E,10,Event,National,Ecuador,Libertad,Guayas
2016-04-19,37,True,D,2,Event,National,Ecuador,Cuenca,Azuay
2016-04-19,38,True,D,4,Event,National,Ecuador,Loja,Loja
2016-04-19,39,True,B,6,Event,National,Ecuador,Cuenca,Azuay
2016-04-19,40,True,C,3,Event,National,Ecuador,Machala,El Oro
2016-04-19,41,True,D,4,Event,National,Ecuador,Machala,El Oro
2016-04-19,42,True,D,2,Event,National,Ecuador,Cuenca,Azuay
2016-04-19,43,True,E,10,Event,National,Ecuador,Esmeraldas,Esmeraldas
2016-04-19,44,True,A,5,Event,National,Ecuador,Quito,Pichincha
2016-04-19,45,True,A,11,Event,National,Ecuador,Quito,Pichincha
2016-04-19,46,True,A,14,Event,National,Ecuador,Quito,Pichincha
2016-04-19,47,True,A,14,Event,National,Ecuador,Quito,Pichincha
2016-04-19,48,True,A,14,Event,National,Ecuador,Quito,Pichincha
2016-04-19,49,True,A,11,Event,National,Ecuador,Quito,Pichincha
2016-04-19,50,True,A,14,Event,National,Ecuador,Ambato,Tungurahua
2016-04-19,51,True,A,17,Event,National,Ecuador,Guayaquil,Guayas
2016-04-19,52,True,A,11,Event,National,Ecuador,Manta,Manabi
2016-04-19,53,True,D,13,Event,National,Ecuador,Manta,Manabi
2016-04-19,54,True,C,3,Event,National,Ecuador,El Carmen,Manabi
2016-04-20,1,True,D,13,Event,National,Ecuador,Quito,Pichincha
2016-04-20,2,True,D,13,Event,National,Ecuador,Quito,Pichincha
2016-04-20,3,True,D,8,Event,National,Ecuador,Quito,Pichincha
2016-04-20,4,True,D,9,Event,National,Ecuador,Quito,Pichincha
2016-04-20,5,True,D,4,Event,National,Ecuador,Santo Domingo,Santo Domingo de los Tsachilas
2016-04-20,6,True,D,13,Event,National,Ecuador,Quito,Pichincha
2016-04-20,7,True,D,8,Event,National,Ecuador,Quito,Pichincha
2016-04-20,8,True,D,8,Event,National,Ecuador,Quito,Pichincha
2016-04-20,9,True,B,6,Event,National,Ecuador,Quito,Pichincha
2016-04-20,10,True,C,15,Event,National,Ecuador,Quito,Pichincha
2016-04-20,11,True,B,6,Event,National,Ecuador,Cayambe,Pichincha
2016-04-20,12,True,C,15,Event,National,Ecuador,Latacunga,Cotopaxi
2016-04-20,13,True,C,15,Event,National,Ecuador,Latacunga,Cotopaxi
2016-04-20,14,True,C,7,Event,National,Ecuador,Riobamba,Chimborazo
2016-04-20,15,True,C,15,Event,National,Ecuador,Ibarra,Imbabura
2016-04-20,16,True,C,3,Event,National,Ecuador,Santo Domingo,Santo Domingo de los Tsachilas
2016-04-20,17,True,C,12,Event,National,Ecuador,Quito,Pichincha
2016-04-20,18,True,B,16,Event,National,Ecuador,Quito,Pichincha
2016-04-20,19,True,C,15,Event,National,Ecuador,Guaranda,Bolivar
2016-04-20,20,True,B,6,Event,National,Ecuador,Quito,Pichincha
2016-04-20,21,True,B,6,Event,National,Ecuador,Santo Domingo,Santo Domingo de los Tsachilas
2016-04-20,22,True,C,7,Event,National,Ecuador,Puyo,Pastaza
2016-04-20,23,True,D,9,Event,National,Ecuador,Ambato,Tungurahua
2016-04-20,24,True,D,1,Event,National,Ecuador,Guayaquil,Guayas
2016-04-20,25,True,D,1,Event,National,Ecuador,Salinas,Santa Elena
2016-04-20,26,True,D,10,Event,National,Ecuador,Guayaquil,Guayas
2016-04-20,27,True,D,1,Event,National,Ecuador,Daule,Guayas
2016-04-20,28,True,E,10,Event,National,Ecuador,Guayaquil,Guayas
2016-04-20,29,True,E,10,Event,National,Ecuador,Guayaquil,Guayas
2016-04-20,30,True,C,3,Event,National,Ecuador,Guayaquil,Guayas
2016-04-20,31,True,B,10,Event,National,Ecuador,Babahoyo,Los Rios
2016-04-20,32,True,C,3,Event,National,Ecuador,Guayaquil,Guayas
2016-04-20,33,True,C,3,Event,National,Ecuador,Quevedo,Los Rios
2016-04-20,34,True,B,6,Event,National,Ecuador,Guayaquil,Guayas
2016-04-20,35,True,C,3,Event,National,Ecuador,Playas,Guayas
2016-04-20,36,True,E,10,Event,National,Ecuador,Libertad,Guayas
2016-04-20,37,True,D,2,Event,National,Ecuador,Cuenca,Azuay
2016-04-20,38,True,D,4,Event,National,Ecuador,Loja,Loja
2016-04-20,39,True,B,6,Event,National,Ecuador,Cuenca,Azuay
2016-04-20,40,True,C,3,Event,National,Ecuador,Machala,El Oro
2016-04-20,41,True,D,4,Event,National,Ecuador,Machala,El Oro
2016-04-20,42,True,D,2,Event,National,Ecuador,Cuenca,Azuay
2016-04-20,43,True,E,10,Event,National,Ecuador,Esmeraldas,Esmeraldas
2016-04-20,44,True,A,5,Event,National,Ecuador,Quito,Pichincha
2016-04-20,45,True,A,11,Event,National,Ecuador,Quito,Pichincha
2016-04-20,46,True,A,14,Event,National,Ecuador,Quito,Pichincha
2016-04-20,47,True,A,14,Event,National,Ecuador,Quito,Pichincha
2016-04-20,48,True,A,14,Event,National,Ecuador,Quito,Pichincha
2016-04-20,49,True,A,11,Event,National,Ecuador,Quito,Pichincha
2016-04-20,50,True,A,14,Event,National,Ecuador,Ambato,Tungurahua
2016-04-20,51,True,A,17,Event,National,Ecuador,Guayaquil,Guayas
2016-04-20,52,True,A,11,Event,National,Ecuador,Manta,Manabi
2016-04-20,53,True,D,13,Event,National,Ecuador,Manta,Manabi
2016-04-20,54,True,C,3,Event,National,Ecuador,El Carmen,Manabi
2016-04-21,1,True,D,13,Event,National,Ecuador,Quito,Pichincha
2016-04-21,2,True,D,13,Event,National,Ecuador,Quito,Pichincha
2016-04-21,3,True,D,8,Event,National,Ecuador,Quito,Pichincha
2016-04-21,4,True,D,9,Event,National,Ecuador,Quito,Pichincha
2016-04-21,5,True,D,4,Event,National,Ecuador,Santo Domingo,Santo Domingo de los Tsachilas
2016-04-21,6,True,D,13,Event,National,Ecuador,Quito,Pichincha
2016-04-21,7,True,D,8,Event,National,Ecuador,Quito,Pichincha
2016-04-21,8,True,D,8,Event,National,Ecuador,Quito,Pichincha
2016-04-21,9,True,B,6,Event,National,Ecuador,Quito,Pichincha
2016-04-21,10,True,C,15,Event,National,Ecuador,Quito,Pichincha
2016-04-21,11,True,B,6,Event,National,Ecuador,Cayambe,Pichincha
2016-04-21,12,True,C,15,Event,National,Ecuador,Latacunga,Cotopaxi
2016-04-21,13,True,C,15,Event,National,Ecuador,Latacunga,Cotopaxi
2016-04-21,14,True,C,7,Event,National,Ecuador,Riobamba,Chimborazo
2016-04-21,15,True,C,15,Event,National,Ecuador,Ibarra,Imbabura
2016-04-21,16,True,C,3,Event,National,Ecuador,Santo Domingo,Santo Domingo de los Tsachilas
2016-04-21,17,True,C,12,Event,National,Ecuador,Quito,Pichincha
2016-04-21,18,True,B,16,Event,National,Ecuador,Quito,Pichincha
2016-04-21,19,True,C,15,Event,National,Ecuador,Guaranda,Bolivar
2016-04-21,20,True,B,6,Event,National,Ecuador,Quito,Pichincha
2016-04-21,21,True,B,6,Event,National,Ecuador,Santo Domingo,Santo Domingo de los Tsachilas
2016-04-21,22,True,C,7,Event,National,Ecuador,Puyo,Pastaza
2016-04-21,23,True,D,9,Event,National,Ecuador,Ambato,Tungurahua
2016-04-21,24,True,D,1,Event,National,Ecuador,Guayaquil,Guayas
2016-04-21,25,True,D,1,Event,National,Ecuador,Salinas,Santa Elena
2016-04-21,26,True,D,10,Event,National,Ecuador,Guayaquil,Guayas
2016-04-21,27,True,D,1,Event,National,Ecuador,Daule,Guayas
2016-04-21,28,True,E,10,Event,National,Ecuador,Guayaquil,Guayas
2016-04-21,29,True,E,10,Event,National,Ecuador,Guayaquil,Guayas
2016-04-21,30,True,C,3,Event,National,Ecuador,Guayaquil,Guayas
2016-04-21,31,True,B,10,Event,National,Ecuador,Babahoyo,Los Rios
2016-04-21,32,True,C,3,Event,National,Ecuador,Guayaquil,Guayas
2016-04-21,33,True,C,3,Event,National,Ecuador,Quevedo,Los Rios
2016-04-21,34,True,B,6,Event,National,Ecuador,Guayaquil,Guayas
2016-04-21,35,True,C,3,Event,National,Ecuador,Playas,Guayas
2016-04-21,36,True,E,10,Event,National,Ecuador,Libertad,Guayas
2016-04-21,37,True,D,2,Event,National,Ecuador,Cuenca,Azuay
2016-04-21,38,True,D,4,Event,National,Ecuador,Loja,Loja
2016-04-21,39,True,B,6,Event,National,Ecuador,Cuenca,Azuay
2016-04-21,40,True,C,3,Event,National,Ecuador,Machala,El Oro
2016-04-21,41,True,D,4,Event,National,Ecuador,Machala,El Oro
2016-04-21,42,True,D,2,Event,National,Ecuador,Cuenca,Azuay
2016-04-21,43,True,E,10,Event,National,Ecuador,Esmeraldas,Esmeraldas
2016-04-21,44,True,A,5,Event,National,Ecuador,Quito,Pichincha
2016-04-21,45,True,A,11,Event,National,Ecuador,Quito,Pichincha
2016-04-21,46,True,A,14,Event,National,Ecuador,Quito,Pichincha
2016-04-21,47,True,A,14,Event,National,Ecuador,Quito,Pichincha
2016-04-21,48,True,A,14,Event,National,Ecuador,Quito,Pichincha
2016-04-21,49,True,A,11,Event,National,Ecuador,Quito,Pichincha
2016-04-21,50,True,A,14,Event,National,Ecuador,Ambato,Tungurahua
2016-04-21,51,True,A,17,Event,National,Ecuador,Guayaquil,Guayas
2016-04-21,52,True,A,11,Event,National,Ecuador,Manta,Manabi
2016-04-21,53,True,D,13,Event,National,Ecuador,Manta,Manabi
2016-04-21,54,True,C,3,Event,National,Ecuador,El Carmen,Manabi
2016-04-22,1,True,D,13,Event,National,Ecuador,Quito,Pichincha
2016-04-22,2,True,D,13,Event,National,Ecuador,Quito,Pichincha
2016-04-22,3,True,D,8,Event,National,Ecuador,Quito,Pichincha
2016-04-22,4,True,D,9,Event,National,Ecuador,Quito,Pichincha
2016-04-22,5,True,D,4,Event,National,Ecuador,Santo Domingo,Santo Domingo de los Tsachilas
2016-04-22,6,True,D,13,Event,National,Ecuador,Quito,Pichincha
2016-04-22,7,True,D,8,Event,National,Ecuador,Quito,Pichincha
2016-04-22,8,True,D,8,Event,National,Ecuador,Quito,Pichincha
2016-04-22,9,True,B,6,Event,National,Ecuador,Quito,Pichincha
2016-04-22,10,True,C,15,Event,National,Ecuador,Quito,Pichincha
2016-04-22,11,True,B,6,Event,National,Ecuador,Cayambe,Pichincha
2016-04-22,12,True,C,15,Event,National,Ecuador,Latacunga,Cotopaxi
2016-04-22,13,True,C,15,Event,National,Ecuador,Latacunga,Cotopaxi
2016-04-22,14,True,C,7,Event,National,Ecuador,Riobamba,Chimborazo
2016-04-22,15,True,C,15,Event,National,Ecuador,Ibarra,Imbabura
2016-04-22,16,True,C,3,Event,National,Ecuador,Santo Domingo,Santo Domingo de los Tsachilas
2016-04-22,17,True,C,12,Event,National,Ecuador,Quito,Pichincha
2016-04-22,18,True,B,16,Event,National,Ecuador,Quito,Pichincha
2016-04-22,19,True,C,15,Event,National,Ecuador,Guaranda,Bolivar
2016-04-22,20,True,B,6,Event,National,Ecuador,Quito,Pichincha
2016-04-22,21,True,B,6,Event,National,Ecuador,Santo Domingo,Santo Domingo de los Tsachilas
2016-04-22,22,True,C,7,Event,National,Ecuador,Puyo,Pastaza
2016-04-22,23,True,D,9,Event,National,Ecuador,Ambato,Tungurahua
2016-04-22,24,True,D,1,Event,National,Ecuador,Guayaquil,Guayas
2016-04-22,25,True,D,1,Event,National,Ecuador,Salinas,Santa Elena
2016-04-22,26,True,D,10,Event,National,Ecuador,Guayaquil,Guayas
2016-04-22,27,True,D,1,Event,National,Ecuador,Daule,Guayas
2016-04-22,28,True,E,10,Event,National,Ecuador,Guayaquil,Guayas
2016-04-22,29,True,E,10,Event,National,Ecuador,Guayaquil,Guayas
2016-04-22,30,True,C,3,Event,National,Ecuador,Guayaquil,Guayas
2016-04-22,31,True,B,10,Event,National,Ecuador,Babahoyo,Los Rios
2016-04-22,32,True,C,3,Event,National,Ecuador,Guayaquil,Guayas
2016-04-22,33,True,C,3,Event,National,Ecuador,Quevedo,Los Rios
2016-04-22,34,True,B,6,Event,National,Ecuador,Guayaquil,Guayas
2016-04-22,35,True,C,3,Event,National,Ecuador,Playas,Guayas
2016-04-22,36,True,E,10,Event,National,Ecuador,Libertad,Guayas
2016-04-22,37,True,D,2,Event,National,Ecuador,Cuenca,Azuay
2016-04-22,38,True,D,4,Event,National,Ecuador,Loja,Loja
2016-04-22,39,True,B,6,Event,National,Ecuador,Cuenca,Azuay
2016-04-22,40,True,C,3,Event,National,Ecuador,Machala,El Oro
2016-04-22,41,True,D,4,Event,National,Ecuador,Machala,El Oro
2016-04-22,42,True,D,2,Event,National,Ecuador,Cuenca,Azuay
2016-04-22,43,True,E,10,Event,National,Ecuador,Esmeraldas,Esmeraldas
2016-04-22,44,True,A,5,Event,National,Ecuador,Quito,Pichincha
2016-04-22,45,True,A,11,Event,National,Ecuador,Quito,Pichincha
2016-04-22,46,True,A,14,Event,National,Ecuador,Quito,Pichincha
2016-04-22,47,True,A,14,Event,National,Ecuador,Quito,Pichincha
2016-04-22,48,True,A,14,Event,National,Ecuador,Quito,Pichincha
2016-04-22,49,True,A,11,Event,National,Ecuador,Quito,Pichincha
2016-04-22,50,True,A,14,Event,National,Ecuador,Ambato,Tungurahua
2016-04-22,51,True,A,17,Event,National,Ecuador,Guayaquil,Guayas
2016-04-22,52,True,A,11,Event,National,Ecuador,Manta,Manabi
2016-04-22,53,True,D,13,Event,National,Ecuador,Manta,Manabi
2016-04-22,54,True,C,3,Event,National,Ecuador,El Carmen,Manabi
2016-04-23,1,True,D,13,Event,National,Ecuador,Quito,Pichincha
2016-04-23,2,True,D,13,Event,National,Ecuador,Quito,Pichincha
2016-04-23,3,True,D,8,Event,National,Ecuador,Quito,Pichincha
2016-04-23,4,True,D,9,Event,National,Ecuador,Quito,Pichincha
2016-04-23,5,True,D,4,Event,National,Ecuador,Santo Domingo,Santo Domingo de los Tsachilas
2016-04-23,6,True,D,13,Event,National,Ecuador,Quito,Pichincha
2016-04-23,7,True,D,8,Event,National,Ecuador,Quito,Pichincha
2016-04-23,8,True,D,8,Event,National,Ecuador,Quito,Pichincha
2016-04-23,9,True,B,6,Event,National,Ecuador,Quito,Pichincha
2016-04-23,10,True,C,15,Event,National,Ecuador,Quito,Pichincha
2016-04-23,11,True,B,6,Event,National,Ecuador,Cayambe,Pichincha
2016-04-23,12,True,C,15,Event,National,Ecuador,Latacunga,Cotopaxi
2016-04-23,13,True,C,15,Event,National,Ecuador,Latacunga,Cotopaxi
2016-04-23,14,True,C,7,Event,National,Ecuador,Riobamba,Chimborazo
2016-04-23,15,True,C,15,Event,National,Ecuador,Ibarra,Imbabura
2016-04-23,16,True,C,3,Event,National,Ecuador,Santo Domingo,Santo Domingo de los Tsachilas
2016-04-23,17,True,C,12,Event,National,Ecuador,Quito,Pichincha
2016-04-23,18,True,B,16,Event,National,Ecuador,Quito,Pichincha
2016-04-23,19,True,C,15,Event,National,Ecuador,Guaranda,Bolivar
2016-04-23,20,True,B,6,Event,National,Ecuador,Quito,Pichincha
2016-04-23,21,True,B,6,Event,National,Ecuador,Santo Domingo,Santo Domingo de los Tsachilas
2016-04-23,22,True,C,7,Event,National,Ecuador,Puyo,Pastaza
2016-04-23,23,True,D,9,Event,National,Ecuador,Ambato,Tungurahua
2016-04-23,24,True,D,1,Event,National,Ecuador,Guayaquil,Guayas
2016-04-23,25,True,D,1,Event,National,Ecuador,Salinas,Santa Elena
2016-04-23,26,True,D,10,Event,National,Ecuador,Guayaquil,Guayas
2016-04-23,27,True,D,1,Event,National,Ecuador,Daule,Guayas
2016-04-23,28,True,E,10,Event,National,Ecuador,Guayaquil,Guayas
2016-04-23,29,True,E,10,Event,National,Ecuador,Guayaquil,Guayas
2016-04-23,30,True,C,3,Event,National,Ecuador,Guayaquil,Guayas
2016-04-23,31,True,B,10,Event,National,Ecuador,Babahoyo,Los Rios
2016-04-23,32,True,C,3,Event,National,Ecuador,Guayaquil,Guayas
2016-04-23,33,True,C,3,Event,National,Ecuador,Quevedo,Los Rios
2016-04-23,34,True,B,6,Event,National,Ecuador,Guayaquil,Guayas
2016-04-23,35,True,C,3,Event,National,Ecuador,Playas,Guayas
2016-04-23,36,True,E,10,Event,National,Ecuador,Libertad,Guayas
2016-04-23,37,True,D,2,Event,National,Ecuador,Cuenca,Azuay
2016-04-23,38,True,D,4,Event,National,Ecuador,Loja,Loja
2016-04-23,39,True,B,6,Event,National,Ecuador,Cuenca,Azuay
2016-04-23,40,True,C,3,Event,National,Ecuador,Machala,El Oro
2016-04-23,41,True,D,4,Event,National,Ecuador,Machala,El Oro
2016-04-23,42,True,D,2,Event,National,Ecuador,Cuenca,Azuay
2016-04-23,43,True,E,10,Event,National,Ecuador,Esmeraldas,Esmeraldas
2016-04-23,44,True,A,5,Event,National,Ecuador,Quito,Pichincha
2016-04-23,45,True,A,11,Event,National,Ecuador,Quito,Pichincha
2016-04-23,46,True,A,14,Event,National,Ecuador,Quito,Pichincha
2016-04-23,47,True,A,14,Event,National,Ecuador,Quito,Pichincha
2016-04-23,48,True,A,14,Event,National,Ecuador,Quito,Pichincha
2016-04-23,49,True,A,11,Event,National,Ecuador,Quito,Pichincha
2016-04-23,50,True,A,14,Event,National,Ecuador,Ambato,Tungurahua
2016-04-23,51,True,A,17,Event,National,Ecuador,Guayaquil,Guayas
2016-04-23,52,True,A,11,Event,National,Ecuador,Manta,Manabi
2016-04-23,53,True,D,13,Event,National,Ecuador,Manta,Manabi
2016-04-23,54,True,C,3,Event,National,Ecuador,El Carmen,Manabi
2016-04-24,1,True,D,13,Event,National,Ecuador,Quito,Pichincha
2016-04-24,2,True,D,13,Event,National,Ecuador,Quito,Pichincha
2016-04-24,3,True,D,8,Event,National,Ecuador,Quito,Pichincha
2016-04-24,4,True,D,9,Event,National,Ecuador,Quito,Pichincha
2016-04-24,5,True,D,4,Event,National,Ecuador,Santo Domingo,Santo Domingo de los Tsachilas
2016-04-24,6,True,D,13,Event,National,Ecuador,Quito,Pichincha
2016-04-24,7,True,D,8,Event,National,Ecuador,Quito,Pichincha
2016-04-24,8,True,D,8,Event,National,Ecuador,Quito,Pichincha
2016-04-24,9,True,B,6,Event,National,Ecuador,Quito,Pichincha
2016-04-24,10,True,C,15,Event,National,Ecuador,Quito,Pichincha
2016-04-24,11,True,B,6,Event,National,Ecuador,Cayambe,Pichincha
2016-04-24,12,True,C,15,Event,National,Ecuador,Latacunga,Cotopaxi
2016-04-24,13,True,C,15,Event,National,Ecuador,Latacunga,Cotopaxi
2016-04-24,14,True,C,7,Event,National,Ecuador,Riobamba,Chimborazo
2016-04-24,15,True,C,15,Event,National,Ecuador,Ibarra,Imbabura
2016-04-24,16,True,C,3,Event,National,Ecuador,Santo Domingo,Santo Domingo de los Tsachilas
2016-04-24,17,True,C,12,Event,National,Ecuador,Quito,Pichincha
2016-04-24,18,True,B,16,Event,National,Ecuador,Quito,Pichincha
2016-04-24,19,True,C,15,Event,National,Ecuador,Guaranda,Bolivar
2016-04-24,20,True,B,6,Event,National,Ecuador,Quito,Pichincha
2016-04-24,21,True,B,6,Event,National,Ecuador,Santo Domingo,Santo Domingo de los Tsachilas
2016-04-24,22,True,C,7,Event,National,Ecuador,Puyo,Pastaza
2016-04-24,23,True,D,9,Event,National,Ecuador,Ambato,Tungurahua
2016-04-24,24,True,D,1,Event,National,Ecuador,Guayaquil,Guayas
2016-04-24,25,True,D,1,Event,National,Ecuador,Salinas,Santa Elena
2016-04-24,26,True,D,10,Event,National,Ecuador,Guayaquil,Guayas
2016-04-24,27,True,D,1,Event,National,Ecuador,Daule,Guayas
2016-04-24,28,True,E,10,Event,National,Ecuador,Guayaquil,Guayas
2016-04-24,29,True,E,10,Event,National,Ecuador,Guayaquil,Guayas
2016-04-24,30,True,C,3,Event,National,Ecuador,Guayaquil,Guayas
2016-04-24,31,True,B,10,Event,National,Ecuador,Babahoyo,Los Rios
2016-04-24,32,True,C,3,Event,National,Ecuador,Guayaquil,Guayas
2016-04-24,33,True,C,3,Event,National,Ecuador,Quevedo,Los Rios
2016-04-24,34,True,B,6,Event,National,Ecuador,Guayaquil,Guayas
2016-04-24,35,True,C,3,Event,National,Ecuador,Playas,Guayas
2016-04-24,36,True,E,10,Event,National,Ecuador,Libertad,Guayas
2016-04-24,37,True,D,2,Event,National,Ecuador,Cuenca,Azuay
2016-04-24,38,True,D,4,Event,National,Ecuador,Loja,Loja
2016-04-24,39,True,B,6,Event,National,Ecuador,Cuenca,Azuay
2016-04-24,40,True,C,3,Event,National,Ecuador,Machala,El Oro
2016-04-24,41,True,D,4,Event,National,Ecuador,Machala,El Oro
2016-04-24,42,True,D,2,Event,National,Ecuador,Cuenca,Azuay
2016-04-24,43,True,E,10,Event,National,Ecuador,Esmeraldas,Esmeraldas
2016-04-24,44,True,A,5,Event,National,Ecuador,Quito,Pichincha
2016-04-24,45,True,A,11,Event,National,Ecuador,Quito,Pichincha
2016-04-24,46,True,A,14,Event,National,Ecuador,Quito,Pichincha
2016-04-24,47,True,A,14,Event,National,Ecuador,Quito,Pichincha
2016-04-24,48,True,A,14,Event,National,Ecuador,Quito,Pichincha
2016-04-24,49,True,A,11,Event,National,Ecuador,Quito,Pichincha
2016-04-24,50,True,A,14,Event,National,Ecuador,Ambato,Tungurahua
2016-04-24,51,True,A,17,Event,National,Ecuador,Guayaquil,Guayas
2016-04-24,52,True,A,11,Event,National,Ecuador,Manta,Manabi
2016-04-24,53,True,D,13,Event,National,Ecuador,Manta,Manabi
2016-04-24,54,True,C,3,Event,National,Ecuador,El Carmen,Manabi
2016-04-25,1,True,D,13,Event,National,Ecuador,Quito,Pichincha
2016-04-25,2,True,D,13,Event,National,Ecuador,Quito,Pichincha
2016-04-25,3,True,D,8,Event,National,Ecuador,Quito,Pichincha
2016-04-25,4,True,D,9,Event,National,Ecuador,Quito,Pichincha
2016-04-25,5,True,D,4,Event,National,Ecuador,Santo Domingo,Santo Domingo de los Tsachilas
2016-04-25,6,True,D,13,Event,National,Ecuador,Quito,Pichincha
2016-04-25,7,True,D,8,Event,National,Ecuador,Quito,Pichincha
2016-04-25,8,True,D,8,Event,National,Ecuador,Quito,Pichincha
2016-04-25,9,True,B,6,Event,National,Ecuador,Quito,Pichincha
2016-04-25,10,True,C,15,Event,National,Ecuador,Quito,Pichincha
2016-04-25,11,True,B,6,Event,National,Ecuador,Cayambe,Pichincha
2016-04-25,12,True,C,15,Event,National,Ecuador,Latacunga,Cotopaxi
2016-04-25,13,True,C,15,Event,National,Ecuador,Latacunga,Cotopaxi
2016-04-25,14,True,C,7,Event,National,Ecuador,Riobamba,Chimborazo
2016-04-25,15,True,C,15,Event,National,Ecuador,Ibarra,Imbabura
2016-04-25,16,True,C,3,Event,National,Ecuador,Santo Domingo,Santo Domingo de los Tsachilas
2016-04-25,17,True,C,12,Event,National,Ecuador,Quito,Pichincha
2016-04-25,18,True,B,16,Event,National,Ecuador,Quito,Pichincha
2016-04-25,19,True,C,15,Event,National,Ecuador,Guaranda,Bolivar
2016-04-25,20,True,B,6,Event,National,Ecuador,Quito,Pichincha
2016-04-25,21,True,B,6,Event,National,Ecuador,Santo Domingo,Santo Domingo de los Tsachilas
2016-04-25,22,True,C,7,Event,National,Ecuador,Puyo,Pastaza
2016-04-25,23,True,D,9,Event,National,Ecuador,Ambato,Tungurahua
2016-04-25,24,True,D,1,Event,National,Ecuador,Guayaquil,Guayas
2016-04-25,25,True,D,1,Event,National,Ecuador,Salinas,Santa Elena
2016-04-25,26,True,D,10,Event,National,Ecuador,Guayaquil,Guayas
2016-04-25,27,True,D,1,Event,National,Ecuador,Daule,Guayas
2016-04-25,28,True,E,10,Event,National,Ecuador,Guayaquil,Guayas
2016-04-25,29,True,E,10,Event,National,Ecuador,Guayaquil,Guayas
2016-04-25,30,True,C,3,Event,National,Ecuador,Guayaquil,Guayas
2016-04-25,31,True,B,10,Event,National,Ecuador,Babahoyo,Los Rios
2016-04-25,32,True,C,3,Event,National,Ecuador,Guayaquil,Guayas
2016-04-25,33,True,C,3,Event,National,Ecuador,Quevedo,Los Rios
2016-04-25,34,True,B,6,Event,National,Ecuador,Guayaquil,Guayas
2016-04-25,35,True,C,3,Event,National,Ecuador,Playas,Guayas
2016-04-25,36,True,E,10,Event,National,Ecuador,Libertad,Guayas
2016-04-25,37,True,D,2,Event,National,Ecuador,Cuenca,Azuay
2016-04-25,38,True,D,4,Event,National,Ecuador,Loja,Loja
2016-04-25,39,True,B,6,Event,National,Ecuador,Cuenca,Azuay
2016-04-25,40,True,C,3,Event,National,Ecuador,Machala,El Oro
2016-04-25,41,True,D,4,Event,National,Ecuador,Machala,El Oro
2016-04-25,42,True,D,2,Event,National,Ecuador,Cuenca,Azuay
2016-04-25,43,True,E,10,Event,National,Ecuador,Esmeraldas,Esmeraldas
2016-04-25,44,True,A,5,Event,National,Ecuador,Quito,Pichincha
2016-04-25,45,True,A,11,Event,National,Ecuador,Quito,Pichincha
2016-04-25,46,True,A,14,Event,National,Ecuador,Quito,Pichincha
2016-04-25,47,True,A,14,Event,National,Ecuador,Quito,Pichincha
2016-04-25,48,True,A,14,Event,National,Ecuador,Quito,Pichincha
2016-04-25,49,True,A,11,Event,National,Ecuador,Quito,Pichincha
2016-04-25,50,True,A,14,Event,National,Ecuador,Ambato,Tungurahua
2016-04-25,51,True,A,17,Event,National,Ecuador,Guayaquil,Guayas
2016-04-25,52,True,A,11,Event,National,Ecuador,Manta,Manabi
2016-04-25,53,True,D,13,Event,National,Ecuador,Manta,Manabi
2016-04-25,54,True,C,3,Event,National,Ecuador,El Carmen,Manabi
2016-04-26,1,True,D,13,Event,National,Ecuador,Quito,Pichincha
2016-04-26,2,True,D,13,Event,National,Ecuador,Quito,Pichincha
2016-04-26,3,True,D,8,Event,National,Ecuador,Quito,Pichincha
2016-04-26,4,True,D,9,Event,National,Ecuador,Quito,Pichincha
2016-04-26,5,True,D,4,Event,National,Ecuador,Santo Domingo,Santo Domingo de los Tsachilas
2016-04-26,6,True,D,13,Event,National,Ecuador,Quito,Pichincha
2016-04-26,7,True,D,8,Event,National,Ecuador,Quito,Pichincha
2016-04-26,8,True,D,8,Event,National,Ecuador,Quito,Pichincha
2016-04-26,9,True,B,6,Event,National,Ecuador,Quito,Pichincha
2016-04-26,10,True,C,15,Event,National,Ecuador,Quito,Pichincha
2016-04-26,11,True,B,6,Event,National,Ecuador,Cayambe,Pichincha
2016-04-26,12,True,C,15,Event,National,Ecuador,Latacunga,Cotopaxi
2016-04-26,13,True,C,15,Event,National,Ecuador,Latacunga,Cotopaxi
2016-04-26,14,True,C,7,Event,National,Ecuador,Riobamba,Chimborazo
2016-04-26,15,True,C,15,Event,National,Ecuador,Ibarra,Imbabura
2016-04-26,16,True,C,3,Event,National,Ecuador,Santo Domingo,Santo Domingo de los Tsachilas
2016-04-26,17,True,C,12,Event,National,Ecuador,Quito,Pichincha
2016-04-26,18,True,B,16,Event,National,Ecuador,Quito,Pichincha
2016-04-26,19,True,C,15,Event,National,Ecuador,Guaranda,Bolivar
2016-04-26,20,True,B,6,Event,National,Ecuador,Quito,Pichincha
2016-04-26,21,True,B,6,Event,National,Ecuador,Santo Domingo,Santo Domingo de los Tsachilas
2016-04-26,22,True,C,7,Event,National,Ecuador,Puyo,Pastaza
2016-04-26,23,True,D,9,Event,National,Ecuador,Ambato,Tungurahua
2016-04-26,24,True,D,1,Event,National,Ecuador,Guayaquil,Guayas
2016-04-26,25,True,D,1,Event,National,Ecuador,Salinas,Santa Elena
2016-04-26,26,True,D,10,Event,National,Ecuador,Guayaquil,Guayas
2016-04-26,27,True,D,1,Event,National,Ecuador,Daule,Guayas
2016-04-26,28,True,E,10,Event,National,Ecuador,Guayaquil,Guayas
2016-04-26,29,True,E,10,Event,National,Ecuador,Guayaquil,Guayas
2016-04-26,30,True,C,3,Event,National,Ecuador,Guayaquil,Guayas
2016-04-26,31,True,B,10,Event,National,Ecuador,Babahoyo,Los Rios
2016-04-26,32,True,C,3,Event,National,Ecuador,Guayaquil,Guayas
2016-04-26,33,True,C,3,Event,National,Ecuador,Quevedo,Los Rios
2016-04-26,34,True,B,6,Event,National,Ecuador,Guayaquil,Guayas
2016-04-26,35,True,C,3,Event,National,Ecuador,Playas,Guayas
2016-04-26,36,True,E,10,Event,National,Ecuador,Libertad,Guayas
2016-04-26,37,True,D,2,Event,National,Ecuador,Cuenca,Azuay
2016-04-26,38,True,D,4,Event,National,Ecuador,Loja,Loja
2016-04-26,39,True,B,6,Event,National,Ecuador,Cuenca,Azuay
2016-04-26,40,True,C,3,Event,National,Ecuador,Machala,El Oro
2016-04-26,41,True,D,4,Event,National,Ecuador,Machala,El Oro
2016-04-26,42,True,D,2,Event,National,Ecuador,Cuenca,Azuay
2016-04-26,43,True,E,10,Event,National,Ecuador,Esmeraldas,Esmeraldas
2016-04-26,44,True,A,5,Event,National,Ecuador,Quito,Pichincha
2016-04-26,45,True,A,11,Event,National,Ecuador,Quito,Pichincha
2016-04-26,46,True,A,14,Event,National,Ecuador,Quito,Pichincha
2016-04-26,47,True,A,14,Event,National,Ecuador,Quito,Pichincha
2016-04-26,48,True,A,14,Event,National,Ecuador,Quito,Pichincha
2016-04-26,49,True,A,11,Event,National,Ecuador,Quito,Pichincha
2016-04-26,50,True,A,14,Event,National,Ecuador,Ambato,Tungurahua
2016-04-26,51,True,A,17,Event,National,Ecuador,Guayaquil,Guayas
2016-04-26,52,True,A,11,Event,National,Ecuador,Manta,Manabi
2016-04-26,53,True,D,13,Event,National,Ecuador,Manta,Manabi
2016-04-26,54,True,C,3,Event,National,Ecuador,El Carmen,Manabi
2016-04-27,1,True,D,13,Event,National,Ecuador,Quito,Pichincha
2016-04-27,2,True,D,13,Event,National,Ecuador,Quito,Pichincha
2016-04-27,3,True,D,8,Event,National,Ecuador,Quito,Pichincha
2016-04-27,4,True,D,9,Event,National,Ecuador,Quito,Pichincha
2016-04-27,5,True,D,4,Event,National,Ecuador,Santo Domingo,Santo Domingo de los Tsachilas
2016-04-27,6,True,D,13,Event,National,Ecuador,Quito,Pichincha
2016-04-27,7,True,D,8,Event,National,Ecuador,Quito,Pichincha
2016-04-27,8,True,D,8,Event,National,Ecuador,Quito,Pichincha
2016-04-27,9,True,B,6,Event,National,Ecuador,Quito,Pichincha
2016-04-27,10,True,C,15,Event,National,Ecuador,Quito,Pichincha
2016-04-27,11,True,B,6,Event,National,Ecuador,Cayambe,Pichincha
2016-04-27,12,True,C,15,Event,National,Ecuador,Latacunga,Cotopaxi
2016-04-27,13,True,C,15,Event,National,Ecuador,Latacunga,Cotopaxi
2016-04-27,14,True,C,7,Event,National,Ecuador,Riobamba,Chimborazo
2016-04-27,15,True,C,15,Event,National,Ecuador,Ibarra,Imbabura
2016-04-27,16,True,C,3,Event,National,Ecuador,Santo Domingo,Santo Domingo de los Tsachilas
2016-04-27,17,True,C,12,Event,National,Ecuador,Quito,Pichincha
2016-04-27,18,True,B,16,Event,National,Ecuador,Quito,Pichincha
2016-04-27,19,True,C,15,Event,National,Ecuador,Guaranda,Bolivar
2016-04-27,20,True,B,6,Event,National,Ecuador,Quito,Pichincha
2016-04-27,21,True,B,6,Event,National,Ecuador,Santo Domingo,Santo Domingo de los Tsachilas
2016-04-27,22,True,C,7,Event,National,Ecuador,Puyo,Pastaza
2016-04-27,23,True,D,9,Event,National,Ecuador,Ambato,Tungurahua
2016-04-27,24,True,D,1,Event,National,Ecuador,Guayaquil,Guayas
2016-04-27,25,True,D,1,Event,National,Ecuador,Salinas,Santa Elena
2016-04-27,26,True,D,10,Event,National,Ecuador,Guayaquil,Guayas
2016-04-27,27,True,D,1,Event,National,Ecuador,Daule,Guayas
2016-04-27,28,True,E,10,Event,National,Ecuador,Guayaquil,Guayas
2016-04-27,29,True,E,10,Event,National,Ecuador,Guayaquil,Guayas
2016-04-27,30,True,C,3,Event,National,Ecuador,Guayaquil,Guayas
2016-04-27,31,True,B,10,Event,National,Ecuador,Babahoyo,Los Rios
2016-04-27,32,True,C,3,Event,National,Ecuador,Guayaquil,Guayas
2016-04-27,33,True,C,3,Event,National,Ecuador,Quevedo,Los Rios
2016-04-27,34,True,B,6,Event,National,Ecuador,Guayaquil,Guayas
2016-04-27,35,True,C,3,Event,National,Ecuador,Playas,Guayas
2016-04-27,36,True,E,10,Event,National,Ecuador,Libertad,Guayas
2016-04-27,37,True,D,2,Event,National,Ecuador,Cuenca,Azuay
2016-04-27,38,True,D,4,Event,National,Ecuador,Loja,Loja
2016-04-27,39,True,B,6,Event,National,Ecuador,Cuenca,Azuay
2016-04-27,40,True,C,3,Event,National,Ecuador,Machala,El Oro
2016-04-27,41,True,D,4,Event,National,Ecuador,Machala,El Oro
2016-04-27,42,True,D,2,Event,National,Ecuador,Cuenca,Azuay
2016-04-27,43,True,E,10,Event,National,Ecuador,Esmeraldas,Esmeraldas
2016-04-27,44,True,A,5,Event,National,Ecuador,Quito,Pichincha
2016-04-27,45,True,A,11,Event,National,Ecuador,Quito,Pichincha
2016-04-27,46,True,A,14,Event,National,Ecuador,Quito,Pichincha
2016-04-27,47,True,A,14,Event,National,Ecuador,Quito,Pichincha
2016-04-27,48,True,A,14,Event,National,Ecuador,Quito,Pichincha
2016-04-27,49,True,A,11,Event,National,Ecuador,Quito,Pichincha
2016-04-27,50,True,A,14,Event,National,Ecuador,Ambato,Tungurahua
2016-04-27,51,True,A,17,Event,National,Ecuador,Guayaquil,Guayas
2016-04-27,52,True,A,11,Event,National,Ecuador,Manta,Manabi
2016-04-27,53,True,D,13,Event,National,Ecuador,Manta,Manabi
2016-04-27,54,True,C,3,Event,National,Ecuador,El Carmen,Manabi
2016-04-28,1,True,D,13,Event,National,Ecuador,Quito,Pichincha
2016-04-28,2,True,D,13,Event,National,Ecuador,Quito,Pichincha
2016-04-28,3,True,D,8,Event,National,Ecuador,Quito,Pichincha
2016-04-28,4,True,D,9,Event,National,Ecuador,Quito,Pichincha
2016-04-28,5,True,D,4,Event,National,Ecuador,Santo Domingo,Santo Domingo de los Tsachilas
2016-04-28,6,True,D,13,Event,National,Ecuador,Quito,Pichincha
2016-04-28,7,True,D,8,Event,National,Ecuador,Quito,Pichincha
2016-04-28,8,True,D,8,Event,National,Ecuador,Quito,Pichincha
2016-04-28,9,True,B,6,Event,National,Ecuador,Quito,Pichincha
2016-04-28,10,True,C,15,Event,National,Ecuador,Quito,Pichincha
2016-04-28,11,True,B,6,Event,National,Ecuador,Cayambe,Pichincha
2016-04-28,12,True,C,15,Event,National,Ecuador,Latacunga,Cotopaxi
2016-04-28,13,True,C,15,Event,National,Ecuador,Latacunga,Cotopaxi
2016-04-28,14,True,C,7,Event,National,Ecuador,Riobamba,Chimborazo
2016-04-28,15,True,C,15,Event,National,Ecuador,Ibarra,Imbabura
2016-04-28,16,True,C,3,Event,National,Ecuador,Santo Domingo,Santo Domingo de los Tsachilas
2016-04-28,17,True,C,12,Event,National,Ecuador,Quito,Pichincha
2016-04-28,18,True,B,16,Event,National,Ecuador,Quito,Pichincha
2016-04-28,19,True,C,15,Event,National,Ecuador,Guaranda,Bolivar
2016-04-28,20,True,B,6,Event,National,Ecuador,Quito,Pichincha
2016-04-28,21,True,B,6,Event,National,Ecuador,Santo Domingo,Santo Domingo de los Tsachilas
2016-04-28,22,True,C,7,Event,National,Ecuador,Puyo,Pastaza
2016-04-28,23,True,D,9,Event,National,Ecuador,Ambato,Tungurahua
2016-04-28,24,True,D,1,Event,National,Ecuador,Guayaquil,Guayas
2016-04-28,25,True,D,1,Event,National,Ecuador,Salinas,Santa Elena
2016-04-28,26,True,D,10,Event,National,Ecuador,Guayaquil,Guayas
2016-04-28,27,True,D,1,Event,National,Ecuador,Daule,Guayas
2016-04-28,28,True,E,10,Event,National,Ecuador,Guayaquil,Guayas
2016-04-28,29,True,E,10,Event,National,Ecuador,Guayaquil,Guayas
2016-04-28,30,True,C,3,Event,National,Ecuador,Guayaquil,Guayas
2016-04-28,31,True,B,10,Event,National,Ecuador,Babahoyo,Los Rios
2016-04-28,32,True,C,3,Event,National,Ecuador,Guayaquil,Guayas
2016-04-28,33,True,C,3,Event,National,Ecuador,Quevedo,Los Rios
2016-04-28,34,True,B,6,Event,National,Ecuador,Guayaquil,Guayas
2016-04-28,35,True,C,3,Event,National,Ecuador,Playas,Guayas
2016-04-28,36,True,E,10,Event,National,Ecuador,Libertad,Guayas
2016-04-28,37,True,D,2,Event,National,Ecuador,Cuenca,Azuay
2016-04-28,38,True,D,4,Event,National,Ecuador,Loja,Loja
2016-04-28,39,True,B,6,Event,National,Ecuador,Cuenca,Azuay
2016-04-28,40,True,C,3,Event,National,Ecuador,Machala,El Oro
2016-04-28,41,True,D,4,Event,National,Ecuador,Machala,El Oro
2016-04-28,42,True,D,2,Event,National,Ecuador,Cuenca,Azuay
2016-04-28,43,True,E,10,Event,National,Ecuador,Esmeraldas,Esmeraldas
2016-04-28,44,True,A,5,Event,National,Ecuador,Quito,Pichincha
2016-04-28,45,True,A,11,Event,National,Ecuador,Quito,Pichincha
2016-04-28,46,True,A,14,Event,National,Ecuador,Quito,Pichincha
2016-04-28,47,True,A,14,Event,National,Ecuador,Quito,Pichincha
2016-04-28,48,True,A,14,Event,National,Ecuador,Quito,Pichincha
2016-04-28,49,True,A,11,Event,National,Ecuador,Quito,Pichincha
2016-04-28,50,True,A,14,Event,National,Ecuador,Ambato,Tungurahua
2016-04-28,51,True,A,17,Event,National,Ecuador,Guayaquil,Guayas
2016-04-28,52,True,A,11,Event,National,Ecuador,Manta,Manabi
2016-04-28,53,True,D,13,Event,National,Ecuador,Manta,Manabi
2016-04-28,54,True,C,3,Event,National,Ecuador,El Carmen,Manabi
2016-04-29,1,True,D,13,Event,National,Ecuador,Quito,Pichincha
2016-04-29,2,True,D,13,Event,National,Ecuador,Quito,Pichincha
2016-04-29,3,True,D,8,Event,National,Ecuador,Quito,Pichincha
2016-04-29,4,True,D,9,Event,National,Ecuador,Quito,Pichincha
2016-04-29,5,True,D,4,Event,National,Ecuador,Santo Domingo,Santo Domingo de los Tsachilas
2016-04-29,6,True,D,13,Event,National,Ecuador,Quito,Pichincha
2016-04-29,7,True,D,8,Event,National,Ecuador,Quito,Pichincha
2016-04-29,8,True,D,8,Event,National,Ecuador,Quito,Pichincha
2016-04-29,9,True,B,6,Event,National,Ecuador,Quito,Pichincha
2016-04-29,10,True,C,15,Event,National,Ecuador,Quito,Pichincha
2016-04-29,11,True,B,6,Event,National,Ecuador,Cayambe,Pichincha
2016-04-29,12,True,C,15,Event,National,Ecuador,Latacunga,Cotopaxi
2016-04-29,13,True,C,15,Event,National,Ecuador,Latacunga,Cotopaxi
2016-04-29,14,True,C,7,Event,National,Ecuador,Riobamba,Chimborazo
2016-04-29,15,True,C,15,Event,National,Ecuador,Ibarra,Imbabura
2016-04-29,16,True,C,3,Event,National,Ecuador,Santo Domingo,Santo Domingo de los Tsachilas
2016-04-29,17,True,C,12,Event,National,Ecuador,Quito,Pichincha
2016-04-29,18,True,B,16,Event,National,Ecuador,Quito,Pichincha
2016-04-29,19,True,C,15,Event,National,Ecuador,Guaranda,Bolivar
2016-04-29,20,True,B,6,Event,National,Ecuador,Quito,Pichincha
2016-04-29,21,True,B,6,Event,National,Ecuador,Santo Domingo,Santo Domingo de los Tsachilas
2016-04-29,22,True,C,7,Event,National,Ecuador,Puyo,Pastaza
2016-04-29,23,True,D,9,Event,National,Ecuador,Ambato,Tungurahua
2016-04-29,24,True,D,1,Event,National,Ecuador,Guayaquil,Guayas
2016-04-29,25,True,D,1,Event,National,Ecuador,Salinas,Santa Elena
2016-04-29,26,True,D,10,Event,National,Ecuador,Guayaquil,Guayas
2016-04-29,27,True,D,1,Event,National,Ecuador,Daule,Guayas
2016-04-29,28,True,E,10,Event,National,Ecuador,Guayaquil,Guayas
2016-04-29,29,True,E,10,Event,National,Ecuador,Guayaquil,Guayas
2016-04-29,30,True,C,3,Event,National,Ecuador,Guayaquil,Guayas
2016-04-29,31,True,B,10,Event,National,Ecuador,Babahoyo,Los Rios
2016-04-29,32,True,C,3,Event,National,Ecuador,Guayaquil,Guayas
2016-04-29,33,True,C,3,Event,National,Ecuador,Quevedo,Los Rios
2016-04-29,34,True,B,6,Event,National,Ecuador,Guayaquil,Guayas
2016-04-29,35,True,C,3,Event,National,Ecuador,Playas,Guayas
2016-04-29,36,True,E,10,Event,National,Ecuador,Libertad,Guayas
2016-04-29,37,True,D,2,Event,National,Ecuador,Cuenca,Azuay
2016-04-29,38,True,D,4,Event,National,Ecuador,Loja,Loja
2016-04-29,39,True,B,6,Event,National,Ecuador,Cuenca,Azuay
2016-04-29,40,True,C,3,Event,National,Ecuador,Machala,El Oro
2016-04-29,41,True,D,4,Event,National,Ecuador,Machala,El Oro
2016-04-29,42,True,D,2,Event,National,Ecuador,Cuenca,Azuay
2016-04-29,43,True,E,10,Event,National,Ecuador,Esmeraldas,Esmeraldas
2016-04-29,44,True,A,5,Event,National,Ecuador,Quito,Pichincha
2016-04-29,45,True,A,11,Event,National,Ecuador,Quito,Pichincha
2016-04-29,46,True,A,14,Event,National,Ecuador,Quito,Pichincha
2016-04-29,47,True,A,14,Event,National,Ecuador,Quito,Pichincha
2016-04-29,48,True,A,14,Event,National,Ecuador,Quito,Pichincha
2016-04-29,49,True,A,11,Event,National,Ecuador,Quito,Pichincha
2016-04-29,50,True,A,14,Event,National,Ecuador,Ambato,Tungurahua
2016-04-29,51,True,A,17,Event,National,Ecuador,Guayaquil,Guayas
2016-04-29,52,True,A,11,Event,National,Ecuador,Manta,Manabi
2016-04-29,53,True,D,13,Event,National,Ecuador,Manta,Manabi
2016-04-29,54,True,C,3,Event,National,Ecuador,El Carmen,Manabi
2016-04-30,1,True,D,13,Event,National,Ecuador,Quito,Pichincha
2016-04-30,2,True,D,13,Event,National,Ecuador,Quito,Pichincha
2016-04-30,3,True,D,8,Event,National,Ecuador,Quito,Pichincha
2016-04-30,4,True,D,9,Event,National,Ecuador,Quito,Pichincha
2016-04-30,5,True,D,4,Event,National,Ecuador,Santo Domingo,Santo Domingo de los Tsachilas
2016-04-30,6,True,D,13,Event,National,Ecuador,Quito,Pichincha
2016-04-30,7,True,D,8,Event,National,Ecuador,Quito,Pichincha
2016-04-30,8,True,D,8,Event,National,Ecuador,Quito,Pichincha
2016-04-30,9,True,B,6,Event,National,Ecuador,Quito,Pichincha
2016-04-30,10,True,C,15,Event,National,Ecuador,Quito,Pichincha
2016-04-30,11,True,B,6,Event,National,Ecuador,Cayambe,Pichincha
2016-04-30,12,True,C,15,Event,National,Ecuador,Latacunga,Cotopaxi
2016-04-30,13,True,C,15,Event,National,Ecuador,Latacunga,Cotopaxi
2016-04-30,14,True,C,7,Event,National,Ecuador,Riobamba,Chimborazo
2016-04-30,15,True,C,15,Event,National,Ecuador,Ibarra,Imbabura
2016-04-30,16,True,C,3,Event,National,Ecuador,Santo Domingo,Santo Domingo de los Tsachilas
2016-04-30,17,True,C,12,Event,National,Ecuador,Quito,Pichincha
2016-04-30,18,True,B,16,Event,National,Ecuador,Quito,Pichincha
2016-04-30,19,True,C,15,Event,National,Ecuador,Guaranda,Bolivar
2016-04-30,20,True,B,6,Event,National,Ecuador,Quito,Pichincha
2016-04-30,21,True,B,6,Event,National,Ecuador,Santo Domingo,Santo Domingo de los Tsachilas
2016-04-30,22,True,C,7,Event,National,Ecuador,Puyo,Pastaza
2016-04-30,23,True,D,9,Event,National,Ecuador,Ambato,Tungurahua
2016-04-30,24,True,D,1,Event,National,Ecuador,Guayaquil,Guayas
2016-04-30,25,True,D,1,Event,National,Ecuador,Salinas,Santa Elena
2016-04-30,26,True,D,10,Event,National,Ecuador,Guayaquil,Guayas
2016-04-30,27,True,D,1,Event,National,Ecuador,Daule,Guayas
2016-04-30,28,True,E,10,Event,National,Ecuador,Guayaquil,Guayas
2016-04-30,29,True,E,10,Event,National,Ecuador,Guayaquil,Guayas
2016-04-30,30,True,C,3,Event,National,Ecuador,Guayaquil,Guayas
2016-04-30,31,True,B,10,Event,National,Ecuador,Babahoyo,Los Rios
2016-04-30,32,True,C,3,Event,National,Ecuador,Guayaquil,Guayas
2016-04-30,33,True,C,3,Event,National,Ecuador,Quevedo,Los Rios
2016-04-30,34,True,B,6,Event,National,Ecuador,Guayaquil,Guayas
2016-04-30,35,True,C,3,Event,National,Ecuador,Playas,Guayas
2016-04-30,36,True,E,10,Event,National,Ecuador,Libertad,Guayas
2016-04-30,37,True,D,2,Event,National,Ecuador,Cuenca,Azuay
2016-04-30,38,True,D,4,Event,National,Ecuador,Loja,Loja
2016-04-30,39,True,B,6,Event,National,Ecuador,Cuenca,Azuay
2016-04-30,40,True,C,3,Event,National,Ecuador,Machala,El Oro
2016-04-30,41,True,D,4,Event,National,Ecuador,Machala,El Oro
2016-04-30,42,True,D,2,Event,National,Ecuador,Cuenca,Azuay
2016-04-30,43,True,E,10,Event,National,Ecuador,Esmeraldas,Esmeraldas
2016-04-30,44,True,A,5,Event,National,Ecuador,Quito,Pichincha
2016-04-30,45,True,A,11,Event,National,Ecuador,Quito,Pichincha
2016-04-30,46,True,A,14,Event,National,Ecuador,Quito,Pichincha
2016-04-30,47,True,A,14,Event,National,Ecuador,Quito,Pichincha
2016-04-30,48,True,A,14,Event,National,Ecuador,Quito,Pichincha
2016-04-30,49,True,A,11,Event,National,Ecuador,Quito,Pichincha
2016-04-30,50,True,A,14,Event,National,Ecuador,Ambato,Tungurahua
2016-04-30,51,True,A,17,Event,National,Ecuador,Guayaquil,Guayas
2016-04-30,52,True,A,11,Event,National,Ecuador,Manta,Manabi
2016-04-30,53,True,D,13,Event,National,Ecuador,Manta,Manabi
2016-04-30,54,True,C,3,Event,National,Ecuador,El Carmen,Manabi
2016-05-01,1,True,D,13,Holiday,National,Ecuador,Quito,Pichincha
2016-05-01,2,True,D,13,Holiday,National,Ecuador,Quito,Pichincha
2016-05-01,3,True,D,8,Holiday,National,Ecuador,Quito,Pichincha
2016-05-01,4,True,D,9,Holiday,National,Ecuador,Quito,Pichincha
2016-05-01,5,True,D,4,Holiday,National,Ecuador,Santo Domingo,Santo Domingo de los Tsachilas
2016-05-01,6,True,D,13,Holiday,National,Ecuador,Quito,Pichincha
2016-05-01,7,True,D,8,Holiday,National,Ecuador,Quito,Pichincha
2016-05-01,8,True,D,8,Holiday,National,Ecuador,Quito,Pichincha
2016-05-01,9,True,B,6,Holiday,National,Ecuador,Quito,Pichincha
2016-05-01,10,True,C,15,Holiday,National,Ecuador,Quito,Pichincha
2016-05-01,11,True,B,6,Holiday,National,Ecuador,Cayambe,Pichincha
2016-05-01,12,True,C,15,Holiday,National,Ecuador,Latacunga,Cotopaxi
2016-05-01,13,True,C,15,Holiday,National,Ecuador,Latacunga,Cotopaxi
2016-05-01,14,True,C,7,Holiday,National,Ecuador,Riobamba,Chimborazo
2016-05-01,15,True,C,15,Holiday,National,Ecuador,Ibarra,Imbabura
2016-05-01,16,True,C,3,Holiday,National,Ecuador,Santo Domingo,Santo Domingo de los Tsachilas
2016-05-01,17,True,C,12,Holiday,National,Ecuador,Quito,Pichincha
2016-05-01,18,True,B,16,Holiday,National,Ecuador,Quito,Pichincha
2016-05-01,19,True,C,15,Holiday,National,Ecuador,Guaranda,Bolivar
2016-05-01,20,True,B,6,Holiday,National,Ecuador,Quito,Pichincha
2016-05-01,21,True,B,6,Holiday,National,Ecuador,Santo Domingo,Santo Domingo de los Tsachilas
2016-05-01,22,True,C,7,Holiday,National,Ecuador,Puyo,Pastaza
2016-05-01,23,True,D,9,Holiday,National,Ecuador,Ambato,Tungurahua
2016-05-01,24,True,D,1,Holiday,National,Ecuador,Guayaquil,Guayas
2016-05-01,25,True,D,1,Holiday,National,Ecuador,Salinas,Santa Elena
2016-05-01,26,True,D,10,Holiday,National,Ecuador,Guayaquil,Guayas
2016-05-01,27,True,D,1,Holiday,National,Ecuador,Daule,Guayas
2016-05-01,28,True,E,10,Holiday,National,Ecuador,Guayaquil,Guayas
2016-05-01,29,True,E,10,Holiday,National,Ecuador,Guayaquil,Guayas
2016-05-01,30,True,C,3,Holiday,National,Ecuador,Guayaquil,Guayas
2016-05-01,31,True,B,10,Holiday,National,Ecuador,Babahoyo,Los Rios
2016-05-01,32,True,C,3,Holiday,National,Ecuador,Guayaquil,Guayas
2016-05-01,33,True,C,3,Holiday,National,Ecuador,Quevedo,Los Rios
2016-05-01,34,True,B,6,Holiday,National,Ecuador,Guayaquil,Guayas
2016-05-01,35,True,C,3,Holiday,National,Ecuador,Playas,Guayas
2016-05-01,36,True,E,10,Holiday,National,Ecuador,Libertad,Guayas
2016-05-01,37,True,D,2,Holiday,National,Ecuador,Cuenca,Azuay
2016-05-01,38,True,D,4,Holiday,National,Ecuador,Loja,Loja
2016-05-01,39,True,B,6,Holiday,National,Ecuador,Cuenca,Azuay
2016-05-01,40,True,C,3,Holiday,National,Ecuador,Machala,El Oro
2016-05-01,41,True,D,4,Holiday,National,Ecuador,Machala,El Oro
2016-05-01,42,True,D,2,Holiday,National,Ecuador,Cuenca,Azuay
2016-05-01,43,True,E,10,Holiday,National,Ecuador,Esmeraldas,Esmeraldas
2016-05-01,44,True,A,5,Holiday,National,Ecuador,Quito,Pichincha
2016-05-01,45,True,A,11,Holiday,National,Ecuador,Quito,Pichincha
2016-05-01,46,True,A,14,Holiday,National,Ecuador,Quito,Pichincha
2016-05-01,47,True,A,14,Holiday,National,Ecuador,Quito,Pichincha
2016-05-01,48,True,A,14,Holiday,National,Ecuador,Quito,Pichincha
2016-05-01,49,True,A,11,Holiday,National,Ecuador,Quito,Pichincha
2016-05-01,50,True,A,14,Holiday,National,Ecuador,Ambato,Tungurahua
2016-05-01,51,True,A,17,Holiday,National,Ecuador,Guayaquil,Guayas
2016-05-01,52,True,A,11,Holiday,National,Ecuador,Manta,Manabi
2016-05-01,53,True,D,13,Holiday,National,Ecuador,Manta,Manabi
2016-05-01,54,True,C,3,Holiday,National,Ecuador,El Carmen,Manabi
2016-05-01,1,True,D,13,Event,National,Ecuador,Quito,Pichincha
2016-05-01,2,True,D,13,Event,National,Ecuador,Quito,Pichincha
2016-05-01,3,True,D,8,Event,National,Ecuador,Quito,Pichincha
2016-05-01,4,True,D,9,Event,National,Ecuador,Quito,Pichincha
2016-05-01,5,True,D,4,Event,National,Ecuador,Santo Domingo,Santo Domingo de los Tsachilas
2016-05-01,6,True,D,13,Event,National,Ecuador,Quito,Pichincha
2016-05-01,7,True,D,8,Event,National,Ecuador,Quito,Pichincha
2016-05-01,8,True,D,8,Event,National,Ecuador,Quito,Pichincha
2016-05-01,9,True,B,6,Event,National,Ecuador,Quito,Pichincha
2016-05-01,10,True,C,15,Event,National,Ecuador,Quito,Pichincha
2016-05-01,11,True,B,6,Event,National,Ecuador,Cayambe,Pichincha
2016-05-01,12,True,C,15,Event,National,Ecuador,Latacunga,Cotopaxi
2016-05-01,13,True,C,15,Event,National,Ecuador,Latacunga,Cotopaxi
2016-05-01,14,True,C,7,Event,National,Ecuador,Riobamba,Chimborazo
2016-05-01,15,True,C,15,Event,National,Ecuador,Ibarra,Imbabura
2016-05-01,16,True,C,3,Event,National,Ecuador,Santo Domingo,Santo Domingo de los Tsachilas
2016-05-01,17,True,C,12,Event,National,Ecuador,Quito,Pichincha
2016-05-01,18,True,B,16,Event,National,Ecuador,Quito,Pichincha
2016-05-01,19,True,C,15,Event,National,Ecuador,Guaranda,Bolivar
2016-05-01,20,True,B,6,Event,National,Ecuador,Quito,Pichincha
2016-05-01,21,True,B,6,Event,National,Ecuador,Santo Domingo,Santo Domingo de los Tsachilas
2016-05-01,22,True,C,7,Event,National,Ecuador,Puyo,Pastaza
2016-05-01,23,True,D,9,Event,National,Ecuador,Ambato,Tungurahua
2016-05-01,24,True,D,1,Event,National,Ecuador,Guayaquil,Guayas
2016-05-01,25,True,D,1,Event,National,Ecuador,Salinas,Santa Elena
2016-05-01,26,True,D,10,Event,National,Ecuador,Guayaquil,Guayas
2016-05-01,27,True,D,1,Event,National,Ecuador,Daule,Guayas
2016-05-01,28,True,E,10,Event,National,Ecuador,Guayaquil,Guayas
2016-05-01,29,True,E,10,Event,National,Ecuador,Guayaquil,Guayas
2016-05-01,30,True,C,3,Event,National,Ecuador,Guayaquil,Guayas
2016-05-01,31,True,B,10,Event,National,Ecuador,Babahoyo,Los Rios
2016-05-01,32,True,C,3,Event,National,Ecuador,Guayaquil,Guayas
2016-05-01,33,True,C,3,Event,National,Ecuador,Quevedo,Los Rios
2016-05-01,34,True,B,6,Event,National,Ecuador,Guayaquil,Guayas
2016-05-01,35,True,C,3,Event,National,Ecuador,Playas,Guayas
2016-05-01,36,True,E,10,Event,National,Ecuador,Libertad,Guayas
2016-05-01,37,True,D,2,Event,National,Ecuador,Cuenca,Azuay
2016-05-01,38,True,D,4,Event,National,Ecuador,Loja,Loja
2016-05-01,39,True,B,6,Event,National,Ecuador,Cuenca,Azuay
2016-05-01,40,True,C,3,Event,National,Ecuador,Machala,El Oro
2016-05-01,41,True,D,4,Event,National,Ecuador,Machala,El Oro
2016-05-01,42,True,D,2,Event,National,Ecuador,Cuenca,Azuay
2016-05-01,43,True,E,10,Event,National,Ecuador,Esmeraldas,Esmeraldas
2016-05-01,44,True,A,5,Event,National,Ecuador,Quito,Pichincha
2016-05-01,45,True,A,11,Event,National,Ecuador,Quito,Pichincha
2016-05-01,46,True,A,14,Event,National,Ecuador,Quito,Pichincha
2016-05-01,47,True,A,14,Event,National,Ecuador,Quito,Pichincha
2016-05-01,48,True,A,14,Event,National,Ecuador,Quito,Pichincha
2016-05-01,49,True,A,11,Event,National,Ecuador,Quito,Pichincha
2016-05-01,50,True,A,14,Event,National,Ecuador,Ambato,Tungurahua
2016-05-01,51,True,A,17,Event,National,Ecuador,Guayaquil,Guayas
2016-05-01,52,True,A,11,Event,National,Ecuador,Manta,Manabi
2016-05-01,53,True,D,13,Event,National,Ecuador,Manta,Manabi
2016-05-01,54,True,C,3,Event,National,Ecuador,El Carmen,Manabi
2016-05-02,1,True,D,13,Event,National,Ecuador,Quito,Pichincha
2016-05-02,2,True,D,13,Event,National,Ecuador,Quito,Pichincha
2016-05-02,3,True,D,8,Event,National,Ecuador,Quito,Pichincha
2016-05-02,4,True,D,9,Event,National,Ecuador,Quito,Pichincha
2016-05-02,5,True,D,4,Event,National,Ecuador,Santo Domingo,Santo Domingo de los Tsachilas
2016-05-02,6,True,D,13,Event,National,Ecuador,Quito,Pichincha
2016-05-02,7,True,D,8,Event,National,Ecuador,Quito,Pichincha
2016-05-02,8,True,D,8,Event,National,Ecuador,Quito,Pichincha
2016-05-02,9,True,B,6,Event,National,Ecuador,Quito,Pichincha
2016-05-02,10,True,C,15,Event,National,Ecuador,Quito,Pichincha
2016-05-02,11,True,B,6,Event,National,Ecuador,Cayambe,Pichincha
2016-05-02,12,True,C,15,Event,National,Ecuador,Latacunga,Cotopaxi
2016-05-02,13,True,C,15,Event,National,Ecuador,Latacunga,Cotopaxi
2016-05-02,14,True,C,7,Event,National,Ecuador,Riobamba,Chimborazo
2016-05-02,15,True,C,15,Event,National,Ecuador,Ibarra,Imbabura
2016-05-02,16,True,C,3,Event,National,Ecuador,Santo Domingo,Santo Domingo de los Tsachilas
2016-05-02,17,True,C,12,Event,National,Ecuador,Quito,Pichincha
2016-05-02,18,True,B,16,Event,National,Ecuador,Quito,Pichincha
2016-05-02,19,True,C,15,Event,National,Ecuador,Guaranda,Bolivar
2016-05-02,20,True,B,6,Event,National,Ecuador,Quito,Pichincha
2016-05-02,21,True,B,6,Event,National,Ecuador,Santo Domingo,Santo Domingo de los Tsachilas
2016-05-02,22,True,C,7,Event,National,Ecuador,Puyo,Pastaza
2016-05-02,23,True,D,9,Event,National,Ecuador,Ambato,Tungurahua
2016-05-02,24,True,D,1,Event,National,Ecuador,Guayaquil,Guayas
2016-05-02,25,True,D,1,Event,National,Ecuador,Salinas,Santa Elena
2016-05-02,26,True,D,10,Event,National,Ecuador,Guayaquil,Guayas
2016-05-02,27,True,D,1,Event,National,Ecuador,Daule,Guayas
2016-05-02,28,True,E,10,Event,National,Ecuador,Guayaquil,Guayas
2016-05-02,29,True,E,10,Event,National,Ecuador,Guayaquil,Guayas
2016-05-02,30,True,C,3,Event,National,Ecuador,Guayaquil,Guayas
2016-05-02,31,True,B,10,Event,National,Ecuador,Babahoyo,Los Rios
2016-05-02,32,True,C,3,Event,National,Ecuador,Guayaquil,Guayas
2016-05-02,33,True,C,3,Event,National,Ecuador,Quevedo,Los Rios
2016-05-02,34,True,B,6,Event,National,Ecuador,Guayaquil,Guayas
2016-05-02,35,True,C,3,Event,National,Ecuador,Playas,Guayas
2016-05-02,36,True,E,10,Event,National,Ecuador,Libertad,Guayas
2016-05-02,37,True,D,2,Event,National,Ecuador,Cuenca,Azuay
2016-05-02,38,True,D,4,Event,National,Ecuador,Loja,Loja
2016-05-02,39,True,B,6,Event,National,Ecuador,Cuenca,Azuay
2016-05-02,40,True,C,3,Event,National,Ecuador,Machala,El Oro
2016-05-02,41,True,D,4,Event,National,Ecuador,Machala,El Oro
2016-05-02,42,True,D,2,Event,National,Ecuador,Cuenca,Azuay
2016-05-02,43,True,E,10,Event,National,Ecuador,Esmeraldas,Esmeraldas
2016-05-02,44,True,A,5,Event,National,Ecuador,Quito,Pichincha
2016-05-02,45,True,A,11,Event,National,Ecuador,Quito,Pichincha
2016-05-02,46,True,A,14,Event,National,Ecuador,Quito,Pichincha
2016-05-02,47,True,A,14,Event,National,Ecuador,Quito,Pichincha
2016-05-02,48,True,A,14,Event,National,Ecuador,Quito,Pichincha
2016-05-02,49,True,A,11,Event,National,Ecuador,Quito,Pichincha
2016-05-02,50,True,A,14,Event,National,Ecuador,Ambato,Tungurahua
2016-05-02,51,True,A,17,Event,National,Ecuador,Guayaquil,Guayas
2016-05-02,52,True,A,11,Event,National,Ecuador,Manta,Manabi
2016-05-02,53,True,D,13,Event,National,Ecuador,Manta,Manabi
2016-05-02,54,True,C,3,Event,National,Ecuador,El Carmen,Manabi
2016-05-03,1,True,D,13,Event,National,Ecuador,Quito,Pichincha
2016-05-03,2,True,D,13,Event,National,Ecuador,Quito,Pichincha
2016-05-03,3,True,D,8,Event,National,Ecuador,Quito,Pichincha
2016-05-03,4,True,D,9,Event,National,Ecuador,Quito,Pichincha
2016-05-03,5,True,D,4,Event,National,Ecuador,Santo Domingo,Santo Domingo de los Tsachilas
2016-05-03,6,True,D,13,Event,National,Ecuador,Quito,Pichincha
2016-05-03,7,True,D,8,Event,National,Ecuador,Quito,Pichincha
2016-05-03,8,True,D,8,Event,National,Ecuador,Quito,Pichincha
2016-05-03,9,True,B,6,Event,National,Ecuador,Quito,Pichincha
2016-05-03,10,True,C,15,Event,National,Ecuador,Quito,Pichincha
2016-05-03,11,True,B,6,Event,National,Ecuador,Cayambe,Pichincha
2016-05-03,12,True,C,15,Event,National,Ecuador,Latacunga,Cotopaxi
2016-05-03,13,True,C,15,Event,National,Ecuador,Latacunga,Cotopaxi
2016-05-03,14,True,C,7,Event,National,Ecuador,Riobamba,Chimborazo
2016-05-03,15,True,C,15,Event,National,Ecuador,Ibarra,Imbabura
2016-05-03,16,True,C,3,Event,National,Ecuador,Santo Domingo,Santo Domingo de los Tsachilas
2016-05-03,17,True,C,12,Event,National,Ecuador,Quito,Pichincha
2016-05-03,18,True,B,16,Event,National,Ecuador,Quito,Pichincha
2016-05-03,19,True,C,15,Event,National,Ecuador,Guaranda,Bolivar
2016-05-03,20,True,B,6,Event,National,Ecuador,Quito,Pichincha
2016-05-03,21,True,B,6,Event,National,Ecuador,Santo Domingo,Santo Domingo de los Tsachilas
2016-05-03,22,True,C,7,Event,National,Ecuador,Puyo,Pastaza
2016-05-03,23,True,D,9,Event,National,Ecuador,Ambato,Tungurahua
2016-05-03,24,True,D,1,Event,National,Ecuador,Guayaquil,Guayas
2016-05-03,25,True,D,1,Event,National,Ecuador,Salinas,Santa Elena
2016-05-03,26,True,D,10,Event,National,Ecuador,Guayaquil,Guayas
2016-05-03,27,True,D,1,Event,National,Ecuador,Daule,Guayas
2016-05-03,28,True,E,10,Event,National,Ecuador,Guayaquil,Guayas
2016-05-03,29,True,E,10,Event,National,Ecuador,Guayaquil,Guayas
2016-05-03,30,True,C,3,Event,National,Ecuador,Guayaquil,Guayas
2016-05-03,31,True,B,10,Event,National,Ecuador,Babahoyo,Los Rios
2016-05-03,32,True,C,3,Event,National,Ecuador,Guayaquil,Guayas
2016-05-03,33,True,C,3,Event,National,Ecuador,Quevedo,Los Rios
2016-05-03,34,True,B,6,Event,National,Ecuador,Guayaquil,Guayas
2016-05-03,35,True,C,3,Event,National,Ecuador,Playas,Guayas
2016-05-03,36,True,E,10,Event,National,Ecuador,Libertad,Guayas
2016-05-03,37,True,D,2,Event,National,Ecuador,Cuenca,Azuay
2016-05-03,38,True,D,4,Event,National,Ecuador,Loja,Loja
2016-05-03,39,True,B,6,Event,National,Ecuador,Cuenca,Azuay
2016-05-03,40,True,C,3,Event,National,Ecuador,Machala,El Oro
2016-05-03,41,True,D,4,Event,National,Ecuador,Machala,El Oro
2016-05-03,42,True,D,2,Event,National,Ecuador,Cuenca,Azuay
2016-05-03,43,True,E,10,Event,National,Ecuador,Esmeraldas,Esmeraldas
2016-05-03,44,True,A,5,Event,National,Ecuador,Quito,Pichincha
2016-05-03,45,True,A,11,Event,National,Ecuador,Quito,Pichincha
2016-05-03,46,True,A,14,Event,National,Ecuador,Quito,Pichincha
2016-05-03,47,True,A,14,Event,National,Ecuador,Quito,Pichincha
2016-05-03,48,True,A,14,Event,National,Ecuador,Quito,Pichincha
2016-05-03,49,True,A,11,Event,National,Ecuador,Quito,Pichincha
2016-05-03,50,True,A,14,Event,National,Ecuador,Ambato,Tungurahua
2016-05-03,51,True,A,17,Event,National,Ecuador,Guayaquil,Guayas
2016-05-03,52,True,A,11,Event,National,Ecuador,Manta,Manabi
2016-05-03,53,True,D,13,Event,National,Ecuador,Manta,Manabi
2016-05-03,54,True,C,3,Event,National,Ecuador,El Carmen,Manabi
2016-05-04,1,True,D,13,Event,National,Ecuador,Quito,Pichincha
2016-05-04,2,True,D,13,Event,National,Ecuador,Quito,Pichincha
2016-05-04,3,True,D,8,Event,National,Ecuador,Quito,Pichincha
2016-05-04,4,True,D,9,Event,National,Ecuador,Quito,Pichincha
2016-05-04,5,True,D,4,Event,National,Ecuador,Santo Domingo,Santo Domingo de los Tsachilas
2016-05-04,6,True,D,13,Event,National,Ecuador,Quito,Pichincha
2016-05-04,7,True,D,8,Event,National,Ecuador,Quito,Pichincha
2016-05-04,8,True,D,8,Event,National,Ecuador,Quito,Pichincha
2016-05-04,9,True,B,6,Event,National,Ecuador,Quito,Pichincha
2016-05-04,10,True,C,15,Event,National,Ecuador,Quito,Pichincha
2016-05-04,11,True,B,6,Event,National,Ecuador,Cayambe,Pichincha
2016-05-04,12,True,C,15,Event,National,Ecuador,Latacunga,Cotopaxi
2016-05-04,13,True,C,15,Event,National,Ecuador,Latacunga,Cotopaxi
2016-05-04,14,True,C,7,Event,National,Ecuador,Riobamba,Chimborazo
2016-05-04,15,True,C,15,Event,National,Ecuador,Ibarra,Imbabura
2016-05-04,16,True,C,3,Event,National,Ecuador,Santo Domingo,Santo Domingo de los Tsachilas
2016-05-04,17,True,C,12,Event,National,Ecuador,Quito,Pichincha
2016-05-04,18,True,B,16,Event,National,Ecuador,Quito,Pichincha
2016-05-04,19,True,C,15,Event,National,Ecuador,Guaranda,Bolivar
2016-05-04,20,True,B,6,Event,National,Ecuador,Quito,Pichincha
2016-05-04,21,True,B,6,Event,National,Ecuador,Santo Domingo,Santo Domingo de los Tsachilas
2016-05-04,22,True,C,7,Event,National,Ecuador,Puyo,Pastaza
2016-05-04,23,True,D,9,Event,National,Ecuador,Ambato,Tungurahua
2016-05-04,24,True,D,1,Event,National,Ecuador,Guayaquil,Guayas
2016-05-04,25,True,D,1,Event,National,Ecuador,Salinas,Santa Elena
2016-05-04,26,True,D,10,Event,National,Ecuador,Guayaquil,Guayas
2016-05-04,27,True,D,1,Event,National,Ecuador,Daule,Guayas
2016-05-04,28,True,E,10,Event,National,Ecuador,Guayaquil,Guayas
2016-05-04,29,True,E,10,Event,National,Ecuador,Guayaquil,Guayas
2016-05-04,30,True,C,3,Event,National,Ecuador,Guayaquil,Guayas
2016-05-04,31,True,B,10,Event,National,Ecuador,Babahoyo,Los Rios
2016-05-04,32,True,C,3,Event,National,Ecuador,Guayaquil,Guayas
2016-05-04,33,True,C,3,Event,National,Ecuador,Quevedo,Los Rios
2016-05-04,34,True,B,6,Event,National,Ecuador,Guayaquil,Guayas
2016-05-04,35,True,C,3,Event,National,Ecuador,Playas,Guayas
2016-05-04,36,True,E,10,Event,National,Ecuador,Libertad,Guayas
2016-05-04,37,True,D,2,Event,National,Ecuador,Cuenca,Azuay
2016-05-04,38,True,D,4,Event,National,Ecuador,Loja,Loja
2016-05-04,39,True,B,6,Event,National,Ecuador,Cuenca,Azuay
2016-05-04,40,True,C,3,Event,National,Ecuador,Machala,El Oro
2016-05-04,41,True,D,4,Event,National,Ecuador,Machala,El Oro
2016-05-04,42,True,D,2,Event,National,Ecuador,Cuenca,Azuay
2016-05-04,43,True,E,10,Event,National,Ecuador,Esmeraldas,Esmeraldas
2016-05-04,44,True,A,5,Event,National,Ecuador,Quito,Pichincha
2016-05-04,45,True,A,11,Event,National,Ecuador,Quito,Pichincha
2016-05-04,46,True,A,14,Event,National,Ecuador,Quito,Pichincha
2016-05-04,47,True,A,14,Event,National,Ecuador,Quito,Pichincha
2016-05-04,48,True,A,14,Event,National,Ecuador,Quito,Pichincha
2016-05-04,49,True,A,11,Event,National,Ecuador,Quito,Pichincha
2016-05-04,50,True,A,14,Event,National,Ecuador,Ambato,Tungurahua
2016-05-04,51,True,A,17,Event,National,Ecuador,Guayaquil,Guayas
2016-05-04,52,True,A,11,Event,National,Ecuador,Manta,Manabi
2016-05-04,53,True,D,13,Event,National,Ecuador,Manta,Manabi
2016-05-04,54,True,C,3,Event,National,Ecuador,El Carmen,Manabi
2016-05-05,1,True,D,13,Event,National,Ecuador,Quito,Pichincha
2016-05-05,2,True,D,13,Event,National,Ecuador,Quito,Pichincha
2016-05-05,3,True,D,8,Event,National,Ecuador,Quito,Pichincha
2016-05-05,4,True,D,9,Event,National,Ecuador,Quito,Pichincha
2016-05-05,5,True,D,4,Event,National,Ecuador,Santo Domingo,Santo Domingo de los Tsachilas
2016-05-05,6,True,D,13,Event,National,Ecuador,Quito,Pichincha
2016-05-05,7,True,D,8,Event,National,Ecuador,Quito,Pichincha
2016-05-05,8,True,D,8,Event,National,Ecuador,Quito,Pichincha
2016-05-05,9,True,B,6,Event,National,Ecuador,Quito,Pichincha
2016-05-05,10,True,C,15,Event,National,Ecuador,Quito,Pichincha
2016-05-05,11,True,B,6,Event,National,Ecuador,Cayambe,Pichincha
2016-05-05,12,True,C,15,Event,National,Ecuador,Latacunga,Cotopaxi
2016-05-05,13,True,C,15,Event,National,Ecuador,Latacunga,Cotopaxi
2016-05-05,14,True,C,7,Event,National,Ecuador,Riobamba,Chimborazo
2016-05-05,15,True,C,15,Event,National,Ecuador,Ibarra,Imbabura
2016-05-05,16,True,C,3,Event,National,Ecuador,Santo Domingo,Santo Domingo de los Tsachilas
2016-05-05,17,True,C,12,Event,National,Ecuador,Quito,Pichincha
2016-05-05,18,True,B,16,Event,National,Ecuador,Quito,Pichincha
2016-05-05,19,True,C,15,Event,National,Ecuador,Guaranda,Bolivar
2016-05-05,20,True,B,6,Event,National,Ecuador,Quito,Pichincha
2016-05-05,21,True,B,6,Event,National,Ecuador,Santo Domingo,Santo Domingo de los Tsachilas
2016-05-05,22,True,C,7,Event,National,Ecuador,Puyo,Pastaza
2016-05-05,23,True,D,9,Event,National,Ecuador,Ambato,Tungurahua
2016-05-05,24,True,D,1,Event,National,Ecuador,Guayaquil,Guayas
2016-05-05,25,True,D,1,Event,National,Ecuador,Salinas,Santa Elena
2016-05-05,26,True,D,10,Event,National,Ecuador,Guayaquil,Guayas
2016-05-05,27,True,D,1,Event,National,Ecuador,Daule,Guayas
2016-05-05,28,True,E,10,Event,National,Ecuador,Guayaquil,Guayas
2016-05-05,29,True,E,10,Event,National,Ecuador,Guayaquil,Guayas
2016-05-05,30,True,C,3,Event,National,Ecuador,Guayaquil,Guayas
2016-05-05,31,True,B,10,Event,National,Ecuador,Babahoyo,Los Rios
2016-05-05,32,True,C,3,Event,National,Ecuador,Guayaquil,Guayas
2016-05-05,33,True,C,3,Event,National,Ecuador,Quevedo,Los Rios
2016-05-05,34,True,B,6,Event,National,Ecuador,Guayaquil,Guayas
2016-05-05,35,True,C,3,Event,National,Ecuador,Playas,Guayas
2016-05-05,36,True,E,10,Event,National,Ecuador,Libertad,Guayas
2016-05-05,37,True,D,2,Event,National,Ecuador,Cuenca,Azuay
2016-05-05,38,True,D,4,Event,National,Ecuador,Loja,Loja
2016-05-05,39,True,B,6,Event,National,Ecuador,Cuenca,Azuay
2016-05-05,40,True,C,3,Event,National,Ecuador,Machala,El Oro
2016-05-05,41,True,D,4,Event,National,Ecuador,Machala,El Oro
2016-05-05,42,True,D,2,Event,National,Ecuador,Cuenca,Azuay
2016-05-05,43,True,E,10,Event,National,Ecuador,Esmeraldas,Esmeraldas
2016-05-05,44,True,A,5,Event,National,Ecuador,Quito,Pichincha
2016-05-05,45,True,A,11,Event,National,Ecuador,Quito,Pichincha
2016-05-05,46,True,A,14,Event,National,Ecuador,Quito,Pichincha
2016-05-05,47,True,A,14,Event,National,Ecuador,Quito,Pichincha
2016-05-05,48,True,A,14,Event,National,Ecuador,Quito,Pichincha
2016-05-05,49,True,A,11,Event,National,Ecuador,Quito,Pichincha
2016-05-05,50,True,A,14,Event,National,Ecuador,Ambato,Tungurahua
2016-05-05,51,True,A,17,Event,National,Ecuador,Guayaquil,Guayas
2016-05-05,52,True,A,11,Event,National,Ecuador,Manta,Manabi
2016-05-05,53,True,D,13,Event,National,Ecuador,Manta,Manabi
2016-05-05,54,True,C,3,Event,National,Ecuador,El Carmen,Manabi
2016-05-06,1,True,D,13,Event,National,Ecuador,Quito,Pichincha
2016-05-06,2,True,D,13,Event,National,Ecuador,Quito,Pichincha
2016-05-06,3,True,D,8,Event,National,Ecuador,Quito,Pichincha
2016-05-06,4,True,D,9,Event,National,Ecuador,Quito,Pichincha
2016-05-06,5,True,D,4,Event,National,Ecuador,Santo Domingo,Santo Domingo de los Tsachilas
2016-05-06,6,True,D,13,Event,National,Ecuador,Quito,Pichincha
2016-05-06,7,True,D,8,Event,National,Ecuador,Quito,Pichincha
2016-05-06,8,True,D,8,Event,National,Ecuador,Quito,Pichincha
2016-05-06,9,True,B,6,Event,National,Ecuador,Quito,Pichincha
2016-05-06,10,True,C,15,Event,National,Ecuador,Quito,Pichincha
2016-05-06,11,True,B,6,Event,National,Ecuador,Cayambe,Pichincha
2016-05-06,12,True,C,15,Event,National,Ecuador,Latacunga,Cotopaxi
2016-05-06,13,True,C,15,Event,National,Ecuador,Latacunga,Cotopaxi
2016-05-06,14,True,C,7,Event,National,Ecuador,Riobamba,Chimborazo
2016-05-06,15,True,C,15,Event,National,Ecuador,Ibarra,Imbabura
2016-05-06,16,True,C,3,Event,National,Ecuador,Santo Domingo,Santo Domingo de los Tsachilas
2016-05-06,17,True,C,12,Event,National,Ecuador,Quito,Pichincha
2016-05-06,18,True,B,16,Event,National,Ecuador,Quito,Pichincha
2016-05-06,19,True,C,15,Event,National,Ecuador,Guaranda,Bolivar
2016-05-06,20,True,B,6,Event,National,Ecuador,Quito,Pichincha
2016-05-06,21,True,B,6,Event,National,Ecuador,Santo Domingo,Santo Domingo de los Tsachilas
2016-05-06,22,True,C,7,Event,National,Ecuador,Puyo,Pastaza
2016-05-06,23,True,D,9,Event,National,Ecuador,Ambato,Tungurahua
2016-05-06,24,True,D,1,Event,National,Ecuador,Guayaquil,Guayas
2016-05-06,25,True,D,1,Event,National,Ecuador,Salinas,Santa Elena
2016-05-06,26,True,D,10,Event,National,Ecuador,Guayaquil,Guayas
2016-05-06,27,True,D,1,Event,National,Ecuador,Daule,Guayas
2016-05-06,28,True,E,10,Event,National,Ecuador,Guayaquil,Guayas
2016-05-06,29,True,E,10,Event,National,Ecuador,Guayaquil,Guayas
2016-05-06,30,True,C,3,Event,National,Ecuador,Guayaquil,Guayas
2016-05-06,31,True,B,10,Event,National,Ecuador,Babahoyo,Los Rios
2016-05-06,32,True,C,3,Event,National,Ecuador,Guayaquil,Guayas
2016-05-06,33,True,C,3,Event,National,Ecuador,Quevedo,Los Rios
2016-05-06,34,True,B,6,Event,National,Ecuador,Guayaquil,Guayas
2016-05-06,35,True,C,3,Event,National,Ecuador,Playas,Guayas
2016-05-06,36,True,E,10,Event,National,Ecuador,Libertad,Guayas
2016-05-06,37,True,D,2,Event,National,Ecuador,Cuenca,Azuay
2016-05-06,38,True,D,4,Event,National,Ecuador,Loja,Loja
2016-05-06,39,True,B,6,Event,National,Ecuador,Cuenca,Azuay
2016-05-06,40,True,C,3,Event,National,Ecuador,Machala,El Oro
2016-05-06,41,True,D,4,Event,National,Ecuador,Machala,El Oro
2016-05-06,42,True,D,2,Event,National,Ecuador,Cuenca,Azuay
2016-05-06,43,True,E,10,Event,National,Ecuador,Esmeraldas,Esmeraldas
2016-05-06,44,True,A,5,Event,National,Ecuador,Quito,Pichincha
2016-05-06,45,True,A,11,Event,National,Ecuador,Quito,Pichincha
2016-05-06,46,True,A,14,Event,National,Ecuador,Quito,Pichincha
2016-05-06,47,True,A,14,Event,National,Ecuador,Quito,Pichincha
2016-05-06,48,True,A,14,Event,National,Ecuador,Quito,Pichincha
2016-05-06,49,True,A,11,Event,National,Ecuador,Quito,Pichincha
2016-05-06,50,True,A,14,Event,National,Ecuador,Ambato,Tungurahua
2016-05-06,51,True,A,17,Event,National,Ecuador,Guayaquil,Guayas
2016-05-06,52,True,A,11,Event,National,Ecuador,Manta,Manabi
2016-05-06,53,True,D,13,Event,National,Ecuador,Manta,Manabi
2016-05-06,54,True,C,3,Event,National,Ecuador,El Carmen,Manabi
2016-05-07,1,True,D,13,Additional,National,Ecuador,Quito,Pichincha
2016-05-07,2,True,D,13,Additional,National,Ecuador,Quito,Pichincha
2016-05-07,3,True,D,8,Additional,National,Ecuador,Quito,Pichincha
2016-05-07,4,True,D,9,Additional,National,Ecuador,Quito,Pichincha
2016-05-07,5,True,D,4,Additional,National,Ecuador,Santo Domingo,Santo Domingo de los Tsachilas
2016-05-07,6,True,D,13,Additional,National,Ecuador,Quito,Pichincha
2016-05-07,7,True,D,8,Additional,National,Ecuador,Quito,Pichincha
2016-05-07,8,True,D,8,Additional,National,Ecuador,Quito,Pichincha
2016-05-07,9,True,B,6,Additional,National,Ecuador,Quito,Pichincha
2016-05-07,10,True,C,15,Additional,National,Ecuador,Quito,Pichincha
2016-05-07,11,True,B,6,Additional,National,Ecuador,Cayambe,Pichincha
2016-05-07,12,True,C,15,Additional,National,Ecuador,Latacunga,Cotopaxi
2016-05-07,13,True,C,15,Additional,National,Ecuador,Latacunga,Cotopaxi
2016-05-07,14,True,C,7,Additional,National,Ecuador,Riobamba,Chimborazo
2016-05-07,15,True,C,15,Additional,National,Ecuador,Ibarra,Imbabura
2016-05-07,16,True,C,3,Additional,National,Ecuador,Santo Domingo,Santo Domingo de los Tsachilas
2016-05-07,17,True,C,12,Additional,National,Ecuador,Quito,Pichincha
2016-05-07,18,True,B,16,Additional,National,Ecuador,Quito,Pichincha
2016-05-07,19,True,C,15,Additional,National,Ecuador,Guaranda,Bolivar
2016-05-07,20,True,B,6,Additional,National,Ecuador,Quito,Pichincha
2016-05-07,21,True,B,6,Additional,National,Ecuador,Santo Domingo,Santo Domingo de los Tsachilas
2016-05-07,22,True,C,7,Additional,National,Ecuador,Puyo,Pastaza
2016-05-07,23,True,D,9,Additional,National,Ecuador,Ambato,Tungurahua
2016-05-07,24,True,D,1,Additional,National,Ecuador,Guayaquil,Guayas
2016-05-07,25,True,D,1,Additional,National,Ecuador,Salinas,Santa Elena
2016-05-07,26,True,D,10,Additional,National,Ecuador,Guayaquil,Guayas
2016-05-07,27,True,D,1,Additional,National,Ecuador,Daule,Guayas
2016-05-07,28,True,E,10,Additional,National,Ecuador,Guayaquil,Guayas
2016-05-07,29,True,E,10,Additional,National,Ecuador,Guayaquil,Guayas
2016-05-07,30,True,C,3,Additional,National,Ecuador,Guayaquil,Guayas
2016-05-07,31,True,B,10,Additional,National,Ecuador,Babahoyo,Los Rios
2016-05-07,32,True,C,3,Additional,National,Ecuador,Guayaquil,Guayas
2016-05-07,33,True,C,3,Additional,National,Ecuador,Quevedo,Los Rios
2016-05-07,34,True,B,6,Additional,National,Ecuador,Guayaquil,Guayas
2016-05-07,35,True,C,3,Additional,National,Ecuador,Playas,Guayas
2016-05-07,36,True,E,10,Additional,National,Ecuador,Libertad,Guayas
2016-05-07,37,True,D,2,Additional,National,Ecuador,Cuenca,Azuay
2016-05-07,38,True,D,4,Additional,National,Ecuador,Loja,Loja
2016-05-07,39,True,B,6,Additional,National,Ecuador,Cuenca,Azuay
2016-05-07,40,True,C,3,Additional,National,Ecuador,Machala,El Oro
2016-05-07,41,True,D,4,Additional,National,Ecuador,Machala,El Oro
2016-05-07,42,True,D,2,Additional,National,Ecuador,Cuenca,Azuay
2016-05-07,43,True,E,10,Additional,National,Ecuador,Esmeraldas,Esmeraldas
2016-05-07,44,True,A,5,Additional,National,Ecuador,Quito,Pichincha
2016-05-07,45,True,A,11,Additional,National,Ecuador,Quito,Pichincha
2016-05-07,46,True,A,14,Additional,National,Ecuador,Quito,Pichincha
2016-05-07,47,True,A,14,Additional,National,Ecuador,Quito,Pichincha
2016-05-07,48,True,A,14,Additional,National,Ecuador,Quito,Pichincha
2016-05-07,49,True,A,11,Additional,National,Ecuador,Quito,Pichincha
2016-05-07,50,True,A,14,Additional,National,Ecuador,Ambato,Tungurahua
2016-05-07,51,True,A,17,Additional,National,Ecuador,Guayaquil,Guayas
2016-05-07,52,True,A,11,Additional,National,Ecuador,Manta,Manabi
2016-05-07,53,True,D,13,Additional,National,Ecuador,Manta,Manabi
2016-05-07,54,True,C,3,Additional,National,Ecuador,El Carmen,Manabi
2016-05-07,1,True,D,13,Event,National,Ecuador,Quito,Pichincha
2016-05-07,2,True,D,13,Event,National,Ecuador,Quito,Pichincha
2016-05-07,3,True,D,8,Event,National,Ecuador,Quito,Pichincha
2016-05-07,4,True,D,9,Event,National,Ecuador,Quito,Pichincha
2016-05-07,5,True,D,4,Event,National,Ecuador,Santo Domingo,Santo Domingo de los Tsachilas
2016-05-07,6,True,D,13,Event,National,Ecuador,Quito,Pichincha
2016-05-07,7,True,D,8,Event,National,Ecuador,Quito,Pichincha
2016-05-07,8,True,D,8,Event,National,Ecuador,Quito,Pichincha
2016-05-07,9,True,B,6,Event,National,Ecuador,Quito,Pichincha
2016-05-07,10,True,C,15,Event,National,Ecuador,Quito,Pichincha
2016-05-07,11,True,B,6,Event,National,Ecuador,Cayambe,Pichincha
2016-05-07,12,True,C,15,Event,National,Ecuador,Latacunga,Cotopaxi
2016-05-07,13,True,C,15,Event,National,Ecuador,Latacunga,Cotopaxi
2016-05-07,14,True,C,7,Event,National,Ecuador,Riobamba,Chimborazo
2016-05-07,15,True,C,15,Event,National,Ecuador,Ibarra,Imbabura
2016-05-07,16,True,C,3,Event,National,Ecuador,Santo Domingo,Santo Domingo de los Tsachilas
2016-05-07,17,True,C,12,Event,National,Ecuador,Quito,Pichincha
2016-05-07,18,True,B,16,Event,National,Ecuador,Quito,Pichincha
2016-05-07,19,True,C,15,Event,National,Ecuador,Guaranda,Bolivar
2016-05-07,20,True,B,6,Event,National,Ecuador,Quito,Pichincha
2016-05-07,21,True,B,6,Event,National,Ecuador,Santo Domingo,Santo Domingo de los Tsachilas
2016-05-07,22,True,C,7,Event,National,Ecuador,Puyo,Pastaza
2016-05-07,23,True,D,9,Event,National,Ecuador,Ambato,Tungurahua
2016-05-07,24,True,D,1,Event,National,Ecuador,Guayaquil,Guayas
2016-05-07,25,True,D,1,Event,National,Ecuador,Salinas,Santa Elena
2016-05-07,26,True,D,10,Event,National,Ecuador,Guayaquil,Guayas
2016-05-07,27,True,D,1,Event,National,Ecuador,Daule,Guayas
2016-05-07,28,True,E,10,Event,National,Ecuador,Guayaquil,Guayas
2016-05-07,29,True,E,10,Event,National,Ecuador,Guayaquil,Guayas
2016-05-07,30,True,C,3,Event,National,Ecuador,Guayaquil,Guayas
2016-05-07,31,True,B,10,Event,National,Ecuador,Babahoyo,Los Rios
2016-05-07,32,True,C,3,Event,National,Ecuador,Guayaquil,Guayas
2016-05-07,33,True,C,3,Event,National,Ecuador,Quevedo,Los Rios
2016-05-07,34,True,B,6,Event,National,Ecuador,Guayaquil,Guayas
2016-05-07,35,True,C,3,Event,National,Ecuador,Playas,Guayas
2016-05-07,36,True,E,10,Event,National,Ecuador,Libertad,Guayas
2016-05-07,37,True,D,2,Event,National,Ecuador,Cuenca,Azuay
2016-05-07,38,True,D,4,Event,National,Ecuador,Loja,Loja
2016-05-07,39,True,B,6,Event,National,Ecuador,Cuenca,Azuay
2016-05-07,40,True,C,3,Event,National,Ecuador,Machala,El Oro
2016-05-07,41,True,D,4,Event,National,Ecuador,Machala,El Oro
2016-05-07,42,True,D,2,Event,National,Ecuador,Cuenca,Azuay
2016-05-07,43,True,E,10,Event,National,Ecuador,Esmeraldas,Esmeraldas
2016-05-07,44,True,A,5,Event,National,Ecuador,Quito,Pichincha
2016-05-07,45,True,A,11,Event,National,Ecuador,Quito,Pichincha
2016-05-07,46,True,A,14,Event,National,Ecuador,Quito,Pichincha
2016-05-07,47,True,A,14,Event,National,Ecuador,Quito,Pichincha
2016-05-07,48,True,A,14,Event,National,Ecuador,Quito,Pichincha
2016-05-07,49,True,A,11,Event,National,Ecuador,Quito,Pichincha
2016-05-07,50,True,A,14,Event,National,Ecuador,Ambato,Tungurahua
2016-05-07,51,True,A,17,Event,National,Ecuador,Guayaquil,Guayas
2016-05-07,52,True,A,11,Event,National,Ecuador,Manta,Manabi
2016-05-07,53,True,D,13,Event,National,Ecuador,Manta,Manabi
2016-05-07,54,True,C,3,Event,National,Ecuador,El Carmen,Manabi
2016-05-08,1,True,D,13,Event,National,Ecuador,Quito,Pichincha
2016-05-08,2,True,D,13,Event,National,Ecuador,Quito,Pichincha
2016-05-08,3,True,D,8,Event,National,Ecuador,Quito,Pichincha
2016-05-08,4,True,D,9,Event,National,Ecuador,Quito,Pichincha
2016-05-08,5,True,D,4,Event,National,Ecuador,Santo Domingo,Santo Domingo de los Tsachilas
2016-05-08,6,True,D,13,Event,National,Ecuador,Quito,Pichincha
2016-05-08,7,True,D,8,Event,National,Ecuador,Quito,Pichincha
2016-05-08,8,True,D,8,Event,National,Ecuador,Quito,Pichincha
2016-05-08,9,True,B,6,Event,National,Ecuador,Quito,Pichincha
2016-05-08,10,True,C,15,Event,National,Ecuador,Quito,Pichincha
2016-05-08,11,True,B,6,Event,National,Ecuador,Cayambe,Pichincha
2016-05-08,12,True,C,15,Event,National,Ecuador,Latacunga,Cotopaxi
2016-05-08,13,True,C,15,Event,National,Ecuador,Latacunga,Cotopaxi
2016-05-08,14,True,C,7,Event,National,Ecuador,Riobamba,Chimborazo
2016-05-08,15,True,C,15,Event,National,Ecuador,Ibarra,Imbabura
2016-05-08,16,True,C,3,Event,National,Ecuador,Santo Domingo,Santo Domingo de los Tsachilas
2016-05-08,17,True,C,12,Event,National,Ecuador,Quito,Pichincha
2016-05-08,18,True,B,16,Event,National,Ecuador,Quito,Pichincha
2016-05-08,19,True,C,15,Event,National,Ecuador,Guaranda,Bolivar
2016-05-08,20,True,B,6,Event,National,Ecuador,Quito,Pichincha
2016-05-08,21,True,B,6,Event,National,Ecuador,Santo Domingo,Santo Domingo de los Tsachilas
2016-05-08,22,True,C,7,Event,National,Ecuador,Puyo,Pastaza
2016-05-08,23,True,D,9,Event,National,Ecuador,Ambato,Tungurahua
2016-05-08,24,True,D,1,Event,National,Ecuador,Guayaquil,Guayas
2016-05-08,25,True,D,1,Event,National,Ecuador,Salinas,Santa Elena
2016-05-08,26,True,D,10,Event,National,Ecuador,Guayaquil,Guayas
2016-05-08,27,True,D,1,Event,National,Ecuador,Daule,Guayas
2016-05-08,28,True,E,10,Event,National,Ecuador,Guayaquil,Guayas
2016-05-08,29,True,E,10,Event,National,Ecuador,Guayaquil,Guayas
2016-05-08,30,True,C,3,Event,National,Ecuador,Guayaquil,Guayas
2016-05-08,31,True,B,10,Event,National,Ecuador,Babahoyo,Los Rios
2016-05-08,32,True,C,3,Event,National,Ecuador,Guayaquil,Guayas
2016-05-08,33,True,C,3,Event,National,Ecuador,Quevedo,Los Rios
2016-05-08,34,True,B,6,Event,National,Ecuador,Guayaquil,Guayas
2016-05-08,35,True,C,3,Event,National,Ecuador,Playas,Guayas
2016-05-08,36,True,E,10,Event,National,Ecuador,Libertad,Guayas
2016-05-08,37,True,D,2,Event,National,Ecuador,Cuenca,Azuay
2016-05-08,38,True,D,4,Event,National,Ecuador,Loja,Loja
2016-05-08,39,True,B,6,Event,National,Ecuador,Cuenca,Azuay
2016-05-08,40,True,C,3,Event,National,Ecuador,Machala,El Oro
2016-05-08,41,True,D,4,Event,National,Ecuador,Machala,El Oro
2016-05-08,42,True,D,2,Event,National,Ecuador,Cuenca,Azuay
2016-05-08,43,True,E,10,Event,National,Ecuador,Esmeraldas,Esmeraldas
2016-05-08,44,True,A,5,Event,National,Ecuador,Quito,Pichincha
2016-05-08,45,True,A,11,Event,National,Ecuador,Quito,Pichincha
2016-05-08,46,True,A,14,Event,National,Ecuador,Quito,Pichincha
2016-05-08,47,True,A,14,Event,National,Ecuador,Quito,Pichincha
2016-05-08,48,True,A,14,Event,National,Ecuador,Quito,Pichincha
2016-05-08,49,True,A,11,Event,National,Ecuador,Quito,Pichincha
2016-05-08,50,True,A,14,Event,National,Ecuador,Ambato,Tungurahua
2016-05-08,51,True,A,17,Event,National,Ecuador,Guayaquil,Guayas
2016-05-08,52,True,A,11,Event,National,Ecuador,Manta,Manabi
2016-05-08,53,True,D,13,Event,National,Ecuador,Manta,Manabi
2016-05-08,54,True,C,3,Event,National,Ecuador,El Carmen,Manabi
2016-05-08,1,True,D,13,Event,National,Ecuador,Quito,Pichincha
2016-05-08,2,True,D,13,Event,National,Ecuador,Quito,Pichincha
2016-05-08,3,True,D,8,Event,National,Ecuador,Quito,Pichincha
2016-05-08,4,True,D,9,Event,National,Ecuador,Quito,Pichincha
2016-05-08,5,True,D,4,Event,National,Ecuador,Santo Domingo,Santo Domingo de los Tsachilas
2016-05-08,6,True,D,13,Event,National,Ecuador,Quito,Pichincha
2016-05-08,7,True,D,8,Event,National,Ecuador,Quito,Pichincha
2016-05-08,8,True,D,8,Event,National,Ecuador,Quito,Pichincha
2016-05-08,9,True,B,6,Event,National,Ecuador,Quito,Pichincha
2016-05-08,10,True,C,15,Event,National,Ecuador,Quito,Pichincha
2016-05-08,11,True,B,6,Event,National,Ecuador,Cayambe,Pichincha
2016-05-08,12,True,C,15,Event,National,Ecuador,Latacunga,Cotopaxi
2016-05-08,13,True,C,15,Event,National,Ecuador,Latacunga,Cotopaxi
2016-05-08,14,True,C,7,Event,National,Ecuador,Riobamba,Chimborazo
2016-05-08,15,True,C,15,Event,National,Ecuador,Ibarra,Imbabura
2016-05-08,16,True,C,3,Event,National,Ecuador,Santo Domingo,Santo Domingo de los Tsachilas
2016-05-08,17,True,C,12,Event,National,Ecuador,Quito,Pichincha
2016-05-08,18,True,B,16,Event,National,Ecuador,Quito,Pichincha
2016-05-08,19,True,C,15,Event,National,Ecuador,Guaranda,Bolivar
2016-05-08,20,True,B,6,Event,National,Ecuador,Quito,Pichincha
2016-05-08,21,True,B,6,Event,National,Ecuador,Santo Domingo,Santo Domingo de los Tsachilas
2016-05-08,22,True,C,7,Event,National,Ecuador,Puyo,Pastaza
2016-05-08,23,True,D,9,Event,National,Ecuador,Ambato,Tungurahua
2016-05-08,24,True,D,1,Event,National,Ecuador,Guayaquil,Guayas
2016-05-08,25,True,D,1,Event,National,Ecuador,Salinas,Santa Elena
2016-05-08,26,True,D,10,Event,National,Ecuador,Guayaquil,Guayas
2016-05-08,27,True,D,1,Event,National,Ecuador,Daule,Guayas
2016-05-08,28,True,E,10,Event,National,Ecuador,Guayaquil,Guayas
2016-05-08,29,True,E,10,Event,National,Ecuador,Guayaquil,Guayas
2016-05-08,30,True,C,3,Event,National,Ecuador,Guayaquil,Guayas
2016-05-08,31,True,B,10,Event,National,Ecuador,Babahoyo,Los Rios
2016-05-08,32,True,C,3,Event,National,Ecuador,Guayaquil,Guayas
2016-05-08,33,True,C,3,Event,National,Ecuador,Quevedo,Los Rios
2016-05-08,34,True,B,6,Event,National,Ecuador,Guayaquil,Guayas
2016-05-08,35,True,C,3,Event,National,Ecuador,Playas,Guayas
2016-05-08,36,True,E,10,Event,National,Ecuador,Libertad,Guayas
2016-05-08,37,True,D,2,Event,National,Ecuador,Cuenca,Azuay
2016-05-08,38,True,D,4,Event,National,Ecuador,Loja,Loja
2016-05-08,39,True,B,6,Event,National,Ecuador,Cuenca,Azuay
2016-05-08,40,True,C,3,Event,National,Ecuador,Machala,El Oro
2016-05-08,41,True,D,4,Event,National,Ecuador,Machala,El Oro
2016-05-08,42,True,D,2,Event,National,Ecuador,Cuenca,Azuay
2016-05-08,43,True,E,10,Event,National,Ecuador,Esmeraldas,Esmeraldas
2016-05-08,44,True,A,5,Event,National,Ecuador,Quito,Pichincha
2016-05-08,45,True,A,11,Event,National,Ecuador,Quito,Pichincha
2016-05-08,46,True,A,14,Event,National,Ecuador,Quito,Pichincha
2016-05-08,47,True,A,14,Event,National,Ecuador,Quito,Pichincha
2016-05-08,48,True,A,14,Event,National,Ecuador,Quito,Pichincha
2016-05-08,49,True,A,11,Event,National,Ecuador,Quito,Pichincha
2016-05-08,50,True,A,14,Event,National,Ecuador,Ambato,Tungurahua
2016-05-08,51,True,A,17,Event,National,Ecuador,Guayaquil,Guayas
2016-05-08,52,True,A,11,Event,National,Ecuador,Manta,Manabi
2016-05-08,53,True,D,13,Event,National,Ecuador,Manta,Manabi
2016-05-08,54,True,C,3,Event,National,Ecuador,El Carmen,Manabi
2016-05-09,1,True,D,13,Event,National,Ecuador,Quito,Pichincha
2016-05-09,2,True,D,13,Event,National,Ecuador,Quito,Pichincha
2016-05-09,3,True,D,8,Event,National,Ecuador,Quito,Pichincha
2016-05-09,4,True,D,9,Event,National,Ecuador,Quito,Pichincha
2016-05-09,5,True,D,4,Event,National,Ecuador,Santo Domingo,Santo Domingo de los Tsachilas
2016-05-09,6,True,D,13,Event,National,Ecuador,Quito,Pichincha
2016-05-09,7,True,D,8,Event,National,Ecuador,Quito,Pichincha
2016-05-09,8,True,D,8,Event,National,Ecuador,Quito,Pichincha
2016-05-09,9,True,B,6,Event,National,Ecuador,Quito,Pichincha
2016-05-09,10,True,C,15,Event,National,Ecuador,Quito,Pichincha
2016-05-09,11,True,B,6,Event,National,Ecuador,Cayambe,Pichincha
2016-05-09,12,True,C,15,Event,National,Ecuador,Latacunga,Cotopaxi
2016-05-09,13,True,C,15,Event,National,Ecuador,Latacunga,Cotopaxi
2016-05-09,14,True,C,7,Event,National,Ecuador,Riobamba,Chimborazo
2016-05-09,15,True,C,15,Event,National,Ecuador,Ibarra,Imbabura
2016-05-09,16,True,C,3,Event,National,Ecuador,Santo Domingo,Santo Domingo de los Tsachilas
2016-05-09,17,True,C,12,Event,National,Ecuador,Quito,Pichincha
2016-05-09,18,True,B,16,Event,National,Ecuador,Quito,Pichincha
2016-05-09,19,True,C,15,Event,National,Ecuador,Guaranda,Bolivar
2016-05-09,20,True,B,6,Event,National,Ecuador,Quito,Pichincha
2016-05-09,21,True,B,6,Event,National,Ecuador,Santo Domingo,Santo Domingo de los Tsachilas
2016-05-09,22,True,C,7,Event,National,Ecuador,Puyo,Pastaza
2016-05-09,23,True,D,9,Event,National,Ecuador,Ambato,Tungurahua
2016-05-09,24,True,D,1,Event,National,Ecuador,Guayaquil,Guayas
2016-05-09,25,True,D,1,Event,National,Ecuador,Salinas,Santa Elena
2016-05-09,26,True,D,10,Event,National,Ecuador,Guayaquil,Guayas
2016-05-09,27,True,D,1,Event,National,Ecuador,Daule,Guayas
2016-05-09,28,True,E,10,Event,National,Ecuador,Guayaquil,Guayas
2016-05-09,29,True,E,10,Event,National,Ecuador,Guayaquil,Guayas
2016-05-09,30,True,C,3,Event,National,Ecuador,Guayaquil,Guayas
2016-05-09,31,True,B,10,Event,National,Ecuador,Babahoyo,Los Rios
2016-05-09,32,True,C,3,Event,National,Ecuador,Guayaquil,Guayas
2016-05-09,33,True,C,3,Event,National,Ecuador,Quevedo,Los Rios
2016-05-09,34,True,B,6,Event,National,Ecuador,Guayaquil,Guayas
2016-05-09,35,True,C,3,Event,National,Ecuador,Playas,Guayas
2016-05-09,36,True,E,10,Event,National,Ecuador,Libertad,Guayas
2016-05-09,37,True,D,2,Event,National,Ecuador,Cuenca,Azuay
2016-05-09,38,True,D,4,Event,National,Ecuador,Loja,Loja
2016-05-09,39,True,B,6,Event,National,Ecuador,Cuenca,Azuay
2016-05-09,40,True,C,3,Event,National,Ecuador,Machala,El Oro
2016-05-09,41,True,D,4,Event,National,Ecuador,Machala,El Oro
2016-05-09,42,True,D,2,Event,National,Ecuador,Cuenca,Azuay
2016-05-09,43,True,E,10,Event,National,Ecuador,Esmeraldas,Esmeraldas
2016-05-09,44,True,A,5,Event,National,Ecuador,Quito,Pichincha
2016-05-09,45,True,A,11,Event,National,Ecuador,Quito,Pichincha
2016-05-09,46,True,A,14,Event,National,Ecuador,Quito,Pichincha
2016-05-09,47,True,A,14,Event,National,Ecuador,Quito,Pichincha
2016-05-09,48,True,A,14,Event,National,Ecuador,Quito,Pichincha
2016-05-09,49,True,A,11,Event,National,Ecuador,Quito,Pichincha
2016-05-09,50,True,A,14,Event,National,Ecuador,Ambato,Tungurahua
2016-05-09,51,True,A,17,Event,National,Ecuador,Guayaquil,Guayas
2016-05-09,52,True,A,11,Event,National,Ecuador,Manta,Manabi
2016-05-09,53,True,D,13,Event,National,Ecuador,Manta,Manabi
2016-05-09,54,True,C,3,Event,National,Ecuador,El Carmen,Manabi
2016-05-10,1,True,D,13,Event,National,Ecuador,Quito,Pichincha
2016-05-10,2,True,D,13,Event,National,Ecuador,Quito,Pichincha
2016-05-10,3,True,D,8,Event,National,Ecuador,Quito,Pichincha
2016-05-10,4,True,D,9,Event,National,Ecuador,Quito,Pichincha
2016-05-10,5,True,D,4,Event,National,Ecuador,Santo Domingo,Santo Domingo de los Tsachilas
2016-05-10,6,True,D,13,Event,National,Ecuador,Quito,Pichincha
2016-05-10,7,True,D,8,Event,National,Ecuador,Quito,Pichincha
2016-05-10,8,True,D,8,Event,National,Ecuador,Quito,Pichincha
2016-05-10,9,True,B,6,Event,National,Ecuador,Quito,Pichincha
2016-05-10,10,True,C,15,Event,National,Ecuador,Quito,Pichincha
2016-05-10,11,True,B,6,Event,National,Ecuador,Cayambe,Pichincha
2016-05-10,12,True,C,15,Event,National,Ecuador,Latacunga,Cotopaxi
2016-05-10,13,True,C,15,Event,National,Ecuador,Latacunga,Cotopaxi
2016-05-10,14,True,C,7,Event,National,Ecuador,Riobamba,Chimborazo
2016-05-10,15,True,C,15,Event,National,Ecuador,Ibarra,Imbabura
2016-05-10,16,True,C,3,Event,National,Ecuador,Santo Domingo,Santo Domingo de los Tsachilas
2016-05-10,17,True,C,12,Event,National,Ecuador,Quito,Pichincha
2016-05-10,18,True,B,16,Event,National,Ecuador,Quito,Pichincha
2016-05-10,19,True,C,15,Event,National,Ecuador,Guaranda,Bolivar
2016-05-10,20,True,B,6,Event,National,Ecuador,Quito,Pichincha
2016-05-10,21,True,B,6,Event,National,Ecuador,Santo Domingo,Santo Domingo de los Tsachilas
2016-05-10,22,True,C,7,Event,National,Ecuador,Puyo,Pastaza
2016-05-10,23,True,D,9,Event,National,Ecuador,Ambato,Tungurahua
2016-05-10,24,True,D,1,Event,National,Ecuador,Guayaquil,Guayas
2016-05-10,25,True,D,1,Event,National,Ecuador,Salinas,Santa Elena
2016-05-10,26,True,D,10,Event,National,Ecuador,Guayaquil,Guayas
2016-05-10,27,True,D,1,Event,National,Ecuador,Daule,Guayas
2016-05-10,28,True,E,10,Event,National,Ecuador,Guayaquil,Guayas
2016-05-10,29,True,E,10,Event,National,Ecuador,Guayaquil,Guayas
2016-05-10,30,True,C,3,Event,National,Ecuador,Guayaquil,Guayas
2016-05-10,31,True,B,10,Event,National,Ecuador,Babahoyo,Los Rios
2016-05-10,32,True,C,3,Event,National,Ecuador,Guayaquil,Guayas
2016-05-10,33,True,C,3,Event,National,Ecuador,Quevedo,Los Rios
2016-05-10,34,True,B,6,Event,National,Ecuador,Guayaquil,Guayas
2016-05-10,35,True,C,3,Event,National,Ecuador,Playas,Guayas
2016-05-10,36,True,E,10,Event,National,Ecuador,Libertad,Guayas
2016-05-10,37,True,D,2,Event,National,Ecuador,Cuenca,Azuay
2016-05-10,38,True,D,4,Event,National,Ecuador,Loja,Loja
2016-05-10,39,True,B,6,Event,National,Ecuador,Cuenca,Azuay
2016-05-10,40,True,C,3,Event,National,Ecuador,Machala,El Oro
2016-05-10,41,True,D,4,Event,National,Ecuador,Machala,El Oro
2016-05-10,42,True,D,2,Event,National,Ecuador,Cuenca,Azuay
2016-05-10,43,True,E,10,Event,National,Ecuador,Esmeraldas,Esmeraldas
2016-05-10,44,True,A,5,Event,National,Ecuador,Quito,Pichincha
2016-05-10,45,True,A,11,Event,National,Ecuador,Quito,Pichincha
2016-05-10,46,True,A,14,Event,National,Ecuador,Quito,Pichincha
2016-05-10,47,True,A,14,Event,National,Ecuador,Quito,Pichincha
2016-05-10,48,True,A,14,Event,National,Ecuador,Quito,Pichincha
2016-05-10,49,True,A,11,Event,National,Ecuador,Quito,Pichincha
2016-05-10,50,True,A,14,Event,National,Ecuador,Ambato,Tungurahua
2016-05-10,51,True,A,17,Event,National,Ecuador,Guayaquil,Guayas
2016-05-10,52,True,A,11,Event,National,Ecuador,Manta,Manabi
2016-05-10,53,True,D,13,Event,National,Ecuador,Manta,Manabi
2016-05-10,54,True,C,3,Event,National,Ecuador,El Carmen,Manabi
2016-05-11,1,True,D,13,Event,National,Ecuador,Quito,Pichincha
2016-05-11,2,True,D,13,Event,National,Ecuador,Quito,Pichincha
2016-05-11,3,True,D,8,Event,National,Ecuador,Quito,Pichincha
2016-05-11,4,True,D,9,Event,National,Ecuador,Quito,Pichincha
2016-05-11,5,True,D,4,Event,National,Ecuador,Santo Domingo,Santo Domingo de los Tsachilas
2016-05-11,6,True,D,13,Event,National,Ecuador,Quito,Pichincha
2016-05-11,7,True,D,8,Event,National,Ecuador,Quito,Pichincha
2016-05-11,8,True,D,8,Event,National,Ecuador,Quito,Pichincha
2016-05-11,9,True,B,6,Event,National,Ecuador,Quito,Pichincha
2016-05-11,10,True,C,15,Event,National,Ecuador,Quito,Pichincha
2016-05-11,11,True,B,6,Event,National,Ecuador,Cayambe,Pichincha
2016-05-11,12,True,C,15,Event,National,Ecuador,Latacunga,Cotopaxi
2016-05-11,13,True,C,15,Event,National,Ecuador,Latacunga,Cotopaxi
2016-05-11,14,True,C,7,Event,National,Ecuador,Riobamba,Chimborazo
2016-05-11,15,True,C,15,Event,National,Ecuador,Ibarra,Imbabura
2016-05-11,16,True,C,3,Event,National,Ecuador,Santo Domingo,Santo Domingo de los Tsachilas
2016-05-11,17,True,C,12,Event,National,Ecuador,Quito,Pichincha
2016-05-11,18,True,B,16,Event,National,Ecuador,Quito,Pichincha
2016-05-11,19,True,C,15,Event,National,Ecuador,Guaranda,Bolivar
2016-05-11,20,True,B,6,Event,National,Ecuador,Quito,Pichincha
2016-05-11,21,True,B,6,Event,National,Ecuador,Santo Domingo,Santo Domingo de los Tsachilas
2016-05-11,22,True,C,7,Event,National,Ecuador,Puyo,Pastaza
2016-05-11,23,True,D,9,Event,National,Ecuador,Ambato,Tungurahua
2016-05-11,24,True,D,1,Event,National,Ecuador,Guayaquil,Guayas
2016-05-11,25,True,D,1,Event,National,Ecuador,Salinas,Santa Elena
2016-05-11,26,True,D,10,Event,National,Ecuador,Guayaquil,Guayas
2016-05-11,27,True,D,1,Event,National,Ecuador,Daule,Guayas
2016-05-11,28,True,E,10,Event,National,Ecuador,Guayaquil,Guayas
2016-05-11,29,True,E,10,Event,National,Ecuador,Guayaquil,Guayas
2016-05-11,30,True,C,3,Event,National,Ecuador,Guayaquil,Guayas
2016-05-11,31,True,B,10,Event,National,Ecuador,Babahoyo,Los Rios
2016-05-11,32,True,C,3,Event,National,Ecuador,Guayaquil,Guayas
2016-05-11,33,True,C,3,Event,National,Ecuador,Quevedo,Los Rios
2016-05-11,34,True,B,6,Event,National,Ecuador,Guayaquil,Guayas
2016-05-11,35,True,C,3,Event,National,Ecuador,Playas,Guayas
2016-05-11,36,True,E,10,Event,National,Ecuador,Libertad,Guayas
2016-05-11,37,True,D,2,Event,National,Ecuador,Cuenca,Azuay
2016-05-11,38,True,D,4,Event,National,Ecuador,Loja,Loja
2016-05-11,39,True,B,6,Event,National,Ecuador,Cuenca,Azuay
2016-05-11,40,True,C,3,Event,National,Ecuador,Machala,El Oro
2016-05-11,41,True,D,4,Event,National,Ecuador,Machala,El Oro
2016-05-11,42,True,D,2,Event,National,Ecuador,Cuenca,Azuay
2016-05-11,43,True,E,10,Event,National,Ecuador,Esmeraldas,Esmeraldas
2016-05-11,44,True,A,5,Event,National,Ecuador,Quito,Pichincha
2016-05-11,45,True,A,11,Event,National,Ecuador,Quito,Pichincha
2016-05-11,46,True,A,14,Event,National,Ecuador,Quito,Pichincha
2016-05-11,47,True,A,14,Event,National,Ecuador,Quito,Pichincha
2016-05-11,48,True,A,14,Event,National,Ecuador,Quito,Pichincha
2016-05-11,49,True,A,11,Event,National,Ecuador,Quito,Pichincha
2016-05-11,50,True,A,14,Event,National,Ecuador,Ambato,Tungurahua
2016-05-11,51,True,A,17,Event,National,Ecuador,Guayaquil,Guayas
2016-05-11,52,True,A,11,Event,National,Ecuador,Manta,Manabi
2016-05-11,53,True,D,13,Event,National,Ecuador,Manta,Manabi
2016-05-11,54,True,C,3,Event,National,Ecuador,El Carmen,Manabi
2016-05-12,1,True,D,13,Event,National,Ecuador,Quito,Pichincha
2016-05-12,2,True,D,13,Event,National,Ecuador,Quito,Pichincha
2016-05-12,3,True,D,8,Event,National,Ecuador,Quito,Pichincha
2016-05-12,4,True,D,9,Event,National,Ecuador,Quito,Pichincha
2016-05-12,5,True,D,4,Event,National,Ecuador,Santo Domingo,Santo Domingo de los Tsachilas
2016-05-12,6,True,D,13,Event,National,Ecuador,Quito,Pichincha
2016-05-12,7,True,D,8,Event,National,Ecuador,Quito,Pichincha
2016-05-12,8,True,D,8,Event,National,Ecuador,Quito,Pichincha
2016-05-12,9,True,B,6,Event,National,Ecuador,Quito,Pichincha
2016-05-12,10,True,C,15,Event,National,Ecuador,Quito,Pichincha
2016-05-12,11,True,B,6,Event,National,Ecuador,Cayambe,Pichincha
2016-05-12,12,True,C,15,Event,National,Ecuador,Latacunga,Cotopaxi
2016-05-12,13,True,C,15,Event,National,Ecuador,Latacunga,Cotopaxi
2016-05-12,14,True,C,7,Event,National,Ecuador,Riobamba,Chimborazo
2016-05-12,15,True,C,15,Event,National,Ecuador,Ibarra,Imbabura
2016-05-12,16,True,C,3,Event,National,Ecuador,Santo Domingo,Santo Domingo de los Tsachilas
2016-05-12,17,True,C,12,Event,National,Ecuador,Quito,Pichincha
2016-05-12,18,True,B,16,Event,National,Ecuador,Quito,Pichincha
2016-05-12,19,True,C,15,Event,National,Ecuador,Guaranda,Bolivar
2016-05-12,20,True,B,6,Event,National,Ecuador,Quito,Pichincha
2016-05-12,21,True,B,6,Event,National,Ecuador,Santo Domingo,Santo Domingo de los Tsachilas
2016-05-12,22,True,C,7,Event,National,Ecuador,Puyo,Pastaza
2016-05-12,23,True,D,9,Event,National,Ecuador,Ambato,Tungurahua
2016-05-12,24,True,D,1,Event,National,Ecuador,Guayaquil,Guayas
2016-05-12,25,True,D,1,Event,National,Ecuador,Salinas,Santa Elena
2016-05-12,26,True,D,10,Event,National,Ecuador,Guayaquil,Guayas
2016-05-12,27,True,D,1,Event,National,Ecuador,Daule,Guayas
2016-05-12,28,True,E,10,Event,National,Ecuador,Guayaquil,Guayas
2016-05-12,29,True,E,10,Event,National,Ecuador,Guayaquil,Guayas
2016-05-12,30,True,C,3,Event,National,Ecuador,Guayaquil,Guayas
2016-05-12,31,True,B,10,Event,National,Ecuador,Babahoyo,Los Rios
2016-05-12,32,True,C,3,Event,National,Ecuador,Guayaquil,Guayas
2016-05-12,33,True,C,3,Event,National,Ecuador,Quevedo,Los Rios
2016-05-12,34,True,B,6,Event,National,Ecuador,Guayaquil,Guayas
2016-05-12,35,True,C,3,Event,National,Ecuador,Playas,Guayas
2016-05-12,36,True,E,10,Event,National,Ecuador,Libertad,Guayas
2016-05-12,37,True,D,2,Event,National,Ecuador,Cuenca,Azuay
2016-05-12,38,True,D,4,Event,National,Ecuador,Loja,Loja
2016-05-12,39,True,B,6,Event,National,Ecuador,Cuenca,Azuay
2016-05-12,40,True,C,3,Event,National,Ecuador,Machala,El Oro
2016-05-12,41,True,D,4,Event,National,Ecuador,Machala,El Oro
2016-05-12,42,True,D,2,Event,National,Ecuador,Cuenca,Azuay
2016-05-12,43,True,E,10,Event,National,Ecuador,Esmeraldas,Esmeraldas
2016-05-12,44,True,A,5,Event,National,Ecuador,Quito,Pichincha
2016-05-12,45,True,A,11,Event,National,Ecuador,Quito,Pichincha
2016-05-12,46,True,A,14,Event,National,Ecuador,Quito,Pichincha
2016-05-12,47,True,A,14,Event,National,Ecuador,Quito,Pichincha
2016-05-12,48,True,A,14,Event,National,Ecuador,Quito,Pichincha
2016-05-12,49,True,A,11,Event,National,Ecuador,Quito,Pichincha
2016-05-12,50,True,A,14,Event,National,Ecuador,Ambato,Tungurahua
2016-05-12,51,True,A,17,Event,National,Ecuador,Guayaquil,Guayas
2016-05-12,52,True,A,11,Event,National,Ecuador,Manta,Manabi
2016-05-12,53,True,D,13,Event,National,Ecuador,Manta,Manabi
2016-05-12,54,True,C,3,Event,National,Ecuador,El Carmen,Manabi
2016-05-13,1,True,D,13,Event,National,Ecuador,Quito,Pichincha
2016-05-13,2,True,D,13,Event,National,Ecuador,Quito,Pichincha
2016-05-13,3,True,D,8,Event,National,Ecuador,Quito,Pichincha
2016-05-13,4,True,D,9,Event,National,Ecuador,Quito,Pichincha
2016-05-13,5,True,D,4,Event,National,Ecuador,Santo Domingo,Santo Domingo de los Tsachilas
2016-05-13,6,True,D,13,Event,National,Ecuador,Quito,Pichincha
2016-05-13,7,True,D,8,Event,National,Ecuador,Quito,Pichincha
2016-05-13,8,True,D,8,Event,National,Ecuador,Quito,Pichincha
2016-05-13,9,True,B,6,Event,National,Ecuador,Quito,Pichincha
2016-05-13,10,True,C,15,Event,National,Ecuador,Quito,Pichincha
2016-05-13,11,True,B,6,Event,National,Ecuador,Cayambe,Pichincha
2016-05-13,12,True,C,15,Event,National,Ecuador,Latacunga,Cotopaxi
2016-05-13,13,True,C,15,Event,National,Ecuador,Latacunga,Cotopaxi
2016-05-13,14,True,C,7,Event,National,Ecuador,Riobamba,Chimborazo
2016-05-13,15,True,C,15,Event,National,Ecuador,Ibarra,Imbabura
2016-05-13,16,True,C,3,Event,National,Ecuador,Santo Domingo,Santo Domingo de los Tsachilas
2016-05-13,17,True,C,12,Event,National,Ecuador,Quito,Pichincha
2016-05-13,18,True,B,16,Event,National,Ecuador,Quito,Pichincha
2016-05-13,19,True,C,15,Event,National,Ecuador,Guaranda,Bolivar
2016-05-13,20,True,B,6,Event,National,Ecuador,Quito,Pichincha
2016-05-13,21,True,B,6,Event,National,Ecuador,Santo Domingo,Santo Domingo de los Tsachilas
2016-05-13,22,True,C,7,Event,National,Ecuador,Puyo,Pastaza
2016-05-13,23,True,D,9,Event,National,Ecuador,Ambato,Tungurahua
2016-05-13,24,True,D,1,Event,National,Ecuador,Guayaquil,Guayas
2016-05-13,25,True,D,1,Event,National,Ecuador,Salinas,Santa Elena
2016-05-13,26,True,D,10,Event,National,Ecuador,Guayaquil,Guayas
2016-05-13,27,True,D,1,Event,National,Ecuador,Daule,Guayas
2016-05-13,28,True,E,10,Event,National,Ecuador,Guayaquil,Guayas
2016-05-13,29,True,E,10,Event,National,Ecuador,Guayaquil,Guayas
2016-05-13,30,True,C,3,Event,National,Ecuador,Guayaquil,Guayas
2016-05-13,31,True,B,10,Event,National,Ecuador,Babahoyo,Los Rios
2016-05-13,32,True,C,3,Event,National,Ecuador,Guayaquil,Guayas
2016-05-13,33,True,C,3,Event,National,Ecuador,Quevedo,Los Rios
2016-05-13,34,True,B,6,Event,National,Ecuador,Guayaquil,Guayas
2016-05-13,35,True,C,3,Event,National,Ecuador,Playas,Guayas
2016-05-13,36,True,E,10,Event,National,Ecuador,Libertad,Guayas
2016-05-13,37,True,D,2,Event,National,Ecuador,Cuenca,Azuay
2016-05-13,38,True,D,4,Event,National,Ecuador,Loja,Loja
2016-05-13,39,True,B,6,Event,National,Ecuador,Cuenca,Azuay
2016-05-13,40,True,C,3,Event,National,Ecuador,Machala,El Oro
2016-05-13,41,True,D,4,Event,National,Ecuador,Machala,El Oro
2016-05-13,42,True,D,2,Event,National,Ecuador,Cuenca,Azuay
2016-05-13,43,True,E,10,Event,National,Ecuador,Esmeraldas,Esmeraldas
2016-05-13,44,True,A,5,Event,National,Ecuador,Quito,Pichincha
2016-05-13,45,True,A,11,Event,National,Ecuador,Quito,Pichincha
2016-05-13,46,True,A,14,Event,National,Ecuador,Quito,Pichincha
2016-05-13,47,True,A,14,Event,National,Ecuador,Quito,Pichincha
2016-05-13,48,True,A,14,Event,National,Ecuador,Quito,Pichincha
2016-05-13,49,True,A,11,Event,National,Ecuador,Quito,Pichincha
2016-05-13,50,True,A,14,Event,National,Ecuador,Ambato,Tungurahua
2016-05-13,51,True,A,17,Event,National,Ecuador,Guayaquil,Guayas
2016-05-13,52,True,A,11,Event,National,Ecuador,Manta,Manabi
2016-05-13,53,True,D,13,Event,National,Ecuador,Manta,Manabi
2016-05-13,54,True,C,3,Event,National,Ecuador,El Carmen,Manabi
2016-05-14,1,True,D,13,Event,National,Ecuador,Quito,Pichincha
2016-05-14,2,True,D,13,Event,National,Ecuador,Quito,Pichincha
2016-05-14,3,True,D,8,Event,National,Ecuador,Quito,Pichincha
2016-05-14,4,True,D,9,Event,National,Ecuador,Quito,Pichincha
2016-05-14,5,True,D,4,Event,National,Ecuador,Santo Domingo,Santo Domingo de los Tsachilas
2016-05-14,6,True,D,13,Event,National,Ecuador,Quito,Pichincha
2016-05-14,7,True,D,8,Event,National,Ecuador,Quito,Pichincha
2016-05-14,8,True,D,8,Event,National,Ecuador,Quito,Pichincha
2016-05-14,9,True,B,6,Event,National,Ecuador,Quito,Pichincha
2016-05-14,10,True,C,15,Event,National,Ecuador,Quito,Pichincha
2016-05-14,11,True,B,6,Event,National,Ecuador,Cayambe,Pichincha
2016-05-14,12,True,C,15,Event,National,Ecuador,Latacunga,Cotopaxi
2016-05-14,13,True,C,15,Event,National,Ecuador,Latacunga,Cotopaxi
2016-05-14,14,True,C,7,Event,National,Ecuador,Riobamba,Chimborazo
2016-05-14,15,True,C,15,Event,National,Ecuador,Ibarra,Imbabura
2016-05-14,16,True,C,3,Event,National,Ecuador,Santo Domingo,Santo Domingo de los Tsachilas
2016-05-14,17,True,C,12,Event,National,Ecuador,Quito,Pichincha
2016-05-14,18,True,B,16,Event,National,Ecuador,Quito,Pichincha
2016-05-14,19,True,C,15,Event,National,Ecuador,Guaranda,Bolivar
2016-05-14,20,True,B,6,Event,National,Ecuador,Quito,Pichincha
2016-05-14,21,True,B,6,Event,National,Ecuador,Santo Domingo,Santo Domingo de los Tsachilas
2016-05-14,22,True,C,7,Event,National,Ecuador,Puyo,Pastaza
2016-05-14,23,True,D,9,Event,National,Ecuador,Ambato,Tungurahua
2016-05-14,24,True,D,1,Event,National,Ecuador,Guayaquil,Guayas
2016-05-14,25,True,D,1,Event,National,Ecuador,Salinas,Santa Elena
2016-05-14,26,True,D,10,Event,National,Ecuador,Guayaquil,Guayas
2016-05-14,27,True,D,1,Event,National,Ecuador,Daule,Guayas
2016-05-14,28,True,E,10,Event,National,Ecuador,Guayaquil,Guayas
2016-05-14,29,True,E,10,Event,National,Ecuador,Guayaquil,Guayas
2016-05-14,30,True,C,3,Event,National,Ecuador,Guayaquil,Guayas
2016-05-14,31,True,B,10,Event,National,Ecuador,Babahoyo,Los Rios
2016-05-14,32,True,C,3,Event,National,Ecuador,Guayaquil,Guayas
2016-05-14,33,True,C,3,Event,National,Ecuador,Quevedo,Los Rios
2016-05-14,34,True,B,6,Event,National,Ecuador,Guayaquil,Guayas
2016-05-14,35,True,C,3,Event,National,Ecuador,Playas,Guayas
2016-05-14,36,True,E,10,Event,National,Ecuador,Libertad,Guayas
2016-05-14,37,True,D,2,Event,National,Ecuador,Cuenca,Azuay
2016-05-14,38,True,D,4,Event,National,Ecuador,Loja,Loja
2016-05-14,39,True,B,6,Event,National,Ecuador,Cuenca,Azuay
2016-05-14,40,True,C,3,Event,National,Ecuador,Machala,El Oro
2016-05-14,41,True,D,4,Event,National,Ecuador,Machala,El Oro
2016-05-14,42,True,D,2,Event,National,Ecuador,Cuenca,Azuay
2016-05-14,43,True,E,10,Event,National,Ecuador,Esmeraldas,Esmeraldas
2016-05-14,44,True,A,5,Event,National,Ecuador,Quito,Pichincha
2016-05-14,45,True,A,11,Event,National,Ecuador,Quito,Pichincha
2016-05-14,46,True,A,14,Event,National,Ecuador,Quito,Pichincha
2016-05-14,47,True,A,14,Event,National,Ecuador,Quito,Pichincha
2016-05-14,48,True,A,14,Event,National,Ecuador,Quito,Pichincha
2016-05-14,49,True,A,11,Event,National,Ecuador,Quito,Pichincha
2016-05-14,50,True,A,14,Event,National,Ecuador,Ambato,Tungurahua
2016-05-14,51,True,A,17,Event,National,Ecuador,Guayaquil,Guayas
2016-05-14,52,True,A,11,Event,National,Ecuador,Manta,Manabi
2016-05-14,53,True,D,13,Event,National,Ecuador,Manta,Manabi
2016-05-14,54,True,C,3,Event,National,Ecuador,El Carmen,Manabi
2016-05-15,1,True,D,13,Event,National,Ecuador,Quito,Pichincha
2016-05-15,2,True,D,13,Event,National,Ecuador,Quito,Pichincha
2016-05-15,3,True,D,8,Event,National,Ecuador,Quito,Pichincha
2016-05-15,4,True,D,9,Event,National,Ecuador,Quito,Pichincha
2016-05-15,5,True,D,4,Event,National,Ecuador,Santo Domingo,Santo Domingo de los Tsachilas
2016-05-15,6,True,D,13,Event,National,Ecuador,Quito,Pichincha
2016-05-15,7,True,D,8,Event,National,Ecuador,Quito,Pichincha
2016-05-15,8,True,D,8,Event,National,Ecuador,Quito,Pichincha
2016-05-15,9,True,B,6,Event,National,Ecuador,Quito,Pichincha
2016-05-15,10,True,C,15,Event,National,Ecuador,Quito,Pichincha
2016-05-15,11,True,B,6,Event,National,Ecuador,Cayambe,Pichincha
2016-05-15,12,True,C,15,Event,National,Ecuador,Latacunga,Cotopaxi
2016-05-15,13,True,C,15,Event,National,Ecuador,Latacunga,Cotopaxi
2016-05-15,14,True,C,7,Event,National,Ecuador,Riobamba,Chimborazo
2016-05-15,15,True,C,15,Event,National,Ecuador,Ibarra,Imbabura
2016-05-15,16,True,C,3,Event,National,Ecuador,Santo Domingo,Santo Domingo de los Tsachilas
2016-05-15,17,True,C,12,Event,National,Ecuador,Quito,Pichincha
2016-05-15,18,True,B,16,Event,National,Ecuador,Quito,Pichincha
2016-05-15,19,True,C,15,Event,National,Ecuador,Guaranda,Bolivar
2016-05-15,20,True,B,6,Event,National,Ecuador,Quito,Pichincha
2016-05-15,21,True,B,6,Event,National,Ecuador,Santo Domingo,Santo Domingo de los Tsachilas
2016-05-15,22,True,C,7,Event,National,Ecuador,Puyo,Pastaza
2016-05-15,23,True,D,9,Event,National,Ecuador,Ambato,Tungurahua
2016-05-15,24,True,D,1,Event,National,Ecuador,Guayaquil,Guayas
2016-05-15,25,True,D,1,Event,National,Ecuador,Salinas,Santa Elena
2016-05-15,26,True,D,10,Event,National,Ecuador,Guayaquil,Guayas
2016-05-15,27,True,D,1,Event,National,Ecuador,Daule,Guayas
2016-05-15,28,True,E,10,Event,National,Ecuador,Guayaquil,Guayas
2016-05-15,29,True,E,10,Event,National,Ecuador,Guayaquil,Guayas
2016-05-15,30,True,C,3,Event,National,Ecuador,Guayaquil,Guayas
2016-05-15,31,True,B,10,Event,National,Ecuador,Babahoyo,Los Rios
2016-05-15,32,True,C,3,Event,National,Ecuador,Guayaquil,Guayas
2016-05-15,33,True,C,3,Event,National,Ecuador,Quevedo,Los Rios
2016-05-15,34,True,B,6,Event,National,Ecuador,Guayaquil,Guayas
2016-05-15,35,True,C,3,Event,National,Ecuador,Playas,Guayas
2016-05-15,36,True,E,10,Event,National,Ecuador,Libertad,Guayas
2016-05-15,37,True,D,2,Event,National,Ecuador,Cuenca,Azuay
2016-05-15,38,True,D,4,Event,National,Ecuador,Loja,Loja
2016-05-15,39,True,B,6,Event,National,Ecuador,Cuenca,Azuay
2016-05-15,40,True,C,3,Event,National,Ecuador,Machala,El Oro
2016-05-15,41,True,D,4,Event,National,Ecuador,Machala,El Oro
2016-05-15,42,True,D,2,Event,National,Ecuador,Cuenca,Azuay
2016-05-15,43,True,E,10,Event,National,Ecuador,Esmeraldas,Esmeraldas
2016-05-15,44,True,A,5,Event,National,Ecuador,Quito,Pichincha
2016-05-15,45,True,A,11,Event,National,Ecuador,Quito,Pichincha
2016-05-15,46,True,A,14,Event,National,Ecuador,Quito,Pichincha
2016-05-15,47,True,A,14,Event,National,Ecuador,Quito,Pichincha
2016-05-15,48,True,A,14,Event,National,Ecuador,Quito,Pichincha
2016-05-15,49,True,A,11,Event,National,Ecuador,Quito,Pichincha
2016-05-15,50,True,A,14,Event,National,Ecuador,Ambato,Tungurahua
2016-05-15,51,True,A,17,Event,National,Ecuador,Guayaquil,Guayas
2016-05-15,52,True,A,11,Event,National,Ecuador,Manta,Manabi
2016-05-15,53,True,D,13,Event,National,Ecuador,Manta,Manabi
2016-05-15,54,True,C,3,Event,National,Ecuador,El Carmen,Manabi
2016-05-16,1,True,D,13,Event,National,Ecuador,Quito,Pichincha
2016-05-16,2,True,D,13,Event,National,Ecuador,Quito,Pichincha
2016-05-16,3,True,D,8,Event,National,Ecuador,Quito,Pichincha
2016-05-16,4,True,D,9,Event,National,Ecuador,Quito,Pichincha
2016-05-16,5,True,D,4,Event,National,Ecuador,Santo Domingo,Santo Domingo de los Tsachilas
2016-05-16,6,True,D,13,Event,National,Ecuador,Quito,Pichincha
2016-05-16,7,True,D,8,Event,National,Ecuador,Quito,Pichincha
2016-05-16,8,True,D,8,Event,National,Ecuador,Quito,Pichincha
2016-05-16,9,True,B,6,Event,National,Ecuador,Quito,Pichincha
2016-05-16,10,True,C,15,Event,National,Ecuador,Quito,Pichincha
2016-05-16,11,True,B,6,Event,National,Ecuador,Cayambe,Pichincha
2016-05-16,12,True,C,15,Event,National,Ecuador,Latacunga,Cotopaxi
2016-05-16,13,True,C,15,Event,National,Ecuador,Latacunga,Cotopaxi
2016-05-16,14,True,C,7,Event,National,Ecuador,Riobamba,Chimborazo
2016-05-16,15,True,C,15,Event,National,Ecuador,Ibarra,Imbabura
2016-05-16,16,True,C,3,Event,National,Ecuador,Santo Domingo,Santo Domingo de los Tsachilas
2016-05-16,17,True,C,12,Event,National,Ecuador,Quito,Pichincha
2016-05-16,18,True,B,16,Event,National,Ecuador,Quito,Pichincha
2016-05-16,19,True,C,15,Event,National,Ecuador,Guaranda,Bolivar
2016-05-16,20,True,B,6,Event,National,Ecuador,Quito,Pichincha
2016-05-16,21,True,B,6,Event,National,Ecuador,Santo Domingo,Santo Domingo de los Tsachilas
2016-05-16,22,True,C,7,Event,National,Ecuador,Puyo,Pastaza
2016-05-16,23,True,D,9,Event,National,Ecuador,Ambato,Tungurahua
2016-05-16,24,True,D,1,Event,National,Ecuador,Guayaquil,Guayas
2016-05-16,25,True,D,1,Event,National,Ecuador,Salinas,Santa Elena
2016-05-16,26,True,D,10,Event,National,Ecuador,Guayaquil,Guayas
2016-05-16,27,True,D,1,Event,National,Ecuador,Daule,Guayas
2016-05-16,28,True,E,10,Event,National,Ecuador,Guayaquil,Guayas
2016-05-16,29,True,E,10,Event,National,Ecuador,Guayaquil,Guayas
2016-05-16,30,True,C,3,Event,National,Ecuador,Guayaquil,Guayas
2016-05-16,31,True,B,10,Event,National,Ecuador,Babahoyo,Los Rios
2016-05-16,32,True,C,3,Event,National,Ecuador,Guayaquil,Guayas
2016-05-16,33,True,C,3,Event,National,Ecuador,Quevedo,Los Rios
2016-05-16,34,True,B,6,Event,National,Ecuador,Guayaquil,Guayas
2016-05-16,35,True,C,3,Event,National,Ecuador,Playas,Guayas
2016-05-16,36,True,E,10,Event,National,Ecuador,Libertad,Guayas
2016-05-16,37,True,D,2,Event,National,Ecuador,Cuenca,Azuay
2016-05-16,38,True,D,4,Event,National,Ecuador,Loja,Loja
2016-05-16,39,True,B,6,Event,National,Ecuador,Cuenca,Azuay
2016-05-16,40,True,C,3,Event,National,Ecuador,Machala,El Oro
2016-05-16,41,True,D,4,Event,National,Ecuador,Machala,El Oro
2016-05-16,42,True,D,2,Event,National,Ecuador,Cuenca,Azuay
2016-05-16,43,True,E,10,Event,National,Ecuador,Esmeraldas,Esmeraldas
2016-05-16,44,True,A,5,Event,National,Ecuador,Quito,Pichincha
2016-05-16,45,True,A,11,Event,National,Ecuador,Quito,Pichincha
2016-05-16,46,True,A,14,Event,National,Ecuador,Quito,Pichincha
2016-05-16,47,True,A,14,Event,National,Ecuador,Quito,Pichincha
2016-05-16,48,True,A,14,Event,National,Ecuador,Quito,Pichincha
2016-05-16,49,True,A,11,Event,National,Ecuador,Quito,Pichincha
2016-05-16,50,True,A,14,Event,National,Ecuador,Ambato,Tungurahua
2016-05-16,51,True,A,17,Event,National,Ecuador,Guayaquil,Guayas
2016-05-16,52,True,A,11,Event,National,Ecuador,Manta,Manabi
2016-05-16,53,True,D,13,Event,National,Ecuador,Manta,Manabi
2016-05-16,54,True,C,3,Event,National,Ecuador,El Carmen,Manabi
2016-05-24,1,False,D,13,Holiday,National,Ecuador,Quito,Pichincha
2016-05-24,2,False,D,13,Holiday,National,Ecuador,Quito,Pichincha
2016-05-24,3,False,D,8,Holiday,National,Ecuador,Quito,Pichincha
2016-05-24,4,False,D,9,Holiday,National,Ecuador,Quito,Pichincha
2016-05-24,5,False,D,4,Holiday,National,Ecuador,Santo Domingo,Santo Domingo de los Tsachilas
2016-05-24,6,False,D,13,Holiday,National,Ecuador,Quito,Pichincha
2016-05-24,7,False,D,8,Holiday,National,Ecuador,Quito,Pichincha
2016-05-24,8,False,D,8,Holiday,National,Ecuador,Quito,Pichincha
2016-05-24,9,False,B,6,Holiday,National,Ecuador,Quito,Pichincha
2016-05-24,10,False,C,15,Holiday,National,Ecuador,Quito,Pichincha
2016-05-24,11,False,B,6,Holiday,National,Ecuador,Cayambe,Pichincha
2016-05-24,12,False,C,15,Holiday,National,Ecuador,Latacunga,Cotopaxi
2016-05-24,13,False,C,15,Holiday,National,Ecuador,Latacunga,Cotopaxi
2016-05-24,14,False,C,7,Holiday,National,Ecuador,Riobamba,Chimborazo
2016-05-24,15,False,C,15,Holiday,National,Ecuador,Ibarra,Imbabura
2016-05-24,16,False,C,3,Holiday,National,Ecuador,Santo Domingo,Santo Domingo de los Tsachilas
2016-05-24,17,False,C,12,Holiday,National,Ecuador,Quito,Pichincha
2016-05-24,18,False,B,16,Holiday,National,Ecuador,Quito,Pichincha
2016-05-24,19,False,C,15,Holiday,National,Ecuador,Guaranda,Bolivar
2016-05-24,20,False,B,6,Holiday,National,Ecuador,Quito,Pichincha
2016-05-24,21,False,B,6,Holiday,National,Ecuador,Santo Domingo,Santo Domingo de los Tsachilas
2016-05-24,22,False,C,7,Holiday,National,Ecuador,Puyo,Pastaza
2016-05-24,23,False,D,9,Holiday,National,Ecuador,Ambato,Tungurahua
2016-05-24,24,False,D,1,Holiday,National,Ecuador,Guayaquil,Guayas
2016-05-24,25,False,D,1,Holiday,National,Ecuador,Salinas,Santa Elena
2016-05-24,26,False,D,10,Holiday,National,Ecuador,Guayaquil,Guayas
2016-05-24,27,False,D,1,Holiday,National,Ecuador,Daule,Guayas
2016-05-24,28,False,E,10,Holiday,National,Ecuador,Guayaquil,Guayas
2016-05-24,29,False,E,10,Holiday,National,Ecuador,Guayaquil,Guayas
2016-05-24,30,False,C,3,Holiday,National,Ecuador,Guayaquil,Guayas
2016-05-24,31,False,B,10,Holiday,National,Ecuador,Babahoyo,Los Rios
2016-05-24,32,False,C,3,Holiday,National,Ecuador,Guayaquil,Guayas
2016-05-24,33,False,C,3,Holiday,National,Ecuador,Quevedo,Los Rios
2016-05-24,34,False,B,6,Holiday,National,Ecuador,Guayaquil,Guayas
2016-05-24,35,False,C,3,Holiday,National,Ecuador,Playas,Guayas
2016-05-24,36,False,E,10,Holiday,National,Ecuador,Libertad,Guayas
2016-05-24,37,False,D,2,Holiday,National,Ecuador,Cuenca,Azuay
2016-05-24,38,False,D,4,Holiday,National,Ecuador,Loja,Loja
2016-05-24,39,False,B,6,Holiday,National,Ecuador,Cuenca,Azuay
2016-05-24,40,False,C,3,Holiday,National,Ecuador,Machala,El Oro
2016-05-24,41,False,D,4,Holiday,National,Ecuador,Machala,El Oro
2016-05-24,42,False,D,2,Holiday,National,Ecuador,Cuenca,Azuay
2016-05-24,43,False,E,10,Holiday,National,Ecuador,Esmeraldas,Esmeraldas
2016-05-24,44,False,A,5,Holiday,National,Ecuador,Quito,Pichincha
2016-05-24,45,False,A,11,Holiday,National,Ecuador,Quito,Pichincha
2016-05-24,46,False,A,14,Holiday,National,Ecuador,Quito,Pichincha
2016-05-24,47,False,A,14,Holiday,National,Ecuador,Quito,Pichincha
2016-05-24,48,False,A,14,Holiday,National,Ecuador,Quito,Pichincha
2016-05-24,49,False,A,11,Holiday,National,Ecuador,Quito,Pichincha
2016-05-24,50,False,A,14,Holiday,National,Ecuador,Ambato,Tungurahua
2016-05-24,51,False,A,17,Holiday,National,Ecuador,Guayaquil,Guayas
2016-05-24,52,False,A,11,Holiday,National,Ecuador,Manta,Manabi
2016-05-24,53,False,D,13,Holiday,National,Ecuador,Manta,Manabi
2016-05-24,54,False,C,3,Holiday,National,Ecuador,El Carmen,Manabi
2016-05-27,1,True,D,13,Transfer,National,Ecuador,Quito,Pichincha
2016-05-27,2,True,D,13,Transfer,National,Ecuador,Quito,Pichincha
2016-05-27,3,True,D,8,Transfer,National,Ecuador,Quito,Pichincha
2016-05-27,4,True,D,9,Transfer,National,Ecuador,Quito,Pichincha
2016-05-27,5,True,D,4,Transfer,National,Ecuador,Santo Domingo,Santo Domingo de los Tsachilas
2016-05-27,6,True,D,13,Transfer,National,Ecuador,Quito,Pichincha
2016-05-27,7,True,D,8,Transfer,National,Ecuador,Quito,Pichincha
2016-05-27,8,True,D,8,Transfer,National,Ecuador,Quito,Pichincha
2016-05-27,9,True,B,6,Transfer,National,Ecuador,Quito,Pichincha
2016-05-27,10,True,C,15,Transfer,National,Ecuador,Quito,Pichincha
2016-05-27,11,True,B,6,Transfer,National,Ecuador,Cayambe,Pichincha
2016-05-27,12,True,C,15,Transfer,National,Ecuador,Latacunga,Cotopaxi
2016-05-27,13,True,C,15,Transfer,National,Ecuador,Latacunga,Cotopaxi
2016-05-27,14,True,C,7,Transfer,National,Ecuador,Riobamba,Chimborazo
2016-05-27,15,True,C,15,Transfer,National,Ecuador,Ibarra,Imbabura
2016-05-27,16,True,C,3,Transfer,National,Ecuador,Santo Domingo,Santo Domingo de los Tsachilas
2016-05-27,17,True,C,12,Transfer,National,Ecuador,Quito,Pichincha
2016-05-27,18,True,B,16,Transfer,National,Ecuador,Quito,Pichincha
2016-05-27,19,True,C,15,Transfer,National,Ecuador,Guaranda,Bolivar
2016-05-27,20,True,B,6,Transfer,National,Ecuador,Quito,Pichincha
2016-05-27,21,True,B,6,Transfer,National,Ecuador,Santo Domingo,Santo Domingo de los Tsachilas
2016-05-27,22,True,C,7,Transfer,National,Ecuador,Puyo,Pastaza
2016-05-27,23,True,D,9,Transfer,National,Ecuador,Ambato,Tungurahua
2016-05-27,24,True,D,1,Transfer,National,Ecuador,Guayaquil,Guayas
2016-05-27,25,True,D,1,Transfer,National,Ecuador,Salinas,Santa Elena
2016-05-27,26,True,D,10,Transfer,National,Ecuador,Guayaquil,Guayas
2016-05-27,27,True,D,1,Transfer,National,Ecuador,Daule,Guayas
2016-05-27,28,True,E,10,Transfer,National,Ecuador,Guayaquil,Guayas
2016-05-27,29,True,E,10,Transfer,National,Ecuador,Guayaquil,Guayas
2016-05-27,30,True,C,3,Transfer,National,Ecuador,Guayaquil,Guayas
2016-05-27,31,True,B,10,Transfer,National,Ecuador,Babahoyo,Los Rios
2016-05-27,32,True,C,3,Transfer,National,Ecuador,Guayaquil,Guayas
2016-05-27,33,True,C,3,Transfer,National,Ecuador,Quevedo,Los Rios
2016-05-27,34,True,B,6,Transfer,National,Ecuador,Guayaquil,Guayas
2016-05-27,35,True,C,3,Transfer,National,Ecuador,Playas,Guayas
2016-05-27,36,True,E,10,Transfer,National,Ecuador,Libertad,Guayas
2016-05-27,37,True,D,2,Transfer,National,Ecuador,Cuenca,Azuay
2016-05-27,38,True,D,4,Transfer,National,Ecuador,Loja,Loja
2016-05-27,39,True,B,6,Transfer,National,Ecuador,Cuenca,Azuay
2016-05-27,40,True,C,3,Transfer,National,Ecuador,Machala,El Oro
2016-05-27,41,True,D,4,Transfer,National,Ecuador,Machala,El Oro
2016-05-27,42,True,D,2,Transfer,National,Ecuador,Cuenca,Azuay
2016-05-27,43,True,E,10,Transfer,National,Ecuador,Esmeraldas,Esmeraldas
2016-05-27,44,True,A,5,Transfer,National,Ecuador,Quito,Pichincha
2016-05-27,45,True,A,11,Transfer,National,Ecuador,Quito,Pichincha
2016-05-27,46,True,A,14,Transfer,National,Ecuador,Quito,Pichincha
2016-05-27,47,True,A,14,Transfer,National,Ecuador,Quito,Pichincha
2016-05-27,48,True,A,14,Transfer,National,Ecuador,Quito,Pichincha
2016-05-27,49,True,A,11,Transfer,National,Ecuador,Quito,Pichincha
2016-05-27,50,True,A,14,Transfer,National,Ecuador,Ambato,Tungurahua
2016-05-27,51,True,A,17,Transfer,National,Ecuador,Guayaquil,Guayas
2016-05-27,52,True,A,11,Transfer,National,Ecuador,Manta,Manabi
2016-05-27,53,True,D,13,Transfer,National,Ecuador,Manta,Manabi
2016-05-27,54,True,C,3,Transfer,National,Ecuador,El Carmen,Manabi
2016-08-10,1,False,D,13,Holiday,National,Ecuador,Quito,Pichincha
2016-08-10,2,False,D,13,Holiday,National,Ecuador,Quito,Pichincha
2016-08-10,3,False,D,8,Holiday,National,Ecuador,Quito,Pichincha
2016-08-10,4,False,D,9,Holiday,National,Ecuador,Quito,Pichincha
2016-08-10,5,False,D,4,Holiday,National,Ecuador,Santo Domingo,Santo Domingo de los Tsachilas
2016-08-10,6,False,D,13,Holiday,National,Ecuador,Quito,Pichincha
2016-08-10,7,False,D,8,Holiday,National,Ecuador,Quito,Pichincha
2016-08-10,8,False,D,8,Holiday,National,Ecuador,Quito,Pichincha
2016-08-10,9,False,B,6,Holiday,National,Ecuador,Quito,Pichincha
2016-08-10,10,False,C,15,Holiday,National,Ecuador,Quito,Pichincha
2016-08-10,11,False,B,6,Holiday,National,Ecuador,Cayambe,Pichincha
2016-08-10,12,False,C,15,Holiday,National,Ecuador,Latacunga,Cotopaxi
2016-08-10,13,False,C,15,Holiday,National,Ecuador,Latacunga,Cotopaxi
2016-08-10,14,False,C,7,Holiday,National,Ecuador,Riobamba,Chimborazo
2016-08-10,15,False,C,15,Holiday,National,Ecuador,Ibarra,Imbabura
2016-08-10,16,False,C,3,Holiday,National,Ecuador,Santo Domingo,Santo Domingo de los Tsachilas
2016-08-10,17,False,C,12,Holiday,National,Ecuador,Quito,Pichincha
2016-08-10,18,False,B,16,Holiday,National,Ecuador,Quito,Pichincha
2016-08-10,19,False,C,15,Holiday,National,Ecuador,Guaranda,Bolivar
2016-08-10,20,False,B,6,Holiday,National,Ecuador,Quito,Pichincha
2016-08-10,21,False,B,6,Holiday,National,Ecuador,Santo Domingo,Santo Domingo de los Tsachilas
2016-08-10,22,False,C,7,Holiday,National,Ecuador,Puyo,Pastaza
2016-08-10,23,False,D,9,Holiday,National,Ecuador,Ambato,Tungurahua
2016-08-10,24,False,D,1,Holiday,National,Ecuador,Guayaquil,Guayas
2016-08-10,25,False,D,1,Holiday,National,Ecuador,Salinas,Santa Elena
2016-08-10,26,False,D,10,Holiday,National,Ecuador,Guayaquil,Guayas
2016-08-10,27,False,D,1,Holiday,National,Ecuador,Daule,Guayas
2016-08-10,28,False,E,10,Holiday,National,Ecuador,Guayaquil,Guayas
2016-08-10,29,False,E,10,Holiday,National,Ecuador,Guayaquil,Guayas
2016-08-10,30,False,C,3,Holiday,National,Ecuador,Guayaquil,Guayas
2016-08-10,31,False,B,10,Holiday,National,Ecuador,Babahoyo,Los Rios
2016-08-10,32,False,C,3,Holiday,National,Ecuador,Guayaquil,Guayas
2016-08-10,33,False,C,3,Holiday,National,Ecuador,Quevedo,Los Rios
2016-08-10,34,False,B,6,Holiday,National,Ecuador,Guayaquil,Guayas
2016-08-10,35,False,C,3,Holiday,National,Ecuador,Playas,Guayas
2016-08-10,36,False,E,10,Holiday,National,Ecuador,Libertad,Guayas
2016-08-10,37,False,D,2,Holiday,National,Ecuador,Cuenca,Azuay
2016-08-10,38,False,D,4,Holiday,National,Ecuador,Loja,Loja
2016-08-10,39,False,B,6,Holiday,National,Ecuador,Cuenca,Azuay
2016-08-10,40,False,C,3,Holiday,National,Ecuador,Machala,El Oro
2016-08-10,41,False,D,4,Holiday,National,Ecuador,Machala,El Oro
2016-08-10,42,False,D,2,Holiday,National,Ecuador,Cuenca,Azuay
2016-08-10,43,False,E,10,Holiday,National,Ecuador,Esmeraldas,Esmeraldas
2016-08-10,44,False,A,5,Holiday,National,Ecuador,Quito,Pichincha
2016-08-10,45,False,A,11,Holiday,National,Ecuador,Quito,Pichincha
2016-08-10,46,False,A,14,Holiday,National,Ecuador,Quito,Pichincha
2016-08-10,47,False,A,14,Holiday,National,Ecuador,Quito,Pichincha
2016-08-10,48,False,A,14,Holiday,National,Ecuador,Quito,Pichincha
2016-08-10,49,False,A,11,Holiday,National,Ecuador,Quito,Pichincha
2016-08-10,50,False,A,14,Holiday,National,Ecuador,Ambato,Tungurahua
2016-08-10,51,False,A,17,Holiday,National,Ecuador,Guayaquil,Guayas
2016-08-10,52,False,A,11,Holiday,National,Ecuador,Manta,Manabi
2016-08-10,53,False,D,13,Holiday,National,Ecuador,Manta,Manabi
2016-08-10,54,False,C,3,Holiday,National,Ecuador,El Carmen,Manabi
2016-08-12,1,True,D,13,Transfer,National,Ecuador,Quito,Pichincha
2016-08-12,2,True,D,13,Transfer,National,Ecuador,Quito,Pichincha
2016-08-12,3,True,D,8,Transfer,National,Ecuador,Quito,Pichincha
2016-08-12,4,True,D,9,Transfer,National,Ecuador,Quito,Pichincha
2016-08-12,5,True,D,4,Transfer,National,Ecuador,Santo Domingo,Santo Domingo de los Tsachilas
2016-08-12,6,True,D,13,Transfer,National,Ecuador,Quito,Pichincha
2016-08-12,7,True,D,8,Transfer,National,Ecuador,Quito,Pichincha
2016-08-12,8,True,D,8,Transfer,National,Ecuador,Quito,Pichincha
2016-08-12,9,True,B,6,Transfer,National,Ecuador,Quito,Pichincha
2016-08-12,10,True,C,15,Transfer,National,Ecuador,Quito,Pichincha
2016-08-12,11,True,B,6,Transfer,National,Ecuador,Cayambe,Pichincha
2016-08-12,12,True,C,15,Transfer,National,Ecuador,Latacunga,Cotopaxi
2016-08-12,13,True,C,15,Transfer,National,Ecuador,Latacunga,Cotopaxi
2016-08-12,14,True,C,7,Transfer,National,Ecuador,Riobamba,Chimborazo
2016-08-12,15,True,C,15,Transfer,National,Ecuador,Ibarra,Imbabura
2016-08-12,16,True,C,3,Transfer,National,Ecuador,Santo Domingo,Santo Domingo de los Tsachilas
2016-08-12,17,True,C,12,Transfer,National,Ecuador,Quito,Pichincha
2016-08-12,18,True,B,16,Transfer,National,Ecuador,Quito,Pichincha
2016-08-12,19,True,C,15,Transfer,National,Ecuador,Guaranda,Bolivar
2016-08-12,20,True,B,6,Transfer,National,Ecuador,Quito,Pichincha
2016-08-12,21,True,B,6,Transfer,National,Ecuador,Santo Domingo,Santo Domingo de los Tsachilas
2016-08-12,22,True,C,7,Transfer,National,Ecuador,Puyo,Pastaza
2016-08-12,23,True,D,9,Transfer,National,Ecuador,Ambato,Tungurahua
2016-08-12,24,True,D,1,Transfer,National,Ecuador,Guayaquil,Guayas
2016-08-12,25,True,D,1,Transfer,National,Ecuador,Salinas,Santa Elena
2016-08-12,26,True,D,10,Transfer,National,Ecuador,Guayaquil,Guayas
2016-08-12,27,True,D,1,Transfer,National,Ecuador,Daule,Guayas
2016-08-12,28,True,E,10,Transfer,National,Ecuador,Guayaquil,Guayas
2016-08-12,29,True,E,10,Transfer,National,Ecuador,Guayaquil,Guayas
2016-08-12,30,True,C,3,Transfer,National,Ecuador,Guayaquil,Guayas
2016-08-12,31,True,B,10,Transfer,National,Ecuador,Babahoyo,Los Rios
2016-08-12,32,True,C,3,Transfer,National,Ecuador,Guayaquil,Guayas
2016-08-12,33,True,C,3,Transfer,National,Ecuador,Quevedo,Los Rios
2016-08-12,34,True,B,6,Transfer,National,Ecuador,Guayaquil,Guayas
2016-08-12,35,True,C,3,Transfer,National,Ecuador,Playas,Guayas
2016-08-12,36,True,E,10,Transfer,National,Ecuador,Libertad,Guayas
2016-08-12,37,True,D,2,Transfer,National,Ecuador,Cuenca,Azuay
2016-08-12,38,True,D,4,Transfer,National,Ecuador,Loja,Loja
2016-08-12,39,True,B,6,Transfer,National,Ecuador,Cuenca,Azuay
2016-08-12,40,True,C,3,Transfer,National,Ecuador,Machala,El Oro
2016-08-12,41,True,D,4,Transfer,National,Ecuador,Machala,El Oro
2016-08-12,42,True,D,2,Transfer,National,Ecuador,Cuenca,Azuay
2016-08-12,43,True,E,10,Transfer,National,Ecuador,Esmeraldas,Esmeraldas
2016-08-12,44,True,A,5,Transfer,National,Ecuador,Quito,Pichincha
2016-08-12,45,True,A,11,Transfer,National,Ecuador,Quito,Pichincha
2016-08-12,46,True,A,14,Transfer,National,Ecuador,Quito,Pichincha
2016-08-12,47,True,A,14,Transfer,National,Ecuador,Quito,Pichincha
2016-08-12,48,True,A,14,Transfer,National,Ecuador,Quito,Pichincha
2016-08-12,49,True,A,11,Transfer,National,Ecuador,Quito,Pichincha
2016-08-12,50,True,A,14,Transfer,National,Ecuador,Ambato,Tungurahua
2016-08-12,51,True,A,17,Transfer,National,Ecuador,Guayaquil,Guayas
2016-08-12,52,True,A,11,Transfer,National,Ecuador,Manta,Manabi
2016-08-12,53,True,D,13,Transfer,National,Ecuador,Manta,Manabi
2016-08-12,54,True,C,3,Transfer,National,Ecuador,El Carmen,Manabi
2016-10-09,1,True,D,13,Holiday,National,Ecuador,Quito,Pichincha
2016-10-09,2,True,D,13,Holiday,National,Ecuador,Quito,Pichincha
2016-10-09,3,True,D,8,Holiday,National,Ecuador,Quito,Pichincha
2016-10-09,4,True,D,9,Holiday,National,Ecuador,Quito,Pichincha
2016-10-09,5,True,D,4,Holiday,National,Ecuador,Santo Domingo,Santo Domingo de los Tsachilas
2016-10-09,6,True,D,13,Holiday,National,Ecuador,Quito,Pichincha
2016-10-09,7,True,D,8,Holiday,National,Ecuador,Quito,Pichincha
2016-10-09,8,True,D,8,Holiday,National,Ecuador,Quito,Pichincha
2016-10-09,9,True,B,6,Holiday,National,Ecuador,Quito,Pichincha
2016-10-09,10,True,C,15,Holiday,National,Ecuador,Quito,Pichincha
2016-10-09,11,True,B,6,Holiday,National,Ecuador,Cayambe,Pichincha
2016-10-09,12,True,C,15,Holiday,National,Ecuador,Latacunga,Cotopaxi
2016-10-09,13,True,C,15,Holiday,National,Ecuador,Latacunga,Cotopaxi
2016-10-09,14,True,C,7,Holiday,National,Ecuador,Riobamba,Chimborazo
2016-10-09,15,True,C,15,Holiday,National,Ecuador,Ibarra,Imbabura
2016-10-09,16,True,C,3,Holiday,National,Ecuador,Santo Domingo,Santo Domingo de los Tsachilas
2016-10-09,17,True,C,12,Holiday,National,Ecuador,Quito,Pichincha
2016-10-09,18,True,B,16,Holiday,National,Ecuador,Quito,Pichincha
2016-10-09,19,True,C,15,Holiday,National,Ecuador,Guaranda,Bolivar
2016-10-09,20,True,B,6,Holiday,National,Ecuador,Quito,Pichincha
2016-10-09,21,True,B,6,Holiday,National,Ecuador,Santo Domingo,Santo Domingo de los Tsachilas
2016-10-09,22,True,C,7,Holiday,National,Ecuador,Puyo,Pastaza
2016-10-09,23,True,D,9,Holiday,National,Ecuador,Ambato,Tungurahua
2016-10-09,24,True,D,1,Holiday,National,Ecuador,Guayaquil,Guayas
2016-10-09,25,True,D,1,Holiday,National,Ecuador,Salinas,Santa Elena
2016-10-09,26,True,D,10,Holiday,National,Ecuador,Guayaquil,Guayas
2016-10-09,27,True,D,1,Holiday,National,Ecuador,Daule,Guayas
2016-10-09,28,True,E,10,Holiday,National,Ecuador,Guayaquil,Guayas
2016-10-09,29,True,E,10,Holiday,National,Ecuador,Guayaquil,Guayas
2016-10-09,30,True,C,3,Holiday,National,Ecuador,Guayaquil,Guayas
2016-10-09,31,True,B,10,Holiday,National,Ecuador,Babahoyo,Los Rios
2016-10-09,32,True,C,3,Holiday,National,Ecuador,Guayaquil,Guayas
2016-10-09,33,True,C,3,Holiday,National,Ecuador,Quevedo,Los Rios
2016-10-09,34,True,B,6,Holiday,National,Ecuador,Guayaquil,Guayas
2016-10-09,35,True,C,3,Holiday,National,Ecuador,Playas,Guayas
2016-10-09,36,True,E,10,Holiday,National,Ecuador,Libertad,Guayas
2016-10-09,37,True,D,2,Holiday,National,Ecuador,Cuenca,Azuay
2016-10-09,38,True,D,4,Holiday,National,Ecuador,Loja,Loja
2016-10-09,39,True,B,6,Holiday,National,Ecuador,Cuenca,Azuay
2016-10-09,40,True,C,3,Holiday,National,Ecuador,Machala,El Oro
2016-10-09,41,True,D,4,Holiday,National,Ecuador,Machala,El Oro
2016-10-09,42,True,D,2,Holiday,National,Ecuador,Cuenca,Azuay
2016-10-09,43,True,E,10,Holiday,National,Ecuador,Esmeraldas,Esmeraldas
2016-10-09,44,True,A,5,Holiday,National,Ecuador,Quito,Pichincha
2016-10-09,45,True,A,11,Holiday,National,Ecuador,Quito,Pichincha
2016-10-09,46,True,A,14,Holiday,National,Ecuador,Quito,Pichincha
2016-10-09,47,True,A,14,Holiday,National,Ecuador,Quito,Pichincha
2016-10-09,48,True,A,14,Holiday,National,Ecuador,Quito,Pichincha
2016-10-09,49,True,A,11,Holiday,National,Ecuador,Quito,Pichincha
2016-10-09,50,True,A,14,Holiday,National,Ecuador,Ambato,Tungurahua
2016-10-09,51,True,A,17,Holiday,National,Ecuador,Guayaquil,Guayas
2016-10-09,52,True,A,11,Holiday,National,Ecuador,Manta,Manabi
2016-10-09,53,True,D,13,Holiday,National,Ecuador,Manta,Manabi
2016-10-09,54,True,C,3,Holiday,National,Ecuador,El Carmen,Manabi
2016-11-02,1,True,D,13,Holiday,National,Ecuador,Quito,Pichincha
2016-11-02,2,True,D,13,Holiday,National,Ecuador,Quito,Pichincha
2016-11-02,3,True,D,8,Holiday,National,Ecuador,Quito,Pichincha
2016-11-02,4,True,D,9,Holiday,National,Ecuador,Quito,Pichincha
2016-11-02,5,True,D,4,Holiday,National,Ecuador,Santo Domingo,Santo Domingo de los Tsachilas
2016-11-02,6,True,D,13,Holiday,National,Ecuador,Quito,Pichincha
2016-11-02,7,True,D,8,Holiday,National,Ecuador,Quito,Pichincha
2016-11-02,8,True,D,8,Holiday,National,Ecuador,Quito,Pichincha
2016-11-02,9,True,B,6,Holiday,National,Ecuador,Quito,Pichincha
2016-11-02,10,True,C,15,Holiday,National,Ecuador,Quito,Pichincha
2016-11-02,11,True,B,6,Holiday,National,Ecuador,Cayambe,Pichincha
2016-11-02,12,True,C,15,Holiday,National,Ecuador,Latacunga,Cotopaxi
2016-11-02,13,True,C,15,Holiday,National,Ecuador,Latacunga,Cotopaxi
2016-11-02,14,True,C,7,Holiday,National,Ecuador,Riobamba,Chimborazo
2016-11-02,15,True,C,15,Holiday,National,Ecuador,Ibarra,Imbabura
2016-11-02,16,True,C,3,Holiday,National,Ecuador,Santo Domingo,Santo Domingo de los Tsachilas
2016-11-02,17,True,C,12,Holiday,National,Ecuador,Quito,Pichincha
2016-11-02,18,True,B,16,Holiday,National,Ecuador,Quito,Pichincha
2016-11-02,19,True,C,15,Holiday,National,Ecuador,Guaranda,Bolivar
2016-11-02,20,True,B,6,Holiday,National,Ecuador,Quito,Pichincha
2016-11-02,21,True,B,6,Holiday,National,Ecuador,Santo Domingo,Santo Domingo de los Tsachilas
2016-11-02,22,True,C,7,Holiday,National,Ecuador,Puyo,Pastaza
2016-11-02,23,True,D,9,Holiday,National,Ecuador,Ambato,Tungurahua
2016-11-02,24,True,D,1,Holiday,National,Ecuador,Guayaquil,Guayas
2016-11-02,25,True,D,1,Holiday,National,Ecuador,Salinas,Santa Elena
2016-11-02,26,True,D,10,Holiday,National,Ecuador,Guayaquil,Guayas
2016-11-02,27,True,D,1,Holiday,National,Ecuador,Daule,Guayas
2016-11-02,28,True,E,10,Holiday,National,Ecuador,Guayaquil,Guayas
2016-11-02,29,True,E,10,Holiday,National,Ecuador,Guayaquil,Guayas
2016-11-02,30,True,C,3,Holiday,National,Ecuador,Guayaquil,Guayas
2016-11-02,31,True,B,10,Holiday,National,Ecuador,Babahoyo,Los Rios
2016-11-02,32,True,C,3,Holiday,National,Ecuador,Guayaquil,Guayas
2016-11-02,33,True,C,3,Holiday,National,Ecuador,Quevedo,Los Rios
2016-11-02,34,True,B,6,Holiday,National,Ecuador,Guayaquil,Guayas
2016-11-02,35,True,C,3,Holiday,National,Ecuador,Playas,Guayas
2016-11-02,36,True,E,10,Holiday,National,Ecuador,Libertad,Guayas
2016-11-02,37,True,D,2,Holiday,National,Ecuador,Cuenca,Azuay
2016-11-02,38,True,D,4,Holiday,National,Ecuador,Loja,Loja
2016-11-02,39,True,B,6,Holiday,National,Ecuador,Cuenca,Azuay
2016-11-02,40,True,C,3,Holiday,National,Ecuador,Machala,El Oro
2016-11-02,41,True,D,4,Holiday,National,Ecuador,Machala,El Oro
2016-11-02,42,True,D,2,Holiday,National,Ecuador,Cuenca,Azuay
2016-11-02,43,True,E,10,Holiday,National,Ecuador,Esmeraldas,Esmeraldas
2016-11-02,44,True,A,5,Holiday,National,Ecuador,Quito,Pichincha
2016-11-02,45,True,A,11,Holiday,National,Ecuador,Quito,Pichincha
2016-11-02,46,True,A,14,Holiday,National,Ecuador,Quito,Pichincha
2016-11-02,47,True,A,14,Holiday,National,Ecuador,Quito,Pichincha
2016-11-02,48,True,A,14,Holiday,National,Ecuador,Quito,Pichincha
2016-11-02,49,True,A,11,Holiday,National,Ecuador,Quito,Pichincha
2016-11-02,50,True,A,14,Holiday,National,Ecuador,Ambato,Tungurahua
2016-11-02,51,True,A,17,Holiday,National,Ecuador,Guayaquil,Guayas
2016-11-02,52,True,A,11,Holiday,National,Ecuador,Manta,Manabi
2016-11-02,53,True,D,13,Holiday,National,Ecuador,Manta,Manabi
2016-11-02,54,True,C,3,Holiday,National,Ecuador,El Carmen,Manabi
2016-11-03,1,True,D,13,Holiday,National,Ecuador,Quito,Pichincha
2016-11-03,2,True,D,13,Holiday,National,Ecuador,Quito,Pichincha
2016-11-03,3,True,D,8,Holiday,National,Ecuador,Quito,Pichincha
2016-11-03,4,True,D,9,Holiday,National,Ecuador,Quito,Pichincha
2016-11-03,5,True,D,4,Holiday,National,Ecuador,Santo Domingo,Santo Domingo de los Tsachilas
2016-11-03,6,True,D,13,Holiday,National,Ecuador,Quito,Pichincha
2016-11-03,7,True,D,8,Holiday,National,Ecuador,Quito,Pichincha
2016-11-03,8,True,D,8,Holiday,National,Ecuador,Quito,Pichincha
2016-11-03,9,True,B,6,Holiday,National,Ecuador,Quito,Pichincha
2016-11-03,10,True,C,15,Holiday,National,Ecuador,Quito,Pichincha
2016-11-03,11,True,B,6,Holiday,National,Ecuador,Cayambe,Pichincha
2016-11-03,12,True,C,15,Holiday,National,Ecuador,Latacunga,Cotopaxi
2016-11-03,13,True,C,15,Holiday,National,Ecuador,Latacunga,Cotopaxi
2016-11-03,14,True,C,7,Holiday,National,Ecuador,Riobamba,Chimborazo
2016-11-03,15,True,C,15,Holiday,National,Ecuador,Ibarra,Imbabura
2016-11-03,16,True,C,3,Holiday,National,Ecuador,Santo Domingo,Santo Domingo de los Tsachilas
2016-11-03,17,True,C,12,Holiday,National,Ecuador,Quito,Pichincha
2016-11-03,18,True,B,16,Holiday,National,Ecuador,Quito,Pichincha
2016-11-03,19,True,C,15,Holiday,National,Ecuador,Guaranda,Bolivar
2016-11-03,20,True,B,6,Holiday,National,Ecuador,Quito,Pichincha
2016-11-03,21,True,B,6,Holiday,National,Ecuador,Santo Domingo,Santo Domingo de los Tsachilas
2016-11-03,22,True,C,7,Holiday,National,Ecuador,Puyo,Pastaza
2016-11-03,23,True,D,9,Holiday,National,Ecuador,Ambato,Tungurahua
2016-11-03,24,True,D,1,Holiday,National,Ecuador,Guayaquil,Guayas
2016-11-03,25,True,D,1,Holiday,National,Ecuador,Salinas,Santa Elena
2016-11-03,26,True,D,10,Holiday,National,Ecuador,Guayaquil,Guayas
2016-11-03,27,True,D,1,Holiday,National,Ecuador,Daule,Guayas
2016-11-03,28,True,E,10,Holiday,National,Ecuador,Guayaquil,Guayas
2016-11-03,29,True,E,10,Holiday,National,Ecuador,Guayaquil,Guayas
2016-11-03,30,True,C,3,Holiday,National,Ecuador,Guayaquil,Guayas
2016-11-03,31,True,B,10,Holiday,National,Ecuador,Babahoyo,Los Rios
2016-11-03,32,True,C,3,Holiday,National,Ecuador,Guayaquil,Guayas
2016-11-03,33,True,C,3,Holiday,National,Ecuador,Quevedo,Los Rios
2016-11-03,34,True,B,6,Holiday,National,Ecuador,Guayaquil,Guayas
2016-11-03,35,True,C,3,Holiday,National,Ecuador,Playas,Guayas
2016-11-03,36,True,E,10,Holiday,National,Ecuador,Libertad,Guayas
2016-11-03,37,True,D,2,Holiday,National,Ecuador,Cuenca,Azuay
2016-11-03,38,True,D,4,Holiday,National,Ecuador,Loja,Loja
2016-11-03,39,True,B,6,Holiday,National,Ecuador,Cuenca,Azuay
2016-11-03,40,True,C,3,Holiday,National,Ecuador,Machala,El Oro
2016-11-03,41,True,D,4,Holiday,National,Ecuador,Machala,El Oro
2016-11-03,42,True,D,2,Holiday,National,Ecuador,Cuenca,Azuay
2016-11-03,43,True,E,10,Holiday,National,Ecuador,Esmeraldas,Esmeraldas
2016-11-03,44,True,A,5,Holiday,National,Ecuador,Quito,Pichincha
2016-11-03,45,True,A,11,Holiday,National,Ecuador,Quito,Pichincha
2016-11-03,46,True,A,14,Holiday,National,Ecuador,Quito,Pichincha
2016-11-03,47,True,A,14,Holiday,National,Ecuador,Quito,Pichincha
2016-11-03,48,True,A,14,Holiday,National,Ecuador,Quito,Pichincha
2016-11-03,49,True,A,11,Holiday,National,Ecuador,Quito,Pichincha
2016-11-03,50,True,A,14,Holiday,National,Ecuador,Ambato,Tungurahua
2016-11-03,51,True,A,17,Holiday,National,Ecuador,Guayaquil,Guayas
2016-11-03,52,True,A,11,Holiday,National,Ecuador,Manta,Manabi
2016-11-03,53,True,D,13,Holiday,National,Ecuador,Manta,Manabi
2016-11-03,54,True,C,3,Holiday,National,Ecuador,El Carmen,Manabi
2016-11-04,1,True,D,13,Bridge,National,Ecuador,Quito,Pichincha
2016-11-04,2,True,D,13,Bridge,National,Ecuador,Quito,Pichincha
2016-11-04,3,True,D,8,Bridge,National,Ecuador,Quito,Pichincha
2016-11-04,4,True,D,9,Bridge,National,Ecuador,Quito,Pichincha
2016-11-04,5,True,D,4,Bridge,National,Ecuador,Santo Domingo,Santo Domingo de los Tsachilas
2016-11-04,6,True,D,13,Bridge,National,Ecuador,Quito,Pichincha
2016-11-04,7,True,D,8,Bridge,National,Ecuador,Quito,Pichincha
2016-11-04,8,True,D,8,Bridge,National,Ecuador,Quito,Pichincha
2016-11-04,9,True,B,6,Bridge,National,Ecuador,Quito,Pichincha
2016-11-04,10,True,C,15,Bridge,National,Ecuador,Quito,Pichincha
2016-11-04,11,True,B,6,Bridge,National,Ecuador,Cayambe,Pichincha
2016-11-04,12,True,C,15,Bridge,National,Ecuador,Latacunga,Cotopaxi
2016-11-04,13,True,C,15,Bridge,National,Ecuador,Latacunga,Cotopaxi
2016-11-04,14,True,C,7,Bridge,National,Ecuador,Riobamba,Chimborazo
2016-11-04,15,True,C,15,Bridge,National,Ecuador,Ibarra,Imbabura
2016-11-04,16,True,C,3,Bridge,National,Ecuador,Santo Domingo,Santo Domingo de los Tsachilas
2016-11-04,17,True,C,12,Bridge,National,Ecuador,Quito,Pichincha
2016-11-04,18,True,B,16,Bridge,National,Ecuador,Quito,Pichincha
2016-11-04,19,True,C,15,Bridge,National,Ecuador,Guaranda,Bolivar
2016-11-04,20,True,B,6,Bridge,National,Ecuador,Quito,Pichincha
2016-11-04,21,True,B,6,Bridge,National,Ecuador,Santo Domingo,Santo Domingo de los Tsachilas
2016-11-04,22,True,C,7,Bridge,National,Ecuador,Puyo,Pastaza
2016-11-04,23,True,D,9,Bridge,National,Ecuador,Ambato,Tungurahua
2016-11-04,24,True,D,1,Bridge,National,Ecuador,Guayaquil,Guayas
2016-11-04,25,True,D,1,Bridge,National,Ecuador,Salinas,Santa Elena
2016-11-04,26,True,D,10,Bridge,National,Ecuador,Guayaquil,Guayas
2016-11-04,27,True,D,1,Bridge,National,Ecuador,Daule,Guayas
2016-11-04,28,True,E,10,Bridge,National,Ecuador,Guayaquil,Guayas
2016-11-04,29,True,E,10,Bridge,National,Ecuador,Guayaquil,Guayas
2016-11-04,30,True,C,3,Bridge,National,Ecuador,Guayaquil,Guayas
2016-11-04,31,True,B,10,Bridge,National,Ecuador,Babahoyo,Los Rios
2016-11-04,32,True,C,3,Bridge,National,Ecuador,Guayaquil,Guayas
2016-11-04,33,True,C,3,Bridge,National,Ecuador,Quevedo,Los Rios
2016-11-04,34,True,B,6,Bridge,National,Ecuador,Guayaquil,Guayas
2016-11-04,35,True,C,3,Bridge,National,Ecuador,Playas,Guayas
2016-11-04,36,True,E,10,Bridge,National,Ecuador,Libertad,Guayas
2016-11-04,37,True,D,2,Bridge,National,Ecuador,Cuenca,Azuay
2016-11-04,38,True,D,4,Bridge,National,Ecuador,Loja,Loja
2016-11-04,39,True,B,6,Bridge,National,Ecuador,Cuenca,Azuay
2016-11-04,40,True,C,3,Bridge,National,Ecuador,Machala,El Oro
2016-11-04,41,True,D,4,Bridge,National,Ecuador,Machala,El Oro
2016-11-04,42,True,D,2,Bridge,National,Ecuador,Cuenca,Azuay
2016-11-04,43,True,E,10,Bridge,National,Ecuador,Esmeraldas,Esmeraldas
2016-11-04,44,True,A,5,Bridge,National,Ecuador,Quito,Pichincha
2016-11-04,45,True,A,11,Bridge,National,Ecuador,Quito,Pichincha
2016-11-04,46,True,A,14,Bridge,National,Ecuador,Quito,Pichincha
2016-11-04,47,True,A,14,Bridge,National,Ecuador,Quito,Pichincha
2016-11-04,48,True,A,14,Bridge,National,Ecuador,Quito,Pichincha
2016-11-04,49,True,A,11,Bridge,National,Ecuador,Quito,Pichincha
2016-11-04,50,True,A,14,Bridge,National,Ecuador,Ambato,Tungurahua
2016-11-04,51,True,A,17,Bridge,National,Ecuador,Guayaquil,Guayas
2016-11-04,52,True,A,11,Bridge,National,Ecuador,Manta,Manabi
2016-11-04,53,True,D,13,Bridge,National,Ecuador,Manta,Manabi
2016-11-04,54,True,C,3,Bridge,National,Ecuador,El Carmen,Manabi
2016-11-12,1,False,D,13,Work Day,National,Ecuador,Quito,Pichincha
2016-11-12,2,False,D,13,Work Day,National,Ecuador,Quito,Pichincha
2016-11-12,3,False,D,8,Work Day,National,Ecuador,Quito,Pichincha
2016-11-12,4,False,D,9,Work Day,National,Ecuador,Quito,Pichincha
2016-11-12,5,False,D,4,Work Day,National,Ecuador,Santo Domingo,Santo Domingo de los Tsachilas
2016-11-12,6,False,D,13,Work Day,National,Ecuador,Quito,Pichincha
2016-11-12,7,False,D,8,Work Day,National,Ecuador,Quito,Pichincha
2016-11-12,8,False,D,8,Work Day,National,Ecuador,Quito,Pichincha
2016-11-12,9,False,B,6,Work Day,National,Ecuador,Quito,Pichincha
2016-11-12,10,False,C,15,Work Day,National,Ecuador,Quito,Pichincha
2016-11-12,11,False,B,6,Work Day,National,Ecuador,Cayambe,Pichincha
2016-11-12,12,False,C,15,Work Day,National,Ecuador,Latacunga,Cotopaxi
2016-11-12,13,False,C,15,Work Day,National,Ecuador,Latacunga,Cotopaxi
2016-11-12,14,False,C,7,Work Day,National,Ecuador,Riobamba,Chimborazo
2016-11-12,15,False,C,15,Work Day,National,Ecuador,Ibarra,Imbabura
2016-11-12,16,False,C,3,Work Day,National,Ecuador,Santo Domingo,Santo Domingo de los Tsachilas
2016-11-12,17,False,C,12,Work Day,National,Ecuador,Quito,Pichincha
2016-11-12,18,False,B,16,Work Day,National,Ecuador,Quito,Pichincha
2016-11-12,19,False,C,15,Work Day,National,Ecuador,Guaranda,Bolivar
2016-11-12,20,False,B,6,Work Day,National,Ecuador,Quito,Pichincha
2016-11-12,21,False,B,6,Work Day,National,Ecuador,Santo Domingo,Santo Domingo de los Tsachilas
2016-11-12,22,False,C,7,Work Day,National,Ecuador,Puyo,Pastaza
2016-11-12,23,False,D,9,Work Day,National,Ecuador,Ambato,Tungurahua
2016-11-12,24,False,D,1,Work Day,National,Ecuador,Guayaquil,Guayas
2016-11-12,25,False,D,1,Work Day,National,Ecuador,Salinas,Santa Elena
2016-11-12,26,False,D,10,Work Day,National,Ecuador,Guayaquil,Guayas
2016-11-12,27,False,D,1,Work Day,National,Ecuador,Daule,Guayas
2016-11-12,28,False,E,10,Work Day,National,Ecuador,Guayaquil,Guayas
2016-11-12,29,False,E,10,Work Day,National,Ecuador,Guayaquil,Guayas
2016-11-12,30,False,C,3,Work Day,National,Ecuador,Guayaquil,Guayas
2016-11-12,31,False,B,10,Work Day,National,Ecuador,Babahoyo,Los Rios
2016-11-12,32,False,C,3,Work Day,National,Ecuador,Guayaquil,Guayas
2016-11-12,33,False,C,3,Work Day,National,Ecuador,Quevedo,Los Rios
2016-11-12,34,False,B,6,Work Day,National,Ecuador,Guayaquil,Guayas
2016-11-12,35,False,C,3,Work Day,National,Ecuador,Playas,Guayas
2016-11-12,36,False,E,10,Work Day,National,Ecuador,Libertad,Guayas
2016-11-12,37,False,D,2,Work Day,National,Ecuador,Cuenca,Azuay
2016-11-12,38,False,D,4,Work Day,National,Ecuador,Loja,Loja
2016-11-12,39,False,B,6,Work Day,National,Ecuador,Cuenca,Azuay
2016-11-12,40,False,C,3,Work Day,National,Ecuador,Machala,El Oro
2016-11-12,41,False,D,4,Work Day,National,Ecuador,Machala,El Oro
2016-11-12,42,False,D,2,Work Day,National,Ecuador,Cuenca,Azuay
2016-11-12,43,False,E,10,Work Day,National,Ecuador,Esmeraldas,Esmeraldas
2016-11-12,44,False,A,5,Work Day,National,Ecuador,Quito,Pichincha
2016-11-12,45,False,A,11,Work Day,National,Ecuador,Quito,Pichincha
2016-11-12,46,False,A,14,Work Day,National,Ecuador,Quito,Pichincha
2016-11-12,47,False,A,14,Work Day,National,Ecuador,Quito,Pichincha
2016-11-12,48,False,A,14,Work Day,National,Ecuador,Quito,Pichincha
2016-11-12,49,False,A,11,Work Day,National,Ecuador,Quito,Pichincha
2016-11-12,50,False,A,14,Work Day,National,Ecuador,Ambato,Tungurahua
2016-11-12,51,False,A,17,Work Day,National,Ecuador,Guayaquil,Guayas
2016-11-12,52,False,A,11,Work Day,National,Ecuador,Manta,Manabi
2016-11-12,53,False,D,13,Work Day,National,Ecuador,Manta,Manabi
2016-11-12,54,False,C,3,Work Day,National,Ecuador,El Carmen,Manabi
2016-11-25,1,True,D,13,Event,National,Ecuador,Quito,Pichincha
2016-11-25,2,True,D,13,Event,National,Ecuador,Quito,Pichincha
2016-11-25,3,True,D,8,Event,National,Ecuador,Quito,Pichincha
2016-11-25,4,True,D,9,Event,National,Ecuador,Quito,Pichincha
2016-11-25,5,True,D,4,Event,National,Ecuador,Santo Domingo,Santo Domingo de los Tsachilas
2016-11-25,6,True,D,13,Event,National,Ecuador,Quito,Pichincha
2016-11-25,7,True,D,8,Event,National,Ecuador,Quito,Pichincha
2016-11-25,8,True,D,8,Event,National,Ecuador,Quito,Pichincha
2016-11-25,9,True,B,6,Event,National,Ecuador,Quito,Pichincha
2016-11-25,10,True,C,15,Event,National,Ecuador,Quito,Pichincha
2016-11-25,11,True,B,6,Event,National,Ecuador,Cayambe,Pichincha
2016-11-25,12,True,C,15,Event,National,Ecuador,Latacunga,Cotopaxi
2016-11-25,13,True,C,15,Event,National,Ecuador,Latacunga,Cotopaxi
2016-11-25,14,True,C,7,Event,National,Ecuador,Riobamba,Chimborazo
2016-11-25,15,True,C,15,Event,National,Ecuador,Ibarra,Imbabura
2016-11-25,16,True,C,3,Event,National,Ecuador,Santo Domingo,Santo Domingo de los Tsachilas
2016-11-25,17,True,C,12,Event,National,Ecuador,Quito,Pichincha
2016-11-25,18,True,B,16,Event,National,Ecuador,Quito,Pichincha
2016-11-25,19,True,C,15,Event,National,Ecuador,Guaranda,Bolivar
2016-11-25,20,True,B,6,Event,National,Ecuador,Quito,Pichincha
2016-11-25,21,True,B,6,Event,National,Ecuador,Santo Domingo,Santo Domingo de los Tsachilas
2016-11-25,22,True,C,7,Event,National,Ecuador,Puyo,Pastaza
2016-11-25,23,True,D,9,Event,National,Ecuador,Ambato,Tungurahua
2016-11-25,24,True,D,1,Event,National,Ecuador,Guayaquil,Guayas
2016-11-25,25,True,D,1,Event,National,Ecuador,Salinas,Santa Elena
2016-11-25,26,True,D,10,Event,National,Ecuador,Guayaquil,Guayas
2016-11-25,27,True,D,1,Event,National,Ecuador,Daule,Guayas
2016-11-25,28,True,E,10,Event,National,Ecuador,Guayaquil,Guayas
2016-11-25,29,True,E,10,Event,National,Ecuador,Guayaquil,Guayas
2016-11-25,30,True,C,3,Event,National,Ecuador,Guayaquil,Guayas
2016-11-25,31,True,B,10,Event,National,Ecuador,Babahoyo,Los Rios
2016-11-25,32,True,C,3,Event,National,Ecuador,Guayaquil,Guayas
2016-11-25,33,True,C,3,Event,National,Ecuador,Quevedo,Los Rios
2016-11-25,34,True,B,6,Event,National,Ecuador,Guayaquil,Guayas
2016-11-25,35,True,C,3,Event,National,Ecuador,Playas,Guayas
2016-11-25,36,True,E,10,Event,National,Ecuador,Libertad,Guayas
2016-11-25,37,True,D,2,Event,National,Ecuador,Cuenca,Azuay
2016-11-25,38,True,D,4,Event,National,Ecuador,Loja,Loja
2016-11-25,39,True,B,6,Event,National,Ecuador,Cuenca,Azuay
2016-11-25,40,True,C,3,Event,National,Ecuador,Machala,El Oro
2016-11-25,41,True,D,4,Event,National,Ecuador,Machala,El Oro
2016-11-25,42,True,D,2,Event,National,Ecuador,Cuenca,Azuay
2016-11-25,43,True,E,10,Event,National,Ecuador,Esmeraldas,Esmeraldas
2016-11-25,44,True,A,5,Event,National,Ecuador,Quito,Pichincha
2016-11-25,45,True,A,11,Event,National,Ecuador,Quito,Pichincha
2016-11-25,46,True,A,14,Event,National,Ecuador,Quito,Pichincha
2016-11-25,47,True,A,14,Event,National,Ecuador,Quito,Pichincha
2016-11-25,48,True,A,14,Event,National,Ecuador,Quito,Pichincha
2016-11-25,49,True,A,11,Event,National,Ecuador,Quito,Pichincha
2016-11-25,50,True,A,14,Event,National,Ecuador,Ambato,Tungurahua
2016-11-25,51,True,A,17,Event,National,Ecuador,Guayaquil,Guayas
2016-11-25,52,True,A,11,Event,National,Ecuador,Manta,Manabi
2016-11-25,53,True,D,13,Event,National,Ecuador,Manta,Manabi
2016-11-25,54,True,C,3,Event,National,Ecuador,El Carmen,Manabi
2016-11-28,1,True,D,13,Event,National,Ecuador,Quito,Pichincha
2016-11-28,2,True,D,13,Event,National,Ecuador,Quito,Pichincha
2016-11-28,3,True,D,8,Event,National,Ecuador,Quito,Pichincha
2016-11-28,4,True,D,9,Event,National,Ecuador,Quito,Pichincha
2016-11-28,5,True,D,4,Event,National,Ecuador,Santo Domingo,Santo Domingo de los Tsachilas
2016-11-28,6,True,D,13,Event,National,Ecuador,Quito,Pichincha
2016-11-28,7,True,D,8,Event,National,Ecuador,Quito,Pichincha
2016-11-28,8,True,D,8,Event,National,Ecuador,Quito,Pichincha
2016-11-28,9,True,B,6,Event,National,Ecuador,Quito,Pichincha
2016-11-28,10,True,C,15,Event,National,Ecuador,Quito,Pichincha
2016-11-28,11,True,B,6,Event,National,Ecuador,Cayambe,Pichincha
2016-11-28,12,True,C,15,Event,National,Ecuador,Latacunga,Cotopaxi
2016-11-28,13,True,C,15,Event,National,Ecuador,Latacunga,Cotopaxi
2016-11-28,14,True,C,7,Event,National,Ecuador,Riobamba,Chimborazo
2016-11-28,15,True,C,15,Event,National,Ecuador,Ibarra,Imbabura
2016-11-28,16,True,C,3,Event,National,Ecuador,Santo Domingo,Santo Domingo de los Tsachilas
2016-11-28,17,True,C,12,Event,National,Ecuador,Quito,Pichincha
2016-11-28,18,True,B,16,Event,National,Ecuador,Quito,Pichincha
2016-11-28,19,True,C,15,Event,National,Ecuador,Guaranda,Bolivar
2016-11-28,20,True,B,6,Event,National,Ecuador,Quito,Pichincha
2016-11-28,21,True,B,6,Event,National,Ecuador,Santo Domingo,Santo Domingo de los Tsachilas
2016-11-28,22,True,C,7,Event,National,Ecuador,Puyo,Pastaza
2016-11-28,23,True,D,9,Event,National,Ecuador,Ambato,Tungurahua
2016-11-28,24,True,D,1,Event,National,Ecuador,Guayaquil,Guayas
2016-11-28,25,True,D,1,Event,National,Ecuador,Salinas,Santa Elena
2016-11-28,26,True,D,10,Event,National,Ecuador,Guayaquil,Guayas
2016-11-28,27,True,D,1,Event,National,Ecuador,Daule,Guayas
2016-11-28,28,True,E,10,Event,National,Ecuador,Guayaquil,Guayas
2016-11-28,29,True,E,10,Event,National,Ecuador,Guayaquil,Guayas
2016-11-28,30,True,C,3,Event,National,Ecuador,Guayaquil,Guayas
2016-11-28,31,True,B,10,Event,National,Ecuador,Babahoyo,Los Rios
2016-11-28,32,True,C,3,Event,National,Ecuador,Guayaquil,Guayas
2016-11-28,33,True,C,3,Event,National,Ecuador,Quevedo,Los Rios
2016-11-28,34,True,B,6,Event,National,Ecuador,Guayaquil,Guayas
2016-11-28,35,True,C,3,Event,National,Ecuador,Playas,Guayas
2016-11-28,36,True,E,10,Event,National,Ecuador,Libertad,Guayas
2016-11-28,37,True,D,2,Event,National,Ecuador,Cuenca,Azuay
2016-11-28,38,True,D,4,Event,National,Ecuador,Loja,Loja
2016-11-28,39,True,B,6,Event,National,Ecuador,Cuenca,Azuay
2016-11-28,40,True,C,3,Event,National,Ecuador,Machala,El Oro
2016-11-28,41,True,D,4,Event,National,Ecuador,Machala,El Oro
2016-11-28,42,True,D,2,Event,National,Ecuador,Cuenca,Azuay
2016-11-28,43,True,E,10,Event,National,Ecuador,Esmeraldas,Esmeraldas
2016-11-28,44,True,A,5,Event,National,Ecuador,Quito,Pichincha
2016-11-28,45,True,A,11,Event,National,Ecuador,Quito,Pichincha
2016-11-28,46,True,A,14,Event,National,Ecuador,Quito,Pichincha
2016-11-28,47,True,A,14,Event,National,Ecuador,Quito,Pichincha
2016-11-28,48,True,A,14,Event,National,Ecuador,Quito,Pichincha
2016-11-28,49,True,A,11,Event,National,Ecuador,Quito,Pichincha
2016-11-28,50,True,A,14,Event,National,Ecuador,Ambato,Tungurahua
2016-11-28,51,True,A,17,Event,National,Ecuador,Guayaquil,Guayas
2016-11-28,52,True,A,11,Event,National,Ecuador,Manta,Manabi
2016-11-28,53,True,D,13,Event,National,Ecuador,Manta,Manabi
2016-11-28,54,True,C,3,Event,National,Ecuador,El Carmen,Manabi
2016-12-21,1,True,D,13,Additional,National,Ecuador,Quito,Pichincha
2016-12-21,2,True,D,13,Additional,National,Ecuador,Quito,Pichincha
2016-12-21,3,True,D,8,Additional,National,Ecuador,Quito,Pichincha
2016-12-21,4,True,D,9,Additional,National,Ecuador,Quito,Pichincha
2016-12-21,5,True,D,4,Additional,National,Ecuador,Santo Domingo,Santo Domingo de los Tsachilas
2016-12-21,6,True,D,13,Additional,National,Ecuador,Quito,Pichincha
2016-12-21,7,True,D,8,Additional,National,Ecuador,Quito,Pichincha
2016-12-21,8,True,D,8,Additional,National,Ecuador,Quito,Pichincha
2016-12-21,9,True,B,6,Additional,National,Ecuador,Quito,Pichincha
2016-12-21,10,True,C,15,Additional,National,Ecuador,Quito,Pichincha
2016-12-21,11,True,B,6,Additional,National,Ecuador,Cayambe,Pichincha
2016-12-21,12,True,C,15,Additional,National,Ecuador,Latacunga,Cotopaxi
2016-12-21,13,True,C,15,Additional,National,Ecuador,Latacunga,Cotopaxi
2016-12-21,14,True,C,7,Additional,National,Ecuador,Riobamba,Chimborazo
2016-12-21,15,True,C,15,Additional,National,Ecuador,Ibarra,Imbabura
2016-12-21,16,True,C,3,Additional,National,Ecuador,Santo Domingo,Santo Domingo de los Tsachilas
2016-12-21,17,True,C,12,Additional,National,Ecuador,Quito,Pichincha
2016-12-21,18,True,B,16,Additional,National,Ecuador,Quito,Pichincha
2016-12-21,19,True,C,15,Additional,National,Ecuador,Guaranda,Bolivar
2016-12-21,20,True,B,6,Additional,National,Ecuador,Quito,Pichincha
2016-12-21,21,True,B,6,Additional,National,Ecuador,Santo Domingo,Santo Domingo de los Tsachilas
2016-12-21,22,True,C,7,Additional,National,Ecuador,Puyo,Pastaza
2016-12-21,23,True,D,9,Additional,National,Ecuador,Ambato,Tungurahua
2016-12-21,24,True,D,1,Additional,National,Ecuador,Guayaquil,Guayas
2016-12-21,25,True,D,1,Additional,National,Ecuador,Salinas,Santa Elena
2016-12-21,26,True,D,10,Additional,National,Ecuador,Guayaquil,Guayas
2016-12-21,27,True,D,1,Additional,National,Ecuador,Daule,Guayas
2016-12-21,28,True,E,10,Additional,National,Ecuador,Guayaquil,Guayas
2016-12-21,29,True,E,10,Additional,National,Ecuador,Guayaquil,Guayas
2016-12-21,30,True,C,3,Additional,National,Ecuador,Guayaquil,Guayas
2016-12-21,31,True,B,10,Additional,National,Ecuador,Babahoyo,Los Rios
2016-12-21,32,True,C,3,Additional,National,Ecuador,Guayaquil,Guayas
2016-12-21,33,True,C,3,Additional,National,Ecuador,Quevedo,Los Rios
2016-12-21,34,True,B,6,Additional,National,Ecuador,Guayaquil,Guayas
2016-12-21,35,True,C,3,Additional,National,Ecuador,Playas,Guayas
2016-12-21,36,True,E,10,Additional,National,Ecuador,Libertad,Guayas
2016-12-21,37,True,D,2,Additional,National,Ecuador,Cuenca,Azuay
2016-12-21,38,True,D,4,Additional,National,Ecuador,Loja,Loja
2016-12-21,39,True,B,6,Additional,National,Ecuador,Cuenca,Azuay
2016-12-21,40,True,C,3,Additional,National,Ecuador,Machala,El Oro
2016-12-21,41,True,D,4,Additional,National,Ecuador,Machala,El Oro
2016-12-21,42,True,D,2,Additional,National,Ecuador,Cuenca,Azuay
2016-12-21,43,True,E,10,Additional,National,Ecuador,Esmeraldas,Esmeraldas
2016-12-21,44,True,A,5,Additional,National,Ecuador,Quito,Pichincha
2016-12-21,45,True,A,11,Additional,National,Ecuador,Quito,Pichincha
2016-12-21,46,True,A,14,Additional,National,Ecuador,Quito,Pichincha
2016-12-21,47,True,A,14,Additional,National,Ecuador,Quito,Pichincha
2016-12-21,48,True,A,14,Additional,National,Ecuador,Quito,Pichincha
2016-12-21,49,True,A,11,Additional,National,Ecuador,Quito,Pichincha
2016-12-21,50,True,A,14,Additional,National,Ecuador,Ambato,Tungurahua
2016-12-21,51,True,A,17,Additional,National,Ecuador,Guayaquil,Guayas
2016-12-21,52,True,A,11,Additional,National,Ecuador,Manta,Manabi
2016-12-21,53,True,D,13,Additional,National,Ecuador,Manta,Manabi
2016-12-21,54,True,C,3,Additional,National,Ecuador,El Carmen,Manabi
2016-12-22,1,True,D,13,Additional,National,Ecuador,Quito,Pichincha
2016-12-22,2,True,D,13,Additional,National,Ecuador,Quito,Pichincha
2016-12-22,3,True,D,8,Additional,National,Ecuador,Quito,Pichincha
2016-12-22,4,True,D,9,Additional,National,Ecuador,Quito,Pichincha
2016-12-22,5,True,D,4,Additional,National,Ecuador,Santo Domingo,Santo Domingo de los Tsachilas
2016-12-22,6,True,D,13,Additional,National,Ecuador,Quito,Pichincha
2016-12-22,7,True,D,8,Additional,National,Ecuador,Quito,Pichincha
2016-12-22,8,True,D,8,Additional,National,Ecuador,Quito,Pichincha
2016-12-22,9,True,B,6,Additional,National,Ecuador,Quito,Pichincha
2016-12-22,10,True,C,15,Additional,National,Ecuador,Quito,Pichincha
2016-12-22,11,True,B,6,Additional,National,Ecuador,Cayambe,Pichincha
2016-12-22,12,True,C,15,Additional,National,Ecuador,Latacunga,Cotopaxi
2016-12-22,13,True,C,15,Additional,National,Ecuador,Latacunga,Cotopaxi
2016-12-22,14,True,C,7,Additional,National,Ecuador,Riobamba,Chimborazo
2016-12-22,15,True,C,15,Additional,National,Ecuador,Ibarra,Imbabura
2016-12-22,16,True,C,3,Additional,National,Ecuador,Santo Domingo,Santo Domingo de los Tsachilas
2016-12-22,17,True,C,12,Additional,National,Ecuador,Quito,Pichincha
2016-12-22,18,True,B,16,Additional,National,Ecuador,Quito,Pichincha
2016-12-22,19,True,C,15,Additional,National,Ecuador,Guaranda,Bolivar
2016-12-22,20,True,B,6,Additional,National,Ecuador,Quito,Pichincha
2016-12-22,21,True,B,6,Additional,National,Ecuador,Santo Domingo,Santo Domingo de los Tsachilas
2016-12-22,22,True,C,7,Additional,National,Ecuador,Puyo,Pastaza
2016-12-22,23,True,D,9,Additional,National,Ecuador,Ambato,Tungurahua
2016-12-22,24,True,D,1,Additional,National,Ecuador,Guayaquil,Guayas
2016-12-22,25,True,D,1,Additional,National,Ecuador,Salinas,Santa Elena
2016-12-22,26,True,D,10,Additional,National,Ecuador,Guayaquil,Guayas
2016-12-22,27,True,D,1,Additional,National,Ecuador,Daule,Guayas
2016-12-22,28,True,E,10,Additional,National,Ecuador,Guayaquil,Guayas
2016-12-22,29,True,E,10,Additional,National,Ecuador,Guayaquil,Guayas
2016-12-22,30,True,C,3,Additional,National,Ecuador,Guayaquil,Guayas
2016-12-22,31,True,B,10,Additional,National,Ecuador,Babahoyo,Los Rios
2016-12-22,32,True,C,3,Additional,National,Ecuador,Guayaquil,Guayas
2016-12-22,33,True,C,3,Additional,National,Ecuador,Quevedo,Los Rios
2016-12-22,34,True,B,6,Additional,National,Ecuador,Guayaquil,Guayas
2016-12-22,35,True,C,3,Additional,National,Ecuador,Playas,Guayas
2016-12-22,36,True,E,10,Additional,National,Ecuador,Libertad,Guayas
2016-12-22,37,True,D,2,Additional,National,Ecuador,Cuenca,Azuay
2016-12-22,38,True,D,4,Additional,National,Ecuador,Loja,Loja
2016-12-22,39,True,B,6,Additional,National,Ecuador,Cuenca,Azuay
2016-12-22,40,True,C,3,Additional,National,Ecuador,Machala,El Oro
2016-12-22,41,True,D,4,Additional,National,Ecuador,Machala,El Oro
2016-12-22,42,True,D,2,Additional,National,Ecuador,Cuenca,Azuay
2016-12-22,43,True,E,10,Additional,National,Ecuador,Esmeraldas,Esmeraldas
2016-12-22,44,True,A,5,Additional,National,Ecuador,Quito,Pichincha
2016-12-22,45,True,A,11,Additional,National,Ecuador,Quito,Pichincha
2016-12-22,46,True,A,14,Additional,National,Ecuador,Quito,Pichincha
2016-12-22,47,True,A,14,Additional,National,Ecuador,Quito,Pichincha
2016-12-22,48,True,A,14,Additional,National,Ecuador,Quito,Pichincha
2016-12-22,49,True,A,11,Additional,National,Ecuador,Quito,Pichincha
2016-12-22,50,True,A,14,Additional,National,Ecuador,Ambato,Tungurahua
2016-12-22,51,True,A,17,Additional,National,Ecuador,Guayaquil,Guayas
2016-12-22,52,True,A,11,Additional,National,Ecuador,Manta,Manabi
2016-12-22,53,True,D,13,Additional,National,Ecuador,Manta,Manabi
2016-12-22,54,True,C,3,Additional,National,Ecuador,El Carmen,Manabi
2016-12-23,1,True,D,13,Additional,National,Ecuador,Quito,Pichincha
2016-12-23,2,True,D,13,Additional,National,Ecuador,Quito,Pichincha
2016-12-23,3,True,D,8,Additional,National,Ecuador,Quito,Pichincha
2016-12-23,4,True,D,9,Additional,National,Ecuador,Quito,Pichincha
2016-12-23,5,True,D,4,Additional,National,Ecuador,Santo Domingo,Santo Domingo de los Tsachilas
2016-12-23,6,True,D,13,Additional,National,Ecuador,Quito,Pichincha
2016-12-23,7,True,D,8,Additional,National,Ecuador,Quito,Pichincha
2016-12-23,8,True,D,8,Additional,National,Ecuador,Quito,Pichincha
2016-12-23,9,True,B,6,Additional,National,Ecuador,Quito,Pichincha
2016-12-23,10,True,C,15,Additional,National,Ecuador,Quito,Pichincha
2016-12-23,11,True,B,6,Additional,National,Ecuador,Cayambe,Pichincha
2016-12-23,12,True,C,15,Additional,National,Ecuador,Latacunga,Cotopaxi
2016-12-23,13,True,C,15,Additional,National,Ecuador,Latacunga,Cotopaxi
2016-12-23,14,True,C,7,Additional,National,Ecuador,Riobamba,Chimborazo
2016-12-23,15,True,C,15,Additional,National,Ecuador,Ibarra,Imbabura
2016-12-23,16,True,C,3,Additional,National,Ecuador,Santo Domingo,Santo Domingo de los Tsachilas
2016-12-23,17,True,C,12,Additional,National,Ecuador,Quito,Pichincha
2016-12-23,18,True,B,16,Additional,National,Ecuador,Quito,Pichincha
2016-12-23,19,True,C,15,Additional,National,Ecuador,Guaranda,Bolivar
2016-12-23,20,True,B,6,Additional,National,Ecuador,Quito,Pichincha
2016-12-23,21,True,B,6,Additional,National,Ecuador,Santo Domingo,Santo Domingo de los Tsachilas
2016-12-23,22,True,C,7,Additional,National,Ecuador,Puyo,Pastaza
2016-12-23,23,True,D,9,Additional,National,Ecuador,Ambato,Tungurahua
2016-12-23,24,True,D,1,Additional,National,Ecuador,Guayaquil,Guayas
2016-12-23,25,True,D,1,Additional,National,Ecuador,Salinas,Santa Elena
2016-12-23,26,True,D,10,Additional,National,Ecuador,Guayaquil,Guayas
2016-12-23,27,True,D,1,Additional,National,Ecuador,Daule,Guayas
2016-12-23,28,True,E,10,Additional,National,Ecuador,Guayaquil,Guayas
2016-12-23,29,True,E,10,Additional,National,Ecuador,Guayaquil,Guayas
2016-12-23,30,True,C,3,Additional,National,Ecuador,Guayaquil,Guayas
2016-12-23,31,True,B,10,Additional,National,Ecuador,Babahoyo,Los Rios
2016-12-23,32,True,C,3,Additional,National,Ecuador,Guayaquil,Guayas
2016-12-23,33,True,C,3,Additional,National,Ecuador,Quevedo,Los Rios
2016-12-23,34,True,B,6,Additional,National,Ecuador,Guayaquil,Guayas
2016-12-23,35,True,C,3,Additional,National,Ecuador,Playas,Guayas
2016-12-23,36,True,E,10,Additional,National,Ecuador,Libertad,Guayas
2016-12-23,37,True,D,2,Additional,National,Ecuador,Cuenca,Azuay
2016-12-23,38,True,D,4,Additional,National,Ecuador,Loja,Loja
2016-12-23,39,True,B,6,Additional,National,Ecuador,Cuenca,Azuay
2016-12-23,40,True,C,3,Additional,National,Ecuador,Machala,El Oro
2016-12-23,41,True,D,4,Additional,National,Ecuador,Machala,El Oro
2016-12-23,42,True,D,2,Additional,National,Ecuador,Cuenca,Azuay
2016-12-23,43,True,E,10,Additional,National,Ecuador,Esmeraldas,Esmeraldas
2016-12-23,44,True,A,5,Additional,National,Ecuador,Quito,Pichincha
2016-12-23,45,True,A,11,Additional,National,Ecuador,Quito,Pichincha
2016-12-23,46,True,A,14,Additional,National,Ecuador,Quito,Pichincha
2016-12-23,47,True,A,14,Additional,National,Ecuador,Quito,Pichincha
2016-12-23,48,True,A,14,Additional,National,Ecuador,Quito,Pichincha
2016-12-23,49,True,A,11,Additional,National,Ecuador,Quito,Pichincha
2016-12-23,50,True,A,14,Additional,National,Ecuador,Ambato,Tungurahua
2016-12-23,51,True,A,17,Additional,National,Ecuador,Guayaquil,Guayas
2016-12-23,52,True,A,11,Additional,National,Ecuador,Manta,Manabi
2016-12-23,53,True,D,13,Additional,National,Ecuador,Manta,Manabi
2016-12-23,54,True,C,3,Additional,National,Ecuador,El Carmen,Manabi
2016-12-24,1,True,D,13,Additional,National,Ecuador,Quito,Pichincha
2016-12-24,2,True,D,13,Additional,National,Ecuador,Quito,Pichincha
2016-12-24,3,True,D,8,Additional,National,Ecuador,Quito,Pichincha
2016-12-24,4,True,D,9,Additional,National,Ecuador,Quito,Pichincha
2016-12-24,5,True,D,4,Additional,National,Ecuador,Santo Domingo,Santo Domingo de los Tsachilas
2016-12-24,6,True,D,13,Additional,National,Ecuador,Quito,Pichincha
2016-12-24,7,True,D,8,Additional,National,Ecuador,Quito,Pichincha
2016-12-24,8,True,D,8,Additional,National,Ecuador,Quito,Pichincha
2016-12-24,9,True,B,6,Additional,National,Ecuador,Quito,Pichincha
2016-12-24,10,True,C,15,Additional,National,Ecuador,Quito,Pichincha
2016-12-24,11,True,B,6,Additional,National,Ecuador,Cayambe,Pichincha
2016-12-24,12,True,C,15,Additional,National,Ecuador,Latacunga,Cotopaxi
2016-12-24,13,True,C,15,Additional,National,Ecuador,Latacunga,Cotopaxi
2016-12-24,14,True,C,7,Additional,National,Ecuador,Riobamba,Chimborazo
2016-12-24,15,True,C,15,Additional,National,Ecuador,Ibarra,Imbabura
2016-12-24,16,True,C,3,Additional,National,Ecuador,Santo Domingo,Santo Domingo de los Tsachilas
2016-12-24,17,True,C,12,Additional,National,Ecuador,Quito,Pichincha
2016-12-24,18,True,B,16,Additional,National,Ecuador,Quito,Pichincha
2016-12-24,19,True,C,15,Additional,National,Ecuador,Guaranda,Bolivar
2016-12-24,20,True,B,6,Additional,National,Ecuador,Quito,Pichincha
2016-12-24,21,True,B,6,Additional,National,Ecuador,Santo Domingo,Santo Domingo de los Tsachilas
2016-12-24,22,True,C,7,Additional,National,Ecuador,Puyo,Pastaza
2016-12-24,23,True,D,9,Additional,National,Ecuador,Ambato,Tungurahua
2016-12-24,24,True,D,1,Additional,National,Ecuador,Guayaquil,Guayas
2016-12-24,25,True,D,1,Additional,National,Ecuador,Salinas,Santa Elena
2016-12-24,26,True,D,10,Additional,National,Ecuador,Guayaquil,Guayas
2016-12-24,27,True,D,1,Additional,National,Ecuador,Daule,Guayas
2016-12-24,28,True,E,10,Additional,National,Ecuador,Guayaquil,Guayas
2016-12-24,29,True,E,10,Additional,National,Ecuador,Guayaquil,Guayas
2016-12-24,30,True,C,3,Additional,National,Ecuador,Guayaquil,Guayas
2016-12-24,31,True,B,10,Additional,National,Ecuador,Babahoyo,Los Rios
2016-12-24,32,True,C,3,Additional,National,Ecuador,Guayaquil,Guayas
2016-12-24,33,True,C,3,Additional,National,Ecuador,Quevedo,Los Rios
2016-12-24,34,True,B,6,Additional,National,Ecuador,Guayaquil,Guayas
2016-12-24,35,True,C,3,Additional,National,Ecuador,Playas,Guayas
2016-12-24,36,True,E,10,Additional,National,Ecuador,Libertad,Guayas
2016-12-24,37,True,D,2,Additional,National,Ecuador,Cuenca,Azuay
2016-12-24,38,True,D,4,Additional,National,Ecuador,Loja,Loja
2016-12-24,39,True,B,6,Additional,National,Ecuador,Cuenca,Azuay
2016-12-24,40,True,C,3,Additional,National,Ecuador,Machala,El Oro
2016-12-24,41,True,D,4,Additional,National,Ecuador,Machala,El Oro
2016-12-24,42,True,D,2,Additional,National,Ecuador,Cuenca,Azuay
2016-12-24,43,True,E,10,Additional,National,Ecuador,Esmeraldas,Esmeraldas
2016-12-24,44,True,A,5,Additional,National,Ecuador,Quito,Pichincha
2016-12-24,45,True,A,11,Additional,National,Ecuador,Quito,Pichincha
2016-12-24,46,True,A,14,Additional,National,Ecuador,Quito,Pichincha
2016-12-24,47,True,A,14,Additional,National,Ecuador,Quito,Pichincha
2016-12-24,48,True,A,14,Additional,National,Ecuador,Quito,Pichincha
2016-12-24,49,True,A,11,Additional,National,Ecuador,Quito,Pichincha
2016-12-24,50,True,A,14,Additional,National,Ecuador,Ambato,Tungurahua
2016-12-24,51,True,A,17,Additional,National,Ecuador,Guayaquil,Guayas
2016-12-24,52,True,A,11,Additional,National,Ecuador,Manta,Manabi
2016-12-24,53,True,D,13,Additional,National,Ecuador,Manta,Manabi
2016-12-24,54,True,C,3,Additional,National,Ecuador,El Carmen,Manabi
2016-12-25,1,True,D,13,Holiday,National,Ecuador,Quito,Pichincha
2016-12-25,2,True,D,13,Holiday,National,Ecuador,Quito,Pichincha
2016-12-25,3,True,D,8,Holiday,National,Ecuador,Quito,Pichincha
2016-12-25,4,True,D,9,Holiday,National,Ecuador,Quito,Pichincha
2016-12-25,5,True,D,4,Holiday,National,Ecuador,Santo Domingo,Santo Domingo de los Tsachilas
2016-12-25,6,True,D,13,Holiday,National,Ecuador,Quito,Pichincha
2016-12-25,7,True,D,8,Holiday,National,Ecuador,Quito,Pichincha
2016-12-25,8,True,D,8,Holiday,National,Ecuador,Quito,Pichincha
2016-12-25,9,True,B,6,Holiday,National,Ecuador,Quito,Pichincha
2016-12-25,10,True,C,15,Holiday,National,Ecuador,Quito,Pichincha
2016-12-25,11,True,B,6,Holiday,National,Ecuador,Cayambe,Pichincha
2016-12-25,12,True,C,15,Holiday,National,Ecuador,Latacunga,Cotopaxi
2016-12-25,13,True,C,15,Holiday,National,Ecuador,Latacunga,Cotopaxi
2016-12-25,14,True,C,7,Holiday,National,Ecuador,Riobamba,Chimborazo
2016-12-25,15,True,C,15,Holiday,National,Ecuador,Ibarra,Imbabura
2016-12-25,16,True,C,3,Holiday,National,Ecuador,Santo Domingo,Santo Domingo de los Tsachilas
2016-12-25,17,True,C,12,Holiday,National,Ecuador,Quito,Pichincha
2016-12-25,18,True,B,16,Holiday,National,Ecuador,Quito,Pichincha
2016-12-25,19,True,C,15,Holiday,National,Ecuador,Guaranda,Bolivar
2016-12-25,20,True,B,6,Holiday,National,Ecuador,Quito,Pichincha
2016-12-25,21,True,B,6,Holiday,National,Ecuador,Santo Domingo,Santo Domingo de los Tsachilas
2016-12-25,22,True,C,7,Holiday,National,Ecuador,Puyo,Pastaza
2016-12-25,23,True,D,9,Holiday,National,Ecuador,Ambato,Tungurahua
2016-12-25,24,True,D,1,Holiday,National,Ecuador,Guayaquil,Guayas
2016-12-25,25,True,D,1,Holiday,National,Ecuador,Salinas,Santa Elena
2016-12-25,26,True,D,10,Holiday,National,Ecuador,Guayaquil,Guayas
2016-12-25,27,True,D,1,Holiday,National,Ecuador,Daule,Guayas
2016-12-25,28,True,E,10,Holiday,National,Ecuador,Guayaquil,Guayas
2016-12-25,29,True,E,10,Holiday,National,Ecuador,Guayaquil,Guayas
2016-12-25,30,True,C,3,Holiday,National,Ecuador,Guayaquil,Guayas
2016-12-25,31,True,B,10,Holiday,National,Ecuador,Babahoyo,Los Rios
2016-12-25,32,True,C,3,Holiday,National,Ecuador,Guayaquil,Guayas
2016-12-25,33,True,C,3,Holiday,National,Ecuador,Quevedo,Los Rios
2016-12-25,34,True,B,6,Holiday,National,Ecuador,Guayaquil,Guayas
2016-12-25,35,True,C,3,Holiday,National,Ecuador,Playas,Guayas
2016-12-25,36,True,E,10,Holiday,National,Ecuador,Libertad,Guayas
2016-12-25,37,True,D,2,Holiday,National,Ecuador,Cuenca,Azuay
2016-12-25,38,True,D,4,Holiday,National,Ecuador,Loja,Loja
2016-12-25,39,True,B,6,Holiday,National,Ecuador,Cuenca,Azuay
2016-12-25,40,True,C,3,Holiday,National,Ecuador,Machala,El Oro
2016-12-25,41,True,D,4,Holiday,National,Ecuador,Machala,El Oro
2016-12-25,42,True,D,2,Holiday,National,Ecuador,Cuenca,Azuay
2016-12-25,43,True,E,10,Holiday,National,Ecuador,Esmeraldas,Esmeraldas
2016-12-25,44,True,A,5,Holiday,National,Ecuador,Quito,Pichincha
2016-12-25,45,True,A,11,Holiday,National,Ecuador,Quito,Pichincha
2016-12-25,46,True,A,14,Holiday,National,Ecuador,Quito,Pichincha
2016-12-25,47,True,A,14,Holiday,National,Ecuador,Quito,Pichincha
2016-12-25,48,True,A,14,Holiday,National,Ecuador,Quito,Pichincha
2016-12-25,49,True,A,11,Holiday,National,Ecuador,Quito,Pichincha
2016-12-25,50,True,A,14,Holiday,National,Ecuador,Ambato,Tungurahua
2016-12-25,51,True,A,17,Holiday,National,Ecuador,Guayaquil,Guayas
2016-12-25,52,True,A,11,Holiday,National,Ecuador,Manta,Manabi
2016-12-25,53,True,D,13,Holiday,National,Ecuador,Manta,Manabi
2016-12-25,54,True,C,3,Holiday,National,Ecuador,El Carmen,Manabi
2016-12-26,1,True,D,13,Additional,National,Ecuador,Quito,Pichincha
2016-12-26,2,True,D,13,Additional,National,Ecuador,Quito,Pichincha
2016-12-26,3,True,D,8,Additional,National,Ecuador,Quito,Pichincha
2016-12-26,4,True,D,9,Additional,National,Ecuador,Quito,Pichincha
2016-12-26,5,True,D,4,Additional,National,Ecuador,Santo Domingo,Santo Domingo de los Tsachilas
2016-12-26,6,True,D,13,Additional,National,Ecuador,Quito,Pichincha
2016-12-26,7,True,D,8,Additional,National,Ecuador,Quito,Pichincha
2016-12-26,8,True,D,8,Additional,National,Ecuador,Quito,Pichincha
2016-12-26,9,True,B,6,Additional,National,Ecuador,Quito,Pichincha
2016-12-26,10,True,C,15,Additional,National,Ecuador,Quito,Pichincha
2016-12-26,11,True,B,6,Additional,National,Ecuador,Cayambe,Pichincha
2016-12-26,12,True,C,15,Additional,National,Ecuador,Latacunga,Cotopaxi
2016-12-26,13,True,C,15,Additional,National,Ecuador,Latacunga,Cotopaxi
2016-12-26,14,True,C,7,Additional,National,Ecuador,Riobamba,Chimborazo
2016-12-26,15,True,C,15,Additional,National,Ecuador,Ibarra,Imbabura
2016-12-26,16,True,C,3,Additional,National,Ecuador,Santo Domingo,Santo Domingo de los Tsachilas
2016-12-26,17,True,C,12,Additional,National,Ecuador,Quito,Pichincha
2016-12-26,18,True,B,16,Additional,National,Ecuador,Quito,Pichincha
2016-12-26,19,True,C,15,Additional,National,Ecuador,Guaranda,Bolivar
2016-12-26,20,True,B,6,Additional,National,Ecuador,Quito,Pichincha
2016-12-26,21,True,B,6,Additional,National,Ecuador,Santo Domingo,Santo Domingo de los Tsachilas
2016-12-26,22,True,C,7,Additional,National,Ecuador,Puyo,Pastaza
2016-12-26,23,True,D,9,Additional,National,Ecuador,Ambato,Tungurahua
2016-12-26,24,True,D,1,Additional,National,Ecuador,Guayaquil,Guayas
2016-12-26,25,True,D,1,Additional,National,Ecuador,Salinas,Santa Elena
2016-12-26,26,True,D,10,Additional,National,Ecuador,Guayaquil,Guayas
2016-12-26,27,True,D,1,Additional,National,Ecuador,Daule,Guayas
2016-12-26,28,True,E,10,Additional,National,Ecuador,Guayaquil,Guayas
2016-12-26,29,True,E,10,Additional,National,Ecuador,Guayaquil,Guayas
2016-12-26,30,True,C,3,Additional,National,Ecuador,Guayaquil,Guayas
2016-12-26,31,True,B,10,Additional,National,Ecuador,Babahoyo,Los Rios
2016-12-26,32,True,C,3,Additional,National,Ecuador,Guayaquil,Guayas
2016-12-26,33,True,C,3,Additional,National,Ecuador,Quevedo,Los Rios
2016-12-26,34,True,B,6,Additional,National,Ecuador,Guayaquil,Guayas
2016-12-26,35,True,C,3,Additional,National,Ecuador,Playas,Guayas
2016-12-26,36,True,E,10,Additional,National,Ecuador,Libertad,Guayas
2016-12-26,37,True,D,2,Additional,National,Ecuador,Cuenca,Azuay
2016-12-26,38,True,D,4,Additional,National,Ecuador,Loja,Loja
2016-12-26,39,True,B,6,Additional,National,Ecuador,Cuenca,Azuay
2016-12-26,40,True,C,3,Additional,National,Ecuador,Machala,El Oro
2016-12-26,41,True,D,4,Additional,National,Ecuador,Machala,El Oro
2016-12-26,42,True,D,2,Additional,National,Ecuador,Cuenca,Azuay
2016-12-26,43,True,E,10,Additional,National,Ecuador,Esmeraldas,Esmeraldas
2016-12-26,44,True,A,5,Additional,National,Ecuador,Quito,Pichincha
2016-12-26,45,True,A,11,Additional,National,Ecuador,Quito,Pichincha
2016-12-26,46,True,A,14,Additional,National,Ecuador,Quito,Pichincha
2016-12-26,47,True,A,14,Additional,National,Ecuador,Quito,Pichincha
2016-12-26,48,True,A,14,Additional,National,Ecuador,Quito,Pichincha
2016-12-26,49,True,A,11,Additional,National,Ecuador,Quito,Pichincha
2016-12-26,50,True,A,14,Additional,National,Ecuador,Ambato,Tungurahua
2016-12-26,51,True,A,17,Additional,National,Ecuador,Guayaquil,Guayas
2016-12-26,52,True,A,11,Additional,National,Ecuador,Manta,Manabi
2016-12-26,53,True,D,13,Additional,National,Ecuador,Manta,Manabi
2016-12-26,54,True,C,3,Additional,National,Ecuador,El Carmen,Manabi
2016-12-31,1,True,D,13,Additional,National,Ecuador,Quito,Pichincha
2016-12-31,2,True,D,13,Additional,National,Ecuador,Quito,Pichincha
2016-12-31,3,True,D,8,Additional,National,Ecuador,Quito,Pichincha
2016-12-31,4,True,D,9,Additional,National,Ecuador,Quito,Pichincha
2016-12-31,5,True,D,4,Additional,National,Ecuador,Santo Domingo,Santo Domingo de los Tsachilas
2016-12-31,6,True,D,13,Additional,National,Ecuador,Quito,Pichincha
2016-12-31,7,True,D,8,Additional,National,Ecuador,Quito,Pichincha
2016-12-31,8,True,D,8,Additional,National,Ecuador,Quito,Pichincha
2016-12-31,9,True,B,6,Additional,National,Ecuador,Quito,Pichincha
2016-12-31,10,True,C,15,Additional,National,Ecuador,Quito,Pichincha
2016-12-31,11,True,B,6,Additional,National,Ecuador,Cayambe,Pichincha
2016-12-31,12,True,C,15,Additional,National,Ecuador,Latacunga,Cotopaxi
2016-12-31,13,True,C,15,Additional,National,Ecuador,Latacunga,Cotopaxi
2016-12-31,14,True,C,7,Additional,National,Ecuador,Riobamba,Chimborazo
2016-12-31,15,True,C,15,Additional,National,Ecuador,Ibarra,Imbabura
2016-12-31,16,True,C,3,Additional,National,Ecuador,Santo Domingo,Santo Domingo de los Tsachilas
2016-12-31,17,True,C,12,Additional,National,Ecuador,Quito,Pichincha
2016-12-31,18,True,B,16,Additional,National,Ecuador,Quito,Pichincha
2016-12-31,19,True,C,15,Additional,National,Ecuador,Guaranda,Bolivar
2016-12-31,20,True,B,6,Additional,National,Ecuador,Quito,Pichincha
2016-12-31,21,True,B,6,Additional,National,Ecuador,Santo Domingo,Santo Domingo de los Tsachilas
2016-12-31,22,True,C,7,Additional,National,Ecuador,Puyo,Pastaza
2016-12-31,23,True,D,9,Additional,National,Ecuador,Ambato,Tungurahua
2016-12-31,24,True,D,1,Additional,National,Ecuador,Guayaquil,Guayas
2016-12-31,25,True,D,1,Additional,National,Ecuador,Salinas,Santa Elena
2016-12-31,26,True,D,10,Additional,National,Ecuador,Guayaquil,Guayas
2016-12-31,27,True,D,1,Additional,National,Ecuador,Daule,Guayas
2016-12-31,28,True,E,10,Additional,National,Ecuador,Guayaquil,Guayas
2016-12-31,29,True,E,10,Additional,National,Ecuador,Guayaquil,Guayas
2016-12-31,30,True,C,3,Additional,National,Ecuador,Guayaquil,Guayas
2016-12-31,31,True,B,10,Additional,National,Ecuador,Babahoyo,Los Rios
2016-12-31,32,True,C,3,Additional,National,Ecuador,Guayaquil,Guayas
2016-12-31,33,True,C,3,Additional,National,Ecuador,Quevedo,Los Rios
2016-12-31,34,True,B,6,Additional,National,Ecuador,Guayaquil,Guayas
2016-12-31,35,True,C,3,Additional,National,Ecuador,Playas,Guayas
2016-12-31,36,True,E,10,Additional,National,Ecuador,Libertad,Guayas
2016-12-31,37,True,D,2,Additional,National,Ecuador,Cuenca,Azuay
2016-12-31,38,True,D,4,Additional,National,Ecuador,Loja,Loja
2016-12-31,39,True,B,6,Additional,National,Ecuador,Cuenca,Azuay
2016-12-31,40,True,C,3,Additional,National,Ecuador,Machala,El Oro
2016-12-31,41,True,D,4,Additional,National,Ecuador,Machala,El Oro
2016-12-31,42,True,D,2,Additional,National,Ecuador,Cuenca,Azuay
2016-12-31,43,True,E,10,Additional,National,Ecuador,Esmeraldas,Esmeraldas
2016-12-31,44,True,A,5,Additional,National,Ecuador,Quito,Pichincha
2016-12-31,45,True,A,11,Additional,National,Ecuador,Quito,Pichincha
2016-12-31,46,True,A,14,Additional,National,Ecuador,Quito,Pichincha
2016-12-31,47,True,A,14,Additional,National,Ecuador,Quito,Pichincha
2016-12-31,48,True,A,14,Additional,National,Ecuador,Quito,Pichincha
2016-12-31,49,True,A,11,Additional,National,Ecuador,Quito,Pichincha
2016-12-31,50,True,A,14,Additional,National,Ecuador,Ambato,Tungurahua
2016-12-31,51,True,A,17,Additional,National,Ecuador,Guayaquil,Guayas
2016-12-31,52,True,A,11,Additional,National,Ecuador,Manta,Manabi
2016-12-31,53,True,D,13,Additional,National,Ecuador,Manta,Manabi
2016-12-31,54,True,C,3,Additional,National,Ecuador,El Carmen,Manabi
2017-01-01,1,False,D,13,Holiday,National,Ecuador,Quito,Pichincha
2017-01-01,2,False,D,13,Holiday,National,Ecuador,Quito,Pichincha
2017-01-01,3,False,D,8,Holiday,National,Ecuador,Quito,Pichincha
2017-01-01,4,False,D,9,Holiday,National,Ecuador,Quito,Pichincha
2017-01-01,5,False,D,4,Holiday,National,Ecuador,Santo Domingo,Santo Domingo de los Tsachilas
2017-01-01,6,False,D,13,Holiday,National,Ecuador,Quito,Pichincha
2017-01-01,7,False,D,8,Holiday,National,Ecuador,Quito,Pichincha
2017-01-01,8,False,D,8,Holiday,National,Ecuador,Quito,Pichincha
2017-01-01,9,False,B,6,Holiday,National,Ecuador,Quito,Pichincha
2017-01-01,10,False,C,15,Holiday,National,Ecuador,Quito,Pichincha
2017-01-01,11,False,B,6,Holiday,National,Ecuador,Cayambe,Pichincha
2017-01-01,12,False,C,15,Holiday,National,Ecuador,Latacunga,Cotopaxi
2017-01-01,13,False,C,15,Holiday,National,Ecuador,Latacunga,Cotopaxi
2017-01-01,14,False,C,7,Holiday,National,Ecuador,Riobamba,Chimborazo
2017-01-01,15,False,C,15,Holiday,National,Ecuador,Ibarra,Imbabura
2017-01-01,16,False,C,3,Holiday,National,Ecuador,Santo Domingo,Santo Domingo de los Tsachilas
2017-01-01,17,False,C,12,Holiday,National,Ecuador,Quito,Pichincha
2017-01-01,18,False,B,16,Holiday,National,Ecuador,Quito,Pichincha
2017-01-01,19,False,C,15,Holiday,National,Ecuador,Guaranda,Bolivar
2017-01-01,20,False,B,6,Holiday,National,Ecuador,Quito,Pichincha
2017-01-01,21,False,B,6,Holiday,National,Ecuador,Santo Domingo,Santo Domingo de los Tsachilas
2017-01-01,22,False,C,7,Holiday,National,Ecuador,Puyo,Pastaza
2017-01-01,23,False,D,9,Holiday,National,Ecuador,Ambato,Tungurahua
2017-01-01,24,False,D,1,Holiday,National,Ecuador,Guayaquil,Guayas
2017-01-01,25,False,D,1,Holiday,National,Ecuador,Salinas,Santa Elena
2017-01-01,26,False,D,10,Holiday,National,Ecuador,Guayaquil,Guayas
2017-01-01,27,False,D,1,Holiday,National,Ecuador,Daule,Guayas
2017-01-01,28,False,E,10,Holiday,National,Ecuador,Guayaquil,Guayas
2017-01-01,29,False,E,10,Holiday,National,Ecuador,Guayaquil,Guayas
2017-01-01,30,False,C,3,Holiday,National,Ecuador,Guayaquil,Guayas
2017-01-01,31,False,B,10,Holiday,National,Ecuador,Babahoyo,Los Rios
2017-01-01,32,False,C,3,Holiday,National,Ecuador,Guayaquil,Guayas
2017-01-01,33,False,C,3,Holiday,National,Ecuador,Quevedo,Los Rios
2017-01-01,34,False,B,6,Holiday,National,Ecuador,Guayaquil,Guayas
2017-01-01,35,False,C,3,Holiday,National,Ecuador,Playas,Guayas
2017-01-01,36,False,E,10,Holiday,National,Ecuador,Libertad,Guayas
2017-01-01,37,False,D,2,Holiday,National,Ecuador,Cuenca,Azuay
2017-01-01,38,False,D,4,Holiday,National,Ecuador,Loja,Loja
2017-01-01,39,False,B,6,Holiday,National,Ecuador,Cuenca,Azuay
2017-01-01,40,False,C,3,Holiday,National,Ecuador,Machala,El Oro
2017-01-01,41,False,D,4,Holiday,National,Ecuador,Machala,El Oro
2017-01-01,42,False,D,2,Holiday,National,Ecuador,Cuenca,Azuay
2017-01-01,43,False,E,10,Holiday,National,Ecuador,Esmeraldas,Esmeraldas
2017-01-01,44,False,A,5,Holiday,National,Ecuador,Quito,Pichincha
2017-01-01,45,False,A,11,Holiday,National,Ecuador,Quito,Pichincha
2017-01-01,46,False,A,14,Holiday,National,Ecuador,Quito,Pichincha
2017-01-01,47,False,A,14,Holiday,National,Ecuador,Quito,Pichincha
2017-01-01,48,False,A,14,Holiday,National,Ecuador,Quito,Pichincha
2017-01-01,49,False,A,11,Holiday,National,Ecuador,Quito,Pichincha
2017-01-01,50,False,A,14,Holiday,National,Ecuador,Ambato,Tungurahua
2017-01-01,51,False,A,17,Holiday,National,Ecuador,Guayaquil,Guayas
2017-01-01,52,False,A,11,Holiday,National,Ecuador,Manta,Manabi
2017-01-01,53,False,D,13,Holiday,National,Ecuador,Manta,Manabi
2017-01-01,54,False,C,3,Holiday,National,Ecuador,El Carmen,Manabi
2017-01-02,1,True,D,13,Transfer,National,Ecuador,Quito,Pichincha
2017-01-02,2,True,D,13,Transfer,National,Ecuador,Quito,Pichincha
2017-01-02,3,True,D,8,Transfer,National,Ecuador,Quito,Pichincha
2017-01-02,4,True,D,9,Transfer,National,Ecuador,Quito,Pichincha
2017-01-02,5,True,D,4,Transfer,National,Ecuador,Santo Domingo,Santo Domingo de los Tsachilas
2017-01-02,6,True,D,13,Transfer,National,Ecuador,Quito,Pichincha
2017-01-02,7,True,D,8,Transfer,National,Ecuador,Quito,Pichincha
2017-01-02,8,True,D,8,Transfer,National,Ecuador,Quito,Pichincha
2017-01-02,9,True,B,6,Transfer,National,Ecuador,Quito,Pichincha
2017-01-02,10,True,C,15,Transfer,National,Ecuador,Quito,Pichincha
2017-01-02,11,True,B,6,Transfer,National,Ecuador,Cayambe,Pichincha
2017-01-02,12,True,C,15,Transfer,National,Ecuador,Latacunga,Cotopaxi
2017-01-02,13,True,C,15,Transfer,National,Ecuador,Latacunga,Cotopaxi
2017-01-02,14,True,C,7,Transfer,National,Ecuador,Riobamba,Chimborazo
2017-01-02,15,True,C,15,Transfer,National,Ecuador,Ibarra,Imbabura
2017-01-02,16,True,C,3,Transfer,National,Ecuador,Santo Domingo,Santo Domingo de los Tsachilas
2017-01-02,17,True,C,12,Transfer,National,Ecuador,Quito,Pichincha
2017-01-02,18,True,B,16,Transfer,National,Ecuador,Quito,Pichincha
2017-01-02,19,True,C,15,Transfer,National,Ecuador,Guaranda,Bolivar
2017-01-02,20,True,B,6,Transfer,National,Ecuador,Quito,Pichincha
2017-01-02,21,True,B,6,Transfer,National,Ecuador,Santo Domingo,Santo Domingo de los Tsachilas
2017-01-02,22,True,C,7,Transfer,National,Ecuador,Puyo,Pastaza
2017-01-02,23,True,D,9,Transfer,National,Ecuador,Ambato,Tungurahua
2017-01-02,24,True,D,1,Transfer,National,Ecuador,Guayaquil,Guayas
2017-01-02,25,True,D,1,Transfer,National,Ecuador,Salinas,Santa Elena
2017-01-02,26,True,D,10,Transfer,National,Ecuador,Guayaquil,Guayas
2017-01-02,27,True,D,1,Transfer,National,Ecuador,Daule,Guayas
2017-01-02,28,True,E,10,Transfer,National,Ecuador,Guayaquil,Guayas
2017-01-02,29,True,E,10,Transfer,National,Ecuador,Guayaquil,Guayas
2017-01-02,30,True,C,3,Transfer,National,Ecuador,Guayaquil,Guayas
2017-01-02,31,True,B,10,Transfer,National,Ecuador,Babahoyo,Los Rios
2017-01-02,32,True,C,3,Transfer,National,Ecuador,Guayaquil,Guayas
2017-01-02,33,True,C,3,Transfer,National,Ecuador,Quevedo,Los Rios
2017-01-02,34,True,B,6,Transfer,National,Ecuador,Guayaquil,Guayas
2017-01-02,35,True,C,3,Transfer,National,Ecuador,Playas,Guayas
2017-01-02,36,True,E,10,Transfer,National,Ecuador,Libertad,Guayas
2017-01-02,37,True,D,2,Transfer,National,Ecuador,Cuenca,Azuay
2017-01-02,38,True,D,4,Transfer,National,Ecuador,Loja,Loja
2017-01-02,39,True,B,6,Transfer,National,Ecuador,Cuenca,Azuay
2017-01-02,40,True,C,3,Transfer,National,Ecuador,Machala,El Oro
2017-01-02,41,True,D,4,Transfer,National,Ecuador,Machala,El Oro
2017-01-02,42,True,D,2,Transfer,National,Ecuador,Cuenca,Azuay
2017-01-02,43,True,E,10,Transfer,National,Ecuador,Esmeraldas,Esmeraldas
2017-01-02,44,True,A,5,Transfer,National,Ecuador,Quito,Pichincha
2017-01-02,45,True,A,11,Transfer,National,Ecuador,Quito,Pichincha
2017-01-02,46,True,A,14,Transfer,National,Ecuador,Quito,Pichincha
2017-01-02,47,True,A,14,Transfer,National,Ecuador,Quito,Pichincha
2017-01-02,48,True,A,14,Transfer,National,Ecuador,Quito,Pichincha
2017-01-02,49,True,A,11,Transfer,National,Ecuador,Quito,Pichincha
2017-01-02,50,True,A,14,Transfer,National,Ecuador,Ambato,Tungurahua
2017-01-02,51,True,A,17,Transfer,National,Ecuador,Guayaquil,Guayas
2017-01-02,52,True,A,11,Transfer,National,Ecuador,Manta,Manabi
2017-01-02,53,True,D,13,Transfer,National,Ecuador,Manta,Manabi
2017-01-02,54,True,C,3,Transfer,National,Ecuador,El Carmen,Manabi
2017-02-27,1,True,D,13,Holiday,National,Ecuador,Quito,Pichincha
2017-02-27,2,True,D,13,Holiday,National,Ecuador,Quito,Pichincha
2017-02-27,3,True,D,8,Holiday,National,Ecuador,Quito,Pichincha
2017-02-27,4,True,D,9,Holiday,National,Ecuador,Quito,Pichincha
2017-02-27,5,True,D,4,Holiday,National,Ecuador,Santo Domingo,Santo Domingo de los Tsachilas
2017-02-27,6,True,D,13,Holiday,National,Ecuador,Quito,Pichincha
2017-02-27,7,True,D,8,Holiday,National,Ecuador,Quito,Pichincha
2017-02-27,8,True,D,8,Holiday,National,Ecuador,Quito,Pichincha
2017-02-27,9,True,B,6,Holiday,National,Ecuador,Quito,Pichincha
2017-02-27,10,True,C,15,Holiday,National,Ecuador,Quito,Pichincha
2017-02-27,11,True,B,6,Holiday,National,Ecuador,Cayambe,Pichincha
2017-02-27,12,True,C,15,Holiday,National,Ecuador,Latacunga,Cotopaxi
2017-02-27,13,True,C,15,Holiday,National,Ecuador,Latacunga,Cotopaxi
2017-02-27,14,True,C,7,Holiday,National,Ecuador,Riobamba,Chimborazo
2017-02-27,15,True,C,15,Holiday,National,Ecuador,Ibarra,Imbabura
2017-02-27,16,True,C,3,Holiday,National,Ecuador,Santo Domingo,Santo Domingo de los Tsachilas
2017-02-27,17,True,C,12,Holiday,National,Ecuador,Quito,Pichincha
2017-02-27,18,True,B,16,Holiday,National,Ecuador,Quito,Pichincha
2017-02-27,19,True,C,15,Holiday,National,Ecuador,Guaranda,Bolivar
2017-02-27,20,True,B,6,Holiday,National,Ecuador,Quito,Pichincha
2017-02-27,21,True,B,6,Holiday,National,Ecuador,Santo Domingo,Santo Domingo de los Tsachilas
2017-02-27,22,True,C,7,Holiday,National,Ecuador,Puyo,Pastaza
2017-02-27,23,True,D,9,Holiday,National,Ecuador,Ambato,Tungurahua
2017-02-27,24,True,D,1,Holiday,National,Ecuador,Guayaquil,Guayas
2017-02-27,25,True,D,1,Holiday,National,Ecuador,Salinas,Santa Elena
2017-02-27,26,True,D,10,Holiday,National,Ecuador,Guayaquil,Guayas
2017-02-27,27,True,D,1,Holiday,National,Ecuador,Daule,Guayas
2017-02-27,28,True,E,10,Holiday,National,Ecuador,Guayaquil,Guayas
2017-02-27,29,True,E,10,Holiday,National,Ecuador,Guayaquil,Guayas
2017-02-27,30,True,C,3,Holiday,National,Ecuador,Guayaquil,Guayas
2017-02-27,31,True,B,10,Holiday,National,Ecuador,Babahoyo,Los Rios
2017-02-27,32,True,C,3,Holiday,National,Ecuador,Guayaquil,Guayas
2017-02-27,33,True,C,3,Holiday,National,Ecuador,Quevedo,Los Rios
2017-02-27,34,True,B,6,Holiday,National,Ecuador,Guayaquil,Guayas
2017-02-27,35,True,C,3,Holiday,National,Ecuador,Playas,Guayas
2017-02-27,36,True,E,10,Holiday,National,Ecuador,Libertad,Guayas
2017-02-27,37,True,D,2,Holiday,National,Ecuador,Cuenca,Azuay
2017-02-27,38,True,D,4,Holiday,National,Ecuador,Loja,Loja
2017-02-27,39,True,B,6,Holiday,National,Ecuador,Cuenca,Azuay
2017-02-27,40,True,C,3,Holiday,National,Ecuador,Machala,El Oro
2017-02-27,41,True,D,4,Holiday,National,Ecuador,Machala,El Oro
2017-02-27,42,True,D,2,Holiday,National,Ecuador,Cuenca,Azuay
2017-02-27,43,True,E,10,Holiday,National,Ecuador,Esmeraldas,Esmeraldas
2017-02-27,44,True,A,5,Holiday,National,Ecuador,Quito,Pichincha
2017-02-27,45,True,A,11,Holiday,National,Ecuador,Quito,Pichincha
2017-02-27,46,True,A,14,Holiday,National,Ecuador,Quito,Pichincha
2017-02-27,47,True,A,14,Holiday,National,Ecuador,Quito,Pichincha
2017-02-27,48,True,A,14,Holiday,National,Ecuador,Quito,Pichincha
2017-02-27,49,True,A,11,Holiday,National,Ecuador,Quito,Pichincha
2017-02-27,50,True,A,14,Holiday,National,Ecuador,Ambato,Tungurahua
2017-02-27,51,True,A,17,Holiday,National,Ecuador,Guayaquil,Guayas
2017-02-27,52,True,A,11,Holiday,National,Ecuador,Manta,Manabi
2017-02-27,53,True,D,13,Holiday,National,Ecuador,Manta,Manabi
2017-02-27,54,True,C,3,Holiday,National,Ecuador,El Carmen,Manabi
2017-02-28,1,True,D,13,Holiday,National,Ecuador,Quito,Pichincha
2017-02-28,2,True,D,13,Holiday,National,Ecuador,Quito,Pichincha
2017-02-28,3,True,D,8,Holiday,National,Ecuador,Quito,Pichincha
2017-02-28,4,True,D,9,Holiday,National,Ecuador,Quito,Pichincha
2017-02-28,5,True,D,4,Holiday,National,Ecuador,Santo Domingo,Santo Domingo de los Tsachilas
2017-02-28,6,True,D,13,Holiday,National,Ecuador,Quito,Pichincha
2017-02-28,7,True,D,8,Holiday,National,Ecuador,Quito,Pichincha
2017-02-28,8,True,D,8,Holiday,National,Ecuador,Quito,Pichincha
2017-02-28,9,True,B,6,Holiday,National,Ecuador,Quito,Pichincha
2017-02-28,10,True,C,15,Holiday,National,Ecuador,Quito,Pichincha
2017-02-28,11,True,B,6,Holiday,National,Ecuador,Cayambe,Pichincha
2017-02-28,12,True,C,15,Holiday,National,Ecuador,Latacunga,Cotopaxi
2017-02-28,13,True,C,15,Holiday,National,Ecuador,Latacunga,Cotopaxi
2017-02-28,14,True,C,7,Holiday,National,Ecuador,Riobamba,Chimborazo
2017-02-28,15,True,C,15,Holiday,National,Ecuador,Ibarra,Imbabura
2017-02-28,16,True,C,3,Holiday,National,Ecuador,Santo Domingo,Santo Domingo de los Tsachilas
2017-02-28,17,True,C,12,Holiday,National,Ecuador,Quito,Pichincha
2017-02-28,18,True,B,16,Holiday,National,Ecuador,Quito,Pichincha
2017-02-28,19,True,C,15,Holiday,National,Ecuador,Guaranda,Bolivar
2017-02-28,20,True,B,6,Holiday,National,Ecuador,Quito,Pichincha
2017-02-28,21,True,B,6,Holiday,National,Ecuador,Santo Domingo,Santo Domingo de los Tsachilas
2017-02-28,22,True,C,7,Holiday,National,Ecuador,Puyo,Pastaza
2017-02-28,23,True,D,9,Holiday,National,Ecuador,Ambato,Tungurahua
2017-02-28,24,True,D,1,Holiday,National,Ecuador,Guayaquil,Guayas
2017-02-28,25,True,D,1,Holiday,National,Ecuador,Salinas,Santa Elena
2017-02-28,26,True,D,10,Holiday,National,Ecuador,Guayaquil,Guayas
2017-02-28,27,True,D,1,Holiday,National,Ecuador,Daule,Guayas
2017-02-28,28,True,E,10,Holiday,National,Ecuador,Guayaquil,Guayas
2017-02-28,29,True,E,10,Holiday,National,Ecuador,Guayaquil,Guayas
2017-02-28,30,True,C,3,Holiday,National,Ecuador,Guayaquil,Guayas
2017-02-28,31,True,B,10,Holiday,National,Ecuador,Babahoyo,Los Rios
2017-02-28,32,True,C,3,Holiday,National,Ecuador,Guayaquil,Guayas
2017-02-28,33,True,C,3,Holiday,National,Ecuador,Quevedo,Los Rios
2017-02-28,34,True,B,6,Holiday,National,Ecuador,Guayaquil,Guayas
2017-02-28,35,True,C,3,Holiday,National,Ecuador,Playas,Guayas
2017-02-28,36,True,E,10,Holiday,National,Ecuador,Libertad,Guayas
2017-02-28,37,True,D,2,Holiday,National,Ecuador,Cuenca,Azuay
2017-02-28,38,True,D,4,Holiday,National,Ecuador,Loja,Loja
2017-02-28,39,True,B,6,Holiday,National,Ecuador,Cuenca,Azuay
2017-02-28,40,True,C,3,Holiday,National,Ecuador,Machala,El Oro
2017-02-28,41,True,D,4,Holiday,National,Ecuador,Machala,El Oro
2017-02-28,42,True,D,2,Holiday,National,Ecuador,Cuenca,Azuay
2017-02-28,43,True,E,10,Holiday,National,Ecuador,Esmeraldas,Esmeraldas
2017-02-28,44,True,A,5,Holiday,National,Ecuador,Quito,Pichincha
2017-02-28,45,True,A,11,Holiday,National,Ecuador,Quito,Pichincha
2017-02-28,46,True,A,14,Holiday,National,Ecuador,Quito,Pichincha
2017-02-28,47,True,A,14,Holiday,National,Ecuador,Quito,Pichincha
2017-02-28,48,True,A,14,Holiday,National,Ecuador,Quito,Pichincha
2017-02-28,49,True,A,11,Holiday,National,Ecuador,Quito,Pichincha
2017-02-28,50,True,A,14,Holiday,National,Ecuador,Ambato,Tungurahua
2017-02-28,51,True,A,17,Holiday,National,Ecuador,Guayaquil,Guayas
2017-02-28,52,True,A,11,Holiday,National,Ecuador,Manta,Manabi
2017-02-28,53,True,D,13,Holiday,National,Ecuador,Manta,Manabi
2017-02-28,54,True,C,3,Holiday,National,Ecuador,El Carmen,Manabi
2017-04-14,1,True,D,13,Holiday,National,Ecuador,Quito,Pichincha
2017-04-14,2,True,D,13,Holiday,National,Ecuador,Quito,Pichincha
2017-04-14,3,True,D,8,Holiday,National,Ecuador,Quito,Pichincha
2017-04-14,4,True,D,9,Holiday,National,Ecuador,Quito,Pichincha
2017-04-14,5,True,D,4,Holiday,National,Ecuador,Santo Domingo,Santo Domingo de los Tsachilas
2017-04-14,6,True,D,13,Holiday,National,Ecuador,Quito,Pichincha
2017-04-14,7,True,D,8,Holiday,National,Ecuador,Quito,Pichincha
2017-04-14,8,True,D,8,Holiday,National,Ecuador,Quito,Pichincha
2017-04-14,9,True,B,6,Holiday,National,Ecuador,Quito,Pichincha
2017-04-14,10,True,C,15,Holiday,National,Ecuador,Quito,Pichincha
2017-04-14,11,True,B,6,Holiday,National,Ecuador,Cayambe,Pichincha
2017-04-14,12,True,C,15,Holiday,National,Ecuador,Latacunga,Cotopaxi
2017-04-14,13,True,C,15,Holiday,National,Ecuador,Latacunga,Cotopaxi
2017-04-14,14,True,C,7,Holiday,National,Ecuador,Riobamba,Chimborazo
2017-04-14,15,True,C,15,Holiday,National,Ecuador,Ibarra,Imbabura
2017-04-14,16,True,C,3,Holiday,National,Ecuador,Santo Domingo,Santo Domingo de los Tsachilas
2017-04-14,17,True,C,12,Holiday,National,Ecuador,Quito,Pichincha
2017-04-14,18,True,B,16,Holiday,National,Ecuador,Quito,Pichincha
2017-04-14,19,True,C,15,Holiday,National,Ecuador,Guaranda,Bolivar
2017-04-14,20,True,B,6,Holiday,National,Ecuador,Quito,Pichincha
2017-04-14,21,True,B,6,Holiday,National,Ecuador,Santo Domingo,Santo Domingo de los Tsachilas
2017-04-14,22,True,C,7,Holiday,National,Ecuador,Puyo,Pastaza
2017-04-14,23,True,D,9,Holiday,National,Ecuador,Ambato,Tungurahua
2017-04-14,24,True,D,1,Holiday,National,Ecuador,Guayaquil,Guayas
2017-04-14,25,True,D,1,Holiday,National,Ecuador,Salinas,Santa Elena
2017-04-14,26,True,D,10,Holiday,National,Ecuador,Guayaquil,Guayas
2017-04-14,27,True,D,1,Holiday,National,Ecuador,Daule,Guayas
2017-04-14,28,True,E,10,Holiday,National,Ecuador,Guayaquil,Guayas
2017-04-14,29,True,E,10,Holiday,National,Ecuador,Guayaquil,Guayas
2017-04-14,30,True,C,3,Holiday,National,Ecuador,Guayaquil,Guayas
2017-04-14,31,True,B,10,Holiday,National,Ecuador,Babahoyo,Los Rios
2017-04-14,32,True,C,3,Holiday,National,Ecuador,Guayaquil,Guayas
2017-04-14,33,True,C,3,Holiday,National,Ecuador,Quevedo,Los Rios
2017-04-14,34,True,B,6,Holiday,National,Ecuador,Guayaquil,Guayas
2017-04-14,35,True,C,3,Holiday,National,Ecuador,Playas,Guayas
2017-04-14,36,True,E,10,Holiday,National,Ecuador,Libertad,Guayas
2017-04-14,37,True,D,2,Holiday,National,Ecuador,Cuenca,Azuay
2017-04-14,38,True,D,4,Holiday,National,Ecuador,Loja,Loja
2017-04-14,39,True,B,6,Holiday,National,Ecuador,Cuenca,Azuay
2017-04-14,40,True,C,3,Holiday,National,Ecuador,Machala,El Oro
2017-04-14,41,True,D,4,Holiday,National,Ecuador,Machala,El Oro
2017-04-14,42,True,D,2,Holiday,National,Ecuador,Cuenca,Azuay
2017-04-14,43,True,E,10,Holiday,National,Ecuador,Esmeraldas,Esmeraldas
2017-04-14,44,True,A,5,Holiday,National,Ecuador,Quito,Pichincha
2017-04-14,45,True,A,11,Holiday,National,Ecuador,Quito,Pichincha
2017-04-14,46,True,A,14,Holiday,National,Ecuador,Quito,Pichincha
2017-04-14,47,True,A,14,Holiday,National,Ecuador,Quito,Pichincha
2017-04-14,48,True,A,14,Holiday,National,Ecuador,Quito,Pichincha
2017-04-14,49,True,A,11,Holiday,National,Ecuador,Quito,Pichincha
2017-04-14,50,True,A,14,Holiday,National,Ecuador,Ambato,Tungurahua
2017-04-14,51,True,A,17,Holiday,National,Ecuador,Guayaquil,Guayas
2017-04-14,52,True,A,11,Holiday,National,Ecuador,Manta,Manabi
2017-04-14,53,True,D,13,Holiday,National,Ecuador,Manta,Manabi
2017-04-14,54,True,C,3,Holiday,National,Ecuador,El Carmen,Manabi
2017-05-01,1,True,D,13,Holiday,National,Ecuador,Quito,Pichincha
2017-05-01,2,True,D,13,Holiday,National,Ecuador,Quito,Pichincha
2017-05-01,3,True,D,8,Holiday,National,Ecuador,Quito,Pichincha
2017-05-01,4,True,D,9,Holiday,National,Ecuador,Quito,Pichincha
2017-05-01,5,True,D,4,Holiday,National,Ecuador,Santo Domingo,Santo Domingo de los Tsachilas
2017-05-01,6,True,D,13,Holiday,National,Ecuador,Quito,Pichincha
2017-05-01,7,True,D,8,Holiday,National,Ecuador,Quito,Pichincha
2017-05-01,8,True,D,8,Holiday,National,Ecuador,Quito,Pichincha
2017-05-01,9,True,B,6,Holiday,National,Ecuador,Quito,Pichincha
2017-05-01,10,True,C,15,Holiday,National,Ecuador,Quito,Pichincha
2017-05-01,11,True,B,6,Holiday,National,Ecuador,Cayambe,Pichincha
2017-05-01,12,True,C,15,Holiday,National,Ecuador,Latacunga,Cotopaxi
2017-05-01,13,True,C,15,Holiday,National,Ecuador,Latacunga,Cotopaxi
2017-05-01,14,True,C,7,Holiday,National,Ecuador,Riobamba,Chimborazo
2017-05-01,15,True,C,15,Holiday,National,Ecuador,Ibarra,Imbabura
2017-05-01,16,True,C,3,Holiday,National,Ecuador,Santo Domingo,Santo Domingo de los Tsachilas
2017-05-01,17,True,C,12,Holiday,National,Ecuador,Quito,Pichincha
2017-05-01,18,True,B,16,Holiday,National,Ecuador,Quito,Pichincha
2017-05-01,19,True,C,15,Holiday,National,Ecuador,Guaranda,Bolivar
2017-05-01,20,True,B,6,Holiday,National,Ecuador,Quito,Pichincha
2017-05-01,21,True,B,6,Holiday,National,Ecuador,Santo Domingo,Santo Domingo de los Tsachilas
2017-05-01,22,True,C,7,Holiday,National,Ecuador,Puyo,Pastaza
2017-05-01,23,True,D,9,Holiday,National,Ecuador,Ambato,Tungurahua
2017-05-01,24,True,D,1,Holiday,National,Ecuador,Guayaquil,Guayas
2017-05-01,25,True,D,1,Holiday,National,Ecuador,Salinas,Santa Elena
2017-05-01,26,True,D,10,Holiday,National,Ecuador,Guayaquil,Guayas
2017-05-01,27,True,D,1,Holiday,National,Ecuador,Daule,Guayas
2017-05-01,28,True,E,10,Holiday,National,Ecuador,Guayaquil,Guayas
2017-05-01,29,True,E,10,Holiday,National,Ecuador,Guayaquil,Guayas
2017-05-01,30,True,C,3,Holiday,National,Ecuador,Guayaquil,Guayas
2017-05-01,31,True,B,10,Holiday,National,Ecuador,Babahoyo,Los Rios
2017-05-01,32,True,C,3,Holiday,National,Ecuador,Guayaquil,Guayas
2017-05-01,33,True,C,3,Holiday,National,Ecuador,Quevedo,Los Rios
2017-05-01,34,True,B,6,Holiday,National,Ecuador,Guayaquil,Guayas
2017-05-01,35,True,C,3,Holiday,National,Ecuador,Playas,Guayas
2017-05-01,36,True,E,10,Holiday,National,Ecuador,Libertad,Guayas
2017-05-01,37,True,D,2,Holiday,National,Ecuador,Cuenca,Azuay
2017-05-01,38,True,D,4,Holiday,National,Ecuador,Loja,Loja
2017-05-01,39,True,B,6,Holiday,National,Ecuador,Cuenca,Azuay
2017-05-01,40,True,C,3,Holiday,National,Ecuador,Machala,El Oro
2017-05-01,41,True,D,4,Holiday,National,Ecuador,Machala,El Oro
2017-05-01,42,True,D,2,Holiday,National,Ecuador,Cuenca,Azuay
2017-05-01,43,True,E,10,Holiday,National,Ecuador,Esmeraldas,Esmeraldas
2017-05-01,44,True,A,5,Holiday,National,Ecuador,Quito,Pichincha
2017-05-01,45,True,A,11,Holiday,National,Ecuador,Quito,Pichincha
2017-05-01,46,True,A,14,Holiday,National,Ecuador,Quito,Pichincha
2017-05-01,47,True,A,14,Holiday,National,Ecuador,Quito,Pichincha
2017-05-01,48,True,A,14,Holiday,National,Ecuador,Quito,Pichincha
2017-05-01,49,True,A,11,Holiday,National,Ecuador,Quito,Pichincha
2017-05-01,50,True,A,14,Holiday,National,Ecuador,Ambato,Tungurahua
2017-05-01,51,True,A,17,Holiday,National,Ecuador,Guayaquil,Guayas
2017-05-01,52,True,A,11,Holiday,National,Ecuador,Manta,Manabi
2017-05-01,53,True,D,13,Holiday,National,Ecuador,Manta,Manabi
2017-05-01,54,True,C,3,Holiday,National,Ecuador,El Carmen,Manabi
2017-05-13,1,True,D,13,Additional,National,Ecuador,Quito,Pichincha
2017-05-13,2,True,D,13,Additional,National,Ecuador,Quito,Pichincha
2017-05-13,3,True,D,8,Additional,National,Ecuador,Quito,Pichincha
2017-05-13,4,True,D,9,Additional,National,Ecuador,Quito,Pichincha
2017-05-13,5,True,D,4,Additional,National,Ecuador,Santo Domingo,Santo Domingo de los Tsachilas
2017-05-13,6,True,D,13,Additional,National,Ecuador,Quito,Pichincha
2017-05-13,7,True,D,8,Additional,National,Ecuador,Quito,Pichincha
2017-05-13,8,True,D,8,Additional,National,Ecuador,Quito,Pichincha
2017-05-13,9,True,B,6,Additional,National,Ecuador,Quito,Pichincha
2017-05-13,10,True,C,15,Additional,National,Ecuador,Quito,Pichincha
2017-05-13,11,True,B,6,Additional,National,Ecuador,Cayambe,Pichincha
2017-05-13,12,True,C,15,Additional,National,Ecuador,Latacunga,Cotopaxi
2017-05-13,13,True,C,15,Additional,National,Ecuador,Latacunga,Cotopaxi
2017-05-13,14,True,C,7,Additional,National,Ecuador,Riobamba,Chimborazo
2017-05-13,15,True,C,15,Additional,National,Ecuador,Ibarra,Imbabura
2017-05-13,16,True,C,3,Additional,National,Ecuador,Santo Domingo,Santo Domingo de los Tsachilas
2017-05-13,17,True,C,12,Additional,National,Ecuador,Quito,Pichincha
2017-05-13,18,True,B,16,Additional,National,Ecuador,Quito,Pichincha
2017-05-13,19,True,C,15,Additional,National,Ecuador,Guaranda,Bolivar
2017-05-13,20,True,B,6,Additional,National,Ecuador,Quito,Pichincha
2017-05-13,21,True,B,6,Additional,National,Ecuador,Santo Domingo,Santo Domingo de los Tsachilas
2017-05-13,22,True,C,7,Additional,National,Ecuador,Puyo,Pastaza
2017-05-13,23,True,D,9,Additional,National,Ecuador,Ambato,Tungurahua
2017-05-13,24,True,D,1,Additional,National,Ecuador,Guayaquil,Guayas
2017-05-13,25,True,D,1,Additional,National,Ecuador,Salinas,Santa Elena
2017-05-13,26,True,D,10,Additional,National,Ecuador,Guayaquil,Guayas
2017-05-13,27,True,D,1,Additional,National,Ecuador,Daule,Guayas
2017-05-13,28,True,E,10,Additional,National,Ecuador,Guayaquil,Guayas
2017-05-13,29,True,E,10,Additional,National,Ecuador,Guayaquil,Guayas
2017-05-13,30,True,C,3,Additional,National,Ecuador,Guayaquil,Guayas
2017-05-13,31,True,B,10,Additional,National,Ecuador,Babahoyo,Los Rios
2017-05-13,32,True,C,3,Additional,National,Ecuador,Guayaquil,Guayas
2017-05-13,33,True,C,3,Additional,National,Ecuador,Quevedo,Los Rios
2017-05-13,34,True,B,6,Additional,National,Ecuador,Guayaquil,Guayas
2017-05-13,35,True,C,3,Additional,National,Ecuador,Playas,Guayas
2017-05-13,36,True,E,10,Additional,National,Ecuador,Libertad,Guayas
2017-05-13,37,True,D,2,Additional,National,Ecuador,Cuenca,Azuay
2017-05-13,38,True,D,4,Additional,National,Ecuador,Loja,Loja
2017-05-13,39,True,B,6,Additional,National,Ecuador,Cuenca,Azuay
2017-05-13,40,True,C,3,Additional,National,Ecuador,Machala,El Oro
2017-05-13,41,True,D,4,Additional,National,Ecuador,Machala,El Oro
2017-05-13,42,True,D,2,Additional,National,Ecuador,Cuenca,Azuay
2017-05-13,43,True,E,10,Additional,National,Ecuador,Esmeraldas,Esmeraldas
2017-05-13,44,True,A,5,Additional,National,Ecuador,Quito,Pichincha
2017-05-13,45,True,A,11,Additional,National,Ecuador,Quito,Pichincha
2017-05-13,46,True,A,14,Additional,National,Ecuador,Quito,Pichincha
2017-05-13,47,True,A,14,Additional,National,Ecuador,Quito,Pichincha
2017-05-13,48,True,A,14,Additional,National,Ecuador,Quito,Pichincha
2017-05-13,49,True,A,11,Additional,National,Ecuador,Quito,Pichincha
2017-05-13,50,True,A,14,Additional,National,Ecuador,Ambato,Tungurahua
2017-05-13,51,True,A,17,Additional,National,Ecuador,Guayaquil,Guayas
2017-05-13,52,True,A,11,Additional,National,Ecuador,Manta,Manabi
2017-05-13,53,True,D,13,Additional,National,Ecuador,Manta,Manabi
2017-05-13,54,True,C,3,Additional,National,Ecuador,El Carmen,Manabi
2017-05-14,1,True,D,13,Event,National,Ecuador,Quito,Pichincha
2017-05-14,2,True,D,13,Event,National,Ecuador,Quito,Pichincha
2017-05-14,3,True,D,8,Event,National,Ecuador,Quito,Pichincha
2017-05-14,4,True,D,9,Event,National,Ecuador,Quito,Pichincha
2017-05-14,5,True,D,4,Event,National,Ecuador,Santo Domingo,Santo Domingo de los Tsachilas
2017-05-14,6,True,D,13,Event,National,Ecuador,Quito,Pichincha
2017-05-14,7,True,D,8,Event,National,Ecuador,Quito,Pichincha
2017-05-14,8,True,D,8,Event,National,Ecuador,Quito,Pichincha
2017-05-14,9,True,B,6,Event,National,Ecuador,Quito,Pichincha
2017-05-14,10,True,C,15,Event,National,Ecuador,Quito,Pichincha
2017-05-14,11,True,B,6,Event,National,Ecuador,Cayambe,Pichincha
2017-05-14,12,True,C,15,Event,National,Ecuador,Latacunga,Cotopaxi
2017-05-14,13,True,C,15,Event,National,Ecuador,Latacunga,Cotopaxi
2017-05-14,14,True,C,7,Event,National,Ecuador,Riobamba,Chimborazo
2017-05-14,15,True,C,15,Event,National,Ecuador,Ibarra,Imbabura
2017-05-14,16,True,C,3,Event,National,Ecuador,Santo Domingo,Santo Domingo de los Tsachilas
2017-05-14,17,True,C,12,Event,National,Ecuador,Quito,Pichincha
2017-05-14,18,True,B,16,Event,National,Ecuador,Quito,Pichincha
2017-05-14,19,True,C,15,Event,National,Ecuador,Guaranda,Bolivar
2017-05-14,20,True,B,6,Event,National,Ecuador,Quito,Pichincha
2017-05-14,21,True,B,6,Event,National,Ecuador,Santo Domingo,Santo Domingo de los Tsachilas
2017-05-14,22,True,C,7,Event,National,Ecuador,Puyo,Pastaza
2017-05-14,23,True,D,9,Event,National,Ecuador,Ambato,Tungurahua
2017-05-14,24,True,D,1,Event,National,Ecuador,Guayaquil,Guayas
2017-05-14,25,True,D,1,Event,National,Ecuador,Salinas,Santa Elena
2017-05-14,26,True,D,10,Event,National,Ecuador,Guayaquil,Guayas
2017-05-14,27,True,D,1,Event,National,Ecuador,Daule,Guayas
2017-05-14,28,True,E,10,Event,National,Ecuador,Guayaquil,Guayas
2017-05-14,29,True,E,10,Event,National,Ecuador,Guayaquil,Guayas
2017-05-14,30,True,C,3,Event,National,Ecuador,Guayaquil,Guayas
2017-05-14,31,True,B,10,Event,National,Ecuador,Babahoyo,Los Rios
2017-05-14,32,True,C,3,Event,National,Ecuador,Guayaquil,Guayas
2017-05-14,33,True,C,3,Event,National,Ecuador,Quevedo,Los Rios
2017-05-14,34,True,B,6,Event,National,Ecuador,Guayaquil,Guayas
2017-05-14,35,True,C,3,Event,National,Ecuador,Playas,Guayas
2017-05-14,36,True,E,10,Event,National,Ecuador,Libertad,Guayas
2017-05-14,37,True,D,2,Event,National,Ecuador,Cuenca,Azuay
2017-05-14,38,True,D,4,Event,National,Ecuador,Loja,Loja
2017-05-14,39,True,B,6,Event,National,Ecuador,Cuenca,Azuay
2017-05-14,40,True,C,3,Event,National,Ecuador,Machala,El Oro
2017-05-14,41,True,D,4,Event,National,Ecuador,Machala,El Oro
2017-05-14,42,True,D,2,Event,National,Ecuador,Cuenca,Azuay
2017-05-14,43,True,E,10,Event,National,Ecuador,Esmeraldas,Esmeraldas
2017-05-14,44,True,A,5,Event,National,Ecuador,Quito,Pichincha
2017-05-14,45,True,A,11,Event,National,Ecuador,Quito,Pichincha
2017-05-14,46,True,A,14,Event,National,Ecuador,Quito,Pichincha
2017-05-14,47,True,A,14,Event,National,Ecuador,Quito,Pichincha
2017-05-14,48,True,A,14,Event,National,Ecuador,Quito,Pichincha
2017-05-14,49,True,A,11,Event,National,Ecuador,Quito,Pichincha
2017-05-14,50,True,A,14,Event,National,Ecuador,Ambato,Tungurahua
2017-05-14,51,True,A,17,Event,National,Ecuador,Guayaquil,Guayas
2017-05-14,52,True,A,11,Event,National,Ecuador,Manta,Manabi
2017-05-14,53,True,D,13,Event,National,Ecuador,Manta,Manabi
2017-05-14,54,True,C,3,Event,National,Ecuador,El Carmen,Manabi
2017-05-24,1,False,D,13,Holiday,National,Ecuador,Quito,Pichincha
2017-05-24,2,False,D,13,Holiday,National,Ecuador,Quito,Pichincha
2017-05-24,3,False,D,8,Holiday,National,Ecuador,Quito,Pichincha
2017-05-24,4,False,D,9,Holiday,National,Ecuador,Quito,Pichincha
2017-05-24,5,False,D,4,Holiday,National,Ecuador,Santo Domingo,Santo Domingo de los Tsachilas
2017-05-24,6,False,D,13,Holiday,National,Ecuador,Quito,Pichincha
2017-05-24,7,False,D,8,Holiday,National,Ecuador,Quito,Pichincha
2017-05-24,8,False,D,8,Holiday,National,Ecuador,Quito,Pichincha
2017-05-24,9,False,B,6,Holiday,National,Ecuador,Quito,Pichincha
2017-05-24,10,False,C,15,Holiday,National,Ecuador,Quito,Pichincha
2017-05-24,11,False,B,6,Holiday,National,Ecuador,Cayambe,Pichincha
2017-05-24,12,False,C,15,Holiday,National,Ecuador,Latacunga,Cotopaxi
2017-05-24,13,False,C,15,Holiday,National,Ecuador,Latacunga,Cotopaxi
2017-05-24,14,False,C,7,Holiday,National,Ecuador,Riobamba,Chimborazo
2017-05-24,15,False,C,15,Holiday,National,Ecuador,Ibarra,Imbabura
2017-05-24,16,False,C,3,Holiday,National,Ecuador,Santo Domingo,Santo Domingo de los Tsachilas
2017-05-24,17,False,C,12,Holiday,National,Ecuador,Quito,Pichincha
2017-05-24,18,False,B,16,Holiday,National,Ecuador,Quito,Pichincha
2017-05-24,19,False,C,15,Holiday,National,Ecuador,Guaranda,Bolivar
2017-05-24,20,False,B,6,Holiday,National,Ecuador,Quito,Pichincha
2017-05-24,21,False,B,6,Holiday,National,Ecuador,Santo Domingo,Santo Domingo de los Tsachilas
2017-05-24,22,False,C,7,Holiday,National,Ecuador,Puyo,Pastaza
2017-05-24,23,False,D,9,Holiday,National,Ecuador,Ambato,Tungurahua
2017-05-24,24,False,D,1,Holiday,National,Ecuador,Guayaquil,Guayas
2017-05-24,25,False,D,1,Holiday,National,Ecuador,Salinas,Santa Elena
2017-05-24,26,False,D,10,Holiday,National,Ecuador,Guayaquil,Guayas
2017-05-24,27,False,D,1,Holiday,National,Ecuador,Daule,Guayas
2017-05-24,28,False,E,10,Holiday,National,Ecuador,Guayaquil,Guayas
2017-05-24,29,False,E,10,Holiday,National,Ecuador,Guayaquil,Guayas
2017-05-24,30,False,C,3,Holiday,National,Ecuador,Guayaquil,Guayas
2017-05-24,31,False,B,10,Holiday,National,Ecuador,Babahoyo,Los Rios
2017-05-24,32,False,C,3,Holiday,National,Ecuador,Guayaquil,Guayas
2017-05-24,33,False,C,3,Holiday,National,Ecuador,Quevedo,Los Rios
2017-05-24,34,False,B,6,Holiday,National,Ecuador,Guayaquil,Guayas
2017-05-24,35,False,C,3,Holiday,National,Ecuador,Playas,Guayas
2017-05-24,36,False,E,10,Holiday,National,Ecuador,Libertad,Guayas
2017-05-24,37,False,D,2,Holiday,National,Ecuador,Cuenca,Azuay
2017-05-24,38,False,D,4,Holiday,National,Ecuador,Loja,Loja
2017-05-24,39,False,B,6,Holiday,National,Ecuador,Cuenca,Azuay
2017-05-24,40,False,C,3,Holiday,National,Ecuador,Machala,El Oro
2017-05-24,41,False,D,4,Holiday,National,Ecuador,Machala,El Oro
2017-05-24,42,False,D,2,Holiday,National,Ecuador,Cuenca,Azuay
2017-05-24,43,False,E,10,Holiday,National,Ecuador,Esmeraldas,Esmeraldas
2017-05-24,44,False,A,5,Holiday,National,Ecuador,Quito,Pichincha
2017-05-24,45,False,A,11,Holiday,National,Ecuador,Quito,Pichincha
2017-05-24,46,False,A,14,Holiday,National,Ecuador,Quito,Pichincha
2017-05-24,47,False,A,14,Holiday,National,Ecuador,Quito,Pichincha
2017-05-24,48,False,A,14,Holiday,National,Ecuador,Quito,Pichincha
2017-05-24,49,False,A,11,Holiday,National,Ecuador,Quito,Pichincha
2017-05-24,50,False,A,14,Holiday,National,Ecuador,Ambato,Tungurahua
2017-05-24,51,False,A,17,Holiday,National,Ecuador,Guayaquil,Guayas
2017-05-24,52,False,A,11,Holiday,National,Ecuador,Manta,Manabi
2017-05-24,53,False,D,13,Holiday,National,Ecuador,Manta,Manabi
2017-05-24,54,False,C,3,Holiday,National,Ecuador,El Carmen,Manabi
2017-05-26,1,True,D,13,Transfer,National,Ecuador,Quito,Pichincha
2017-05-26,2,True,D,13,Transfer,National,Ecuador,Quito,Pichincha
2017-05-26,3,True,D,8,Transfer,National,Ecuador,Quito,Pichincha
2017-05-26,4,True,D,9,Transfer,National,Ecuador,Quito,Pichincha
2017-05-26,5,True,D,4,Transfer,National,Ecuador,Santo Domingo,Santo Domingo de los Tsachilas
2017-05-26,6,True,D,13,Transfer,National,Ecuador,Quito,Pichincha
2017-05-26,7,True,D,8,Transfer,National,Ecuador,Quito,Pichincha
2017-05-26,8,True,D,8,Transfer,National,Ecuador,Quito,Pichincha
2017-05-26,9,True,B,6,Transfer,National,Ecuador,Quito,Pichincha
2017-05-26,10,True,C,15,Transfer,National,Ecuador,Quito,Pichincha
2017-05-26,11,True,B,6,Transfer,National,Ecuador,Cayambe,Pichincha
2017-05-26,12,True,C,15,Transfer,National,Ecuador,Latacunga,Cotopaxi
2017-05-26,13,True,C,15,Transfer,National,Ecuador,Latacunga,Cotopaxi
2017-05-26,14,True,C,7,Transfer,National,Ecuador,Riobamba,Chimborazo
2017-05-26,15,True,C,15,Transfer,National,Ecuador,Ibarra,Imbabura
2017-05-26,16,True,C,3,Transfer,National,Ecuador,Santo Domingo,Santo Domingo de los Tsachilas
2017-05-26,17,True,C,12,Transfer,National,Ecuador,Quito,Pichincha
2017-05-26,18,True,B,16,Transfer,National,Ecuador,Quito,Pichincha
2017-05-26,19,True,C,15,Transfer,National,Ecuador,Guaranda,Bolivar
2017-05-26,20,True,B,6,Transfer,National,Ecuador,Quito,Pichincha
2017-05-26,21,True,B,6,Transfer,National,Ecuador,Santo Domingo,Santo Domingo de los Tsachilas
2017-05-26,22,True,C,7,Transfer,National,Ecuador,Puyo,Pastaza
2017-05-26,23,True,D,9,Transfer,National,Ecuador,Ambato,Tungurahua
2017-05-26,24,True,D,1,Transfer,National,Ecuador,Guayaquil,Guayas
2017-05-26,25,True,D,1,Transfer,National,Ecuador,Salinas,Santa Elena
2017-05-26,26,True,D,10,Transfer,National,Ecuador,Guayaquil,Guayas
2017-05-26,27,True,D,1,Transfer,National,Ecuador,Daule,Guayas
2017-05-26,28,True,E,10,Transfer,National,Ecuador,Guayaquil,Guayas
2017-05-26,29,True,E,10,Transfer,National,Ecuador,Guayaquil,Guayas
2017-05-26,30,True,C,3,Transfer,National,Ecuador,Guayaquil,Guayas
2017-05-26,31,True,B,10,Transfer,National,Ecuador,Babahoyo,Los Rios
2017-05-26,32,True,C,3,Transfer,National,Ecuador,Guayaquil,Guayas
2017-05-26,33,True,C,3,Transfer,National,Ecuador,Quevedo,Los Rios
2017-05-26,34,True,B,6,Transfer,National,Ecuador,Guayaquil,Guayas
2017-05-26,35,True,C,3,Transfer,National,Ecuador,Playas,Guayas
2017-05-26,36,True,E,10,Transfer,National,Ecuador,Libertad,Guayas
2017-05-26,37,True,D,2,Transfer,National,Ecuador,Cuenca,Azuay
2017-05-26,38,True,D,4,Transfer,National,Ecuador,Loja,Loja
2017-05-26,39,True,B,6,Transfer,National,Ecuador,Cuenca,Azuay
2017-05-26,40,True,C,3,Transfer,National,Ecuador,Machala,El Oro
2017-05-26,41,True,D,4,Transfer,National,Ecuador,Machala,El Oro
2017-05-26,42,True,D,2,Transfer,National,Ecuador,Cuenca,Azuay
2017-05-26,43,True,E,10,Transfer,National,Ecuador,Esmeraldas,Esmeraldas
2017-05-26,44,True,A,5,Transfer,National,Ecuador,Quito,Pichincha
2017-05-26,45,True,A,11,Transfer,National,Ecuador,Quito,Pichincha
2017-05-26,46,True,A,14,Transfer,National,Ecuador,Quito,Pichincha
2017-05-26,47,True,A,14,Transfer,National,Ecuador,Quito,Pichincha
2017-05-26,48,True,A,14,Transfer,National,Ecuador,Quito,Pichincha
2017-05-26,49,True,A,11,Transfer,National,Ecuador,Quito,Pichincha
2017-05-26,50,True,A,14,Transfer,National,Ecuador,Ambato,Tungurahua
2017-05-26,51,True,A,17,Transfer,National,Ecuador,Guayaquil,Guayas
2017-05-26,52,True,A,11,Transfer,National,Ecuador,Manta,Manabi
2017-05-26,53,True,D,13,Transfer,National,Ecuador,Manta,Manabi
2017-05-26,54,True,C,3,Transfer,National,Ecuador,El Carmen,Manabi
2017-08-10,1,False,D,13,Holiday,National,Ecuador,Quito,Pichincha
2017-08-10,2,False,D,13,Holiday,National,Ecuador,Quito,Pichincha
2017-08-10,3,False,D,8,Holiday,National,Ecuador,Quito,Pichincha
2017-08-10,4,False,D,9,Holiday,National,Ecuador,Quito,Pichincha
2017-08-10,5,False,D,4,Holiday,National,Ecuador,Santo Domingo,Santo Domingo de los Tsachilas
2017-08-10,6,False,D,13,Holiday,National,Ecuador,Quito,Pichincha
2017-08-10,7,False,D,8,Holiday,National,Ecuador,Quito,Pichincha
2017-08-10,8,False,D,8,Holiday,National,Ecuador,Quito,Pichincha
2017-08-10,9,False,B,6,Holiday,National,Ecuador,Quito,Pichincha
2017-08-10,10,False,C,15,Holiday,National,Ecuador,Quito,Pichincha
2017-08-10,11,False,B,6,Holiday,National,Ecuador,Cayambe,Pichincha
2017-08-10,12,False,C,15,Holiday,National,Ecuador,Latacunga,Cotopaxi
2017-08-10,13,False,C,15,Holiday,National,Ecuador,Latacunga,Cotopaxi
2017-08-10,14,False,C,7,Holiday,National,Ecuador,Riobamba,Chimborazo
2017-08-10,15,False,C,15,Holiday,National,Ecuador,Ibarra,Imbabura
2017-08-10,16,False,C,3,Holiday,National,Ecuador,Santo Domingo,Santo Domingo de los Tsachilas
2017-08-10,17,False,C,12,Holiday,National,Ecuador,Quito,Pichincha
2017-08-10,18,False,B,16,Holiday,National,Ecuador,Quito,Pichincha
2017-08-10,19,False,C,15,Holiday,National,Ecuador,Guaranda,Bolivar
2017-08-10,20,False,B,6,Holiday,National,Ecuador,Quito,Pichincha
2017-08-10,21,False,B,6,Holiday,National,Ecuador,Santo Domingo,Santo Domingo de los Tsachilas
2017-08-10,22,False,C,7,Holiday,National,Ecuador,Puyo,Pastaza
2017-08-10,23,False,D,9,Holiday,National,Ecuador,Ambato,Tungurahua
2017-08-10,24,False,D,1,Holiday,National,Ecuador,Guayaquil,Guayas
2017-08-10,25,False,D,1,Holiday,National,Ecuador,Salinas,Santa Elena
2017-08-10,26,False,D,10,Holiday,National,Ecuador,Guayaquil,Guayas
2017-08-10,27,False,D,1,Holiday,National,Ecuador,Daule,Guayas
2017-08-10,28,False,E,10,Holiday,National,Ecuador,Guayaquil,Guayas
2017-08-10,29,False,E,10,Holiday,National,Ecuador,Guayaquil,Guayas
2017-08-10,30,False,C,3,Holiday,National,Ecuador,Guayaquil,Guayas
2017-08-10,31,False,B,10,Holiday,National,Ecuador,Babahoyo,Los Rios
2017-08-10,32,False,C,3,Holiday,National,Ecuador,Guayaquil,Guayas
2017-08-10,33,False,C,3,Holiday,National,Ecuador,Quevedo,Los Rios
2017-08-10,34,False,B,6,Holiday,National,Ecuador,Guayaquil,Guayas
2017-08-10,35,False,C,3,Holiday,National,Ecuador,Playas,Guayas
2017-08-10,36,False,E,10,Holiday,National,Ecuador,Libertad,Guayas
2017-08-10,37,False,D,2,Holiday,National,Ecuador,Cuenca,Azuay
2017-08-10,38,False,D,4,Holiday,National,Ecuador,Loja,Loja
2017-08-10,39,False,B,6,Holiday,National,Ecuador,Cuenca,Azuay
2017-08-10,40,False,C,3,Holiday,National,Ecuador,Machala,El Oro
2017-08-10,41,False,D,4,Holiday,National,Ecuador,Machala,El Oro
2017-08-10,42,False,D,2,Holiday,National,Ecuador,Cuenca,Azuay
2017-08-10,43,False,E,10,Holiday,National,Ecuador,Esmeraldas,Esmeraldas
2017-08-10,44,False,A,5,Holiday,National,Ecuador,Quito,Pichincha
2017-08-10,45,False,A,11,Holiday,National,Ecuador,Quito,Pichincha
2017-08-10,46,False,A,14,Holiday,National,Ecuador,Quito,Pichincha
2017-08-10,47,False,A,14,Holiday,National,Ecuador,Quito,Pichincha
2017-08-10,48,False,A,14,Holiday,National,Ecuador,Quito,Pichincha
2017-08-10,49,False,A,11,Holiday,National,Ecuador,Quito,Pichincha
2017-08-10,50,False,A,14,Holiday,National,Ecuador,Ambato,Tungurahua
2017-08-10,51,False,A,17,Holiday,National,Ecuador,Guayaquil,Guayas
2017-08-10,52,False,A,11,Holiday,National,Ecuador,Manta,Manabi
2017-08-10,53,False,D,13,Holiday,National,Ecuador,Manta,Manabi
2017-08-10,54,False,C,3,Holiday,National,Ecuador,El Carmen,Manabi
2017-08-11,1,True,D,13,Transfer,National,Ecuador,Quito,Pichincha
2017-08-11,2,True,D,13,Transfer,National,Ecuador,Quito,Pichincha
2017-08-11,3,True,D,8,Transfer,National,Ecuador,Quito,Pichincha
2017-08-11,4,True,D,9,Transfer,National,Ecuador,Quito,Pichincha
2017-08-11,5,True,D,4,Transfer,National,Ecuador,Santo Domingo,Santo Domingo de los Tsachilas
2017-08-11,6,True,D,13,Transfer,National,Ecuador,Quito,Pichincha
2017-08-11,7,True,D,8,Transfer,National,Ecuador,Quito,Pichincha
2017-08-11,8,True,D,8,Transfer,National,Ecuador,Quito,Pichincha
2017-08-11,9,True,B,6,Transfer,National,Ecuador,Quito,Pichincha
2017-08-11,10,True,C,15,Transfer,National,Ecuador,Quito,Pichincha
2017-08-11,11,True,B,6,Transfer,National,Ecuador,Cayambe,Pichincha
2017-08-11,12,True,C,15,Transfer,National,Ecuador,Latacunga,Cotopaxi
2017-08-11,13,True,C,15,Transfer,National,Ecuador,Latacunga,Cotopaxi
2017-08-11,14,True,C,7,Transfer,National,Ecuador,Riobamba,Chimborazo
2017-08-11,15,True,C,15,Transfer,National,Ecuador,Ibarra,Imbabura
2017-08-11,16,True,C,3,Transfer,National,Ecuador,Santo Domingo,Santo Domingo de los Tsachilas
2017-08-11,17,True,C,12,Transfer,National,Ecuador,Quito,Pichincha
2017-08-11,18,True,B,16,Transfer,National,Ecuador,Quito,Pichincha
2017-08-11,19,True,C,15,Transfer,National,Ecuador,Guaranda,Bolivar
2017-08-11,20,True,B,6,Transfer,National,Ecuador,Quito,Pichincha
2017-08-11,21,True,B,6,Transfer,National,Ecuador,Santo Domingo,Santo Domingo de los Tsachilas
2017-08-11,22,True,C,7,Transfer,National,Ecuador,Puyo,Pastaza
2017-08-11,23,True,D,9,Transfer,National,Ecuador,Ambato,Tungurahua
2017-08-11,24,True,D,1,Transfer,National,Ecuador,Guayaquil,Guayas
2017-08-11,25,True,D,1,Transfer,National,Ecuador,Salinas,Santa Elena
2017-08-11,26,True,D,10,Transfer,National,Ecuador,Guayaquil,Guayas
2017-08-11,27,True,D,1,Transfer,National,Ecuador,Daule,Guayas
2017-08-11,28,True,E,10,Transfer,National,Ecuador,Guayaquil,Guayas
2017-08-11,29,True,E,10,Transfer,National,Ecuador,Guayaquil,Guayas
2017-08-11,30,True,C,3,Transfer,National,Ecuador,Guayaquil,Guayas
2017-08-11,31,True,B,10,Transfer,National,Ecuador,Babahoyo,Los Rios
2017-08-11,32,True,C,3,Transfer,National,Ecuador,Guayaquil,Guayas
2017-08-11,33,True,C,3,Transfer,National,Ecuador,Quevedo,Los Rios
2017-08-11,34,True,B,6,Transfer,National,Ecuador,Guayaquil,Guayas
2017-08-11,35,True,C,3,Transfer,National,Ecuador,Playas,Guayas
2017-08-11,36,True,E,10,Transfer,National,Ecuador,Libertad,Guayas
2017-08-11,37,True,D,2,Transfer,National,Ecuador,Cuenca,Azuay
2017-08-11,38,True,D,4,Transfer,National,Ecuador,Loja,Loja
2017-08-11,39,True,B,6,Transfer,National,Ecuador,Cuenca,Azuay
2017-08-11,40,True,C,3,Transfer,National,Ecuador,Machala,El Oro
2017-08-11,41,True,D,4,Transfer,National,Ecuador,Machala,El Oro
2017-08-11,42,True,D,2,Transfer,National,Ecuador,Cuenca,Azuay
2017-08-11,43,True,E,10,Transfer,National,Ecuador,Esmeraldas,Esmeraldas
2017-08-11,44,True,A,5,Transfer,National,Ecuador,Quito,Pichincha
2017-08-11,45,True,A,11,Transfer,National,Ecuador,Quito,Pichincha
2017-08-11,46,True,A,14,Transfer,National,Ecuador,Quito,Pichincha
2017-08-11,47,True,A,14,Transfer,National,Ecuador,Quito,Pichincha
2017-08-11,48,True,A,14,Transfer,National,Ecuador,Quito,Pichincha
2017-08-11,49,True,A,11,Transfer,National,Ecuador,Quito,Pichincha
2017-08-11,50,True,A,14,Transfer,National,Ecuador,Ambato,Tungurahua
2017-08-11,51,True,A,17,Transfer,National,Ecuador,Guayaquil,Guayas
2017-08-11,52,True,A,11,Transfer,National,Ecuador,Manta,Manabi
2017-08-11,53,True,D,13,Transfer,National,Ecuador,Manta,Manabi
2017-08-11,54,True,C,3,Transfer,National,Ecuador,El Carmen,Manabi
2017-10-09,1,True,D,13,Holiday,National,Ecuador,Quito,Pichincha
2017-10-09,2,True,D,13,Holiday,National,Ecuador,Quito,Pichincha
2017-10-09,3,True,D,8,Holiday,National,Ecuador,Quito,Pichincha
2017-10-09,4,True,D,9,Holiday,National,Ecuador,Quito,Pichincha
2017-10-09,5,True,D,4,Holiday,National,Ecuador,Santo Domingo,Santo Domingo de los Tsachilas
2017-10-09,6,True,D,13,Holiday,National,Ecuador,Quito,Pichincha
2017-10-09,7,True,D,8,Holiday,National,Ecuador,Quito,Pichincha
2017-10-09,8,True,D,8,Holiday,National,Ecuador,Quito,Pichincha
2017-10-09,9,True,B,6,Holiday,National,Ecuador,Quito,Pichincha
2017-10-09,10,True,C,15,Holiday,National,Ecuador,Quito,Pichincha
2017-10-09,11,True,B,6,Holiday,National,Ecuador,Cayambe,Pichincha
2017-10-09,12,True,C,15,Holiday,National,Ecuador,Latacunga,Cotopaxi
2017-10-09,13,True,C,15,Holiday,National,Ecuador,Latacunga,Cotopaxi
2017-10-09,14,True,C,7,Holiday,National,Ecuador,Riobamba,Chimborazo
2017-10-09,15,True,C,15,Holiday,National,Ecuador,Ibarra,Imbabura
2017-10-09,16,True,C,3,Holiday,National,Ecuador,Santo Domingo,Santo Domingo de los Tsachilas
2017-10-09,17,True,C,12,Holiday,National,Ecuador,Quito,Pichincha
2017-10-09,18,True,B,16,Holiday,National,Ecuador,Quito,Pichincha
2017-10-09,19,True,C,15,Holiday,National,Ecuador,Guaranda,Bolivar
2017-10-09,20,True,B,6,Holiday,National,Ecuador,Quito,Pichincha
2017-10-09,21,True,B,6,Holiday,National,Ecuador,Santo Domingo,Santo Domingo de los Tsachilas
2017-10-09,22,True,C,7,Holiday,National,Ecuador,Puyo,Pastaza
2017-10-09,23,True,D,9,Holiday,National,Ecuador,Ambato,Tungurahua
2017-10-09,24,True,D,1,Holiday,National,Ecuador,Guayaquil,Guayas
2017-10-09,25,True,D,1,Holiday,National,Ecuador,Salinas,Santa Elena
2017-10-09,26,True,D,10,Holiday,National,Ecuador,Guayaquil,Guayas
2017-10-09,27,True,D,1,Holiday,National,Ecuador,Daule,Guayas
2017-10-09,28,True,E,10,Holiday,National,Ecuador,Guayaquil,Guayas
2017-10-09,29,True,E,10,Holiday,National,Ecuador,Guayaquil,Guayas
2017-10-09,30,True,C,3,Holiday,National,Ecuador,Guayaquil,Guayas
2017-10-09,31,True,B,10,Holiday,National,Ecuador,Babahoyo,Los Rios
2017-10-09,32,True,C,3,Holiday,National,Ecuador,Guayaquil,Guayas
2017-10-09,33,True,C,3,Holiday,National,Ecuador,Quevedo,Los Rios
2017-10-09,34,True,B,6,Holiday,National,Ecuador,Guayaquil,Guayas
2017-10-09,35,True,C,3,Holiday,National,Ecuador,Playas,Guayas
2017-10-09,36,True,E,10,Holiday,National,Ecuador,Libertad,Guayas
2017-10-09,37,True,D,2,Holiday,National,Ecuador,Cuenca,Azuay
2017-10-09,38,True,D,4,Holiday,National,Ecuador,Loja,Loja
2017-10-09,39,True,B,6,Holiday,National,Ecuador,Cuenca,Azuay
2017-10-09,40,True,C,3,Holiday,National,Ecuador,Machala,El Oro
2017-10-09,41,True,D,4,Holiday,National,Ecuador,Machala,El Oro
2017-10-09,42,True,D,2,Holiday,National,Ecuador,Cuenca,Azuay
2017-10-09,43,True,E,10,Holiday,National,Ecuador,Esmeraldas,Esmeraldas
2017-10-09,44,True,A,5,Holiday,National,Ecuador,Quito,Pichincha
2017-10-09,45,True,A,11,Holiday,National,Ecuador,Quito,Pichincha
2017-10-09,46,True,A,14,Holiday,National,Ecuador,Quito,Pichincha
2017-10-09,47,True,A,14,Holiday,National,Ecuador,Quito,Pichincha
2017-10-09,48,True,A,14,Holiday,National,Ecuador,Quito,Pichincha
2017-10-09,49,True,A,11,Holiday,National,Ecuador,Quito,Pichincha
2017-10-09,50,True,A,14,Holiday,National,Ecuador,Ambato,Tungurahua
2017-10-09,51,True,A,17,Holiday,National,Ecuador,Guayaquil,Guayas
2017-10-09,52,True,A,11,Holiday,National,Ecuador,Manta,Manabi
2017-10-09,53,True,D,13,Holiday,National,Ecuador,Manta,Manabi
2017-10-09,54,True,C,3,Holiday,National,Ecuador,El Carmen,Manabi
2017-11-02,1,True,D,13,Holiday,National,Ecuador,Quito,Pichincha
2017-11-02,2,True,D,13,Holiday,National,Ecuador,Quito,Pichincha
2017-11-02,3,True,D,8,Holiday,National,Ecuador,Quito,Pichincha
2017-11-02,4,True,D,9,Holiday,National,Ecuador,Quito,Pichincha
2017-11-02,5,True,D,4,Holiday,National,Ecuador,Santo Domingo,Santo Domingo de los Tsachilas
2017-11-02,6,True,D,13,Holiday,National,Ecuador,Quito,Pichincha
2017-11-02,7,True,D,8,Holiday,National,Ecuador,Quito,Pichincha
2017-11-02,8,True,D,8,Holiday,National,Ecuador,Quito,Pichincha
2017-11-02,9,True,B,6,Holiday,National,Ecuador,Quito,Pichincha
2017-11-02,10,True,C,15,Holiday,National,Ecuador,Quito,Pichincha
2017-11-02,11,True,B,6,Holiday,National,Ecuador,Cayambe,Pichincha
2017-11-02,12,True,C,15,Holiday,National,Ecuador,Latacunga,Cotopaxi
2017-11-02,13,True,C,15,Holiday,National,Ecuador,Latacunga,Cotopaxi
2017-11-02,14,True,C,7,Holiday,National,Ecuador,Riobamba,Chimborazo
2017-11-02,15,True,C,15,Holiday,National,Ecuador,Ibarra,Imbabura
2017-11-02,16,True,C,3,Holiday,National,Ecuador,Santo Domingo,Santo Domingo de los Tsachilas
2017-11-02,17,True,C,12,Holiday,National,Ecuador,Quito,Pichincha
2017-11-02,18,True,B,16,Holiday,National,Ecuador,Quito,Pichincha
2017-11-02,19,True,C,15,Holiday,National,Ecuador,Guaranda,Bolivar
2017-11-02,20,True,B,6,Holiday,National,Ecuador,Quito,Pichincha
2017-11-02,21,True,B,6,Holiday,National,Ecuador,Santo Domingo,Santo Domingo de los Tsachilas
2017-11-02,22,True,C,7,Holiday,National,Ecuador,Puyo,Pastaza
2017-11-02,23,True,D,9,Holiday,National,Ecuador,Ambato,Tungurahua
2017-11-02,24,True,D,1,Holiday,National,Ecuador,Guayaquil,Guayas
2017-11-02,25,True,D,1,Holiday,National,Ecuador,Salinas,Santa Elena
2017-11-02,26,True,D,10,Holiday,National,Ecuador,Guayaquil,Guayas
2017-11-02,27,True,D,1,Holiday,National,Ecuador,Daule,Guayas
2017-11-02,28,True,E,10,Holiday,National,Ecuador,Guayaquil,Guayas
2017-11-02,29,True,E,10,Holiday,National,Ecuador,Guayaquil,Guayas
2017-11-02,30,True,C,3,Holiday,National,Ecuador,Guayaquil,Guayas
2017-11-02,31,True,B,10,Holiday,National,Ecuador,Babahoyo,Los Rios
2017-11-02,32,True,C,3,Holiday,National,Ecuador,Guayaquil,Guayas
2017-11-02,33,True,C,3,Holiday,National,Ecuador,Quevedo,Los Rios
2017-11-02,34,True,B,6,Holiday,National,Ecuador,Guayaquil,Guayas
2017-11-02,35,True,C,3,Holiday,National,Ecuador,Playas,Guayas
2017-11-02,36,True,E,10,Holiday,National,Ecuador,Libertad,Guayas
2017-11-02,37,True,D,2,Holiday,National,Ecuador,Cuenca,Azuay
2017-11-02,38,True,D,4,Holiday,National,Ecuador,Loja,Loja
2017-11-02,39,True,B,6,Holiday,National,Ecuador,Cuenca,Azuay
2017-11-02,40,True,C,3,Holiday,National,Ecuador,Machala,El Oro
2017-11-02,41,True,D,4,Holiday,National,Ecuador,Machala,El Oro
2017-11-02,42,True,D,2,Holiday,National,Ecuador,Cuenca,Azuay
2017-11-02,43,True,E,10,Holiday,National,Ecuador,Esmeraldas,Esmeraldas
2017-11-02,44,True,A,5,Holiday,National,Ecuador,Quito,Pichincha
2017-11-02,45,True,A,11,Holiday,National,Ecuador,Quito,Pichincha
2017-11-02,46,True,A,14,Holiday,National,Ecuador,Quito,Pichincha
2017-11-02,47,True,A,14,Holiday,National,Ecuador,Quito,Pichincha
2017-11-02,48,True,A,14,Holiday,National,Ecuador,Quito,Pichincha
2017-11-02,49,True,A,11,Holiday,National,Ecuador,Quito,Pichincha
2017-11-02,50,True,A,14,Holiday,National,Ecuador,Ambato,Tungurahua
2017-11-02,51,True,A,17,Holiday,National,Ecuador,Guayaquil,Guayas
2017-11-02,52,True,A,11,Holiday,National,Ecuador,Manta,Manabi
2017-11-02,53,True,D,13,Holiday,National,Ecuador,Manta,Manabi
2017-11-02,54,True,C,3,Holiday,National,Ecuador,El Carmen,Manabi
2017-11-03,1,True,D,13,Holiday,National,Ecuador,Quito,Pichincha
2017-11-03,2,True,D,13,Holiday,National,Ecuador,Quito,Pichincha
2017-11-03,3,True,D,8,Holiday,National,Ecuador,Quito,Pichincha
2017-11-03,4,True,D,9,Holiday,National,Ecuador,Quito,Pichincha
2017-11-03,5,True,D,4,Holiday,National,Ecuador,Santo Domingo,Santo Domingo de los Tsachilas
2017-11-03,6,True,D,13,Holiday,National,Ecuador,Quito,Pichincha
2017-11-03,7,True,D,8,Holiday,National,Ecuador,Quito,Pichincha
2017-11-03,8,True,D,8,Holiday,National,Ecuador,Quito,Pichincha
2017-11-03,9,True,B,6,Holiday,National,Ecuador,Quito,Pichincha
2017-11-03,10,True,C,15,Holiday,National,Ecuador,Quito,Pichincha
2017-11-03,11,True,B,6,Holiday,National,Ecuador,Cayambe,Pichincha
2017-11-03,12,True,C,15,Holiday,National,Ecuador,Latacunga,Cotopaxi
2017-11-03,13,True,C,15,Holiday,National,Ecuador,Latacunga,Cotopaxi
2017-11-03,14,True,C,7,Holiday,National,Ecuador,Riobamba,Chimborazo
2017-11-03,15,True,C,15,Holiday,National,Ecuador,Ibarra,Imbabura
2017-11-03,16,True,C,3,Holiday,National,Ecuador,Santo Domingo,Santo Domingo de los Tsachilas
2017-11-03,17,True,C,12,Holiday,National,Ecuador,Quito,Pichincha
2017-11-03,18,True,B,16,Holiday,National,Ecuador,Quito,Pichincha
2017-11-03,19,True,C,15,Holiday,National,Ecuador,Guaranda,Bolivar
2017-11-03,20,True,B,6,Holiday,National,Ecuador,Quito,Pichincha
2017-11-03,21,True,B,6,Holiday,National,Ecuador,Santo Domingo,Santo Domingo de los Tsachilas
2017-11-03,22,True,C,7,Holiday,National,Ecuador,Puyo,Pastaza
2017-11-03,23,True,D,9,Holiday,National,Ecuador,Ambato,Tungurahua
2017-11-03,24,True,D,1,Holiday,National,Ecuador,Guayaquil,Guayas
2017-11-03,25,True,D,1,Holiday,National,Ecuador,Salinas,Santa Elena
2017-11-03,26,True,D,10,Holiday,National,Ecuador,Guayaquil,Guayas
2017-11-03,27,True,D,1,Holiday,National,Ecuador,Daule,Guayas
2017-11-03,28,True,E,10,Holiday,National,Ecuador,Guayaquil,Guayas
2017-11-03,29,True,E,10,Holiday,National,Ecuador,Guayaquil,Guayas
2017-11-03,30,True,C,3,Holiday,National,Ecuador,Guayaquil,Guayas
2017-11-03,31,True,B,10,Holiday,National,Ecuador,Babahoyo,Los Rios
2017-11-03,32,True,C,3,Holiday,National,Ecuador,Guayaquil,Guayas
2017-11-03,33,True,C,3,Holiday,National,Ecuador,Quevedo,Los Rios
2017-11-03,34,True,B,6,Holiday,National,Ecuador,Guayaquil,Guayas
2017-11-03,35,True,C,3,Holiday,National,Ecuador,Playas,Guayas
2017-11-03,36,True,E,10,Holiday,National,Ecuador,Libertad,Guayas
2017-11-03,37,True,D,2,Holiday,National,Ecuador,Cuenca,Azuay
2017-11-03,38,True,D,4,Holiday,National,Ecuador,Loja,Loja
2017-11-03,39,True,B,6,Holiday,National,Ecuador,Cuenca,Azuay
2017-11-03,40,True,C,3,Holiday,National,Ecuador,Machala,El Oro
2017-11-03,41,True,D,4,Holiday,National,Ecuador,Machala,El Oro
2017-11-03,42,True,D,2,Holiday,National,Ecuador,Cuenca,Azuay
2017-11-03,43,True,E,10,Holiday,National,Ecuador,Esmeraldas,Esmeraldas
2017-11-03,44,True,A,5,Holiday,National,Ecuador,Quito,Pichincha
2017-11-03,45,True,A,11,Holiday,National,Ecuador,Quito,Pichincha
2017-11-03,46,True,A,14,Holiday,National,Ecuador,Quito,Pichincha
2017-11-03,47,True,A,14,Holiday,National,Ecuador,Quito,Pichincha
2017-11-03,48,True,A,14,Holiday,National,Ecuador,Quito,Pichincha
2017-11-03,49,True,A,11,Holiday,National,Ecuador,Quito,Pichincha
2017-11-03,50,True,A,14,Holiday,National,Ecuador,Ambato,Tungurahua
2017-11-03,51,True,A,17,Holiday,National,Ecuador,Guayaquil,Guayas
2017-11-03,52,True,A,11,Holiday,National,Ecuador,Manta,Manabi
2017-11-03,53,True,D,13,Holiday,National,Ecuador,Manta,Manabi
2017-11-03,54,True,C,3,Holiday,National,Ecuador,El Carmen,Manabi
2017-12-21,1,True,D,13,Additional,National,Ecuador,Quito,Pichincha
2017-12-21,2,True,D,13,Additional,National,Ecuador,Quito,Pichincha
2017-12-21,3,True,D,8,Additional,National,Ecuador,Quito,Pichincha
2017-12-21,4,True,D,9,Additional,National,Ecuador,Quito,Pichincha
2017-12-21,5,True,D,4,Additional,National,Ecuador,Santo Domingo,Santo Domingo de los Tsachilas
2017-12-21,6,True,D,13,Additional,National,Ecuador,Quito,Pichincha
2017-12-21,7,True,D,8,Additional,National,Ecuador,Quito,Pichincha
2017-12-21,8,True,D,8,Additional,National,Ecuador,Quito,Pichincha
2017-12-21,9,True,B,6,Additional,National,Ecuador,Quito,Pichincha
2017-12-21,10,True,C,15,Additional,National,Ecuador,Quito,Pichincha
2017-12-21,11,True,B,6,Additional,National,Ecuador,Cayambe,Pichincha
2017-12-21,12,True,C,15,Additional,National,Ecuador,Latacunga,Cotopaxi
2017-12-21,13,True,C,15,Additional,National,Ecuador,Latacunga,Cotopaxi
2017-12-21,14,True,C,7,Additional,National,Ecuador,Riobamba,Chimborazo
2017-12-21,15,True,C,15,Additional,National,Ecuador,Ibarra,Imbabura
2017-12-21,16,True,C,3,Additional,National,Ecuador,Santo Domingo,Santo Domingo de los Tsachilas
2017-12-21,17,True,C,12,Additional,National,Ecuador,Quito,Pichincha
2017-12-21,18,True,B,16,Additional,National,Ecuador,Quito,Pichincha
2017-12-21,19,True,C,15,Additional,National,Ecuador,Guaranda,Bolivar
2017-12-21,20,True,B,6,Additional,National,Ecuador,Quito,Pichincha
2017-12-21,21,True,B,6,Additional,National,Ecuador,Santo Domingo,Santo Domingo de los Tsachilas
2017-12-21,22,True,C,7,Additional,National,Ecuador,Puyo,Pastaza
2017-12-21,23,True,D,9,Additional,National,Ecuador,Ambato,Tungurahua
2017-12-21,24,True,D,1,Additional,National,Ecuador,Guayaquil,Guayas
2017-12-21,25,True,D,1,Additional,National,Ecuador,Salinas,Santa Elena
2017-12-21,26,True,D,10,Additional,National,Ecuador,Guayaquil,Guayas
2017-12-21,27,True,D,1,Additional,National,Ecuador,Daule,Guayas
2017-12-21,28,True,E,10,Additional,National,Ecuador,Guayaquil,Guayas
2017-12-21,29,True,E,10,Additional,National,Ecuador,Guayaquil,Guayas
2017-12-21,30,True,C,3,Additional,National,Ecuador,Guayaquil,Guayas
2017-12-21,31,True,B,10,Additional,National,Ecuador,Babahoyo,Los Rios
2017-12-21,32,True,C,3,Additional,National,Ecuador,Guayaquil,Guayas
2017-12-21,33,True,C,3,Additional,National,Ecuador,Quevedo,Los Rios
2017-12-21,34,True,B,6,Additional,National,Ecuador,Guayaquil,Guayas
2017-12-21,35,True,C,3,Additional,National,Ecuador,Playas,Guayas
2017-12-21,36,True,E,10,Additional,National,Ecuador,Libertad,Guayas
2017-12-21,37,True,D,2,Additional,National,Ecuador,Cuenca,Azuay
2017-12-21,38,True,D,4,Additional,National,Ecuador,Loja,Loja
2017-12-21,39,True,B,6,Additional,National,Ecuador,Cuenca,Azuay
2017-12-21,40,True,C,3,Additional,National,Ecuador,Machala,El Oro
2017-12-21,41,True,D,4,Additional,National,Ecuador,Machala,El Oro
2017-12-21,42,True,D,2,Additional,National,Ecuador,Cuenca,Azuay
2017-12-21,43,True,E,10,Additional,National,Ecuador,Esmeraldas,Esmeraldas
2017-12-21,44,True,A,5,Additional,National,Ecuador,Quito,Pichincha
2017-12-21,45,True,A,11,Additional,National,Ecuador,Quito,Pichincha
2017-12-21,46,True,A,14,Additional,National,Ecuador,Quito,Pichincha
2017-12-21,47,True,A,14,Additional,National,Ecuador,Quito,Pichincha
2017-12-21,48,True,A,14,Additional,National,Ecuador,Quito,Pichincha
2017-12-21,49,True,A,11,Additional,National,Ecuador,Quito,Pichincha
2017-12-21,50,True,A,14,Additional,National,Ecuador,Ambato,Tungurahua
2017-12-21,51,True,A,17,Additional,National,Ecuador,Guayaquil,Guayas
2017-12-21,52,True,A,11,Additional,National,Ecuador,Manta,Manabi
2017-12-21,53,True,D,13,Additional,National,Ecuador,Manta,Manabi
2017-12-21,54,True,C,3,Additional,National,Ecuador,El Carmen,Manabi
2017-12-22,1,True,D,13,Additional,National,Ecuador,Quito,Pichincha
2017-12-22,2,True,D,13,Additional,National,Ecuador,Quito,Pichincha
2017-12-22,3,True,D,8,Additional,National,Ecuador,Quito,Pichincha
2017-12-22,4,True,D,9,Additional,National,Ecuador,Quito,Pichincha
2017-12-22,5,True,D,4,Additional,National,Ecuador,Santo Domingo,Santo Domingo de los Tsachilas
2017-12-22,6,True,D,13,Additional,National,Ecuador,Quito,Pichincha
2017-12-22,7,True,D,8,Additional,National,Ecuador,Quito,Pichincha
2017-12-22,8,True,D,8,Additional,National,Ecuador,Quito,Pichincha
2017-12-22,9,True,B,6,Additional,National,Ecuador,Quito,Pichincha
2017-12-22,10,True,C,15,Additional,National,Ecuador,Quito,Pichincha
2017-12-22,11,True,B,6,Additional,National,Ecuador,Cayambe,Pichincha
2017-12-22,12,True,C,15,Additional,National,Ecuador,Latacunga,Cotopaxi
2017-12-22,13,True,C,15,Additional,National,Ecuador,Latacunga,Cotopaxi
2017-12-22,14,True,C,7,Additional,National,Ecuador,Riobamba,Chimborazo
2017-12-22,15,True,C,15,Additional,National,Ecuador,Ibarra,Imbabura
2017-12-22,16,True,C,3,Additional,National,Ecuador,Santo Domingo,Santo Domingo de los Tsachilas
2017-12-22,17,True,C,12,Additional,National,Ecuador,Quito,Pichincha
2017-12-22,18,True,B,16,Additional,National,Ecuador,Quito,Pichincha
2017-12-22,19,True,C,15,Additional,National,Ecuador,Guaranda,Bolivar
2017-12-22,20,True,B,6,Additional,National,Ecuador,Quito,Pichincha
2017-12-22,21,True,B,6,Additional,National,Ecuador,Santo Domingo,Santo Domingo de los Tsachilas
2017-12-22,22,True,C,7,Additional,National,Ecuador,Puyo,Pastaza
2017-12-22,23,True,D,9,Additional,National,Ecuador,Ambato,Tungurahua
2017-12-22,24,True,D,1,Additional,National,Ecuador,Guayaquil,Guayas
2017-12-22,25,True,D,1,Additional,National,Ecuador,Salinas,Santa Elena
2017-12-22,26,True,D,10,Additional,National,Ecuador,Guayaquil,Guayas
2017-12-22,27,True,D,1,Additional,National,Ecuador,Daule,Guayas
2017-12-22,28,True,E,10,Additional,National,Ecuador,Guayaquil,Guayas
2017-12-22,29,True,E,10,Additional,National,Ecuador,Guayaquil,Guayas
2017-12-22,30,True,C,3,Additional,National,Ecuador,Guayaquil,Guayas
2017-12-22,31,True,B,10,Additional,National,Ecuador,Babahoyo,Los Rios
2017-12-22,32,True,C,3,Additional,National,Ecuador,Guayaquil,Guayas
2017-12-22,33,True,C,3,Additional,National,Ecuador,Quevedo,Los Rios
2017-12-22,34,True,B,6,Additional,National,Ecuador,Guayaquil,Guayas
2017-12-22,35,True,C,3,Additional,National,Ecuador,Playas,Guayas
2017-12-22,36,True,E,10,Additional,National,Ecuador,Libertad,Guayas
2017-12-22,37,True,D,2,Additional,National,Ecuador,Cuenca,Azuay
2017-12-22,38,True,D,4,Additional,National,Ecuador,Loja,Loja
2017-12-22,39,True,B,6,Additional,National,Ecuador,Cuenca,Azuay
2017-12-22,40,True,C,3,Additional,National,Ecuador,Machala,El Oro
2017-12-22,41,True,D,4,Additional,National,Ecuador,Machala,El Oro
2017-12-22,42,True,D,2,Additional,National,Ecuador,Cuenca,Azuay
2017-12-22,43,True,E,10,Additional,National,Ecuador,Esmeraldas,Esmeraldas
2017-12-22,44,True,A,5,Additional,National,Ecuador,Quito,Pichincha
2017-12-22,45,True,A,11,Additional,National,Ecuador,Quito,Pichincha
2017-12-22,46,True,A,14,Additional,National,Ecuador,Quito,Pichincha
2017-12-22,47,True,A,14,Additional,National,Ecuador,Quito,Pichincha
2017-12-22,48,True,A,14,Additional,National,Ecuador,Quito,Pichincha
2017-12-22,49,True,A,11,Additional,National,Ecuador,Quito,Pichincha
2017-12-22,50,True,A,14,Additional,National,Ecuador,Ambato,Tungurahua
2017-12-22,51,True,A,17,Additional,National,Ecuador,Guayaquil,Guayas
2017-12-22,52,True,A,11,Additional,National,Ecuador,Manta,Manabi
2017-12-22,53,True,D,13,Additional,National,Ecuador,Manta,Manabi
2017-12-22,54,True,C,3,Additional,National,Ecuador,El Carmen,Manabi
2017-12-23,1,True,D,13,Additional,National,Ecuador,Quito,Pichincha
2017-12-23,2,True,D,13,Additional,National,Ecuador,Quito,Pichincha
2017-12-23,3,True,D,8,Additional,National,Ecuador,Quito,Pichincha
2017-12-23,4,True,D,9,Additional,National,Ecuador,Quito,Pichincha
2017-12-23,5,True,D,4,Additional,National,Ecuador,Santo Domingo,Santo Domingo de los Tsachilas
2017-12-23,6,True,D,13,Additional,National,Ecuador,Quito,Pichincha
2017-12-23,7,True,D,8,Additional,National,Ecuador,Quito,Pichincha
2017-12-23,8,True,D,8,Additional,National,Ecuador,Quito,Pichincha
2017-12-23,9,True,B,6,Additional,National,Ecuador,Quito,Pichincha
2017-12-23,10,True,C,15,Additional,National,Ecuador,Quito,Pichincha
2017-12-23,11,True,B,6,Additional,National,Ecuador,Cayambe,Pichincha
2017-12-23,12,True,C,15,Additional,National,Ecuador,Latacunga,Cotopaxi
2017-12-23,13,True,C,15,Additional,National,Ecuador,Latacunga,Cotopaxi
2017-12-23,14,True,C,7,Additional,National,Ecuador,Riobamba,Chimborazo
2017-12-23,15,True,C,15,Additional,National,Ecuador,Ibarra,Imbabura
2017-12-23,16,True,C,3,Additional,National,Ecuador,Santo Domingo,Santo Domingo de los Tsachilas
2017-12-23,17,True,C,12,Additional,National,Ecuador,Quito,Pichincha
2017-12-23,18,True,B,16,Additional,National,Ecuador,Quito,Pichincha
2017-12-23,19,True,C,15,Additional,National,Ecuador,Guaranda,Bolivar
2017-12-23,20,True,B,6,Additional,National,Ecuador,Quito,Pichincha
2017-12-23,21,True,B,6,Additional,National,Ecuador,Santo Domingo,Santo Domingo de los Tsachilas
2017-12-23,22,True,C,7,Additional,National,Ecuador,Puyo,Pastaza
2017-12-23,23,True,D,9,Additional,National,Ecuador,Ambato,Tungurahua
2017-12-23,24,True,D,1,Additional,National,Ecuador,Guayaquil,Guayas
2017-12-23,25,True,D,1,Additional,National,Ecuador,Salinas,Santa Elena
2017-12-23,26,True,D,10,Additional,National,Ecuador,Guayaquil,Guayas
2017-12-23,27,True,D,1,Additional,National,Ecuador,Daule,Guayas
2017-12-23,28,True,E,10,Additional,National,Ecuador,Guayaquil,Guayas
2017-12-23,29,True,E,10,Additional,National,Ecuador,Guayaquil,Guayas
2017-12-23,30,True,C,3,Additional,National,Ecuador,Guayaquil,Guayas
2017-12-23,31,True,B,10,Additional,National,Ecuador,Babahoyo,Los Rios
2017-12-23,32,True,C,3,Additional,National,Ecuador,Guayaquil,Guayas
2017-12-23,33,True,C,3,Additional,National,Ecuador,Quevedo,Los Rios
2017-12-23,34,True,B,6,Additional,National,Ecuador,Guayaquil,Guayas
2017-12-23,35,True,C,3,Additional,National,Ecuador,Playas,Guayas
2017-12-23,36,True,E,10,Additional,National,Ecuador,Libertad,Guayas
2017-12-23,37,True,D,2,Additional,National,Ecuador,Cuenca,Azuay
2017-12-23,38,True,D,4,Additional,National,Ecuador,Loja,Loja
2017-12-23,39,True,B,6,Additional,National,Ecuador,Cuenca,Azuay
2017-12-23,40,True,C,3,Additional,National,Ecuador,Machala,El Oro
2017-12-23,41,True,D,4,Additional,National,Ecuador,Machala,El Oro
2017-12-23,42,True,D,2,Additional,National,Ecuador,Cuenca,Azuay
2017-12-23,43,True,E,10,Additional,National,Ecuador,Esmeraldas,Esmeraldas
2017-12-23,44,True,A,5,Additional,National,Ecuador,Quito,Pichincha
2017-12-23,45,True,A,11,Additional,National,Ecuador,Quito,Pichincha
2017-12-23,46,True,A,14,Additional,National,Ecuador,Quito,Pichincha
2017-12-23,47,True,A,14,Additional,National,Ecuador,Quito,Pichincha
2017-12-23,48,True,A,14,Additional,National,Ecuador,Quito,Pichincha
2017-12-23,49,True,A,11,Additional,National,Ecuador,Quito,Pichincha
2017-12-23,50,True,A,14,Additional,National,Ecuador,Ambato,Tungurahua
2017-12-23,51,True,A,17,Additional,National,Ecuador,Guayaquil,Guayas
2017-12-23,52,True,A,11,Additional,National,Ecuador,Manta,Manabi
2017-12-23,53,True,D,13,Additional,National,Ecuador,Manta,Manabi
2017-12-23,54,True,C,3,Additional,National,Ecuador,El Carmen,Manabi
2017-12-24,1,True,D,13,Additional,National,Ecuador,Quito,Pichincha
2017-12-24,2,True,D,13,Additional,National,Ecuador,Quito,Pichincha
2017-12-24,3,True,D,8,Additional,National,Ecuador,Quito,Pichincha
2017-12-24,4,True,D,9,Additional,National,Ecuador,Quito,Pichincha
2017-12-24,5,True,D,4,Additional,National,Ecuador,Santo Domingo,Santo Domingo de los Tsachilas
2017-12-24,6,True,D,13,Additional,National,Ecuador,Quito,Pichincha
2017-12-24,7,True,D,8,Additional,National,Ecuador,Quito,Pichincha
2017-12-24,8,True,D,8,Additional,National,Ecuador,Quito,Pichincha
2017-12-24,9,True,B,6,Additional,National,Ecuador,Quito,Pichincha
2017-12-24,10,True,C,15,Additional,National,Ecuador,Quito,Pichincha
2017-12-24,11,True,B,6,Additional,National,Ecuador,Cayambe,Pichincha
2017-12-24,12,True,C,15,Additional,National,Ecuador,Latacunga,Cotopaxi
2017-12-24,13,True,C,15,Additional,National,Ecuador,Latacunga,Cotopaxi
2017-12-24,14,True,C,7,Additional,National,Ecuador,Riobamba,Chimborazo
2017-12-24,15,True,C,15,Additional,National,Ecuador,Ibarra,Imbabura
2017-12-24,16,True,C,3,Additional,National,Ecuador,Santo Domingo,Santo Domingo de los Tsachilas
2017-12-24,17,True,C,12,Additional,National,Ecuador,Quito,Pichincha
2017-12-24,18,True,B,16,Additional,National,Ecuador,Quito,Pichincha
2017-12-24,19,True,C,15,Additional,National,Ecuador,Guaranda,Bolivar
2017-12-24,20,True,B,6,Additional,National,Ecuador,Quito,Pichincha
2017-12-24,21,True,B,6,Additional,National,Ecuador,Santo Domingo,Santo Domingo de los Tsachilas
2017-12-24,22,True,C,7,Additional,National,Ecuador,Puyo,Pastaza
2017-12-24,23,True,D,9,Additional,National,Ecuador,Ambato,Tungurahua
2017-12-24,24,True,D,1,Additional,National,Ecuador,Guayaquil,Guayas
2017-12-24,25,True,D,1,Additional,National,Ecuador,Salinas,Santa Elena
2017-12-24,26,True,D,10,Additional,National,Ecuador,Guayaquil,Guayas
2017-12-24,27,True,D,1,Additional,National,Ecuador,Daule,Guayas
2017-12-24,28,True,E,10,Additional,National,Ecuador,Guayaquil,Guayas
2017-12-24,29,True,E,10,Additional,National,Ecuador,Guayaquil,Guayas
2017-12-24,30,True,C,3,Additional,National,Ecuador,Guayaquil,Guayas
2017-12-24,31,True,B,10,Additional,National,Ecuador,Babahoyo,Los Rios
2017-12-24,32,True,C,3,Additional,National,Ecuador,Guayaquil,Guayas
2017-12-24,33,True,C,3,Additional,National,Ecuador,Quevedo,Los Rios
2017-12-24,34,True,B,6,Additional,National,Ecuador,Guayaquil,Guayas
2017-12-24,35,True,C,3,Additional,National,Ecuador,Playas,Guayas
2017-12-24,36,True,E,10,Additional,National,Ecuador,Libertad,Guayas
2017-12-24,37,True,D,2,Additional,National,Ecuador,Cuenca,Azuay
2017-12-24,38,True,D,4,Additional,National,Ecuador,Loja,Loja
2017-12-24,39,True,B,6,Additional,National,Ecuador,Cuenca,Azuay
2017-12-24,40,True,C,3,Additional,National,Ecuador,Machala,El Oro
2017-12-24,41,True,D,4,Additional,National,Ecuador,Machala,El Oro
2017-12-24,42,True,D,2,Additional,National,Ecuador,Cuenca,Azuay
2017-12-24,43,True,E,10,Additional,National,Ecuador,Esmeraldas,Esmeraldas
2017-12-24,44,True,A,5,Additional,National,Ecuador,Quito,Pichincha
2017-12-24,45,True,A,11,Additional,National,Ecuador,Quito,Pichincha
2017-12-24,46,True,A,14,Additional,National,Ecuador,Quito,Pichincha
2017-12-24,47,True,A,14,Additional,National,Ecuador,Quito,Pichincha
2017-12-24,48,True,A,14,Additional,National,Ecuador,Quito,Pichincha
2017-12-24,49,True,A,11,Additional,National,Ecuador,Quito,Pichincha
2017-12-24,50,True,A,14,Additional,National,Ecuador,Ambato,Tungurahua
2017-12-24,51,True,A,17,Additional,National,Ecuador,Guayaquil,Guayas
2017-12-24,52,True,A,11,Additional,National,Ecuador,Manta,Manabi
2017-12-24,53,True,D,13,Additional,National,Ecuador,Manta,Manabi
2017-12-24,54,True,C,3,Additional,National,Ecuador,El Carmen,Manabi
2017-12-25,1,True,D,13,Holiday,National,Ecuador,Quito,Pichincha
2017-12-25,2,True,D,13,Holiday,National,Ecuador,Quito,Pichincha
2017-12-25,3,True,D,8,Holiday,National,Ecuador,Quito,Pichincha
2017-12-25,4,True,D,9,Holiday,National,Ecuador,Quito,Pichincha
2017-12-25,5,True,D,4,Holiday,National,Ecuador,Santo Domingo,Santo Domingo de los Tsachilas
2017-12-25,6,True,D,13,Holiday,National,Ecuador,Quito,Pichincha
2017-12-25,7,True,D,8,Holiday,National,Ecuador,Quito,Pichincha
2017-12-25,8,True,D,8,Holiday,National,Ecuador,Quito,Pichincha
2017-12-25,9,True,B,6,Holiday,National,Ecuador,Quito,Pichincha
2017-12-25,10,True,C,15,Holiday,National,Ecuador,Quito,Pichincha
2017-12-25,11,True,B,6,Holiday,National,Ecuador,Cayambe,Pichincha
2017-12-25,12,True,C,15,Holiday,National,Ecuador,Latacunga,Cotopaxi
2017-12-25,13,True,C,15,Holiday,National,Ecuador,Latacunga,Cotopaxi
2017-12-25,14,True,C,7,Holiday,National,Ecuador,Riobamba,Chimborazo
2017-12-25,15,True,C,15,Holiday,National,Ecuador,Ibarra,Imbabura
2017-12-25,16,True,C,3,Holiday,National,Ecuador,Santo Domingo,Santo Domingo de los Tsachilas
2017-12-25,17,True,C,12,Holiday,National,Ecuador,Quito,Pichincha
2017-12-25,18,True,B,16,Holiday,National,Ecuador,Quito,Pichincha
2017-12-25,19,True,C,15,Holiday,National,Ecuador,Guaranda,Bolivar
2017-12-25,20,True,B,6,Holiday,National,Ecuador,Quito,Pichincha
2017-12-25,21,True,B,6,Holiday,National,Ecuador,Santo Domingo,Santo Domingo de los Tsachilas
2017-12-25,22,True,C,7,Holiday,National,Ecuador,Puyo,Pastaza
2017-12-25,23,True,D,9,Holiday,National,Ecuador,Ambato,Tungurahua
2017-12-25,24,True,D,1,Holiday,National,Ecuador,Guayaquil,Guayas
2017-12-25,25,True,D,1,Holiday,National,Ecuador,Salinas,Santa Elena
2017-12-25,26,True,D,10,Holiday,National,Ecuador,Guayaquil,Guayas
2017-12-25,27,True,D,1,Holiday,National,Ecuador,Daule,Guayas
2017-12-25,28,True,E,10,Holiday,National,Ecuador,Guayaquil,Guayas
2017-12-25,29,True,E,10,Holiday,National,Ecuador,Guayaquil,Guayas
2017-12-25,30,True,C,3,Holiday,National,Ecuador,Guayaquil,Guayas
2017-12-25,31,True,B,10,Holiday,National,Ecuador,Babahoyo,Los Rios
2017-12-25,32,True,C,3,Holiday,National,Ecuador,Guayaquil,Guayas
2017-12-25,33,True,C,3,Holiday,National,Ecuador,Quevedo,Los Rios
2017-12-25,34,True,B,6,Holiday,National,Ecuador,Guayaquil,Guayas
2017-12-25,35,True,C,3,Holiday,National,Ecuador,Playas,Guayas
2017-12-25,36,True,E,10,Holiday,National,Ecuador,Libertad,Guayas
2017-12-25,37,True,D,2,Holiday,National,Ecuador,Cuenca,Azuay
2017-12-25,38,True,D,4,Holiday,National,Ecuador,Loja,Loja
2017-12-25,39,True,B,6,Holiday,National,Ecuador,Cuenca,Azuay
2017-12-25,40,True,C,3,Holiday,National,Ecuador,Machala,El Oro
2017-12-25,41,True,D,4,Holiday,National,Ecuador,Machala,El Oro
2017-12-25,42,True,D,2,Holiday,National,Ecuador,Cuenca,Azuay
2017-12-25,43,True,E,10,Holiday,National,Ecuador,Esmeraldas,Esmeraldas
2017-12-25,44,True,A,5,Holiday,National,Ecuador,Quito,Pichincha
2017-12-25,45,True,A,11,Holiday,National,Ecuador,Quito,Pichincha
2017-12-25,46,True,A,14,Holiday,National,Ecuador,Quito,Pichincha
2017-12-25,47,True,A,14,Holiday,National,Ecuador,Quito,Pichincha
2017-12-25,48,True,A,14,Holiday,National,Ecuador,Quito,Pichincha
2017-12-25,49,True,A,11,Holiday,National,Ecuador,Quito,Pichincha
2017-12-25,50,True,A,14,Holiday,National,Ecuador,Ambato,Tungurahua
2017-12-25,51,True,A,17,Holiday,National,Ecuador,Guayaquil,Guayas
2017-12-25,52,True,A,11,Holiday,National,Ecuador,Manta,Manabi
2017-12-25,53,True,D,13,Holiday,National,Ecuador,Manta,Manabi
2017-12-25,54,True,C,3,Holiday,National,Ecuador,El Carmen,Manabi
2017-12-26,1,True,D,13,Additional,National,Ecuador,Quito,Pichincha
2017-12-26,2,True,D,13,Additional,National,Ecuador,Quito,Pichincha
2017-12-26,3,True,D,8,Additional,National,Ecuador,Quito,Pichincha
2017-12-26,4,True,D,9,Additional,National,Ecuador,Quito,Pichincha
2017-12-26,5,True,D,4,Additional,National,Ecuador,Santo Domingo,Santo Domingo de los Tsachilas
2017-12-26,6,True,D,13,Additional,National,Ecuador,Quito,Pichincha
2017-12-26,7,True,D,8,Additional,National,Ecuador,Quito,Pichincha
2017-12-26,8,True,D,8,Additional,National,Ecuador,Quito,Pichincha
2017-12-26,9,True,B,6,Additional,National,Ecuador,Quito,Pichincha
2017-12-26,10,True,C,15,Additional,National,Ecuador,Quito,Pichincha
2017-12-26,11,True,B,6,Additional,National,Ecuador,Cayambe,Pichincha
2017-12-26,12,True,C,15,Additional,National,Ecuador,Latacunga,Cotopaxi
2017-12-26,13,True,C,15,Additional,National,Ecuador,Latacunga,Cotopaxi
2017-12-26,14,True,C,7,Additional,National,Ecuador,Riobamba,Chimborazo
2017-12-26,15,True,C,15,Additional,National,Ecuador,Ibarra,Imbabura
2017-12-26,16,True,C,3,Additional,National,Ecuador,Santo Domingo,Santo Domingo de los Tsachilas
2017-12-26,17,True,C,12,Additional,National,Ecuador,Quito,Pichincha
2017-12-26,18,True,B,16,Additional,National,Ecuador,Quito,Pichincha
2017-12-26,19,True,C,15,Additional,National,Ecuador,Guaranda,Bolivar
2017-12-26,20,True,B,6,Additional,National,Ecuador,Quito,Pichincha
2017-12-26,21,True,B,6,Additional,National,Ecuador,Santo Domingo,Santo Domingo de los Tsachilas
2017-12-26,22,True,C,7,Additional,National,Ecuador,Puyo,Pastaza
2017-12-26,23,True,D,9,Additional,National,Ecuador,Ambato,Tungurahua
2017-12-26,24,True,D,1,Additional,National,Ecuador,Guayaquil,Guayas
2017-12-26,25,True,D,1,Additional,National,Ecuador,Salinas,Santa Elena
2017-12-26,26,True,D,10,Additional,National,Ecuador,Guayaquil,Guayas
2017-12-26,27,True,D,1,Additional,National,Ecuador,Daule,Guayas
2017-12-26,28,True,E,10,Additional,National,Ecuador,Guayaquil,Guayas
2017-12-26,29,True,E,10,Additional,National,Ecuador,Guayaquil,Guayas
2017-12-26,30,True,C,3,Additional,National,Ecuador,Guayaquil,Guayas
2017-12-26,31,True,B,10,Additional,National,Ecuador,Babahoyo,Los Rios
2017-12-26,32,True,C,3,Additional,National,Ecuador,Guayaquil,Guayas
2017-12-26,33,True,C,3,Additional,National,Ecuador,Quevedo,Los Rios
2017-12-26,34,True,B,6,Additional,National,Ecuador,Guayaquil,Guayas
2017-12-26,35,True,C,3,Additional,National,Ecuador,Playas,Guayas
2017-12-26,36,True,E,10,Additional,National,Ecuador,Libertad,Guayas
2017-12-26,37,True,D,2,Additional,National,Ecuador,Cuenca,Azuay
2017-12-26,38,True,D,4,Additional,National,Ecuador,Loja,Loja
2017-12-26,39,True,B,6,Additional,National,Ecuador,Cuenca,Azuay
2017-12-26,40,True,C,3,Additional,National,Ecuador,Machala,El Oro
2017-12-26,41,True,D,4,Additional,National,Ecuador,Machala,El Oro
2017-12-26,42,True,D,2,Additional,National,Ecuador,Cuenca,Azuay
2017-12-26,43,True,E,10,Additional,National,Ecuador,Esmeraldas,Esmeraldas
2017-12-26,44,True,A,5,Additional,National,Ecuador,Quito,Pichincha
2017-12-26,45,True,A,11,Additional,National,Ecuador,Quito,Pichincha
2017-12-26,46,True,A,14,Additional,National,Ecuador,Quito,Pichincha
2017-12-26,47,True,A,14,Additional,National,Ecuador,Quito,Pichincha
2017-12-26,48,True,A,14,Additional,National,Ecuador,Quito,Pichincha
2017-12-26,49,True,A,11,Additional,National,Ecuador,Quito,Pichincha
2017-12-26,50,True,A,14,Additional,National,Ecuador,Ambato,Tungurahua
2017-12-26,51,True,A,17,Additional,National,Ecuador,Guayaquil,Guayas
2017-12-26,52,True,A,11,Additional,National,Ecuador,Manta,Manabi
2017-12-26,53,True,D,13,Additional,National,Ecuador,Manta,Manabi
2017-12-26,54,True,C,3,Additional,National,Ecuador,El Carmen,Manabi
